timestamp,from,to,vehicle_type,seconds,volume,link,date,slot,valid_seconds,historical_now,actual,target_slot,historical,persistence,residual_baseline,decision_time,target_interval_end,horizon_minutes
2026-09-02 00:00:00,01F0880S,01F0928S,31,160,49,01F0880S>01F0928S,20260902,0,160,163.33333333333334,165,3,162.66666666666666,160,160.16666666666666,2026-09-02 00:05:00,2026-09-02 00:20:00,15
2026-09-02 00:05:00,01F0880S,01F0928S,31,162,46,01F0880S>01F0928S,20260902,1,162,166.33333333333334,165,4,163.33333333333334,162,160.08333333333334,2026-09-02 00:10:00,2026-09-02 00:25:00,15
2026-09-02 00:10:00,01F0880S,01F0928S,31,163,51,01F0880S>01F0928S,20260902,2,163,166.0,160,5,163.0,163,160.75,2026-09-02 00:15:00,2026-09-02 00:30:00,15
2026-09-02 00:15:00,01F0880S,01F0928S,31,165,43,01F0880S>01F0928S,20260902,3,165,162.66666666666666,166,6,162.66666666666666,165,164.41666666666666,2026-09-02 00:20:00,2026-09-02 00:35:00,15
2026-09-02 00:20:00,01F0880S,01F0928S,31,165,38,01F0880S>01F0928S,20260902,4,165,163.33333333333334,160,7,166.0,165,167.25,2026-09-02 00:25:00,2026-09-02 00:40:00,15
2026-09-02 00:25:00,01F0880S,01F0928S,31,160,38,01F0880S>01F0928S,20260902,5,160,163.0,165,8,162.66666666666666,160,160.41666666666666,2026-09-02 00:30:00,2026-09-02 00:45:00,15
2026-09-02 00:30:00,01F0880S,01F0928S,31,166,33,01F0880S>01F0928S,20260902,6,166,162.66666666666666,163,9,163.0,166,165.5,2026-09-02 00:35:00,2026-09-02 00:50:00,15
2026-09-02 00:35:00,01F0880S,01F0928S,31,160,38,01F0880S>01F0928S,20260902,7,160,166.0,163,10,161.66666666666666,160,157.16666666666666,2026-09-02 00:40:00,2026-09-02 00:55:00,15
2026-09-02 00:40:00,01F0880S,01F0928S,31,165,39,01F0880S>01F0928S,20260902,8,165,162.66666666666666,161,11,163.66666666666666,165,165.41666666666666,2026-09-02 00:45:00,2026-09-02 01:00:00,15
2026-09-02 00:45:00,01F0880S,01F0928S,31,163,26,01F0880S>01F0928S,20260902,9,163,163.0,164,12,163.33333333333334,163,163.33333333333334,2026-09-02 00:50:00,2026-09-02 01:05:00,15
2026-09-02 00:50:00,01F0880S,01F0928S,31,163,30,01F0880S>01F0928S,20260902,10,163,161.66666666666666,163,13,165.0,163,166.0,2026-09-02 00:55:00,2026-09-02 01:10:00,15
2026-09-02 00:55:00,01F0880S,01F0928S,31,161,38,01F0880S>01F0928S,20260902,11,161,163.66666666666666,161,14,164.66666666666666,161,162.66666666666666,2026-09-02 01:00:00,2026-09-02 01:15:00,15
2026-09-02 01:00:00,01F0880S,01F0928S,31,164,40,01F0880S>01F0928S,20260902,12,164,163.33333333333334,162,15,164.33333333333334,164,164.83333333333334,2026-09-02 01:05:00,2026-09-02 01:20:00,15
2026-09-02 01:05:00,01F0880S,01F0928S,31,163,30,01F0880S>01F0928S,20260902,13,163,165.0,168,16,163.66666666666666,163,162.16666666666666,2026-09-02 01:10:00,2026-09-02 01:25:00,15
2026-09-02 01:10:00,01F0880S,01F0928S,31,161,40,01F0880S>01F0928S,20260902,14,161,164.66666666666666,162,17,164.66666666666666,161,161.91666666666666,2026-09-02 01:15:00,2026-09-02 01:30:00,15
2026-09-02 01:15:00,01F0880S,01F0928S,31,162,29,01F0880S>01F0928S,20260902,15,162,164.33333333333334,163,18,162.33333333333334,162,160.58333333333334,2026-09-02 01:20:00,2026-09-02 01:35:00,15
2026-09-02 01:20:00,01F0880S,01F0928S,31,168,23,01F0880S>01F0928S,20260902,16,168,163.66666666666666,163,19,164.66666666666666,168,167.91666666666666,2026-09-02 01:25:00,2026-09-02 01:40:00,15
2026-09-02 01:25:00,01F0880S,01F0928S,31,162,23,01F0880S>01F0928S,20260902,17,162,164.66666666666666,162,20,162.33333333333334,162,160.33333333333334,2026-09-02 01:30:00,2026-09-02 01:45:00,15
2026-09-02 01:30:00,01F0880S,01F0928S,31,163,29,01F0880S>01F0928S,20260902,18,163,162.33333333333334,160,21,163.66666666666666,163,164.16666666666666,2026-09-02 01:35:00,2026-09-02 01:50:00,15
2026-09-02 01:35:00,01F0880S,01F0928S,31,163,27,01F0880S>01F0928S,20260902,19,163,164.66666666666666,161,22,164.0,163,162.75,2026-09-02 01:40:00,2026-09-02 01:55:00,15
2026-09-02 01:40:00,01F0880S,01F0928S,31,162,29,01F0880S>01F0928S,20260902,20,162,162.33333333333334,160,23,167.33333333333334,162,167.08333333333334,2026-09-02 01:45:00,2026-09-02 02:00:00,15
2026-09-02 01:45:00,01F0880S,01F0928S,31,160,29,01F0880S>01F0928S,20260902,21,160,163.66666666666666,162,24,162.33333333333334,160,159.58333333333334,2026-09-02 01:50:00,2026-09-02 02:05:00,15
2026-09-02 01:50:00,01F0880S,01F0928S,31,161,12,01F0880S>01F0928S,20260902,22,161,164.0,166,25,165.33333333333334,161,163.08333333333334,2026-09-02 01:55:00,2026-09-02 02:10:00,15
2026-09-02 01:55:00,01F0880S,01F0928S,31,160,27,01F0880S>01F0928S,20260902,23,160,167.33333333333334,164,26,161.33333333333334,160,155.83333333333334,2026-09-02 02:00:00,2026-09-02 02:15:00,15
2026-09-02 02:00:00,01F0880S,01F0928S,31,162,27,01F0880S>01F0928S,20260902,24,162,162.33333333333334,162,27,167.33333333333334,162,167.08333333333334,2026-09-02 02:05:00,2026-09-02 02:20:00,15
2026-09-02 02:05:00,01F0880S,01F0928S,31,166,22,01F0880S>01F0928S,20260902,25,166,165.33333333333334,162,28,163.33333333333334,166,163.83333333333334,2026-09-02 02:10:00,2026-09-02 02:25:00,15
2026-09-02 02:10:00,01F0880S,01F0928S,31,164,18,01F0880S>01F0928S,20260902,26,164,161.33333333333334,161,29,168.66666666666666,164,170.66666666666666,2026-09-02 02:15:00,2026-09-02 02:30:00,15
2026-09-02 02:15:00,01F0880S,01F0928S,31,162,20,01F0880S>01F0928S,20260902,27,162,167.33333333333334,161,30,168.0,162,164.0,2026-09-02 02:20:00,2026-09-02 02:35:00,15
2026-09-02 02:20:00,01F0880S,01F0928S,31,162,15,01F0880S>01F0928S,20260902,28,162,163.33333333333334,163,31,163.0,162,162.0,2026-09-02 02:25:00,2026-09-02 02:40:00,15
2026-09-02 02:25:00,01F0880S,01F0928S,31,161,12,01F0880S>01F0928S,20260902,29,161,168.66666666666666,160,32,163.0,161,157.25,2026-09-02 02:30:00,2026-09-02 02:45:00,15
2026-09-02 02:30:00,01F0880S,01F0928S,31,161,16,01F0880S>01F0928S,20260902,30,161,168.0,165,33,164.66666666666666,161,159.41666666666666,2026-09-02 02:35:00,2026-09-02 02:50:00,15
2026-09-02 02:35:00,01F0880S,01F0928S,31,163,11,01F0880S>01F0928S,20260902,31,163,163.0,165,34,164.66666666666666,163,164.66666666666666,2026-09-02 02:40:00,2026-09-02 02:55:00,15
2026-09-02 02:40:00,01F0880S,01F0928S,31,160,14,01F0880S>01F0928S,20260902,32,160,163.0,163,35,162.0,160,159.75,2026-09-02 02:45:00,2026-09-02 03:00:00,15
2026-09-02 02:45:00,01F0880S,01F0928S,31,165,18,01F0880S>01F0928S,20260902,33,165,164.66666666666666,166,36,165.33333333333334,165,165.58333333333334,2026-09-02 02:50:00,2026-09-02 03:05:00,15
2026-09-02 02:50:00,01F0880S,01F0928S,31,165,14,01F0880S>01F0928S,20260902,34,165,164.66666666666666,163,37,167.33333333333334,165,167.58333333333334,2026-09-02 02:55:00,2026-09-02 03:10:00,15
2026-09-02 02:55:00,01F0880S,01F0928S,31,163,12,01F0880S>01F0928S,20260902,35,163,162.0,166,38,163.0,163,163.75,2026-09-02 03:00:00,2026-09-02 03:15:00,15
2026-09-02 03:00:00,01F0880S,01F0928S,31,166,12,01F0880S>01F0928S,20260902,36,166,165.33333333333334,167,39,169.66666666666666,166,170.16666666666666,2026-09-02 03:05:00,2026-09-02 03:20:00,15
2026-09-02 03:05:00,01F0880S,01F0928S,31,163,8,01F0880S>01F0928S,20260902,37,163,167.33333333333334,158,40,167.0,163,163.75,2026-09-02 03:10:00,2026-09-02 03:25:00,15
2026-09-02 03:10:00,01F0880S,01F0928S,31,166,11,01F0880S>01F0928S,20260902,38,166,163.0,172,41,163.66666666666666,166,165.91666666666666,2026-09-02 03:15:00,2026-09-02 03:30:00,15
2026-09-02 03:15:00,01F0880S,01F0928S,31,167,14,01F0880S>01F0928S,20260902,39,167,169.66666666666666,162,42,164.0,167,162.0,2026-09-02 03:20:00,2026-09-02 03:35:00,15
2026-09-02 03:20:00,01F0880S,01F0928S,31,158,8,01F0880S>01F0928S,20260902,40,158,167.0,164,43,169.33333333333334,158,162.58333333333334,2026-09-02 03:25:00,2026-09-02 03:40:00,15
2026-09-02 03:25:00,01F0880S,01F0928S,31,172,11,01F0880S>01F0928S,20260902,41,172,163.66666666666666,167,44,165.66666666666666,172,171.91666666666666,2026-09-02 03:30:00,2026-09-02 03:45:00,15
2026-09-02 03:30:00,01F0880S,01F0928S,31,162,15,01F0880S>01F0928S,20260902,42,162,164.0,175,45,168.0,162,166.5,2026-09-02 03:35:00,2026-09-02 03:50:00,15
2026-09-02 03:35:00,01F0880S,01F0928S,31,164,19,01F0880S>01F0928S,20260902,43,164,169.33333333333334,158,46,166.66666666666666,164,162.66666666666666,2026-09-02 03:40:00,2026-09-02 03:55:00,15
2026-09-02 03:40:00,01F0880S,01F0928S,31,167,14,01F0880S>01F0928S,20260902,44,167,165.66666666666666,162,47,163.0,167,164.0,2026-09-02 03:45:00,2026-09-02 04:00:00,15
2026-09-02 03:45:00,01F0880S,01F0928S,31,175,9,01F0880S>01F0928S,20260902,45,175,168.0,167,48,167.0,175,172.25,2026-09-02 03:50:00,2026-09-02 04:05:00,15
2026-09-02 03:50:00,01F0880S,01F0928S,31,158,15,01F0880S>01F0928S,20260902,46,158,166.66666666666666,170,49,166.0,158,159.5,2026-09-02 03:55:00,2026-09-02 04:10:00,15
2026-09-02 03:55:00,01F0880S,01F0928S,31,162,11,01F0880S>01F0928S,20260902,47,162,163.0,164,50,168.33333333333334,162,167.58333333333334,2026-09-02 04:00:00,2026-09-02 04:15:00,15
2026-09-02 04:00:00,01F0880S,01F0928S,31,167,12,01F0880S>01F0928S,20260902,48,167,167.0,167,51,168.0,167,168.0,2026-09-02 04:05:00,2026-09-02 04:20:00,15
2026-09-02 04:05:00,01F0880S,01F0928S,31,170,17,01F0880S>01F0928S,20260902,49,170,166.0,166,52,163.0,170,166.0,2026-09-02 04:10:00,2026-09-02 04:25:00,15
2026-09-02 04:10:00,01F0880S,01F0928S,31,164,13,01F0880S>01F0928S,20260902,50,164,168.33333333333334,165,53,168.0,164,164.75,2026-09-02 04:15:00,2026-09-02 04:30:00,15
2026-09-02 04:15:00,01F0880S,01F0928S,31,167,14,01F0880S>01F0928S,20260902,51,167,168.0,164,54,163.33333333333334,167,162.58333333333334,2026-09-02 04:20:00,2026-09-02 04:35:00,15
2026-09-02 04:20:00,01F0880S,01F0928S,31,166,24,01F0880S>01F0928S,20260902,52,166,163.0,174,55,165.66666666666666,166,167.91666666666666,2026-09-02 04:25:00,2026-09-02 04:40:00,15
2026-09-02 04:25:00,01F0880S,01F0928S,31,165,20,01F0880S>01F0928S,20260902,53,165,168.0,167,56,167.0,165,164.75,2026-09-02 04:30:00,2026-09-02 04:45:00,15
2026-09-02 04:30:00,01F0880S,01F0928S,31,164,23,01F0880S>01F0928S,20260902,54,164,163.33333333333334,169,57,166.33333333333334,164,166.83333333333334,2026-09-02 04:35:00,2026-09-02 04:50:00,15
2026-09-02 04:35:00,01F0880S,01F0928S,31,174,14,01F0880S>01F0928S,20260902,55,174,165.66666666666666,164,58,169.0,174,175.25,2026-09-02 04:40:00,2026-09-02 04:55:00,15
2026-09-02 04:40:00,01F0880S,01F0928S,31,167,33,01F0880S>01F0928S,20260902,56,167,167.0,161,59,165.33333333333334,167,165.33333333333334,2026-09-02 04:45:00,2026-09-02 05:00:00,15
2026-09-02 04:45:00,01F0880S,01F0928S,31,169,15,01F0880S>01F0928S,20260902,57,169,166.33333333333334,171,60,166.0,169,168.0,2026-09-02 04:50:00,2026-09-02 05:05:00,15
2026-09-02 04:50:00,01F0880S,01F0928S,31,164,24,01F0880S>01F0928S,20260902,58,164,169.0,168,61,168.66666666666666,164,164.91666666666666,2026-09-02 04:55:00,2026-09-02 05:10:00,15
2026-09-02 04:55:00,01F0880S,01F0928S,31,161,29,01F0880S>01F0928S,20260902,59,161,165.33333333333334,164,62,164.33333333333334,161,161.08333333333334,2026-09-02 05:00:00,2026-09-02 05:15:00,15
2026-09-02 05:00:00,01F0880S,01F0928S,31,171,26,01F0880S>01F0928S,20260902,60,171,166.0,162,63,167.0,171,170.75,2026-09-02 05:05:00,2026-09-02 05:20:00,15
2026-09-02 05:05:00,01F0880S,01F0928S,31,168,35,01F0880S>01F0928S,20260902,61,168,168.66666666666666,165,64,166.0,168,165.5,2026-09-02 05:10:00,2026-09-02 05:25:00,15
2026-09-02 05:10:00,01F0880S,01F0928S,31,164,27,01F0880S>01F0928S,20260902,62,164,164.33333333333334,165,65,165.0,164,164.75,2026-09-02 05:15:00,2026-09-02 05:30:00,15
2026-09-02 05:15:00,01F0880S,01F0928S,31,162,42,01F0880S>01F0928S,20260902,63,162,167.0,171,66,164.0,162,160.25,2026-09-02 05:20:00,2026-09-02 05:35:00,15
2026-09-02 05:20:00,01F0880S,01F0928S,31,165,32,01F0880S>01F0928S,20260902,64,165,166.0,164,67,165.33333333333334,165,164.58333333333334,2026-09-02 05:25:00,2026-09-02 05:40:00,15
2026-09-02 05:25:00,01F0880S,01F0928S,31,165,30,01F0880S>01F0928S,20260902,65,165,165.0,161,68,164.33333333333334,165,164.33333333333334,2026-09-02 05:30:00,2026-09-02 05:45:00,15
2026-09-02 05:30:00,01F0880S,01F0928S,31,171,47,01F0880S>01F0928S,20260902,66,171,164.0,169,69,168.0,171,173.25,2026-09-02 05:35:00,2026-09-02 05:50:00,15
2026-09-02 05:35:00,01F0880S,01F0928S,31,164,51,01F0880S>01F0928S,20260902,67,164,165.33333333333334,168,70,164.33333333333334,164,163.33333333333334,2026-09-02 05:40:00,2026-09-02 05:55:00,15
2026-09-02 05:40:00,01F0880S,01F0928S,31,161,62,01F0880S>01F0928S,20260902,68,161,164.33333333333334,165,71,167.0,161,164.5,2026-09-02 05:45:00,2026-09-02 06:00:00,15
2026-09-02 05:45:00,01F0880S,01F0928S,31,169,54,01F0880S>01F0928S,20260902,69,169,168.0,168,72,165.66666666666666,169,166.41666666666666,2026-09-02 05:50:00,2026-09-02 06:05:00,15
2026-09-02 05:50:00,01F0880S,01F0928S,31,168,69,01F0880S>01F0928S,20260902,70,168,164.33333333333334,169,73,168.0,168,170.75,2026-09-02 05:55:00,2026-09-02 06:10:00,15
2026-09-02 05:55:00,01F0880S,01F0928S,31,165,79,01F0880S>01F0928S,20260902,71,165,167.0,170,74,166.66666666666666,165,165.16666666666666,2026-09-02 06:00:00,2026-09-02 06:15:00,15
2026-09-02 06:00:00,01F0880S,01F0928S,31,168,95,01F0880S>01F0928S,20260902,72,168,165.66666666666666,174,75,172.66666666666666,168,174.41666666666666,2026-09-02 06:05:00,2026-09-02 06:20:00,15
2026-09-02 06:05:00,01F0880S,01F0928S,31,169,104,01F0880S>01F0928S,20260902,73,169,168.0,179,76,174.0,169,174.75,2026-09-02 06:10:00,2026-09-02 06:25:00,15
2026-09-02 06:10:00,01F0880S,01F0928S,31,170,116,01F0880S>01F0928S,20260902,74,170,166.66666666666666,181,77,179.33333333333334,170,181.83333333333334,2026-09-02 06:15:00,2026-09-02 06:30:00,15
2026-09-02 06:15:00,01F0880S,01F0928S,31,174,138,01F0880S>01F0928S,20260902,75,174,172.66666666666666,187,78,188.0,174,189.0,2026-09-02 06:20:00,2026-09-02 06:35:00,15
2026-09-02 06:20:00,01F0880S,01F0928S,31,179,128,01F0880S>01F0928S,20260902,76,179,174.0,189,79,186.33333333333334,179,190.08333333333334,2026-09-02 06:25:00,2026-09-02 06:40:00,15
2026-09-02 06:25:00,01F0880S,01F0928S,31,181,177,01F0880S>01F0928S,20260902,77,181,179.33333333333334,203,80,198.0,181,199.25,2026-09-02 06:30:00,2026-09-02 06:45:00,15
2026-09-02 06:30:00,01F0880S,01F0928S,31,187,175,01F0880S>01F0928S,20260902,78,187,188.0,202,81,216.33333333333334,187,215.58333333333334,2026-09-02 06:35:00,2026-09-02 06:50:00,15
2026-09-02 06:35:00,01F0880S,01F0928S,31,189,199,01F0880S>01F0928S,20260902,79,189,186.33333333333334,208,82,219.66666666666666,189,221.66666666666666,2026-09-02 06:40:00,2026-09-02 06:55:00,15
2026-09-02 06:40:00,01F0880S,01F0928S,31,203,213,01F0880S>01F0928S,20260902,80,203,198.0,212,83,224.66666666666666,203,228.41666666666666,2026-09-02 06:45:00,2026-09-02 07:00:00,15
2026-09-02 06:45:00,01F0880S,01F0928S,31,202,201,01F0880S>01F0928S,20260902,81,202,216.33333333333334,220,84,235.66666666666666,202,224.91666666666666,2026-09-02 06:50:00,2026-09-02 07:05:00,15
2026-09-02 06:50:00,01F0880S,01F0928S,31,208,230,01F0880S>01F0928S,20260902,82,208,219.66666666666666,232,85,249.33333333333334,208,240.58333333333334,2026-09-02 06:55:00,2026-09-02 07:10:00,15
2026-09-02 06:55:00,01F0880S,01F0928S,31,212,255,01F0880S>01F0928S,20260902,83,212,224.66666666666666,295,86,266.6666666666667,212,257.1666666666667,2026-09-02 07:00:00,2026-09-02 07:15:00,15
2026-09-02 07:00:00,01F0880S,01F0928S,31,220,268,01F0880S>01F0928S,20260902,84,220,235.66666666666666,380,87,281.6666666666667,220,269.9166666666667,2026-09-02 07:05:00,2026-09-02 07:20:00,15
2026-09-02 07:05:00,01F0880S,01F0928S,31,232,234,01F0880S>01F0928S,20260902,85,232,249.33333333333334,376,88,303.6666666666667,232,290.6666666666667,2026-09-02 07:10:00,2026-09-02 07:25:00,15
2026-09-02 07:10:00,01F0880S,01F0928S,31,295,201,01F0880S>01F0928S,20260902,86,295,266.6666666666667,392,89,310.6666666666667,295,331.9166666666667,2026-09-02 07:15:00,2026-09-02 07:30:00,15
2026-09-02 07:15:00,01F0880S,01F0928S,31,380,256,01F0880S>01F0928S,20260902,87,380,281.6666666666667,410,90,295.3333333333333,380,369.0833333333333,2026-09-02 07:20:00,2026-09-02 07:35:00,15
2026-09-02 07:20:00,01F0880S,01F0928S,31,376,260,01F0880S>01F0928S,20260902,88,376,303.6666666666667,406,91,289.3333333333333,376,343.5833333333333,2026-09-02 07:25:00,2026-09-02 07:40:00,15
2026-09-02 07:25:00,01F0880S,01F0928S,31,392,249,01F0880S>01F0928S,20260902,89,392,310.6666666666667,380,92,305.6666666666667,392,366.6666666666667,2026-09-02 07:30:00,2026-09-02 07:45:00,15
2026-09-02 07:30:00,01F0880S,01F0928S,31,410,285,01F0880S>01F0928S,20260902,90,410,295.3333333333333,356,93,299.6666666666667,410,385.6666666666667,2026-09-02 07:35:00,2026-09-02 07:50:00,15
2026-09-02 07:35:00,01F0880S,01F0928S,31,406,268,01F0880S>01F0928S,20260902,91,406,289.3333333333333,385,94,287.6666666666667,406,375.1666666666667,2026-09-02 07:40:00,2026-09-02 07:55:00,15
2026-09-02 07:40:00,01F0880S,01F0928S,31,380,256,01F0880S>01F0928S,20260902,92,380,305.6666666666667,404,95,280.0,380,335.75,2026-09-02 07:45:00,2026-09-02 08:00:00,15
2026-09-02 07:45:00,01F0880S,01F0928S,31,356,229,01F0880S>01F0928S,20260902,93,356,299.6666666666667,387,96,274.3333333333333,356,316.5833333333333,2026-09-02 07:50:00,2026-09-02 08:05:00,15
2026-09-02 07:50:00,01F0880S,01F0928S,31,385,240,01F0880S>01F0928S,20260902,94,385,287.6666666666667,366,97,257.3333333333333,385,330.3333333333333,2026-09-02 07:55:00,2026-09-02 08:10:00,15
2026-09-02 07:55:00,01F0880S,01F0928S,31,404,252,01F0880S>01F0928S,20260902,95,404,280.0,388,98,240.0,404,333.0,2026-09-02 08:00:00,2026-09-02 08:15:00,15
2026-09-02 08:00:00,01F0880S,01F0928S,31,387,251,01F0880S>01F0928S,20260902,96,387,274.3333333333333,342,99,245.0,387,329.5,2026-09-02 08:05:00,2026-09-02 08:20:00,15
2026-09-02 08:05:00,01F0880S,01F0928S,31,366,242,01F0880S>01F0928S,20260902,97,366,257.3333333333333,300,100,233.66666666666666,366,315.1666666666667,2026-09-02 08:10:00,2026-09-02 08:25:00,15
2026-09-02 08:10:00,01F0880S,01F0928S,31,388,232,01F0880S>01F0928S,20260902,98,388,240.0,288,101,231.33333333333334,388,342.33333333333337,2026-09-02 08:15:00,2026-09-02 08:30:00,15
2026-09-02 08:15:00,01F0880S,01F0928S,31,342,269,01F0880S>01F0928S,20260902,99,342,245.0,288,102,225.0,342,297.75,2026-09-02 08:20:00,2026-09-02 08:35:00,15
2026-09-02 08:20:00,01F0880S,01F0928S,31,300,233,01F0880S>01F0928S,20260902,100,300,233.66666666666666,282,103,216.66666666666666,300,266.4166666666667,2026-09-02 08:25:00,2026-09-02 08:40:00,15
2026-09-02 08:25:00,01F0880S,01F0928S,31,288,209,01F0880S>01F0928S,20260902,101,288,231.33333333333334,295,104,219.0,288,261.5,2026-09-02 08:30:00,2026-09-02 08:45:00,15
2026-09-02 08:30:00,01F0880S,01F0928S,31,288,214,01F0880S>01F0928S,20260902,102,288,225.0,310,105,217.33333333333334,288,264.58333333333337,2026-09-02 08:35:00,2026-09-02 08:50:00,15
2026-09-02 08:35:00,01F0880S,01F0928S,31,282,210,01F0880S>01F0928S,20260902,103,282,216.66666666666666,312,106,218.66666666666666,282,267.6666666666667,2026-09-02 08:40:00,2026-09-02 08:55:00,15
2026-09-02 08:40:00,01F0880S,01F0928S,31,295,212,01F0880S>01F0928S,20260902,104,295,219.0,310,107,216.0,295,273.0,2026-09-02 08:45:00,2026-09-02 09:00:00,15
2026-09-02 08:45:00,01F0880S,01F0928S,31,310,189,01F0880S>01F0928S,20260902,105,310,217.33333333333334,323,108,216.0,310,285.5,2026-09-02 08:50:00,2026-09-02 09:05:00,15
2026-09-02 08:50:00,01F0880S,01F0928S,31,312,227,01F0880S>01F0928S,20260902,106,312,218.66666666666666,329,109,230.66666666666666,312,300.66666666666663,2026-09-02 08:55:00,2026-09-02 09:10:00,15
2026-09-02 08:55:00,01F0880S,01F0928S,31,310,198,01F0880S>01F0928S,20260902,107,310,216.0,311,110,231.66666666666666,310,302.16666666666663,2026-09-02 09:00:00,2026-09-02 09:15:00,15
2026-09-02 09:00:00,01F0880S,01F0928S,31,323,197,01F0880S>01F0928S,20260902,108,323,216.0,304,111,233.33333333333334,323,313.58333333333337,2026-09-02 09:05:00,2026-09-02 09:20:00,15
2026-09-02 09:05:00,01F0880S,01F0928S,31,329,202,01F0880S>01F0928S,20260902,109,329,230.66666666666666,330,112,242.33333333333334,329,316.08333333333337,2026-09-02 09:10:00,2026-09-02 09:25:00,15
2026-09-02 09:10:00,01F0880S,01F0928S,31,311,189,01F0880S>01F0928S,20260902,110,311,231.66666666666666,327,113,247.66666666666666,311,307.1666666666667,2026-09-02 09:15:00,2026-09-02 09:30:00,15
2026-09-02 09:15:00,01F0880S,01F0928S,31,304,189,01F0880S>01F0928S,20260902,111,304,233.33333333333334,309,114,243.33333333333334,304,296.3333333333333,2026-09-02 09:20:00,2026-09-02 09:35:00,15
2026-09-02 09:20:00,01F0880S,01F0928S,31,330,184,01F0880S>01F0928S,20260902,112,330,242.33333333333334,297,115,253.33333333333334,330,319.08333333333337,2026-09-02 09:25:00,2026-09-02 09:40:00,15
2026-09-02 09:25:00,01F0880S,01F0928S,31,327,218,01F0880S>01F0928S,20260902,113,327,247.66666666666666,284,116,262.0,327,321.5,2026-09-02 09:30:00,2026-09-02 09:45:00,15
2026-09-02 09:30:00,01F0880S,01F0928S,31,309,209,01F0880S>01F0928S,20260902,114,309,243.33333333333334,299,117,259.0,309,308.25,2026-09-02 09:35:00,2026-09-02 09:50:00,15
2026-09-02 09:35:00,01F0880S,01F0928S,31,297,192,01F0880S>01F0928S,20260902,115,297,253.33333333333334,281,118,255.33333333333334,297,288.0833333333333,2026-09-02 09:40:00,2026-09-02 09:55:00,15
2026-09-02 09:40:00,01F0880S,01F0928S,31,284,214,01F0880S>01F0928S,20260902,116,284,262.0,265,119,253.0,284,269.5,2026-09-02 09:45:00,2026-09-02 10:00:00,15
2026-09-02 09:45:00,01F0880S,01F0928S,31,299,176,01F0880S>01F0928S,20260902,117,299,259.0,258,120,252.0,299,282.0,2026-09-02 09:50:00,2026-09-02 10:05:00,15
2026-09-02 09:50:00,01F0880S,01F0928S,31,281,205,01F0880S>01F0928S,20260902,118,281,255.33333333333334,251,121,255.0,281,274.25,2026-09-02 09:55:00,2026-09-02 10:10:00,15
2026-09-02 09:55:00,01F0880S,01F0928S,31,265,187,01F0880S>01F0928S,20260902,119,265,253.0,265,122,268.0,265,277.0,2026-09-02 10:00:00,2026-09-02 10:15:00,15
2026-09-02 10:00:00,01F0880S,01F0928S,31,258,206,01F0880S>01F0928S,20260902,120,258,252.0,265,123,290.6666666666667,258,295.1666666666667,2026-09-02 10:05:00,2026-09-02 10:20:00,15
2026-09-02 10:05:00,01F0880S,01F0928S,31,251,193,01F0880S>01F0928S,20260902,121,251,255.0,252,124,327.3333333333333,251,324.3333333333333,2026-09-02 10:10:00,2026-09-02 10:25:00,15
2026-09-02 10:10:00,01F0880S,01F0928S,31,265,167,01F0880S>01F0928S,20260902,122,265,268.0,248,125,352.6666666666667,265,350.4166666666667,2026-09-02 10:15:00,2026-09-02 10:30:00,15
2026-09-02 10:15:00,01F0880S,01F0928S,31,265,176,01F0880S>01F0928S,20260902,123,265,290.6666666666667,239,126,381.3333333333333,265,362.0833333333333,2026-09-02 10:20:00,2026-09-02 10:35:00,15
2026-09-02 10:20:00,01F0880S,01F0928S,31,252,196,01F0880S>01F0928S,20260902,124,252,327.3333333333333,236,127,400.6666666666667,252,344.1666666666667,2026-09-02 10:25:00,2026-09-02 10:40:00,15
2026-09-02 10:25:00,01F0880S,01F0928S,31,248,178,01F0880S>01F0928S,20260902,125,248,352.6666666666667,230,128,394.3333333333333,248,315.8333333333333,2026-09-02 10:30:00,2026-09-02 10:45:00,15
2026-09-02 10:30:00,01F0880S,01F0928S,31,239,220,01F0880S>01F0928S,20260902,126,239,381.3333333333333,182,129,397.3333333333333,239,290.5833333333333,2026-09-02 10:35:00,2026-09-02 10:50:00,15
2026-09-02 10:35:00,01F0880S,01F0928S,31,236,177,01F0880S>01F0928S,20260902,127,236,400.6666666666667,179,130,384.3333333333333,236,260.8333333333333,2026-09-02 10:40:00,2026-09-02 10:55:00,15
2026-09-02 10:40:00,01F0880S,01F0928S,31,230,188,01F0880S>01F0928S,20260902,128,230,394.3333333333333,185,131,331.3333333333333,230,208.08333333333331,2026-09-02 10:45:00,2026-09-02 11:00:00,15
2026-09-02 10:45:00,01F0880S,01F0928S,31,182,182,01F0880S>01F0928S,20260902,129,182,397.3333333333333,183,132,277.0,182,115.5,2026-09-02 10:50:00,2026-09-02 11:05:00,15
2026-09-02 10:50:00,01F0880S,01F0928S,31,179,160,01F0880S>01F0928S,20260902,130,179,384.3333333333333,186,133,269.3333333333333,179,115.33333333333331,2026-09-02 10:55:00,2026-09-02 11:10:00,15
2026-09-02 10:55:00,01F0880S,01F0928S,31,185,174,01F0880S>01F0928S,20260902,131,185,331.3333333333333,185,134,254.66666666666666,185,144.91666666666669,2026-09-02 11:00:00,2026-09-02 11:15:00,15
2026-09-02 11:00:00,01F0880S,01F0928S,31,183,150,01F0880S>01F0928S,20260902,132,183,277.0,177,135,252.33333333333334,183,181.83333333333334,2026-09-02 11:05:00,2026-09-02 11:20:00,15
2026-09-02 11:05:00,01F0880S,01F0928S,31,186,172,01F0880S>01F0928S,20260902,133,186,269.3333333333333,182,136,247.66666666666666,186,185.16666666666669,2026-09-02 11:10:00,2026-09-02 11:25:00,15
2026-09-02 11:10:00,01F0880S,01F0928S,31,185,161,01F0880S>01F0928S,20260902,134,185,254.66666666666666,179,137,245.33333333333334,185,193.08333333333334,2026-09-02 11:15:00,2026-09-02 11:30:00,15
2026-09-02 11:15:00,01F0880S,01F0928S,31,177,132,01F0880S>01F0928S,20260902,135,177,252.33333333333334,180,138,232.33333333333334,177,175.83333333333334,2026-09-02 11:20:00,2026-09-02 11:35:00,15
2026-09-02 11:20:00,01F0880S,01F0928S,31,182,159,01F0880S>01F0928S,20260902,136,182,247.66666666666666,179,139,223.0,182,173.75,2026-09-02 11:25:00,2026-09-02 11:40:00,15
2026-09-02 11:25:00,01F0880S,01F0928S,31,179,157,01F0880S>01F0928S,20260902,137,179,245.33333333333334,182,140,220.0,179,170.25,2026-09-02 11:30:00,2026-09-02 11:45:00,15
2026-09-02 11:30:00,01F0880S,01F0928S,31,180,160,01F0880S>01F0928S,20260902,138,180,232.33333333333334,184,141,287.3333333333333,180,248.08333333333331,2026-09-02 11:35:00,2026-09-02 11:50:00,15
2026-09-02 11:35:00,01F0880S,01F0928S,31,179,153,01F0880S>01F0928S,20260902,139,179,223.0,184,142,272.3333333333333,179,239.33333333333331,2026-09-02 11:40:00,2026-09-02 11:55:00,15
2026-09-02 11:40:00,01F0880S,01F0928S,31,182,177,01F0880S>01F0928S,20260902,140,182,220.0,181,143,206.66666666666666,182,178.16666666666666,2026-09-02 11:45:00,2026-09-02 12:00:00,15
2026-09-02 11:45:00,01F0880S,01F0928S,31,184,131,01F0880S>01F0928S,20260902,141,184,287.3333333333333,179,144,215.66666666666666,184,138.16666666666669,2026-09-02 11:50:00,2026-09-02 12:05:00,15
2026-09-02 11:50:00,01F0880S,01F0928S,31,184,149,01F0880S>01F0928S,20260902,142,184,272.3333333333333,183,145,207.0,184,140.75,2026-09-02 11:55:00,2026-09-02 12:10:00,15
2026-09-02 11:55:00,01F0880S,01F0928S,31,181,160,01F0880S>01F0928S,20260902,143,181,206.66666666666666,178,146,199.66666666666666,181,180.41666666666666,2026-09-02 12:00:00,2026-09-02 12:15:00,15
2026-09-02 12:00:00,01F0880S,01F0928S,31,179,139,01F0880S>01F0928S,20260902,144,179,215.66666666666666,179,147,215.0,179,187.5,2026-09-02 12:05:00,2026-09-02 12:20:00,15
2026-09-02 12:05:00,01F0880S,01F0928S,31,183,132,01F0880S>01F0928S,20260902,145,183,207.0,187,148,212.66666666666666,183,194.66666666666666,2026-09-02 12:10:00,2026-09-02 12:25:00,15
2026-09-02 12:10:00,01F0880S,01F0928S,31,178,149,01F0880S>01F0928S,20260902,146,178,199.66666666666666,176,149,216.66666666666666,178,200.41666666666666,2026-09-02 12:15:00,2026-09-02 12:30:00,15
2026-09-02 12:15:00,01F0880S,01F0928S,31,179,146,01F0880S>01F0928S,20260902,147,179,215.0,180,150,214.0,179,187.0,2026-09-02 12:20:00,2026-09-02 12:35:00,15
2026-09-02 12:20:00,01F0880S,01F0928S,31,187,185,01F0880S>01F0928S,20260902,148,187,212.66666666666666,189,151,198.0,187,178.75,2026-09-02 12:25:00,2026-09-02 12:40:00,15
2026-09-02 12:25:00,01F0880S,01F0928S,31,176,131,01F0880S>01F0928S,20260902,149,176,216.66666666666666,180,152,195.66666666666666,176,165.16666666666666,2026-09-02 12:30:00,2026-09-02 12:45:00,15
2026-09-02 12:30:00,01F0880S,01F0928S,31,180,138,01F0880S>01F0928S,20260902,150,180,214.0,186,153,202.33333333333334,180,176.83333333333334,2026-09-02 12:35:00,2026-09-02 12:50:00,15
2026-09-02 12:35:00,01F0880S,01F0928S,31,189,182,01F0880S>01F0928S,20260902,151,189,198.0,185,154,193.0,189,186.25,2026-09-02 12:40:00,2026-09-02 12:55:00,15
2026-09-02 12:40:00,01F0880S,01F0928S,31,180,152,01F0880S>01F0928S,20260902,152,180,195.66666666666666,179,155,180.66666666666666,180,168.91666666666666,2026-09-02 12:45:00,2026-09-02 13:00:00,15
2026-09-02 12:45:00,01F0880S,01F0928S,31,186,168,01F0880S>01F0928S,20260902,153,186,202.33333333333334,180,156,180.33333333333334,186,168.08333333333334,2026-09-02 12:50:00,2026-09-02 13:05:00,15
2026-09-02 12:50:00,01F0880S,01F0928S,31,185,155,01F0880S>01F0928S,20260902,154,185,193.0,187,157,176.66666666666666,185,170.66666666666666,2026-09-02 12:55:00,2026-09-02 13:10:00,15
2026-09-02 12:55:00,01F0880S,01F0928S,31,179,175,01F0880S>01F0928S,20260902,155,179,180.66666666666666,189,158,184.0,179,182.75,2026-09-02 13:00:00,2026-09-02 13:15:00,15
2026-09-02 13:00:00,01F0880S,01F0928S,31,180,180,01F0880S>01F0928S,20260902,156,180,180.33333333333334,180,159,178.0,180,177.75,2026-09-02 13:05:00,2026-09-02 13:20:00,15
2026-09-02 13:05:00,01F0880S,01F0928S,31,187,171,01F0880S>01F0928S,20260902,157,187,176.66666666666666,187,160,192.66666666666666,187,200.41666666666666,2026-09-02 13:10:00,2026-09-02 13:25:00,15
2026-09-02 13:10:00,01F0880S,01F0928S,31,189,191,01F0880S>01F0928S,20260902,158,189,184.0,194,161,199.33333333333334,189,203.08333333333334,2026-09-02 13:15:00,2026-09-02 13:30:00,15
2026-09-02 13:15:00,01F0880S,01F0928S,31,180,124,01F0880S>01F0928S,20260902,159,180,178.0,200,162,197.33333333333334,180,198.83333333333334,2026-09-02 13:20:00,2026-09-02 13:35:00,15
2026-09-02 13:20:00,01F0880S,01F0928S,31,187,176,01F0880S>01F0928S,20260902,160,187,192.66666666666666,193,163,191.66666666666666,187,187.41666666666666,2026-09-02 13:25:00,2026-09-02 13:40:00,15
2026-09-02 13:25:00,01F0880S,01F0928S,31,194,158,01F0880S>01F0928S,20260902,161,194,199.33333333333334,198,164,186.33333333333334,194,182.33333333333334,2026-09-02 13:30:00,2026-09-02 13:45:00,15
2026-09-02 13:30:00,01F0880S,01F0928S,31,200,173,01F0880S>01F0928S,20260902,162,200,197.33333333333334,185,165,192.0,200,194.0,2026-09-02 13:35:00,2026-09-02 13:50:00,15
2026-09-02 13:35:00,01F0880S,01F0928S,31,193,164,01F0880S>01F0928S,20260902,163,193,191.66666666666666,183,166,196.33333333333334,193,197.33333333333334,2026-09-02 13:40:00,2026-09-02 13:55:00,15
2026-09-02 13:40:00,01F0880S,01F0928S,31,198,168,01F0880S>01F0928S,20260902,164,198,186.33333333333334,185,167,209.66666666666666,198,218.41666666666666,2026-09-02 13:45:00,2026-09-02 14:00:00,15
2026-09-02 13:45:00,01F0880S,01F0928S,31,185,158,01F0880S>01F0928S,20260902,165,185,192.0,185,168,214.0,185,208.75,2026-09-02 13:50:00,2026-09-02 14:05:00,15
2026-09-02 13:50:00,01F0880S,01F0928S,31,183,150,01F0880S>01F0928S,20260902,166,183,196.33333333333334,189,169,226.0,183,216.0,2026-09-02 13:55:00,2026-09-02 14:10:00,15
2026-09-02 13:55:00,01F0880S,01F0928S,31,185,153,01F0880S>01F0928S,20260902,167,185,209.66666666666666,189,170,238.66666666666666,185,220.16666666666666,2026-09-02 14:00:00,2026-09-02 14:15:00,15
2026-09-02 14:00:00,01F0880S,01F0928S,31,185,158,01F0880S>01F0928S,20260902,168,185,214.0,200,171,246.0,185,224.25,2026-09-02 14:05:00,2026-09-02 14:20:00,15
2026-09-02 14:05:00,01F0880S,01F0928S,31,189,137,01F0880S>01F0928S,20260902,169,189,226.0,194,172,253.66666666666666,189,225.91666666666666,2026-09-02 14:10:00,2026-09-02 14:25:00,15
2026-09-02 14:10:00,01F0880S,01F0928S,31,189,160,01F0880S>01F0928S,20260902,170,189,238.66666666666666,188,173,262.0,189,224.75,2026-09-02 14:15:00,2026-09-02 14:30:00,15
2026-09-02 14:15:00,01F0880S,01F0928S,31,200,152,01F0880S>01F0928S,20260902,171,200,246.0,195,174,266.3333333333333,200,231.83333333333331,2026-09-02 14:20:00,2026-09-02 14:35:00,15
2026-09-02 14:20:00,01F0880S,01F0928S,31,194,170,01F0880S>01F0928S,20260902,172,194,253.66666666666666,190,175,252.66666666666666,194,207.91666666666666,2026-09-02 14:25:00,2026-09-02 14:40:00,15
2026-09-02 14:25:00,01F0880S,01F0928S,31,188,118,01F0880S>01F0928S,20260902,173,188,262.0,195,176,250.0,188,194.5,2026-09-02 14:30:00,2026-09-02 14:45:00,15
2026-09-02 14:30:00,01F0880S,01F0928S,31,195,133,01F0880S>01F0928S,20260902,174,195,266.3333333333333,207,177,238.0,195,184.5,2026-09-02 14:35:00,2026-09-02 14:50:00,15
2026-09-02 14:35:00,01F0880S,01F0928S,31,190,174,01F0880S>01F0928S,20260902,175,190,252.66666666666666,191,178,220.66666666666666,190,173.66666666666666,2026-09-02 14:40:00,2026-09-02 14:55:00,15
2026-09-02 14:40:00,01F0880S,01F0928S,31,195,171,01F0880S>01F0928S,20260902,176,195,250.0,190,179,192.66666666666666,195,151.41666666666666,2026-09-02 14:45:00,2026-09-02 15:00:00,15
2026-09-02 14:45:00,01F0880S,01F0928S,31,207,198,01F0880S>01F0928S,20260902,177,207,238.0,178,180,185.0,207,161.75,2026-09-02 14:50:00,2026-09-02 15:05:00,15
2026-09-02 14:50:00,01F0880S,01F0928S,31,191,156,01F0880S>01F0928S,20260902,178,191,220.66666666666666,184,181,184.66666666666666,191,162.41666666666666,2026-09-02 14:55:00,2026-09-02 15:10:00,15
2026-09-02 14:55:00,01F0880S,01F0928S,31,190,156,01F0880S>01F0928S,20260902,179,190,192.66666666666666,179,182,186.66666666666666,190,184.66666666666666,2026-09-02 15:00:00,2026-09-02 15:15:00,15
2026-09-02 15:00:00,01F0880S,01F0928S,31,178,162,01F0880S>01F0928S,20260902,180,178,185.0,183,183,185.33333333333334,178,180.08333333333334,2026-09-02 15:05:00,2026-09-02 15:20:00,15
2026-09-02 15:05:00,01F0880S,01F0928S,31,184,143,01F0880S>01F0928S,20260902,181,184,184.66666666666666,176,184,185.33333333333334,184,184.83333333333334,2026-09-02 15:10:00,2026-09-02 15:25:00,15
2026-09-02 15:10:00,01F0880S,01F0928S,31,179,154,01F0880S>01F0928S,20260902,182,179,186.66666666666666,181,185,186.33333333333334,179,180.58333333333334,2026-09-02 15:15:00,2026-09-02 15:30:00,15
2026-09-02 15:15:00,01F0880S,01F0928S,31,183,166,01F0880S>01F0928S,20260902,183,183,185.33333333333334,185,186,195.66666666666666,183,193.91666666666666,2026-09-02 15:20:00,2026-09-02 15:35:00,15
2026-09-02 15:20:00,01F0880S,01F0928S,31,176,128,01F0880S>01F0928S,20260902,184,176,185.33333333333334,177,187,201.0,176,194.0,2026-09-02 15:25:00,2026-09-02 15:40:00,15
2026-09-02 15:25:00,01F0880S,01F0928S,31,181,164,01F0880S>01F0928S,20260902,185,181,186.33333333333334,189,188,198.66666666666666,181,194.66666666666666,2026-09-02 15:30:00,2026-09-02 15:45:00,15
2026-09-02 15:30:00,01F0880S,01F0928S,31,185,167,01F0880S>01F0928S,20260902,186,185,195.66666666666666,184,189,198.33333333333334,185,190.33333333333334,2026-09-02 15:35:00,2026-09-02 15:50:00,15
2026-09-02 15:35:00,01F0880S,01F0928S,31,177,151,01F0880S>01F0928S,20260902,187,177,201.0,181,190,200.66666666666666,177,182.66666666666666,2026-09-02 15:40:00,2026-09-02 15:55:00,15
2026-09-02 15:40:00,01F0880S,01F0928S,31,189,178,01F0880S>01F0928S,20260902,188,189,198.66666666666666,183,191,209.0,189,201.75,2026-09-02 15:45:00,2026-09-02 16:00:00,15
2026-09-02 15:45:00,01F0880S,01F0928S,31,184,158,01F0880S>01F0928S,20260902,189,184,198.33333333333334,192,192,207.33333333333334,184,196.58333333333334,2026-09-02 15:50:00,2026-09-02 16:05:00,15
2026-09-02 15:50:00,01F0880S,01F0928S,31,181,178,01F0880S>01F0928S,20260902,190,181,200.66666666666666,194,193,218.0,181,203.25,2026-09-02 15:55:00,2026-09-02 16:10:00,15
2026-09-02 15:55:00,01F0880S,01F0928S,31,183,149,01F0880S>01F0928S,20260902,191,183,209.0,182,194,220.33333333333334,183,200.83333333333334,2026-09-02 16:00:00,2026-09-02 16:15:00,15
2026-09-02 16:00:00,01F0880S,01F0928S,31,192,157,01F0880S>01F0928S,20260902,192,192,207.33333333333334,208,195,234.0,192,222.5,2026-09-02 16:05:00,2026-09-02 16:20:00,15
2026-09-02 16:05:00,01F0880S,01F0928S,31,194,163,01F0880S>01F0928S,20260902,193,194,218.0,222,196,227.66666666666666,194,209.66666666666666,2026-09-02 16:10:00,2026-09-02 16:25:00,15
2026-09-02 16:10:00,01F0880S,01F0928S,31,182,152,01F0880S>01F0928S,20260902,194,182,220.33333333333334,256,197,235.66666666666666,182,206.91666666666666,2026-09-02 16:15:00,2026-09-02 16:30:00,15
2026-09-02 16:15:00,01F0880S,01F0928S,31,208,191,01F0880S>01F0928S,20260902,195,208,234.0,262,198,233.33333333333334,208,213.83333333333334,2026-09-02 16:20:00,2026-09-02 16:35:00,15
2026-09-02 16:20:00,01F0880S,01F0928S,31,222,167,01F0880S>01F0928S,20260902,196,222,227.66666666666666,269,199,224.33333333333334,222,220.08333333333334,2026-09-02 16:25:00,2026-09-02 16:40:00,15
2026-09-02 16:25:00,01F0880S,01F0928S,31,256,182,01F0880S>01F0928S,20260902,197,256,235.66666666666666,260,200,233.0,256,248.25,2026-09-02 16:30:00,2026-09-02 16:45:00,15
2026-09-02 16:30:00,01F0880S,01F0928S,31,262,179,01F0880S>01F0928S,20260902,198,262,233.33333333333334,251,201,246.66666666666666,262,268.16666666666663,2026-09-02 16:35:00,2026-09-02 16:50:00,15
2026-09-02 16:35:00,01F0880S,01F0928S,31,269,169,01F0880S>01F0928S,20260902,199,269,224.33333333333334,243,202,261.6666666666667,269,295.1666666666667,2026-09-02 16:40:00,2026-09-02 16:55:00,15
2026-09-02 16:40:00,01F0880S,01F0928S,31,260,184,01F0880S>01F0928S,20260902,200,260,233.0,254,203,266.3333333333333,260,286.5833333333333,2026-09-02 16:45:00,2026-09-02 17:00:00,15
2026-09-02 16:45:00,01F0880S,01F0928S,31,251,205,01F0880S>01F0928S,20260902,201,251,246.66666666666666,254,204,267.6666666666667,251,270.9166666666667,2026-09-02 16:50:00,2026-09-02 17:05:00,15
2026-09-02 16:50:00,01F0880S,01F0928S,31,243,176,01F0880S>01F0928S,20260902,202,243,261.6666666666667,267,205,256.3333333333333,243,242.33333333333331,2026-09-02 16:55:00,2026-09-02 17:10:00,15
2026-09-02 16:55:00,01F0880S,01F0928S,31,254,166,01F0880S>01F0928S,20260902,203,254,266.3333333333333,274,206,245.0,254,235.75,2026-09-02 17:00:00,2026-09-02 17:15:00,15
2026-09-02 17:00:00,01F0880S,01F0928S,31,254,180,01F0880S>01F0928S,20260902,204,254,267.6666666666667,275,207,268.6666666666667,254,258.4166666666667,2026-09-02 17:05:00,2026-09-02 17:20:00,15
2026-09-02 17:05:00,01F0880S,01F0928S,31,267,201,01F0880S>01F0928S,20260902,205,267,256.3333333333333,272,208,302.0,267,310.0,2026-09-02 17:10:00,2026-09-02 17:25:00,15
2026-09-02 17:10:00,01F0880S,01F0928S,31,274,230,01F0880S>01F0928S,20260902,206,274,245.0,258,209,323.0,274,344.75,2026-09-02 17:15:00,2026-09-02 17:30:00,15
2026-09-02 17:15:00,01F0880S,01F0928S,31,275,266,01F0880S>01F0928S,20260902,207,275,268.6666666666667,199,210,353.0,275,357.75,2026-09-02 17:20:00,2026-09-02 17:35:00,15
2026-09-02 17:20:00,01F0880S,01F0928S,31,272,258,01F0880S>01F0928S,20260902,208,272,302.0,191,211,373.3333333333333,272,350.8333333333333,2026-09-02 17:25:00,2026-09-02 17:40:00,15
2026-09-02 17:25:00,01F0880S,01F0928S,31,258,275,01F0880S>01F0928S,20260902,209,258,323.0,193,212,369.3333333333333,258,320.5833333333333,2026-09-02 17:30:00,2026-09-02 17:45:00,15
2026-09-02 17:30:00,01F0880S,01F0928S,31,199,209,01F0880S>01F0928S,20260902,210,199,353.0,214,213,344.6666666666667,199,229.16666666666669,2026-09-02 17:35:00,2026-09-02 17:50:00,15
2026-09-02 17:35:00,01F0880S,01F0928S,31,191,188,01F0880S>01F0928S,20260902,211,191,373.3333333333333,192,214,308.3333333333333,191,171.58333333333331,2026-09-02 17:40:00,2026-09-02 17:55:00,15
2026-09-02 17:40:00,01F0880S,01F0928S,31,193,210,01F0880S>01F0928S,20260902,212,193,369.3333333333333,194,215,297.0,193,164.75,2026-09-02 17:45:00,2026-09-02 18:00:00,15
2026-09-02 17:45:00,01F0880S,01F0928S,31,214,218,01F0880S>01F0928S,20260902,213,214,344.6666666666667,192,216,294.0,214,196.0,2026-09-02 17:50:00,2026-09-02 18:05:00,15
2026-09-02 17:50:00,01F0880S,01F0928S,31,192,223,01F0880S>01F0928S,20260902,214,192,308.3333333333333,190,217,285.6666666666667,192,198.41666666666669,2026-09-02 17:55:00,2026-09-02 18:10:00,15
2026-09-02 17:55:00,01F0880S,01F0928S,31,194,193,01F0880S>01F0928S,20260902,215,194,297.0,190,218,290.6666666666667,194,213.41666666666669,2026-09-02 18:00:00,2026-09-02 18:15:00,15
2026-09-02 18:00:00,01F0880S,01F0928S,31,192,216,01F0880S>01F0928S,20260902,216,192,294.0,195,219,280.3333333333333,192,203.83333333333331,2026-09-02 18:05:00,2026-09-02 18:20:00,15
2026-09-02 18:05:00,01F0880S,01F0928S,31,190,213,01F0880S>01F0928S,20260902,217,190,285.6666666666667,195,220,281.6666666666667,190,209.91666666666669,2026-09-02 18:10:00,2026-09-02 18:25:00,15
2026-09-02 18:10:00,01F0880S,01F0928S,31,190,186,01F0880S>01F0928S,20260902,218,190,290.6666666666667,217,221,281.0,190,205.5,2026-09-02 18:15:00,2026-09-02 18:30:00,15
2026-09-02 18:15:00,01F0880S,01F0928S,31,195,194,01F0880S>01F0928S,20260902,219,195,280.3333333333333,226,222,282.0,195,218.0,2026-09-02 18:20:00,2026-09-02 18:35:00,15
2026-09-02 18:20:00,01F0880S,01F0928S,31,195,196,01F0880S>01F0928S,20260902,220,195,281.6666666666667,201,223,263.0,195,198.0,2026-09-02 18:25:00,2026-09-02 18:40:00,15
2026-09-02 18:25:00,01F0880S,01F0928S,31,217,187,01F0880S>01F0928S,20260902,221,217,281.0,186,224,241.66666666666666,217,193.66666666666666,2026-09-02 18:30:00,2026-09-02 18:45:00,15
2026-09-02 18:30:00,01F0880S,01F0928S,31,226,219,01F0880S>01F0928S,20260902,222,226,282.0,205,225,239.66666666666666,226,197.66666666666666,2026-09-02 18:35:00,2026-09-02 18:50:00,15
2026-09-02 18:35:00,01F0880S,01F0928S,31,201,208,01F0880S>01F0928S,20260902,223,201,263.0,196,226,240.0,201,193.5,2026-09-02 18:40:00,2026-09-02 18:55:00,15
2026-09-02 18:40:00,01F0880S,01F0928S,31,186,165,01F0880S>01F0928S,20260902,224,186,241.66666666666666,189,227,233.33333333333334,186,191.58333333333334,2026-09-02 18:45:00,2026-09-02 19:00:00,15
2026-09-02 18:45:00,01F0880S,01F0928S,31,205,224,01F0880S>01F0928S,20260902,225,205,239.66666666666666,188,228,213.33333333333334,205,187.33333333333334,2026-09-02 18:50:00,2026-09-02 19:05:00,15
2026-09-02 18:50:00,01F0880S,01F0928S,31,196,195,01F0880S>01F0928S,20260902,226,196,240.0,190,229,195.33333333333334,196,162.33333333333334,2026-09-02 18:55:00,2026-09-02 19:10:00,15
2026-09-02 18:55:00,01F0880S,01F0928S,31,189,174,01F0880S>01F0928S,20260902,227,189,233.33333333333334,184,230,198.66666666666666,189,165.41666666666666,2026-09-02 19:00:00,2026-09-02 19:15:00,15
2026-09-02 19:00:00,01F0880S,01F0928S,31,188,177,01F0880S>01F0928S,20260902,228,188,213.33333333333334,179,231,186.0,188,167.0,2026-09-02 19:05:00,2026-09-02 19:20:00,15
2026-09-02 19:05:00,01F0880S,01F0928S,31,190,188,01F0880S>01F0928S,20260902,229,190,195.33333333333334,184,232,186.66666666666666,190,182.66666666666666,2026-09-02 19:10:00,2026-09-02 19:25:00,15
2026-09-02 19:10:00,01F0880S,01F0928S,31,184,172,01F0880S>01F0928S,20260902,230,184,198.66666666666666,187,233,184.66666666666666,184,173.66666666666666,2026-09-02 19:15:00,2026-09-02 19:30:00,15
2026-09-02 19:15:00,01F0880S,01F0928S,31,179,177,01F0880S>01F0928S,20260902,231,179,186.0,186,234,187.66666666666666,179,182.41666666666666,2026-09-02 19:20:00,2026-09-02 19:35:00,15
2026-09-02 19:20:00,01F0880S,01F0928S,31,184,175,01F0880S>01F0928S,20260902,232,184,186.66666666666666,181,235,186.33333333333334,184,184.33333333333334,2026-09-02 19:25:00,2026-09-02 19:40:00,15
2026-09-02 19:25:00,01F0880S,01F0928S,31,187,155,01F0880S>01F0928S,20260902,233,187,184.66666666666666,176,236,183.0,187,184.75,2026-09-02 19:30:00,2026-09-02 19:45:00,15
2026-09-02 19:30:00,01F0880S,01F0928S,31,186,174,01F0880S>01F0928S,20260902,234,186,187.66666666666666,181,237,179.0,186,177.75,2026-09-02 19:35:00,2026-09-02 19:50:00,15
2026-09-02 19:35:00,01F0880S,01F0928S,31,181,140,01F0880S>01F0928S,20260902,235,181,186.33333333333334,173,238,195.0,181,191.0,2026-09-02 19:40:00,2026-09-02 19:55:00,15
2026-09-02 19:40:00,01F0880S,01F0928S,31,176,178,01F0880S>01F0928S,20260902,236,176,183.0,179,239,190.33333333333334,176,185.08333333333334,2026-09-02 19:45:00,2026-09-02 20:00:00,15
2026-09-02 19:45:00,01F0880S,01F0928S,31,181,169,01F0880S>01F0928S,20260902,237,181,179.0,177,240,183.66666666666666,181,185.16666666666666,2026-09-02 19:50:00,2026-09-02 20:05:00,15
2026-09-02 19:50:00,01F0880S,01F0928S,31,173,144,01F0880S>01F0928S,20260902,238,173,195.0,175,241,192.66666666666666,173,176.16666666666666,2026-09-02 19:55:00,2026-09-02 20:10:00,15
2026-09-02 19:55:00,01F0880S,01F0928S,31,179,152,01F0880S>01F0928S,20260902,239,179,190.33333333333334,171,242,191.33333333333334,179,182.83333333333334,2026-09-02 20:00:00,2026-09-02 20:15:00,15
2026-09-02 20:00:00,01F0880S,01F0928S,31,177,149,01F0880S>01F0928S,20260902,240,177,183.66666666666666,174,243,190.0,177,185.0,2026-09-02 20:05:00,2026-09-02 20:20:00,15
2026-09-02 20:05:00,01F0880S,01F0928S,31,175,134,01F0880S>01F0928S,20260902,241,175,192.66666666666666,173,244,183.66666666666666,175,170.41666666666666,2026-09-02 20:10:00,2026-09-02 20:25:00,15
2026-09-02 20:10:00,01F0880S,01F0928S,31,171,120,01F0880S>01F0928S,20260902,242,171,191.33333333333334,174,245,184.33333333333334,171,169.08333333333334,2026-09-02 20:15:00,2026-09-02 20:30:00,15
2026-09-02 20:15:00,01F0880S,01F0928S,31,174,132,01F0880S>01F0928S,20260902,243,174,190.0,172,246,179.33333333333334,174,167.33333333333334,2026-09-02 20:20:00,2026-09-02 20:35:00,15
2026-09-02 20:20:00,01F0880S,01F0928S,31,173,136,01F0880S>01F0928S,20260902,244,173,183.66666666666666,171,247,174.33333333333334,173,166.33333333333334,2026-09-02 20:25:00,2026-09-02 20:40:00,15
2026-09-02 20:25:00,01F0880S,01F0928S,31,174,115,01F0880S>01F0928S,20260902,245,174,184.33333333333334,171,248,175.0,174,167.25,2026-09-02 20:30:00,2026-09-02 20:45:00,15
2026-09-02 20:30:00,01F0880S,01F0928S,31,172,101,01F0880S>01F0928S,20260902,246,172,179.33333333333334,173,249,175.33333333333334,172,169.83333333333334,2026-09-02 20:35:00,2026-09-02 20:50:00,15
2026-09-02 20:35:00,01F0880S,01F0928S,31,171,113,01F0880S>01F0928S,20260902,247,171,174.33333333333334,178,250,179.0,171,176.5,2026-09-02 20:40:00,2026-09-02 20:55:00,15
2026-09-02 20:40:00,01F0880S,01F0928S,31,171,138,01F0880S>01F0928S,20260902,248,171,175.0,168,251,200.0,171,197.0,2026-09-02 20:45:00,2026-09-02 21:00:00,15
2026-09-02 20:45:00,01F0880S,01F0928S,31,173,143,01F0880S>01F0928S,20260902,249,173,175.33333333333334,170,252,200.0,173,198.25,2026-09-02 20:50:00,2026-09-02 21:05:00,15
2026-09-02 20:50:00,01F0880S,01F0928S,31,178,131,01F0880S>01F0928S,20260902,250,178,179.0,169,253,198.66666666666666,178,197.91666666666666,2026-09-02 20:55:00,2026-09-02 21:10:00,15
2026-09-02 20:55:00,01F0880S,01F0928S,31,168,99,01F0880S>01F0928S,20260902,251,168,200.0,170,254,193.66666666666666,168,169.66666666666666,2026-09-02 21:00:00,2026-09-02 21:15:00,15
2026-09-02 21:00:00,01F0880S,01F0928S,31,170,92,01F0880S>01F0928S,20260902,252,170,200.0,173,255,180.33333333333334,170,157.83333333333334,2026-09-02 21:05:00,2026-09-02 21:20:00,15
2026-09-02 21:05:00,01F0880S,01F0928S,31,169,106,01F0880S>01F0928S,20260902,253,169,198.66666666666666,168,256,177.33333333333334,169,155.08333333333334,2026-09-02 21:10:00,2026-09-02 21:25:00,15
2026-09-02 21:10:00,01F0880S,01F0928S,31,170,109,01F0880S>01F0928S,20260902,254,170,193.66666666666666,169,257,174.0,170,156.25,2026-09-02 21:15:00,2026-09-02 21:30:00,15
2026-09-02 21:15:00,01F0880S,01F0928S,31,173,105,01F0880S>01F0928S,20260902,255,173,180.33333333333334,167,258,177.33333333333334,173,171.83333333333334,2026-09-02 21:20:00,2026-09-02 21:35:00,15
2026-09-02 21:20:00,01F0880S,01F0928S,31,168,94,01F0880S>01F0928S,20260902,256,168,177.33333333333334,170,259,178.66666666666666,168,171.66666666666666,2026-09-02 21:25:00,2026-09-02 21:40:00,15
2026-09-02 21:25:00,01F0880S,01F0928S,31,169,109,01F0880S>01F0928S,20260902,257,169,174.0,166,260,171.66666666666666,169,167.91666666666666,2026-09-02 21:30:00,2026-09-02 21:45:00,15
2026-09-02 21:30:00,01F0880S,01F0928S,31,167,109,01F0880S>01F0928S,20260902,258,167,177.33333333333334,171,261,173.66666666666666,167,165.91666666666666,2026-09-02 21:35:00,2026-09-02 21:50:00,15
2026-09-02 21:35:00,01F0880S,01F0928S,31,170,103,01F0880S>01F0928S,20260902,259,170,178.66666666666666,168,262,172.33333333333334,170,165.83333333333334,2026-09-02 21:40:00,2026-09-02 21:55:00,15
2026-09-02 21:40:00,01F0880S,01F0928S,31,166,100,01F0880S>01F0928S,20260902,260,166,171.66666666666666,168,263,174.66666666666666,166,170.41666666666666,2026-09-02 21:45:00,2026-09-02 22:00:00,15
2026-09-02 21:45:00,01F0880S,01F0928S,31,171,98,01F0880S>01F0928S,20260902,261,171,173.66666666666666,167,264,174.66666666666666,171,172.66666666666666,2026-09-02 21:50:00,2026-09-02 22:05:00,15
2026-09-02 21:50:00,01F0880S,01F0928S,31,168,103,01F0880S>01F0928S,20260902,262,168,172.33333333333334,164,265,172.66666666666666,168,169.41666666666666,2026-09-02 21:55:00,2026-09-02 22:10:00,15
2026-09-02 21:55:00,01F0880S,01F0928S,31,168,87,01F0880S>01F0928S,20260902,263,168,174.66666666666666,169,266,172.33333333333334,168,167.33333333333334,2026-09-02 22:00:00,2026-09-02 22:15:00,15
2026-09-02 22:00:00,01F0880S,01F0928S,31,167,96,01F0880S>01F0928S,20260902,264,167,174.66666666666666,174,267,169.66666666666666,167,163.91666666666666,2026-09-02 22:05:00,2026-09-02 22:20:00,15
2026-09-02 22:05:00,01F0880S,01F0928S,31,164,106,01F0880S>01F0928S,20260902,265,164,172.66666666666666,166,268,173.33333333333334,164,166.83333333333334,2026-09-02 22:10:00,2026-09-02 22:25:00,15
2026-09-02 22:10:00,01F0880S,01F0928S,31,169,97,01F0880S>01F0928S,20260902,266,169,172.33333333333334,167,269,170.33333333333334,169,167.83333333333334,2026-09-02 22:15:00,2026-09-02 22:30:00,15
2026-09-02 22:15:00,01F0880S,01F0928S,31,174,108,01F0880S>01F0928S,20260902,267,174,169.66666666666666,170,270,167.66666666666666,174,170.91666666666666,2026-09-02 22:20:00,2026-09-02 22:35:00,15
2026-09-02 22:20:00,01F0880S,01F0928S,31,166,100,01F0880S>01F0928S,20260902,268,166,173.33333333333334,166,271,171.33333333333334,166,165.83333333333334,2026-09-02 22:25:00,2026-09-02 22:40:00,15
2026-09-02 22:25:00,01F0880S,01F0928S,31,167,84,01F0880S>01F0928S,20260902,269,167,170.33333333333334,164,272,167.0,167,164.5,2026-09-02 22:30:00,2026-09-02 22:45:00,15
2026-09-02 22:30:00,01F0880S,01F0928S,31,170,110,01F0880S>01F0928S,20260902,270,170,167.66666666666666,169,273,167.33333333333334,170,169.08333333333334,2026-09-02 22:35:00,2026-09-02 22:50:00,15
2026-09-02 22:35:00,01F0880S,01F0928S,31,166,87,01F0880S>01F0928S,20260902,271,166,171.33333333333334,162,274,169.66666666666666,166,165.66666666666666,2026-09-02 22:40:00,2026-09-02 22:55:00,15
2026-09-02 22:40:00,01F0880S,01F0928S,31,164,68,01F0880S>01F0928S,20260902,272,164,167.0,166,275,167.33333333333334,164,165.08333333333334,2026-09-02 22:45:00,2026-09-02 23:00:00,15
2026-09-02 22:45:00,01F0880S,01F0928S,31,169,82,01F0880S>01F0928S,20260902,273,169,167.33333333333334,164,276,168.0,169,169.25,2026-09-02 22:50:00,2026-09-02 23:05:00,15
2026-09-02 22:50:00,01F0880S,01F0928S,31,162,74,01F0880S>01F0928S,20260902,274,162,169.66666666666666,164,277,166.33333333333334,162,160.58333333333334,2026-09-02 22:55:00,2026-09-02 23:10:00,15
2026-09-02 22:55:00,01F0880S,01F0928S,31,166,72,01F0880S>01F0928S,20260902,275,166,167.33333333333334,164,278,167.33333333333334,166,166.33333333333334,2026-09-02 23:00:00,2026-09-02 23:15:00,15
2026-09-02 23:00:00,01F0880S,01F0928S,31,164,82,01F0880S>01F0928S,20260902,276,164,168.0,165,279,165.33333333333334,164,162.33333333333334,2026-09-02 23:05:00,2026-09-02 23:20:00,15
2026-09-02 23:05:00,01F0880S,01F0928S,31,164,73,01F0880S>01F0928S,20260902,277,164,166.33333333333334,164,280,165.33333333333334,164,163.58333333333334,2026-09-02 23:10:00,2026-09-02 23:25:00,15
2026-09-02 23:10:00,01F0880S,01F0928S,31,164,85,01F0880S>01F0928S,20260902,278,164,167.33333333333334,165,281,163.0,164,160.5,2026-09-02 23:15:00,2026-09-02 23:30:00,15
2026-09-02 23:15:00,01F0880S,01F0928S,31,165,76,01F0880S>01F0928S,20260902,279,165,165.33333333333334,164,282,166.66666666666666,165,166.41666666666666,2026-09-02 23:20:00,2026-09-02 23:35:00,15
2026-09-02 23:20:00,01F0880S,01F0928S,31,164,88,01F0880S>01F0928S,20260902,280,164,165.33333333333334,165,283,164.33333333333334,164,163.33333333333334,2026-09-02 23:25:00,2026-09-02 23:40:00,15
2026-09-02 23:25:00,01F0880S,01F0928S,31,165,84,01F0880S>01F0928S,20260902,281,165,163.0,165,284,167.33333333333334,165,168.83333333333334,2026-09-02 23:30:00,2026-09-02 23:45:00,15
2026-09-02 23:30:00,01F0880S,01F0928S,31,164,63,01F0880S>01F0928S,20260902,282,164,166.66666666666666,163,285,165.33333333333334,164,163.33333333333334,2026-09-02 23:35:00,2026-09-02 23:50:00,15
2026-09-02 23:35:00,01F0880S,01F0928S,31,165,65,01F0880S>01F0928S,20260902,283,165,164.33333333333334,166,286,162.66666666666666,165,163.16666666666666,2026-09-02 23:40:00,2026-09-02 23:55:00,15
2026-09-02 23:40:00,01F0880S,01F0928S,31,165,58,01F0880S>01F0928S,20260902,284,165,167.33333333333334,162,287,162.0,165,160.25,2026-09-02 23:45:00,2026-09-03 00:00:00,15
2026-09-02 00:00:00,01F0928N,01F0880N,31,163,37,01F0928N>01F0880N,20260902,0,163,162.33333333333334,163,3,163.66666666666666,163,164.16666666666666,2026-09-02 00:05:00,2026-09-02 00:20:00,15
2026-09-02 00:05:00,01F0928N,01F0880N,31,164,35,01F0928N>01F0880N,20260902,1,164,163.66666666666666,164,4,165.66666666666666,164,165.91666666666666,2026-09-02 00:10:00,2026-09-02 00:25:00,15
2026-09-02 00:10:00,01F0928N,01F0880N,31,175,23,01F0928N>01F0880N,20260902,2,175,163.0,165,5,164.66666666666666,175,173.66666666666666,2026-09-02 00:15:00,2026-09-02 00:30:00,15
2026-09-02 00:15:00,01F0928N,01F0880N,31,163,36,01F0928N>01F0880N,20260902,3,163,163.66666666666666,162,6,163.0,163,162.5,2026-09-02 00:20:00,2026-09-02 00:35:00,15
2026-09-02 00:20:00,01F0928N,01F0880N,31,164,24,01F0928N>01F0880N,20260902,4,164,165.66666666666666,164,7,166.0,164,164.75,2026-09-02 00:25:00,2026-09-02 00:40:00,15
2026-09-02 00:25:00,01F0928N,01F0880N,31,165,29,01F0928N>01F0880N,20260902,5,165,164.66666666666666,168,8,166.0,165,166.25,2026-09-02 00:30:00,2026-09-02 00:45:00,15
2026-09-02 00:30:00,01F0928N,01F0880N,31,162,28,01F0928N>01F0880N,20260902,6,162,163.0,164,9,164.66666666666666,162,163.91666666666666,2026-09-02 00:35:00,2026-09-02 00:50:00,15
2026-09-02 00:35:00,01F0928N,01F0880N,31,164,32,01F0928N>01F0880N,20260902,7,164,166.0,169,10,162.33333333333334,164,160.83333333333334,2026-09-02 00:40:00,2026-09-02 00:55:00,15
2026-09-02 00:40:00,01F0928N,01F0880N,31,168,34,01F0928N>01F0880N,20260902,8,168,166.0,163,11,164.0,168,165.5,2026-09-02 00:45:00,2026-09-02 01:00:00,15
2026-09-02 00:45:00,01F0928N,01F0880N,31,164,27,01F0928N>01F0880N,20260902,9,164,164.66666666666666,168,12,166.0,164,165.5,2026-09-02 00:50:00,2026-09-02 01:05:00,15
2026-09-02 00:50:00,01F0928N,01F0880N,31,169,31,01F0928N>01F0880N,20260902,10,169,162.33333333333334,165,13,164.66666666666666,169,169.66666666666666,2026-09-02 00:55:00,2026-09-02 01:10:00,15
2026-09-02 00:55:00,01F0928N,01F0880N,31,163,33,01F0928N>01F0880N,20260902,11,163,164.0,160,14,167.0,163,166.25,2026-09-02 01:00:00,2026-09-02 01:15:00,15
2026-09-02 01:00:00,01F0928N,01F0880N,31,168,27,01F0928N>01F0880N,20260902,12,168,166.0,163,15,166.66666666666666,168,168.16666666666666,2026-09-02 01:05:00,2026-09-02 01:20:00,15
2026-09-02 01:05:00,01F0928N,01F0880N,31,165,36,01F0928N>01F0880N,20260902,13,165,164.66666666666666,167,16,164.66666666666666,165,164.91666666666666,2026-09-02 01:10:00,2026-09-02 01:25:00,15
2026-09-02 01:10:00,01F0928N,01F0880N,31,160,13,01F0928N>01F0880N,20260902,14,160,167.0,175,17,169.66666666666666,160,164.41666666666666,2026-09-02 01:15:00,2026-09-02 01:30:00,15
2026-09-02 01:15:00,01F0928N,01F0880N,31,163,19,01F0928N>01F0880N,20260902,15,163,166.66666666666666,167,18,164.33333333333334,163,161.58333333333334,2026-09-02 01:20:00,2026-09-02 01:35:00,15
2026-09-02 01:20:00,01F0928N,01F0880N,31,167,30,01F0928N>01F0880N,20260902,16,167,164.66666666666666,168,19,162.66666666666666,167,164.41666666666666,2026-09-02 01:25:00,2026-09-02 01:40:00,15
2026-09-02 01:25:00,01F0928N,01F0880N,31,175,10,01F0928N>01F0880N,20260902,17,175,169.66666666666666,171,20,162.66666666666666,175,166.66666666666666,2026-09-02 01:30:00,2026-09-02 01:45:00,15
2026-09-02 01:30:00,01F0928N,01F0880N,31,167,20,01F0928N>01F0880N,20260902,18,167,164.33333333333334,166,21,161.66666666666666,167,163.66666666666666,2026-09-02 01:35:00,2026-09-02 01:50:00,15
2026-09-02 01:35:00,01F0928N,01F0880N,31,168,20,01F0928N>01F0880N,20260902,19,168,162.66666666666666,166,22,164.0,168,168.0,2026-09-02 01:40:00,2026-09-02 01:55:00,15
2026-09-02 01:40:00,01F0928N,01F0880N,31,171,16,01F0928N>01F0880N,20260902,20,171,162.66666666666666,161,23,163.66666666666666,171,169.91666666666666,2026-09-02 01:45:00,2026-09-02 02:00:00,15
2026-09-02 01:45:00,01F0928N,01F0880N,31,166,23,01F0928N>01F0880N,20260902,21,166,161.66666666666666,167,24,164.66666666666666,166,167.91666666666666,2026-09-02 01:50:00,2026-09-02 02:05:00,15
2026-09-02 01:50:00,01F0928N,01F0880N,31,166,21,01F0928N>01F0880N,20260902,22,166,164.0,158,25,164.66666666666666,166,166.16666666666666,2026-09-02 01:55:00,2026-09-02 02:10:00,15
2026-09-02 01:55:00,01F0928N,01F0880N,31,161,16,01F0928N>01F0880N,20260902,23,161,163.66666666666666,168,26,167.33333333333334,161,165.33333333333334,2026-09-02 02:00:00,2026-09-02 02:15:00,15
2026-09-02 02:00:00,01F0928N,01F0880N,31,167,19,01F0928N>01F0880N,20260902,24,167,164.66666666666666,165,27,165.66666666666666,167,167.41666666666666,2026-09-02 02:05:00,2026-09-02 02:20:00,15
2026-09-02 02:05:00,01F0928N,01F0880N,31,158,20,01F0928N>01F0880N,20260902,25,158,164.66666666666666,173,28,164.0,158,159.0,2026-09-02 02:10:00,2026-09-02 02:25:00,15
2026-09-02 02:10:00,01F0928N,01F0880N,31,168,15,01F0928N>01F0880N,20260902,26,168,167.33333333333334,167,29,166.33333333333334,168,166.83333333333334,2026-09-02 02:15:00,2026-09-02 02:30:00,15
2026-09-02 02:15:00,01F0928N,01F0880N,31,165,17,01F0928N>01F0880N,20260902,27,165,165.66666666666666,171,30,164.0,165,163.5,2026-09-02 02:20:00,2026-09-02 02:35:00,15
2026-09-02 02:20:00,01F0928N,01F0880N,31,173,15,01F0928N>01F0880N,20260902,28,173,164.0,159,31,162.66666666666666,173,169.41666666666666,2026-09-02 02:25:00,2026-09-02 02:40:00,15
2026-09-02 02:25:00,01F0928N,01F0880N,31,167,15,01F0928N>01F0880N,20260902,29,167,166.33333333333334,165,32,165.0,167,165.5,2026-09-02 02:30:00,2026-09-02 02:45:00,15
2026-09-02 02:30:00,01F0928N,01F0880N,31,171,18,01F0928N>01F0880N,20260902,30,171,164.0,166,33,164.66666666666666,171,169.91666666666666,2026-09-02 02:35:00,2026-09-02 02:50:00,15
2026-09-02 02:35:00,01F0928N,01F0880N,31,159,12,01F0928N>01F0880N,20260902,31,159,162.66666666666666,158,34,163.0,159,160.25,2026-09-02 02:40:00,2026-09-02 02:55:00,15
2026-09-02 02:40:00,01F0928N,01F0880N,31,165,13,01F0928N>01F0880N,20260902,32,165,165.0,160,35,161.66666666666666,165,161.66666666666666,2026-09-02 02:45:00,2026-09-02 03:00:00,15
2026-09-02 02:45:00,01F0928N,01F0880N,31,166,24,01F0928N>01F0880N,20260902,33,166,164.66666666666666,164,36,160.0,166,161.0,2026-09-02 02:50:00,2026-09-02 03:05:00,15
2026-09-02 02:50:00,01F0928N,01F0880N,31,158,22,01F0928N>01F0880N,20260902,34,158,163.0,161,37,161.66666666666666,158,157.91666666666666,2026-09-02 02:55:00,2026-09-02 03:10:00,15
2026-09-02 02:55:00,01F0928N,01F0880N,31,160,29,01F0928N>01F0880N,20260902,35,160,161.66666666666666,161,38,160.33333333333334,160,159.08333333333334,2026-09-02 03:00:00,2026-09-02 03:15:00,15
2026-09-02 03:00:00,01F0928N,01F0880N,31,164,14,01F0928N>01F0880N,20260902,36,164,160.0,165,39,163.66666666666666,164,166.66666666666666,2026-09-02 03:05:00,2026-09-02 03:20:00,15
2026-09-02 03:05:00,01F0928N,01F0880N,31,161,18,01F0928N>01F0880N,20260902,37,161,161.66666666666666,160,40,159.66666666666666,161,159.16666666666666,2026-09-02 03:10:00,2026-09-02 03:25:00,15
2026-09-02 03:10:00,01F0928N,01F0880N,31,161,20,01F0928N>01F0880N,20260902,38,161,160.33333333333334,162,41,162.33333333333334,161,162.83333333333334,2026-09-02 03:15:00,2026-09-02 03:30:00,15
2026-09-02 03:15:00,01F0928N,01F0880N,31,165,16,01F0928N>01F0880N,20260902,39,165,163.66666666666666,161,42,163.0,165,164.0,2026-09-02 03:20:00,2026-09-02 03:35:00,15
2026-09-02 03:20:00,01F0928N,01F0880N,31,160,34,01F0928N>01F0880N,20260902,40,160,159.66666666666666,161,43,164.33333333333334,160,164.58333333333334,2026-09-02 03:25:00,2026-09-02 03:40:00,15
2026-09-02 03:25:00,01F0928N,01F0880N,31,162,26,01F0928N>01F0880N,20260902,41,162,162.33333333333334,160,44,160.0,162,159.75,2026-09-02 03:30:00,2026-09-02 03:45:00,15
2026-09-02 03:30:00,01F0928N,01F0880N,31,161,30,01F0928N>01F0880N,20260902,42,161,163.0,164,45,164.66666666666666,161,163.16666666666666,2026-09-02 03:35:00,2026-09-02 03:50:00,15
2026-09-02 03:35:00,01F0928N,01F0880N,31,161,27,01F0928N>01F0880N,20260902,43,161,164.33333333333334,163,46,162.0,161,159.5,2026-09-02 03:40:00,2026-09-02 03:55:00,15
2026-09-02 03:40:00,01F0928N,01F0880N,31,160,20,01F0928N>01F0880N,20260902,44,160,160.0,163,47,159.66666666666666,160,159.66666666666666,2026-09-02 03:45:00,2026-09-02 04:00:00,15
2026-09-02 03:45:00,01F0928N,01F0880N,31,164,30,01F0928N>01F0880N,20260902,45,164,164.66666666666666,163,48,161.33333333333334,164,160.83333333333334,2026-09-02 03:50:00,2026-09-02 04:05:00,15
2026-09-02 03:50:00,01F0928N,01F0880N,31,163,31,01F0928N>01F0880N,20260902,46,163,162.0,162,49,160.66666666666666,163,161.41666666666666,2026-09-02 03:55:00,2026-09-02 04:10:00,15
2026-09-02 03:55:00,01F0928N,01F0880N,31,163,29,01F0928N>01F0880N,20260902,47,163,159.66666666666666,166,50,162.0,163,164.5,2026-09-02 04:00:00,2026-09-02 04:15:00,15
2026-09-02 04:00:00,01F0928N,01F0880N,31,163,25,01F0928N>01F0880N,20260902,48,163,161.33333333333334,161,51,161.0,163,162.25,2026-09-02 04:05:00,2026-09-02 04:20:00,15
2026-09-02 04:05:00,01F0928N,01F0880N,31,162,27,01F0928N>01F0880N,20260902,49,162,160.66666666666666,163,52,162.66666666666666,162,163.66666666666666,2026-09-02 04:10:00,2026-09-02 04:25:00,15
2026-09-02 04:10:00,01F0928N,01F0880N,31,166,34,01F0928N>01F0880N,20260902,50,166,162.0,164,53,163.66666666666666,166,166.66666666666666,2026-09-02 04:15:00,2026-09-02 04:30:00,15
2026-09-02 04:15:00,01F0928N,01F0880N,31,161,35,01F0928N>01F0880N,20260902,51,161,161.0,164,54,162.33333333333334,161,162.33333333333334,2026-09-02 04:20:00,2026-09-02 04:35:00,15
2026-09-02 04:20:00,01F0928N,01F0880N,31,163,38,01F0928N>01F0880N,20260902,52,163,162.66666666666666,161,55,161.66666666666666,163,161.91666666666666,2026-09-02 04:25:00,2026-09-02 04:40:00,15
2026-09-02 04:25:00,01F0928N,01F0880N,31,164,33,01F0928N>01F0880N,20260902,53,164,163.66666666666666,163,56,165.66666666666666,164,165.91666666666666,2026-09-02 04:30:00,2026-09-02 04:45:00,15
2026-09-02 04:30:00,01F0928N,01F0880N,31,164,27,01F0928N>01F0880N,20260902,54,164,162.33333333333334,165,57,163.0,164,164.25,2026-09-02 04:35:00,2026-09-02 04:50:00,15
2026-09-02 04:35:00,01F0928N,01F0880N,31,161,33,01F0928N>01F0880N,20260902,55,161,161.66666666666666,164,58,162.66666666666666,161,162.16666666666666,2026-09-02 04:40:00,2026-09-02 04:55:00,15
2026-09-02 04:40:00,01F0928N,01F0880N,31,163,37,01F0928N>01F0880N,20260902,56,163,165.66666666666666,163,59,162.66666666666666,163,160.66666666666666,2026-09-02 04:45:00,2026-09-02 05:00:00,15
2026-09-02 04:45:00,01F0928N,01F0880N,31,165,38,01F0928N>01F0880N,20260902,57,165,163.0,165,60,162.33333333333334,165,163.83333333333334,2026-09-02 04:50:00,2026-09-02 05:05:00,15
2026-09-02 04:50:00,01F0928N,01F0880N,31,164,29,01F0928N>01F0880N,20260902,58,164,162.66666666666666,166,61,164.0,164,165.0,2026-09-02 04:55:00,2026-09-02 05:10:00,15
2026-09-02 04:55:00,01F0928N,01F0880N,31,163,43,01F0928N>01F0880N,20260902,59,163,162.66666666666666,165,62,160.66666666666666,163,160.91666666666666,2026-09-02 05:00:00,2026-09-02 05:15:00,15
2026-09-02 05:00:00,01F0928N,01F0880N,31,165,36,01F0928N>01F0880N,20260902,60,165,162.33333333333334,159,63,162.66666666666666,165,164.66666666666666,2026-09-02 05:05:00,2026-09-02 05:20:00,15
2026-09-02 05:05:00,01F0928N,01F0880N,31,166,31,01F0928N>01F0880N,20260902,61,166,164.0,163,64,161.0,166,162.5,2026-09-02 05:10:00,2026-09-02 05:25:00,15
2026-09-02 05:10:00,01F0928N,01F0880N,31,165,34,01F0928N>01F0880N,20260902,62,165,160.66666666666666,163,65,162.0,165,165.25,2026-09-02 05:15:00,2026-09-02 05:30:00,15
2026-09-02 05:15:00,01F0928N,01F0880N,31,159,34,01F0928N>01F0880N,20260902,63,159,162.66666666666666,163,66,163.0,159,160.25,2026-09-02 05:20:00,2026-09-02 05:35:00,15
2026-09-02 05:20:00,01F0928N,01F0880N,31,163,52,01F0928N>01F0880N,20260902,64,163,161.0,161,67,159.66666666666666,163,161.16666666666666,2026-09-02 05:25:00,2026-09-02 05:40:00,15
2026-09-02 05:25:00,01F0928N,01F0880N,31,163,51,01F0928N>01F0880N,20260902,65,163,162.0,162,68,160.33333333333334,163,161.08333333333334,2026-09-02 05:30:00,2026-09-02 05:45:00,15
2026-09-02 05:30:00,01F0928N,01F0880N,31,163,41,01F0928N>01F0880N,20260902,66,163,163.0,162,69,160.66666666666666,163,160.66666666666666,2026-09-02 05:35:00,2026-09-02 05:50:00,15
2026-09-02 05:35:00,01F0928N,01F0880N,31,161,46,01F0928N>01F0880N,20260902,67,161,159.66666666666666,161,70,161.66666666666666,161,162.66666666666666,2026-09-02 05:40:00,2026-09-02 05:55:00,15
2026-09-02 05:40:00,01F0928N,01F0880N,31,162,72,01F0928N>01F0880N,20260902,68,162,160.33333333333334,162,71,162.0,162,163.25,2026-09-02 05:45:00,2026-09-02 06:00:00,15
2026-09-02 05:45:00,01F0928N,01F0880N,31,162,61,01F0928N>01F0880N,20260902,69,162,160.66666666666666,167,72,160.33333333333334,162,161.33333333333334,2026-09-02 05:50:00,2026-09-02 06:05:00,15
2026-09-02 05:50:00,01F0928N,01F0880N,31,161,51,01F0928N>01F0880N,20260902,70,161,161.66666666666666,164,73,162.33333333333334,161,161.83333333333334,2026-09-02 05:55:00,2026-09-02 06:10:00,15
2026-09-02 05:55:00,01F0928N,01F0880N,31,162,71,01F0928N>01F0880N,20260902,71,162,162.0,160,74,163.0,162,163.0,2026-09-02 06:00:00,2026-09-02 06:15:00,15
2026-09-02 06:00:00,01F0928N,01F0880N,31,167,83,01F0928N>01F0880N,20260902,72,167,160.33333333333334,165,75,166.33333333333334,167,171.33333333333334,2026-09-02 06:05:00,2026-09-02 06:20:00,15
2026-09-02 06:05:00,01F0928N,01F0880N,31,164,77,01F0928N>01F0880N,20260902,73,164,162.33333333333334,170,76,166.0,164,167.25,2026-09-02 06:10:00,2026-09-02 06:25:00,15
2026-09-02 06:10:00,01F0928N,01F0880N,31,160,88,01F0928N>01F0880N,20260902,74,160,163.0,173,77,167.33333333333334,160,165.08333333333334,2026-09-02 06:15:00,2026-09-02 06:30:00,15
2026-09-02 06:15:00,01F0928N,01F0880N,31,165,123,01F0928N>01F0880N,20260902,75,165,166.33333333333334,172,78,168.66666666666666,165,167.66666666666666,2026-09-02 06:20:00,2026-09-02 06:35:00,15
2026-09-02 06:20:00,01F0928N,01F0880N,31,170,134,01F0928N>01F0880N,20260902,76,170,166.0,168,79,168.33333333333334,170,171.33333333333334,2026-09-02 06:25:00,2026-09-02 06:40:00,15
2026-09-02 06:25:00,01F0928N,01F0880N,31,173,129,01F0928N>01F0880N,20260902,77,173,167.33333333333334,174,80,170.0,173,174.25,2026-09-02 06:30:00,2026-09-02 06:45:00,15
2026-09-02 06:30:00,01F0928N,01F0880N,31,172,152,01F0928N>01F0880N,20260902,78,172,168.66666666666666,178,81,175.33333333333334,172,177.83333333333334,2026-09-02 06:35:00,2026-09-02 06:50:00,15
2026-09-02 06:35:00,01F0928N,01F0880N,31,168,137,01F0928N>01F0880N,20260902,79,168,168.33333333333334,174,82,178.66666666666666,168,178.41666666666666,2026-09-02 06:40:00,2026-09-02 06:55:00,15
2026-09-02 06:40:00,01F0928N,01F0880N,31,174,155,01F0928N>01F0880N,20260902,80,174,170.0,180,83,181.66666666666666,174,184.66666666666666,2026-09-02 06:45:00,2026-09-02 07:00:00,15
2026-09-02 06:45:00,01F0928N,01F0880N,31,178,178,01F0928N>01F0880N,20260902,81,178,175.33333333333334,186,84,182.33333333333334,178,184.33333333333334,2026-09-02 06:50:00,2026-09-02 07:05:00,15
2026-09-02 06:50:00,01F0928N,01F0880N,31,174,183,01F0928N>01F0880N,20260902,82,174,178.66666666666666,186,85,187.0,174,183.5,2026-09-02 06:55:00,2026-09-02 07:10:00,15
2026-09-02 06:55:00,01F0928N,01F0880N,31,180,180,01F0928N>01F0880N,20260902,83,180,181.66666666666666,190,86,191.33333333333334,180,190.08333333333334,2026-09-02 07:00:00,2026-09-02 07:15:00,15
2026-09-02 07:00:00,01F0928N,01F0880N,31,186,205,01F0928N>01F0880N,20260902,84,186,182.33333333333334,187,87,184.0,186,186.75,2026-09-02 07:05:00,2026-09-02 07:20:00,15
2026-09-02 07:05:00,01F0928N,01F0880N,31,186,196,01F0928N>01F0880N,20260902,85,186,187.0,196,88,184.66666666666666,186,183.91666666666666,2026-09-02 07:10:00,2026-09-02 07:25:00,15
2026-09-02 07:10:00,01F0928N,01F0880N,31,190,216,01F0928N>01F0880N,20260902,86,190,191.33333333333334,210,89,193.0,190,192.0,2026-09-02 07:15:00,2026-09-02 07:30:00,15
2026-09-02 07:15:00,01F0928N,01F0880N,31,187,202,01F0928N>01F0880N,20260902,87,187,184.0,194,90,188.0,187,190.25,2026-09-02 07:20:00,2026-09-02 07:35:00,15
2026-09-02 07:20:00,01F0928N,01F0880N,31,196,214,01F0928N>01F0880N,20260902,88,196,184.66666666666666,181,91,185.0,196,193.5,2026-09-02 07:25:00,2026-09-02 07:40:00,15
2026-09-02 07:25:00,01F0928N,01F0880N,31,210,217,01F0928N>01F0880N,20260902,89,210,193.0,179,92,188.0,210,200.75,2026-09-02 07:30:00,2026-09-02 07:45:00,15
2026-09-02 07:30:00,01F0928N,01F0880N,31,194,230,01F0928N>01F0880N,20260902,90,194,188.0,204,93,184.0,194,188.5,2026-09-02 07:35:00,2026-09-02 07:50:00,15
2026-09-02 07:35:00,01F0928N,01F0880N,31,181,201,01F0928N>01F0880N,20260902,91,181,185.0,189,94,192.33333333333334,181,189.33333333333334,2026-09-02 07:40:00,2026-09-02 07:55:00,15
2026-09-02 07:40:00,01F0928N,01F0880N,31,179,200,01F0928N>01F0880N,20260902,92,179,188.0,188,95,200.0,179,193.25,2026-09-02 07:45:00,2026-09-02 08:00:00,15
2026-09-02 07:45:00,01F0928N,01F0880N,31,204,222,01F0928N>01F0880N,20260902,93,204,184.0,186,96,198.0,204,213.0,2026-09-02 07:50:00,2026-09-02 08:05:00,15
2026-09-02 07:50:00,01F0928N,01F0880N,31,189,173,01F0928N>01F0880N,20260902,94,189,192.33333333333334,185,97,203.33333333333334,189,200.83333333333334,2026-09-02 07:55:00,2026-09-02 08:10:00,15
2026-09-02 07:55:00,01F0928N,01F0880N,31,188,179,01F0928N>01F0880N,20260902,95,188,200.0,190,98,199.66666666666666,188,190.66666666666666,2026-09-02 08:00:00,2026-09-02 08:15:00,15
2026-09-02 08:00:00,01F0928N,01F0880N,31,186,195,01F0928N>01F0880N,20260902,96,186,198.0,192,99,207.33333333333334,186,198.33333333333334,2026-09-02 08:05:00,2026-09-02 08:20:00,15
2026-09-02 08:05:00,01F0928N,01F0880N,31,185,148,01F0928N>01F0880N,20260902,97,185,203.33333333333334,178,100,204.0,185,190.25,2026-09-02 08:10:00,2026-09-02 08:25:00,15
2026-09-02 08:10:00,01F0928N,01F0880N,31,190,163,01F0928N>01F0880N,20260902,98,190,199.66666666666666,187,101,202.0,190,194.75,2026-09-02 08:15:00,2026-09-02 08:30:00,15
2026-09-02 08:15:00,01F0928N,01F0880N,31,192,186,01F0928N>01F0880N,20260902,99,192,207.33333333333334,187,102,204.33333333333334,192,192.83333333333334,2026-09-02 08:20:00,2026-09-02 08:35:00,15
2026-09-02 08:20:00,01F0928N,01F0880N,31,178,170,01F0928N>01F0880N,20260902,100,178,204.0,186,103,199.66666666666666,178,180.16666666666666,2026-09-02 08:25:00,2026-09-02 08:40:00,15
2026-09-02 08:25:00,01F0928N,01F0880N,31,187,167,01F0928N>01F0880N,20260902,101,187,202.0,207,104,191.66666666666666,187,180.41666666666666,2026-09-02 08:30:00,2026-09-02 08:45:00,15
2026-09-02 08:30:00,01F0928N,01F0880N,31,187,144,01F0928N>01F0880N,20260902,102,187,204.33333333333334,223,105,202.0,187,189.0,2026-09-02 08:35:00,2026-09-02 08:50:00,15
2026-09-02 08:35:00,01F0928N,01F0880N,31,186,148,01F0928N>01F0880N,20260902,103,186,199.66666666666666,235,106,218.0,186,207.75,2026-09-02 08:40:00,2026-09-02 08:55:00,15
2026-09-02 08:40:00,01F0928N,01F0880N,31,207,162,01F0928N>01F0880N,20260902,104,207,191.66666666666666,263,107,224.66666666666666,207,236.16666666666666,2026-09-02 08:45:00,2026-09-02 09:00:00,15
2026-09-02 08:45:00,01F0928N,01F0880N,31,223,166,01F0928N>01F0880N,20260902,105,223,202.0,239,108,229.66666666666666,223,245.41666666666666,2026-09-02 08:50:00,2026-09-02 09:05:00,15
2026-09-02 08:50:00,01F0928N,01F0880N,31,235,161,01F0928N>01F0880N,20260902,106,235,218.0,247,109,236.66666666666666,235,249.41666666666666,2026-09-02 08:55:00,2026-09-02 09:10:00,15
2026-09-02 08:55:00,01F0928N,01F0880N,31,263,161,01F0928N>01F0880N,20260902,107,263,224.66666666666666,281,110,224.66666666666666,263,253.41666666666666,2026-09-02 09:00:00,2026-09-02 09:15:00,15
2026-09-02 09:00:00,01F0928N,01F0880N,31,239,189,01F0928N>01F0880N,20260902,108,239,229.66666666666666,292,111,214.66666666666666,239,221.66666666666666,2026-09-02 09:05:00,2026-09-02 09:20:00,15
2026-09-02 09:05:00,01F0928N,01F0880N,31,247,147,01F0928N>01F0880N,20260902,109,247,236.66666666666666,280,112,208.0,247,215.75,2026-09-02 09:10:00,2026-09-02 09:25:00,15
2026-09-02 09:10:00,01F0928N,01F0880N,31,281,157,01F0928N>01F0880N,20260902,110,281,224.66666666666666,255,113,206.0,281,248.25,2026-09-02 09:15:00,2026-09-02 09:30:00,15
2026-09-02 09:15:00,01F0928N,01F0880N,31,292,160,01F0928N>01F0880N,20260902,111,292,214.66666666666666,240,114,201.0,292,259.0,2026-09-02 09:20:00,2026-09-02 09:35:00,15
2026-09-02 09:20:00,01F0928N,01F0880N,31,280,170,01F0928N>01F0880N,20260902,112,280,208.0,227,115,196.33333333333334,280,250.33333333333334,2026-09-02 09:25:00,2026-09-02 09:40:00,15
2026-09-02 09:25:00,01F0928N,01F0880N,31,255,201,01F0928N>01F0880N,20260902,113,255,206.0,262,116,193.66666666666666,255,230.41666666666666,2026-09-02 09:30:00,2026-09-02 09:45:00,15
2026-09-02 09:30:00,01F0928N,01F0880N,31,240,207,01F0928N>01F0880N,20260902,114,240,201.0,297,117,195.0,240,224.25,2026-09-02 09:35:00,2026-09-02 09:50:00,15
2026-09-02 09:35:00,01F0928N,01F0880N,31,227,176,01F0928N>01F0880N,20260902,115,227,196.33333333333334,336,118,188.33333333333334,227,211.33333333333334,2026-09-02 09:40:00,2026-09-02 09:55:00,15
2026-09-02 09:40:00,01F0928N,01F0880N,31,262,145,01F0928N>01F0880N,20260902,116,262,193.66666666666666,356,119,179.66666666666666,262,230.91666666666666,2026-09-02 09:45:00,2026-09-02 10:00:00,15
2026-09-02 09:45:00,01F0928N,01F0880N,31,297,191,01F0928N>01F0880N,20260902,117,297,195.0,359,120,183.66666666666666,297,260.16666666666663,2026-09-02 09:50:00,2026-09-02 10:05:00,15
2026-09-02 09:50:00,01F0928N,01F0880N,31,336,168,01F0928N>01F0880N,20260902,118,336,188.33333333333334,373,121,185.0,336,295.75,2026-09-02 09:55:00,2026-09-02 10:10:00,15
2026-09-02 09:55:00,01F0928N,01F0880N,31,356,165,01F0928N>01F0880N,20260902,119,356,179.66666666666666,355,122,184.66666666666666,356,316.91666666666663,2026-09-02 10:00:00,2026-09-02 10:15:00,15
2026-09-02 10:00:00,01F0928N,01F0880N,31,359,182,01F0928N>01F0880N,20260902,120,359,183.66666666666666,311,123,188.33333333333334,359,319.83333333333337,2026-09-02 10:05:00,2026-09-02 10:20:00,15
2026-09-02 10:05:00,01F0928N,01F0880N,31,373,171,01F0928N>01F0880N,20260902,121,373,185.0,211,124,187.66666666666666,373,328.66666666666663,2026-09-02 10:10:00,2026-09-02 10:25:00,15
2026-09-02 10:10:00,01F0928N,01F0880N,31,355,147,01F0928N>01F0880N,20260902,122,355,184.66666666666666,200,125,186.33333333333334,355,314.08333333333337,2026-09-02 10:15:00,2026-09-02 10:30:00,15
2026-09-02 10:15:00,01F0928N,01F0880N,31,311,162,01F0928N>01F0880N,20260902,123,311,188.33333333333334,198,126,187.0,311,279.0,2026-09-02 10:20:00,2026-09-02 10:35:00,15
2026-09-02 10:20:00,01F0928N,01F0880N,31,211,173,01F0928N>01F0880N,20260902,124,211,187.66666666666666,200,127,185.66666666666666,211,203.16666666666666,2026-09-02 10:25:00,2026-09-02 10:40:00,15
2026-09-02 10:25:00,01F0928N,01F0880N,31,200,167,01F0928N>01F0880N,20260902,125,200,186.33333333333334,193,128,187.66666666666666,200,197.91666666666666,2026-09-02 10:30:00,2026-09-02 10:45:00,15
2026-09-02 10:30:00,01F0928N,01F0880N,31,198,140,01F0928N>01F0880N,20260902,126,198,187.0,184,129,182.66666666666666,198,190.91666666666666,2026-09-02 10:35:00,2026-09-02 10:50:00,15
2026-09-02 10:35:00,01F0928N,01F0880N,31,200,175,01F0928N>01F0880N,20260902,127,200,185.66666666666666,175,130,184.66666666666666,200,195.41666666666666,2026-09-02 10:40:00,2026-09-02 10:55:00,15
2026-09-02 10:40:00,01F0928N,01F0880N,31,193,159,01F0928N>01F0880N,20260902,128,193,187.66666666666666,183,131,189.33333333333334,193,193.33333333333334,2026-09-02 10:45:00,2026-09-02 11:00:00,15
2026-09-02 10:45:00,01F0928N,01F0880N,31,184,142,01F0928N>01F0880N,20260902,129,184,182.66666666666666,175,132,193.66666666666666,184,194.66666666666666,2026-09-02 10:50:00,2026-09-02 11:05:00,15
2026-09-02 10:50:00,01F0928N,01F0880N,31,175,132,01F0928N>01F0880N,20260902,130,175,184.66666666666666,174,133,188.33333333333334,175,181.08333333333334,2026-09-02 10:55:00,2026-09-02 11:10:00,15
2026-09-02 10:55:00,01F0928N,01F0880N,31,183,156,01F0928N>01F0880N,20260902,131,183,189.33333333333334,179,134,181.33333333333334,183,176.58333333333334,2026-09-02 11:00:00,2026-09-02 11:15:00,15
2026-09-02 11:00:00,01F0928N,01F0880N,31,175,142,01F0928N>01F0880N,20260902,132,175,193.66666666666666,185,135,186.66666666666666,175,172.66666666666666,2026-09-02 11:05:00,2026-09-02 11:20:00,15
2026-09-02 11:05:00,01F0928N,01F0880N,31,174,144,01F0928N>01F0880N,20260902,133,174,188.33333333333334,180,136,183.33333333333334,174,172.58333333333334,2026-09-02 11:10:00,2026-09-02 11:25:00,15
2026-09-02 11:10:00,01F0928N,01F0880N,31,179,128,01F0928N>01F0880N,20260902,134,179,181.33333333333334,174,137,181.66666666666666,179,179.91666666666666,2026-09-02 11:15:00,2026-09-02 11:30:00,15
2026-09-02 11:15:00,01F0928N,01F0880N,31,185,152,01F0928N>01F0880N,20260902,135,185,186.66666666666666,172,138,182.66666666666666,185,181.41666666666666,2026-09-02 11:20:00,2026-09-02 11:35:00,15
2026-09-02 11:20:00,01F0928N,01F0880N,31,180,140,01F0928N>01F0880N,20260902,136,180,183.33333333333334,192,139,181.66666666666666,180,179.16666666666666,2026-09-02 11:25:00,2026-09-02 11:40:00,15
2026-09-02 11:25:00,01F0928N,01F0880N,31,174,169,01F0928N>01F0880N,20260902,137,174,181.66666666666666,181,140,186.0,174,180.25,2026-09-02 11:30:00,2026-09-02 11:45:00,15
2026-09-02 11:30:00,01F0928N,01F0880N,31,172,123,01F0928N>01F0880N,20260902,138,172,182.66666666666666,194,141,184.66666666666666,172,176.66666666666666,2026-09-02 11:35:00,2026-09-02 11:50:00,15
2026-09-02 11:35:00,01F0928N,01F0880N,31,192,163,01F0928N>01F0880N,20260902,139,192,181.66666666666666,199,142,178.33333333333334,192,186.08333333333334,2026-09-02 11:40:00,2026-09-02 11:55:00,15
2026-09-02 11:40:00,01F0928N,01F0880N,31,181,146,01F0928N>01F0880N,20260902,140,181,186.0,174,143,185.0,181,181.25,2026-09-02 11:45:00,2026-09-02 12:00:00,15
2026-09-02 11:45:00,01F0928N,01F0880N,31,194,157,01F0928N>01F0880N,20260902,141,194,184.66666666666666,177,144,181.33333333333334,194,188.33333333333334,2026-09-02 11:50:00,2026-09-02 12:05:00,15
2026-09-02 11:50:00,01F0928N,01F0880N,31,199,166,01F0928N>01F0880N,20260902,142,199,178.33333333333334,176,145,181.66666666666666,199,197.16666666666666,2026-09-02 11:55:00,2026-09-02 12:10:00,15
2026-09-02 11:55:00,01F0928N,01F0880N,31,174,134,01F0928N>01F0880N,20260902,143,174,185.0,180,146,181.66666666666666,174,173.41666666666666,2026-09-02 12:00:00,2026-09-02 12:15:00,15
2026-09-02 12:00:00,01F0928N,01F0880N,31,177,128,01F0928N>01F0880N,20260902,144,177,181.33333333333334,181,147,182.33333333333334,177,179.08333333333334,2026-09-02 12:05:00,2026-09-02 12:20:00,15
2026-09-02 12:05:00,01F0928N,01F0880N,31,176,169,01F0928N>01F0880N,20260902,145,176,181.66666666666666,178,148,188.0,176,183.75,2026-09-02 12:10:00,2026-09-02 12:25:00,15
2026-09-02 12:10:00,01F0928N,01F0880N,31,180,168,01F0928N>01F0880N,20260902,146,180,181.66666666666666,182,149,188.0,180,186.75,2026-09-02 12:15:00,2026-09-02 12:30:00,15
2026-09-02 12:15:00,01F0928N,01F0880N,31,181,151,01F0928N>01F0880N,20260902,147,181,182.33333333333334,176,150,190.66666666666666,181,189.66666666666666,2026-09-02 12:20:00,2026-09-02 12:35:00,15
2026-09-02 12:20:00,01F0928N,01F0880N,31,178,159,01F0928N>01F0880N,20260902,148,178,188.0,188,151,191.66666666666666,178,184.16666666666666,2026-09-02 12:25:00,2026-09-02 12:40:00,15
2026-09-02 12:25:00,01F0928N,01F0880N,31,182,174,01F0928N>01F0880N,20260902,149,182,188.0,183,152,184.33333333333334,182,179.83333333333334,2026-09-02 12:30:00,2026-09-02 12:45:00,15
2026-09-02 12:30:00,01F0928N,01F0880N,31,176,183,01F0928N>01F0880N,20260902,150,176,190.66666666666666,178,153,184.33333333333334,176,173.33333333333334,2026-09-02 12:35:00,2026-09-02 12:50:00,15
2026-09-02 12:35:00,01F0928N,01F0880N,31,188,160,01F0928N>01F0880N,20260902,151,188,191.66666666666666,175,154,178.66666666666666,188,175.91666666666666,2026-09-02 12:40:00,2026-09-02 12:55:00,15
2026-09-02 12:40:00,01F0928N,01F0880N,31,183,153,01F0928N>01F0880N,20260902,152,183,184.33333333333334,176,155,183.0,183,182.0,2026-09-02 12:45:00,2026-09-02 13:00:00,15
2026-09-02 12:45:00,01F0928N,01F0880N,31,178,158,01F0928N>01F0880N,20260902,153,178,184.33333333333334,182,156,181.33333333333334,178,176.58333333333334,2026-09-02 12:50:00,2026-09-02 13:05:00,15
2026-09-02 12:50:00,01F0928N,01F0880N,31,175,163,01F0928N>01F0880N,20260902,154,175,178.66666666666666,175,157,186.0,175,183.25,2026-09-02 12:55:00,2026-09-02 13:10:00,15
2026-09-02 12:55:00,01F0928N,01F0880N,31,176,138,01F0928N>01F0880N,20260902,155,176,183.0,182,158,185.33333333333334,176,180.08333333333334,2026-09-02 13:00:00,2026-09-02 13:15:00,15
2026-09-02 13:00:00,01F0928N,01F0880N,31,182,134,01F0928N>01F0880N,20260902,156,182,181.33333333333334,176,159,186.0,182,186.5,2026-09-02 13:05:00,2026-09-02 13:20:00,15
2026-09-02 13:05:00,01F0928N,01F0880N,31,175,162,01F0928N>01F0880N,20260902,157,175,186.0,182,160,190.66666666666666,175,182.41666666666666,2026-09-02 13:10:00,2026-09-02 13:25:00,15
2026-09-02 13:10:00,01F0928N,01F0880N,31,182,132,01F0928N>01F0880N,20260902,158,182,185.33333333333334,182,161,193.33333333333334,182,190.83333333333334,2026-09-02 13:15:00,2026-09-02 13:30:00,15
2026-09-02 13:15:00,01F0928N,01F0880N,31,176,142,01F0928N>01F0880N,20260902,159,176,186.0,180,162,199.33333333333334,176,191.83333333333334,2026-09-02 13:20:00,2026-09-02 13:35:00,15
2026-09-02 13:20:00,01F0928N,01F0880N,31,182,170,01F0928N>01F0880N,20260902,160,182,190.66666666666666,188,163,197.33333333333334,182,190.83333333333334,2026-09-02 13:25:00,2026-09-02 13:40:00,15
2026-09-02 13:25:00,01F0928N,01F0880N,31,182,153,01F0928N>01F0880N,20260902,161,182,193.33333333333334,190,164,200.66666666666666,182,192.16666666666666,2026-09-02 13:30:00,2026-09-02 13:45:00,15
2026-09-02 13:30:00,01F0928N,01F0880N,31,180,148,01F0928N>01F0880N,20260902,162,180,199.33333333333334,185,165,193.0,180,178.5,2026-09-02 13:35:00,2026-09-02 13:50:00,15
2026-09-02 13:35:00,01F0928N,01F0880N,31,188,172,01F0928N>01F0880N,20260902,163,188,197.33333333333334,183,166,196.33333333333334,188,189.33333333333334,2026-09-02 13:40:00,2026-09-02 13:55:00,15
2026-09-02 13:40:00,01F0928N,01F0880N,31,190,170,01F0928N>01F0880N,20260902,164,190,200.66666666666666,181,167,194.66666666666666,190,186.66666666666666,2026-09-02 13:45:00,2026-09-02 14:00:00,15
2026-09-02 13:45:00,01F0928N,01F0880N,31,185,159,01F0928N>01F0880N,20260902,165,185,193.0,185,168,194.0,185,188.0,2026-09-02 13:50:00,2026-09-02 14:05:00,15
2026-09-02 13:50:00,01F0928N,01F0880N,31,183,171,01F0928N>01F0880N,20260902,166,183,196.33333333333334,184,169,202.33333333333334,183,192.33333333333334,2026-09-02 13:55:00,2026-09-02 14:10:00,15
2026-09-02 13:55:00,01F0928N,01F0880N,31,181,183,01F0928N>01F0880N,20260902,167,181,194.66666666666666,194,170,198.0,181,187.75,2026-09-02 14:00:00,2026-09-02 14:15:00,15
2026-09-02 14:00:00,01F0928N,01F0880N,31,185,148,01F0928N>01F0880N,20260902,168,185,194.0,190,171,193.33333333333334,185,186.58333333333334,2026-09-02 14:05:00,2026-09-02 14:20:00,15
2026-09-02 14:05:00,01F0928N,01F0880N,31,184,148,01F0928N>01F0880N,20260902,169,184,202.33333333333334,178,172,190.66666666666666,184,176.91666666666666,2026-09-02 14:10:00,2026-09-02 14:25:00,15
2026-09-02 14:10:00,01F0928N,01F0880N,31,194,178,01F0928N>01F0880N,20260902,170,194,198.0,183,173,197.66666666666666,194,194.66666666666666,2026-09-02 14:15:00,2026-09-02 14:30:00,15
2026-09-02 14:15:00,01F0928N,01F0880N,31,190,157,01F0928N>01F0880N,20260902,171,190,193.33333333333334,190,174,200.0,190,197.5,2026-09-02 14:20:00,2026-09-02 14:35:00,15
2026-09-02 14:20:00,01F0928N,01F0880N,31,178,151,01F0928N>01F0880N,20260902,172,178,190.66666666666666,187,175,194.0,178,184.5,2026-09-02 14:25:00,2026-09-02 14:40:00,15
2026-09-02 14:25:00,01F0928N,01F0880N,31,183,160,01F0928N>01F0880N,20260902,173,183,197.66666666666666,185,176,203.33333333333334,183,192.33333333333334,2026-09-02 14:30:00,2026-09-02 14:45:00,15
2026-09-02 14:30:00,01F0928N,01F0880N,31,190,174,01F0928N>01F0880N,20260902,174,190,200.0,184,177,202.0,190,194.5,2026-09-02 14:35:00,2026-09-02 14:50:00,15
2026-09-02 14:35:00,01F0928N,01F0880N,31,187,169,01F0928N>01F0880N,20260902,175,187,194.0,199,178,205.0,187,199.75,2026-09-02 14:40:00,2026-09-02 14:55:00,15
2026-09-02 14:40:00,01F0928N,01F0880N,31,185,167,01F0928N>01F0880N,20260902,176,185,203.33333333333334,194,179,210.0,185,196.25,2026-09-02 14:45:00,2026-09-02 15:00:00,15
2026-09-02 14:45:00,01F0928N,01F0880N,31,184,161,01F0928N>01F0880N,20260902,177,184,202.0,188,180,207.66666666666666,184,194.16666666666666,2026-09-02 14:50:00,2026-09-02 15:05:00,15
2026-09-02 14:50:00,01F0928N,01F0880N,31,199,185,01F0928N>01F0880N,20260902,178,199,205.0,201,181,205.33333333333334,199,200.83333333333334,2026-09-02 14:55:00,2026-09-02 15:10:00,15
2026-09-02 14:55:00,01F0928N,01F0880N,31,194,181,01F0928N>01F0880N,20260902,179,194,210.0,195,182,206.0,194,194.0,2026-09-02 15:00:00,2026-09-02 15:15:00,15
2026-09-02 15:00:00,01F0928N,01F0880N,31,188,159,01F0928N>01F0880N,20260902,180,188,207.66666666666666,195,183,206.0,188,191.25,2026-09-02 15:05:00,2026-09-02 15:20:00,15
2026-09-02 15:05:00,01F0928N,01F0880N,31,201,209,01F0928N>01F0880N,20260902,181,201,205.33333333333334,192,184,202.66666666666666,201,199.41666666666666,2026-09-02 15:10:00,2026-09-02 15:25:00,15
2026-09-02 15:10:00,01F0928N,01F0880N,31,195,200,01F0928N>01F0880N,20260902,182,195,206.0,195,185,203.66666666666666,195,195.41666666666666,2026-09-02 15:15:00,2026-09-02 15:30:00,15
2026-09-02 15:15:00,01F0928N,01F0880N,31,195,191,01F0928N>01F0880N,20260902,183,195,206.0,192,186,193.66666666666666,195,185.41666666666666,2026-09-02 15:20:00,2026-09-02 15:35:00,15
2026-09-02 15:20:00,01F0928N,01F0880N,31,192,199,01F0928N>01F0880N,20260902,184,192,202.66666666666666,197,187,192.66666666666666,192,184.66666666666666,2026-09-02 15:25:00,2026-09-02 15:40:00,15
2026-09-02 15:25:00,01F0928N,01F0880N,31,195,193,01F0928N>01F0880N,20260902,185,195,203.66666666666666,185,188,201.66666666666666,195,195.16666666666666,2026-09-02 15:30:00,2026-09-02 15:45:00,15
2026-09-02 15:30:00,01F0928N,01F0880N,31,192,176,01F0928N>01F0880N,20260902,186,192,193.66666666666666,185,189,206.66666666666666,192,205.41666666666666,2026-09-02 15:35:00,2026-09-02 15:50:00,15
2026-09-02 15:35:00,01F0928N,01F0880N,31,197,208,01F0928N>01F0880N,20260902,187,197,192.66666666666666,197,190,211.33333333333334,197,214.58333333333334,2026-09-02 15:40:00,2026-09-02 15:55:00,15
2026-09-02 15:40:00,01F0928N,01F0880N,31,185,195,01F0928N>01F0880N,20260902,188,185,201.66666666666666,195,191,212.66666666666666,185,200.16666666666666,2026-09-02 15:45:00,2026-09-02 16:00:00,15
2026-09-02 15:45:00,01F0928N,01F0880N,31,185,177,01F0928N>01F0880N,20260902,189,185,206.66666666666666,197,192,208.33333333333334,185,192.08333333333334,2026-09-02 15:50:00,2026-09-02 16:05:00,15
2026-09-02 15:50:00,01F0928N,01F0880N,31,197,194,01F0928N>01F0880N,20260902,190,197,211.33333333333334,201,193,204.33333333333334,197,193.58333333333334,2026-09-02 15:55:00,2026-09-02 16:10:00,15
2026-09-02 15:55:00,01F0928N,01F0880N,31,195,218,01F0928N>01F0880N,20260902,191,195,212.66666666666666,193,194,211.33333333333334,195,198.08333333333334,2026-09-02 16:00:00,2026-09-02 16:15:00,15
2026-09-02 16:00:00,01F0928N,01F0880N,31,197,184,01F0928N>01F0880N,20260902,192,197,208.33333333333334,211,195,219.0,197,210.5,2026-09-02 16:05:00,2026-09-02 16:20:00,15
2026-09-02 16:05:00,01F0928N,01F0880N,31,201,253,01F0928N>01F0880N,20260902,193,201,204.33333333333334,200,196,213.0,201,210.5,2026-09-02 16:10:00,2026-09-02 16:25:00,15
2026-09-02 16:10:00,01F0928N,01F0880N,31,193,220,01F0928N>01F0880N,20260902,194,193,211.33333333333334,227,197,211.66666666666666,193,197.91666666666666,2026-09-02 16:15:00,2026-09-02 16:30:00,15
2026-09-02 16:15:00,01F0928N,01F0880N,31,211,216,01F0928N>01F0880N,20260902,195,211,219.0,205,198,219.0,211,213.0,2026-09-02 16:20:00,2026-09-02 16:35:00,15
2026-09-02 16:20:00,01F0928N,01F0880N,31,200,213,01F0928N>01F0880N,20260902,196,200,213.0,207,199,225.0,200,215.25,2026-09-02 16:25:00,2026-09-02 16:40:00,15
2026-09-02 16:25:00,01F0928N,01F0880N,31,227,230,01F0928N>01F0880N,20260902,197,227,211.66666666666666,213,200,218.0,227,229.5,2026-09-02 16:30:00,2026-09-02 16:45:00,15
2026-09-02 16:30:00,01F0928N,01F0880N,31,205,211,01F0928N>01F0880N,20260902,198,205,219.0,196,201,209.0,205,198.5,2026-09-02 16:35:00,2026-09-02 16:50:00,15
2026-09-02 16:35:00,01F0928N,01F0880N,31,207,227,01F0928N>01F0880N,20260902,199,207,225.0,194,202,220.0,207,206.5,2026-09-02 16:40:00,2026-09-02 16:55:00,15
2026-09-02 16:40:00,01F0928N,01F0880N,31,213,246,01F0928N>01F0880N,20260902,200,213,218.0,206,203,220.0,213,216.25,2026-09-02 16:45:00,2026-09-02 17:00:00,15
2026-09-02 16:45:00,01F0928N,01F0880N,31,196,249,01F0928N>01F0880N,20260902,201,196,209.0,199,204,207.66666666666666,196,197.91666666666666,2026-09-02 16:50:00,2026-09-02 17:05:00,15
2026-09-02 16:50:00,01F0928N,01F0880N,31,194,228,01F0928N>01F0880N,20260902,202,194,220.0,208,205,210.0,194,190.5,2026-09-02 16:55:00,2026-09-02 17:10:00,15
2026-09-02 16:55:00,01F0928N,01F0880N,31,206,266,01F0928N>01F0880N,20260902,203,206,220.0,213,206,203.33333333333334,206,192.83333333333334,2026-09-02 17:00:00,2026-09-02 17:15:00,15
2026-09-02 17:00:00,01F0928N,01F0880N,31,199,245,01F0928N>01F0880N,20260902,204,199,207.66666666666666,207,207,202.66666666666666,199,196.16666666666666,2026-09-02 17:05:00,2026-09-02 17:20:00,15
2026-09-02 17:05:00,01F0928N,01F0880N,31,208,215,01F0928N>01F0880N,20260902,205,208,210.0,205,208,205.33333333333334,208,203.83333333333334,2026-09-02 17:10:00,2026-09-02 17:25:00,15
2026-09-02 17:10:00,01F0928N,01F0880N,31,213,238,01F0928N>01F0880N,20260902,206,213,203.33333333333334,200,209,205.66666666666666,213,212.91666666666666,2026-09-02 17:15:00,2026-09-02 17:30:00,15
2026-09-02 17:15:00,01F0928N,01F0880N,31,207,227,01F0928N>01F0880N,20260902,207,207,202.66666666666666,202,210,202.0,207,205.25,2026-09-02 17:20:00,2026-09-02 17:35:00,15
2026-09-02 17:20:00,01F0928N,01F0880N,31,205,238,01F0928N>01F0880N,20260902,208,205,205.33333333333334,207,211,205.0,205,204.75,2026-09-02 17:25:00,2026-09-02 17:40:00,15
2026-09-02 17:25:00,01F0928N,01F0880N,31,200,231,01F0928N>01F0880N,20260902,209,200,205.66666666666666,198,212,204.66666666666666,200,200.41666666666666,2026-09-02 17:30:00,2026-09-02 17:45:00,15
2026-09-02 17:30:00,01F0928N,01F0880N,31,202,208,01F0928N>01F0880N,20260902,210,202,202.0,204,213,202.33333333333334,202,202.33333333333334,2026-09-02 17:35:00,2026-09-02 17:50:00,15
2026-09-02 17:35:00,01F0928N,01F0880N,31,207,239,01F0928N>01F0880N,20260902,211,207,205.0,203,214,208.66666666666666,207,210.16666666666666,2026-09-02 17:40:00,2026-09-02 17:55:00,15
2026-09-02 17:40:00,01F0928N,01F0880N,31,198,224,01F0928N>01F0880N,20260902,212,198,204.66666666666666,197,215,209.33333333333334,198,204.33333333333334,2026-09-02 17:45:00,2026-09-02 18:00:00,15
2026-09-02 17:45:00,01F0928N,01F0880N,31,204,247,01F0928N>01F0880N,20260902,213,204,202.33333333333334,200,216,222.0,204,223.25,2026-09-02 17:50:00,2026-09-02 18:05:00,15
2026-09-02 17:50:00,01F0928N,01F0880N,31,203,244,01F0928N>01F0880N,20260902,214,203,208.66666666666666,220,217,228.0,203,223.75,2026-09-02 17:55:00,2026-09-02 18:10:00,15
2026-09-02 17:55:00,01F0928N,01F0880N,31,197,227,01F0928N>01F0880N,20260902,215,197,209.33333333333334,224,218,222.66666666666666,197,213.41666666666666,2026-09-02 18:00:00,2026-09-02 18:15:00,15
2026-09-02 18:00:00,01F0928N,01F0880N,31,200,194,01F0928N>01F0880N,20260902,216,200,222.0,232,219,215.0,200,198.5,2026-09-02 18:05:00,2026-09-02 18:20:00,15
2026-09-02 18:05:00,01F0928N,01F0880N,31,220,205,01F0928N>01F0880N,20260902,217,220,228.0,234,220,214.66666666666666,220,208.66666666666666,2026-09-02 18:10:00,2026-09-02 18:25:00,15
2026-09-02 18:10:00,01F0928N,01F0880N,31,224,193,01F0928N>01F0880N,20260902,218,224,222.66666666666666,234,221,217.0,224,218.0,2026-09-02 18:15:00,2026-09-02 18:30:00,15
2026-09-02 18:15:00,01F0928N,01F0880N,31,232,220,01F0928N>01F0880N,20260902,219,232,215.0,229,222,215.33333333333334,232,228.08333333333334,2026-09-02 18:20:00,2026-09-02 18:35:00,15
2026-09-02 18:20:00,01F0928N,01F0880N,31,234,198,01F0928N>01F0880N,20260902,220,234,214.66666666666666,224,223,214.33333333333334,234,228.83333333333334,2026-09-02 18:25:00,2026-09-02 18:40:00,15
2026-09-02 18:25:00,01F0928N,01F0880N,31,234,215,01F0928N>01F0880N,20260902,221,234,217.0,217,224,216.0,234,228.75,2026-09-02 18:30:00,2026-09-02 18:45:00,15
2026-09-02 18:30:00,01F0928N,01F0880N,31,229,184,01F0928N>01F0880N,20260902,222,229,215.33333333333334,222,225,218.66666666666666,229,228.91666666666666,2026-09-02 18:35:00,2026-09-02 18:50:00,15
2026-09-02 18:35:00,01F0928N,01F0880N,31,224,206,01F0928N>01F0880N,20260902,223,224,214.33333333333334,220,226,216.66666666666666,224,223.91666666666666,2026-09-02 18:40:00,2026-09-02 18:55:00,15
2026-09-02 18:40:00,01F0928N,01F0880N,31,217,179,01F0928N>01F0880N,20260902,224,217,216.0,208,227,215.66666666666666,217,216.41666666666666,2026-09-02 18:45:00,2026-09-02 19:00:00,15
2026-09-02 18:45:00,01F0928N,01F0880N,31,222,188,01F0928N>01F0880N,20260902,225,222,218.66666666666666,210,228,215.66666666666666,222,218.16666666666666,2026-09-02 18:50:00,2026-09-02 19:05:00,15
2026-09-02 18:50:00,01F0928N,01F0880N,31,220,221,01F0928N>01F0880N,20260902,226,220,216.66666666666666,217,229,209.33333333333334,220,211.83333333333334,2026-09-02 18:55:00,2026-09-02 19:10:00,15
2026-09-02 18:55:00,01F0928N,01F0880N,31,208,190,01F0928N>01F0880N,20260902,227,208,215.66666666666666,222,230,203.33333333333334,208,197.58333333333334,2026-09-02 19:00:00,2026-09-02 19:15:00,15
2026-09-02 19:00:00,01F0928N,01F0880N,31,210,212,01F0928N>01F0880N,20260902,228,210,215.66666666666666,226,231,203.0,210,198.75,2026-09-02 19:05:00,2026-09-02 19:20:00,15
2026-09-02 19:05:00,01F0928N,01F0880N,31,217,196,01F0928N>01F0880N,20260902,229,217,209.33333333333334,225,232,210.0,217,215.75,2026-09-02 19:10:00,2026-09-02 19:25:00,15
2026-09-02 19:10:00,01F0928N,01F0880N,31,222,199,01F0928N>01F0880N,20260902,230,222,203.33333333333334,216,233,203.33333333333334,222,217.33333333333334,2026-09-02 19:15:00,2026-09-02 19:30:00,15
2026-09-02 19:15:00,01F0928N,01F0880N,31,226,185,01F0928N>01F0880N,20260902,231,226,203.0,200,234,200.66666666666666,226,217.91666666666666,2026-09-02 19:20:00,2026-09-02 19:35:00,15
2026-09-02 19:20:00,01F0928N,01F0880N,31,225,210,01F0928N>01F0880N,20260902,232,225,210.0,178,235,203.66666666666666,225,214.91666666666666,2026-09-02 19:25:00,2026-09-02 19:40:00,15
2026-09-02 19:25:00,01F0928N,01F0880N,31,216,201,01F0928N>01F0880N,20260902,233,216,203.33333333333334,180,236,196.33333333333334,216,205.83333333333334,2026-09-02 19:30:00,2026-09-02 19:45:00,15
2026-09-02 19:30:00,01F0928N,01F0880N,31,200,242,01F0928N>01F0880N,20260902,234,200,200.66666666666666,194,237,195.66666666666666,200,195.16666666666666,2026-09-02 19:35:00,2026-09-02 19:50:00,15
2026-09-02 19:35:00,01F0928N,01F0880N,31,178,172,01F0928N>01F0880N,20260902,235,178,203.66666666666666,190,238,197.0,178,177.75,2026-09-02 19:40:00,2026-09-02 19:55:00,15
2026-09-02 19:40:00,01F0928N,01F0880N,31,180,190,01F0928N>01F0880N,20260902,236,180,196.33333333333334,179,239,196.66666666666666,180,184.41666666666666,2026-09-02 19:45:00,2026-09-02 20:00:00,15
2026-09-02 19:45:00,01F0928N,01F0880N,31,194,195,01F0928N>01F0880N,20260902,237,194,195.66666666666666,185,240,190.66666666666666,194,189.41666666666666,2026-09-02 19:50:00,2026-09-02 20:05:00,15
2026-09-02 19:50:00,01F0928N,01F0880N,31,190,215,01F0928N>01F0880N,20260902,238,190,197.0,180,241,187.33333333333334,190,182.08333333333334,2026-09-02 19:55:00,2026-09-02 20:10:00,15
2026-09-02 19:55:00,01F0928N,01F0880N,31,179,191,01F0928N>01F0880N,20260902,239,179,196.66666666666666,178,242,187.33333333333334,179,174.08333333333334,2026-09-02 20:00:00,2026-09-02 20:15:00,15
2026-09-02 20:00:00,01F0928N,01F0880N,31,185,195,01F0928N>01F0880N,20260902,240,185,190.66666666666666,175,243,184.0,185,179.75,2026-09-02 20:05:00,2026-09-02 20:20:00,15
2026-09-02 20:05:00,01F0928N,01F0880N,31,180,164,01F0928N>01F0880N,20260902,241,180,187.33333333333334,179,244,185.66666666666666,180,180.16666666666666,2026-09-02 20:10:00,2026-09-02 20:25:00,15
2026-09-02 20:10:00,01F0928N,01F0880N,31,178,166,01F0928N>01F0880N,20260902,242,178,187.33333333333334,176,245,181.0,178,174.0,2026-09-02 20:15:00,2026-09-02 20:30:00,15
2026-09-02 20:15:00,01F0928N,01F0880N,31,175,158,01F0928N>01F0880N,20260902,243,175,184.0,180,246,180.0,175,173.25,2026-09-02 20:20:00,2026-09-02 20:35:00,15
2026-09-02 20:20:00,01F0928N,01F0880N,31,179,170,01F0928N>01F0880N,20260902,244,179,185.66666666666666,180,247,184.0,179,179.0,2026-09-02 20:25:00,2026-09-02 20:40:00,15
2026-09-02 20:25:00,01F0928N,01F0880N,31,176,152,01F0928N>01F0880N,20260902,245,176,181.0,175,248,178.33333333333334,176,174.58333333333334,2026-09-02 20:30:00,2026-09-02 20:45:00,15
2026-09-02 20:30:00,01F0928N,01F0880N,31,180,138,01F0928N>01F0880N,20260902,246,180,180.0,174,249,179.0,180,179.0,2026-09-02 20:35:00,2026-09-02 20:50:00,15
2026-09-02 20:35:00,01F0928N,01F0880N,31,180,156,01F0928N>01F0880N,20260902,247,180,184.0,174,250,179.33333333333334,180,176.33333333333334,2026-09-02 20:40:00,2026-09-02 20:55:00,15
2026-09-02 20:40:00,01F0928N,01F0880N,31,175,166,01F0928N>01F0880N,20260902,248,175,178.33333333333334,172,251,178.66666666666666,175,176.16666666666666,2026-09-02 20:45:00,2026-09-02 21:00:00,15
2026-09-02 20:45:00,01F0928N,01F0880N,31,174,140,01F0928N>01F0880N,20260902,249,174,179.0,174,252,181.0,174,177.25,2026-09-02 20:50:00,2026-09-02 21:05:00,15
2026-09-02 20:50:00,01F0928N,01F0880N,31,174,140,01F0928N>01F0880N,20260902,250,174,179.33333333333334,168,253,177.33333333333334,174,173.33333333333334,2026-09-02 20:55:00,2026-09-02 21:10:00,15
2026-09-02 20:55:00,01F0928N,01F0880N,31,172,145,01F0928N>01F0880N,20260902,251,172,178.66666666666666,176,254,176.66666666666666,172,171.66666666666666,2026-09-02 21:00:00,2026-09-02 21:15:00,15
2026-09-02 21:00:00,01F0928N,01F0880N,31,174,131,01F0928N>01F0880N,20260902,252,174,181.0,168,255,178.33333333333334,174,173.08333333333334,2026-09-02 21:05:00,2026-09-02 21:20:00,15
2026-09-02 21:05:00,01F0928N,01F0880N,31,168,133,01F0928N>01F0880N,20260902,253,168,177.33333333333334,172,256,180.0,168,173.0,2026-09-02 21:10:00,2026-09-02 21:25:00,15
2026-09-02 21:10:00,01F0928N,01F0880N,31,176,134,01F0928N>01F0880N,20260902,254,176,176.66666666666666,172,257,178.66666666666666,176,178.16666666666666,2026-09-02 21:15:00,2026-09-02 21:30:00,15
2026-09-02 21:15:00,01F0928N,01F0880N,31,168,124,01F0928N>01F0880N,20260902,255,168,178.33333333333334,171,258,176.66666666666666,168,168.91666666666666,2026-09-02 21:20:00,2026-09-02 21:35:00,15
2026-09-02 21:20:00,01F0928N,01F0880N,31,172,138,01F0928N>01F0880N,20260902,256,172,180.0,167,259,173.66666666666666,172,167.66666666666666,2026-09-02 21:25:00,2026-09-02 21:40:00,15
2026-09-02 21:25:00,01F0928N,01F0880N,31,172,148,01F0928N>01F0880N,20260902,257,172,178.66666666666666,169,260,172.0,172,167.0,2026-09-02 21:30:00,2026-09-02 21:45:00,15
2026-09-02 21:30:00,01F0928N,01F0880N,31,171,130,01F0928N>01F0880N,20260902,258,171,176.66666666666666,168,261,174.0,171,169.75,2026-09-02 21:35:00,2026-09-02 21:50:00,15
2026-09-02 21:35:00,01F0928N,01F0880N,31,167,126,01F0928N>01F0880N,20260902,259,167,173.66666666666666,171,262,170.33333333333334,167,165.33333333333334,2026-09-02 21:40:00,2026-09-02 21:55:00,15
2026-09-02 21:40:00,01F0928N,01F0880N,31,169,111,01F0928N>01F0880N,20260902,260,169,172.0,170,263,174.33333333333334,169,172.08333333333334,2026-09-02 21:45:00,2026-09-02 22:00:00,15
2026-09-02 21:45:00,01F0928N,01F0880N,31,168,96,01F0928N>01F0880N,20260902,261,168,174.0,166,264,176.0,168,171.5,2026-09-02 21:50:00,2026-09-02 22:05:00,15
2026-09-02 21:50:00,01F0928N,01F0880N,31,171,149,01F0928N>01F0880N,20260902,262,171,170.33333333333334,169,265,170.0,171,170.5,2026-09-02 21:55:00,2026-09-02 22:10:00,15
2026-09-02 21:55:00,01F0928N,01F0880N,31,170,102,01F0928N>01F0880N,20260902,263,170,174.33333333333334,169,266,170.33333333333334,170,167.08333333333334,2026-09-02 22:00:00,2026-09-02 22:15:00,15
2026-09-02 22:00:00,01F0928N,01F0880N,31,166,96,01F0928N>01F0880N,20260902,264,166,176.0,168,267,168.66666666666666,166,161.16666666666666,2026-09-02 22:05:00,2026-09-02 22:20:00,15
2026-09-02 22:05:00,01F0928N,01F0880N,31,169,96,01F0928N>01F0880N,20260902,265,169,170.0,168,268,172.33333333333334,169,171.58333333333334,2026-09-02 22:10:00,2026-09-02 22:25:00,15
2026-09-02 22:10:00,01F0928N,01F0880N,31,169,103,01F0928N>01F0880N,20260902,266,169,170.33333333333334,171,269,169.33333333333334,169,168.33333333333334,2026-09-02 22:15:00,2026-09-02 22:30:00,15
2026-09-02 22:15:00,01F0928N,01F0880N,31,168,117,01F0928N>01F0880N,20260902,267,168,168.66666666666666,165,270,168.0,168,167.5,2026-09-02 22:20:00,2026-09-02 22:35:00,15
2026-09-02 22:20:00,01F0928N,01F0880N,31,168,108,01F0928N>01F0880N,20260902,268,168,172.33333333333334,167,271,167.33333333333334,168,164.08333333333334,2026-09-02 22:25:00,2026-09-02 22:40:00,15
2026-09-02 22:25:00,01F0928N,01F0880N,31,171,111,01F0928N>01F0880N,20260902,269,171,169.33333333333334,166,272,168.66666666666666,171,169.91666666666666,2026-09-02 22:30:00,2026-09-02 22:45:00,15
2026-09-02 22:30:00,01F0928N,01F0880N,31,165,76,01F0928N>01F0880N,20260902,270,165,168.0,167,273,165.66666666666666,165,163.41666666666666,2026-09-02 22:35:00,2026-09-02 22:50:00,15
2026-09-02 22:35:00,01F0928N,01F0880N,31,167,60,01F0928N>01F0880N,20260902,271,167,167.33333333333334,167,274,169.0,167,168.75,2026-09-02 22:40:00,2026-09-02 22:55:00,15
2026-09-02 22:40:00,01F0928N,01F0880N,31,166,91,01F0928N>01F0880N,20260902,272,166,168.66666666666666,166,275,168.66666666666666,166,166.66666666666666,2026-09-02 22:45:00,2026-09-02 23:00:00,15
2026-09-02 22:45:00,01F0928N,01F0880N,31,167,89,01F0928N>01F0880N,20260902,273,167,165.66666666666666,169,276,168.33333333333334,167,169.33333333333334,2026-09-02 22:50:00,2026-09-02 23:05:00,15
2026-09-02 22:50:00,01F0928N,01F0880N,31,167,58,01F0928N>01F0880N,20260902,274,167,169.0,167,277,164.33333333333334,167,162.83333333333334,2026-09-02 22:55:00,2026-09-02 23:10:00,15
2026-09-02 22:55:00,01F0928N,01F0880N,31,166,66,01F0928N>01F0880N,20260902,275,166,168.66666666666666,162,278,167.33333333333334,166,165.33333333333334,2026-09-02 23:00:00,2026-09-02 23:15:00,15
2026-09-02 23:00:00,01F0928N,01F0880N,31,169,76,01F0928N>01F0880N,20260902,276,169,168.33333333333334,159,279,166.33333333333334,169,166.83333333333334,2026-09-02 23:05:00,2026-09-02 23:20:00,15
2026-09-02 23:05:00,01F0928N,01F0880N,31,167,62,01F0928N>01F0880N,20260902,277,167,164.33333333333334,170,280,167.33333333333334,167,169.33333333333334,2026-09-02 23:10:00,2026-09-02 23:25:00,15
2026-09-02 23:10:00,01F0928N,01F0880N,31,162,62,01F0928N>01F0880N,20260902,278,162,167.33333333333334,162,281,165.33333333333334,162,161.33333333333334,2026-09-02 23:15:00,2026-09-02 23:30:00,15
2026-09-02 23:15:00,01F0928N,01F0880N,31,159,63,01F0928N>01F0880N,20260902,279,159,166.33333333333334,165,282,165.33333333333334,159,159.83333333333334,2026-09-02 23:20:00,2026-09-02 23:35:00,15
2026-09-02 23:20:00,01F0928N,01F0880N,31,170,62,01F0928N>01F0880N,20260902,280,170,167.33333333333334,164,283,163.66666666666666,170,165.66666666666666,2026-09-02 23:25:00,2026-09-02 23:40:00,15
2026-09-02 23:25:00,01F0928N,01F0880N,31,162,62,01F0928N>01F0880N,20260902,281,162,165.33333333333334,166,284,165.33333333333334,162,162.83333333333334,2026-09-02 23:30:00,2026-09-02 23:45:00,15
2026-09-02 23:30:00,01F0928N,01F0880N,31,165,46,01F0928N>01F0880N,20260902,282,165,165.33333333333334,164,285,162.0,165,161.75,2026-09-02 23:35:00,2026-09-02 23:50:00,15
2026-09-02 23:35:00,01F0928N,01F0880N,31,164,53,01F0928N>01F0880N,20260902,283,164,163.66666666666666,164,286,166.66666666666666,164,166.91666666666666,2026-09-02 23:40:00,2026-09-02 23:55:00,15
2026-09-02 23:40:00,01F0928N,01F0880N,31,166,41,01F0928N>01F0880N,20260902,284,166,165.33333333333334,166,287,166.33333333333334,166,166.83333333333334,2026-09-02 23:45:00,2026-09-03 00:00:00,15
2026-09-02 00:00:00,01F0928S,01F0950S,31,75,42,01F0928S>01F0950S,20260902,0,75,75.66666666666667,75,3,76.0,75,75.5,2026-09-02 00:05:00,2026-09-02 00:20:00,15
2026-09-02 00:05:00,01F0928S,01F0950S,31,74,29,01F0928S>01F0950S,20260902,1,74,75.0,76,4,75.0,74,74.25,2026-09-02 00:10:00,2026-09-02 00:25:00,15
2026-09-02 00:10:00,01F0928S,01F0950S,31,74,43,01F0928S>01F0950S,20260902,2,74,75.33333333333333,77,5,74.66666666666667,74,73.66666666666667,2026-09-02 00:15:00,2026-09-02 00:30:00,15
2026-09-02 00:15:00,01F0928S,01F0950S,31,75,26,01F0928S>01F0950S,20260902,3,75,76.0,75,6,75.66666666666667,75,74.91666666666667,2026-09-02 00:20:00,2026-09-02 00:35:00,15
2026-09-02 00:20:00,01F0928S,01F0950S,31,76,27,01F0928S>01F0950S,20260902,4,76,75.0,75,7,76.33333333333333,76,77.08333333333333,2026-09-02 00:25:00,2026-09-02 00:40:00,15
2026-09-02 00:25:00,01F0928S,01F0950S,31,77,27,01F0928S>01F0950S,20260902,5,77,74.66666666666667,75,8,75.0,77,76.75,2026-09-02 00:30:00,2026-09-02 00:45:00,15
2026-09-02 00:30:00,01F0928S,01F0950S,31,75,22,01F0928S>01F0950S,20260902,6,75,75.66666666666667,78,9,75.33333333333333,75,74.83333333333333,2026-09-02 00:35:00,2026-09-02 00:50:00,15
2026-09-02 00:35:00,01F0928S,01F0950S,31,75,24,01F0928S>01F0950S,20260902,7,75,76.33333333333333,75,10,73.66666666666667,75,72.66666666666667,2026-09-02 00:40:00,2026-09-02 00:55:00,15
2026-09-02 00:40:00,01F0928S,01F0950S,31,75,27,01F0928S>01F0950S,20260902,8,75,75.0,74,11,76.66666666666667,75,76.66666666666667,2026-09-02 00:45:00,2026-09-02 01:00:00,15
2026-09-02 00:45:00,01F0928S,01F0950S,31,78,13,01F0928S>01F0950S,20260902,9,78,75.33333333333333,74,12,75.0,78,77.0,2026-09-02 00:50:00,2026-09-02 01:05:00,15
2026-09-02 00:50:00,01F0928S,01F0950S,31,75,23,01F0928S>01F0950S,20260902,10,75,73.66666666666667,74,13,74.33333333333333,75,75.33333333333333,2026-09-02 00:55:00,2026-09-02 01:10:00,15
2026-09-02 00:55:00,01F0928S,01F0950S,31,74,25,01F0928S>01F0950S,20260902,11,74,76.66666666666667,75,14,75.66666666666667,74,73.66666666666667,2026-09-02 01:00:00,2026-09-02 01:15:00,15
2026-09-02 01:00:00,01F0928S,01F0950S,31,74,29,01F0928S>01F0950S,20260902,12,74,75.0,75,15,76.0,74,75.25,2026-09-02 01:05:00,2026-09-02 01:20:00,15
2026-09-02 01:05:00,01F0928S,01F0950S,31,74,26,01F0928S>01F0950S,20260902,13,74,74.33333333333333,75,16,75.66666666666667,74,75.41666666666667,2026-09-02 01:10:00,2026-09-02 01:25:00,15
2026-09-02 01:10:00,01F0928S,01F0950S,31,75,24,01F0928S>01F0950S,20260902,14,75,75.66666666666667,77,17,74.33333333333333,75,73.83333333333333,2026-09-02 01:15:00,2026-09-02 01:30:00,15
2026-09-02 01:15:00,01F0928S,01F0950S,31,75,27,01F0928S>01F0950S,20260902,15,75,76.0,75,18,74.33333333333333,75,73.58333333333333,2026-09-02 01:20:00,2026-09-02 01:35:00,15
2026-09-02 01:20:00,01F0928S,01F0950S,31,75,20,01F0928S>01F0950S,20260902,16,75,75.66666666666667,72,19,74.33333333333333,75,73.83333333333333,2026-09-02 01:25:00,2026-09-02 01:40:00,15
2026-09-02 01:25:00,01F0928S,01F0950S,31,77,20,01F0928S>01F0950S,20260902,17,77,74.33333333333333,76,20,74.0,77,76.0,2026-09-02 01:30:00,2026-09-02 01:45:00,15
2026-09-02 01:30:00,01F0928S,01F0950S,31,75,21,01F0928S>01F0950S,20260902,18,75,74.33333333333333,76,21,73.66666666666667,75,74.16666666666667,2026-09-02 01:35:00,2026-09-02 01:50:00,15
2026-09-02 01:35:00,01F0928S,01F0950S,31,72,20,01F0928S>01F0950S,20260902,19,72,74.33333333333333,75,22,74.66666666666667,72,72.91666666666667,2026-09-02 01:40:00,2026-09-02 01:55:00,15
2026-09-02 01:40:00,01F0928S,01F0950S,31,76,23,01F0928S>01F0950S,20260902,20,76,74.0,78,23,75.33333333333333,76,76.83333333333333,2026-09-02 01:45:00,2026-09-02 02:00:00,15
2026-09-02 01:45:00,01F0928S,01F0950S,31,76,20,01F0928S>01F0950S,20260902,21,76,73.66666666666667,75,24,74.33333333333333,76,76.08333333333333,2026-09-02 01:50:00,2026-09-02 02:05:00,15
2026-09-02 01:50:00,01F0928S,01F0950S,31,75,11,01F0928S>01F0950S,20260902,22,75,74.66666666666667,76,25,75.66666666666667,75,75.91666666666667,2026-09-02 01:55:00,2026-09-02 02:10:00,15
2026-09-02 01:55:00,01F0928S,01F0950S,31,78,21,01F0928S>01F0950S,20260902,23,78,75.33333333333333,75,26,76.33333333333333,78,78.33333333333333,2026-09-02 02:00:00,2026-09-02 02:15:00,15
2026-09-02 02:00:00,01F0928S,01F0950S,31,75,19,01F0928S>01F0950S,20260902,24,75,74.33333333333333,75,27,74.66666666666667,75,75.16666666666667,2026-09-02 02:05:00,2026-09-02 02:20:00,15
2026-09-02 02:05:00,01F0928S,01F0950S,31,76,15,01F0928S>01F0950S,20260902,25,76,75.66666666666667,73,28,74.33333333333333,76,74.58333333333333,2026-09-02 02:10:00,2026-09-02 02:25:00,15
2026-09-02 02:10:00,01F0928S,01F0950S,31,75,12,01F0928S>01F0950S,20260902,26,75,76.33333333333333,77,29,76.66666666666667,75,75.66666666666667,2026-09-02 02:15:00,2026-09-02 02:30:00,15
2026-09-02 02:15:00,01F0928S,01F0950S,31,75,17,01F0928S>01F0950S,20260902,27,75,74.66666666666667,72,30,75.0,75,75.25,2026-09-02 02:20:00,2026-09-02 02:35:00,15
2026-09-02 02:20:00,01F0928S,01F0950S,31,73,12,01F0928S>01F0950S,20260902,28,73,74.33333333333333,81,31,75.0,73,74.0,2026-09-02 02:25:00,2026-09-02 02:40:00,15
2026-09-02 02:25:00,01F0928S,01F0950S,31,77,10,01F0928S>01F0950S,20260902,29,77,76.66666666666667,73,32,74.0,77,74.25,2026-09-02 02:30:00,2026-09-02 02:45:00,15
2026-09-02 02:30:00,01F0928S,01F0950S,31,72,16,01F0928S>01F0950S,20260902,30,72,75.0,74,33,75.33333333333333,72,73.08333333333333,2026-09-02 02:35:00,2026-09-02 02:50:00,15
2026-09-02 02:35:00,01F0928S,01F0950S,31,81,5,01F0928S>01F0950S,20260902,31,81,75.0,74,34,76.66666666666667,81,81.16666666666667,2026-09-02 02:40:00,2026-09-02 02:55:00,15
2026-09-02 02:40:00,01F0928S,01F0950S,31,73,12,01F0928S>01F0950S,20260902,32,73,74.0,77,35,75.0,73,74.25,2026-09-02 02:45:00,2026-09-02 03:00:00,15
2026-09-02 02:45:00,01F0928S,01F0950S,31,74,8,01F0928S>01F0950S,20260902,33,74,75.33333333333333,73,36,76.0,74,75.0,2026-09-02 02:50:00,2026-09-02 03:05:00,15
2026-09-02 02:50:00,01F0928S,01F0950S,31,74,15,01F0928S>01F0950S,20260902,34,74,76.66666666666667,79,37,77.33333333333333,74,75.33333333333333,2026-09-02 02:55:00,2026-09-02 03:10:00,15
2026-09-02 02:55:00,01F0928S,01F0950S,31,77,10,01F0928S>01F0950S,20260902,35,77,75.0,74,38,77.33333333333333,77,78.83333333333333,2026-09-02 03:00:00,2026-09-02 03:15:00,15
2026-09-02 03:00:00,01F0928S,01F0950S,31,73,6,01F0928S>01F0950S,20260902,36,73,76.0,75,39,78.33333333333333,73,76.08333333333333,2026-09-02 03:05:00,2026-09-02 03:20:00,15
2026-09-02 03:05:00,01F0928S,01F0950S,31,79,9,01F0928S>01F0950S,20260902,37,79,77.33333333333333,79,40,78.33333333333333,79,79.58333333333333,2026-09-02 03:10:00,2026-09-02 03:25:00,15
2026-09-02 03:10:00,01F0928S,01F0950S,31,74,10,01F0928S>01F0950S,20260902,38,74,77.33333333333333,73,41,75.0,74,72.5,2026-09-02 03:15:00,2026-09-02 03:30:00,15
2026-09-02 03:15:00,01F0928S,01F0950S,31,75,5,01F0928S>01F0950S,20260902,39,75,78.33333333333333,77,42,74.33333333333333,75,71.83333333333333,2026-09-02 03:20:00,2026-09-02 03:35:00,15
2026-09-02 03:20:00,01F0928S,01F0950S,31,79,7,01F0928S>01F0950S,20260902,40,79,78.33333333333333,75,43,76.33333333333333,79,76.83333333333333,2026-09-02 03:25:00,2026-09-02 03:40:00,15
2026-09-02 03:25:00,01F0928S,01F0950S,31,73,9,01F0928S>01F0950S,20260902,41,73,75.0,76,44,79.66666666666667,73,78.16666666666667,2026-09-02 03:30:00,2026-09-02 03:45:00,15
2026-09-02 03:30:00,01F0928S,01F0950S,31,77,9,01F0928S>01F0950S,20260902,42,77,74.33333333333333,85,45,76.66666666666667,77,78.66666666666667,2026-09-02 03:35:00,2026-09-02 03:50:00,15
2026-09-02 03:35:00,01F0928S,01F0950S,31,75,9,01F0928S>01F0950S,20260902,43,75,76.33333333333333,72,46,77.0,75,76.0,2026-09-02 03:40:00,2026-09-02 03:55:00,15
2026-09-02 03:40:00,01F0928S,01F0950S,31,76,12,01F0928S>01F0950S,20260902,44,76,79.66666666666667,72,47,75.33333333333333,76,72.58333333333333,2026-09-02 03:45:00,2026-09-02 04:00:00,15
2026-09-02 03:45:00,01F0928S,01F0950S,31,85,5,01F0928S>01F0950S,20260902,45,85,76.66666666666667,76,48,79.33333333333333,85,85.58333333333333,2026-09-02 03:50:00,2026-09-02 04:05:00,15
2026-09-02 03:50:00,01F0928S,01F0950S,31,72,8,01F0928S>01F0950S,20260902,46,72,77.0,75,49,76.66666666666667,72,72.91666666666667,2026-09-02 03:55:00,2026-09-02 04:10:00,15
2026-09-02 03:55:00,01F0928S,01F0950S,31,72,8,01F0928S>01F0950S,20260902,47,72,75.33333333333333,78,50,75.0,72,72.5,2026-09-02 04:00:00,2026-09-02 04:15:00,15
2026-09-02 04:00:00,01F0928S,01F0950S,31,76,7,01F0928S>01F0950S,20260902,48,76,79.33333333333333,76,51,77.33333333333333,76,74.83333333333333,2026-09-02 04:05:00,2026-09-02 04:20:00,15
2026-09-02 04:05:00,01F0928S,01F0950S,31,75,17,01F0928S>01F0950S,20260902,49,75,76.66666666666667,80,52,77.33333333333333,75,76.08333333333333,2026-09-02 04:10:00,2026-09-02 04:25:00,15
2026-09-02 04:10:00,01F0928S,01F0950S,31,78,9,01F0928S>01F0950S,20260902,50,78,75.0,75,53,76.0,78,78.25,2026-09-02 04:15:00,2026-09-02 04:30:00,15
2026-09-02 04:15:00,01F0928S,01F0950S,31,76,7,01F0928S>01F0950S,20260902,51,76,77.33333333333333,73,54,76.33333333333333,76,75.33333333333333,2026-09-02 04:20:00,2026-09-02 04:35:00,15
2026-09-02 04:20:00,01F0928S,01F0950S,31,80,19,01F0928S>01F0950S,20260902,52,80,77.33333333333333,81,55,74.66666666666667,80,76.66666666666667,2026-09-02 04:25:00,2026-09-02 04:40:00,15
2026-09-02 04:25:00,01F0928S,01F0950S,31,75,9,01F0928S>01F0950S,20260902,53,75,76.0,75,56,75.33333333333333,75,74.58333333333333,2026-09-02 04:30:00,2026-09-02 04:45:00,15
2026-09-02 04:30:00,01F0928S,01F0950S,31,73,19,01F0928S>01F0950S,20260902,54,73,76.33333333333333,78,57,76.0,73,73.5,2026-09-02 04:35:00,2026-09-02 04:50:00,15
2026-09-02 04:35:00,01F0928S,01F0950S,31,81,13,01F0928S>01F0950S,20260902,55,81,74.66666666666667,76,58,77.33333333333333,81,82.08333333333333,2026-09-02 04:40:00,2026-09-02 04:55:00,15
2026-09-02 04:40:00,01F0928S,01F0950S,31,75,23,01F0928S>01F0950S,20260902,56,75,75.33333333333333,74,59,77.66666666666667,75,77.41666666666667,2026-09-02 04:45:00,2026-09-02 05:00:00,15
2026-09-02 04:45:00,01F0928S,01F0950S,31,78,15,01F0928S>01F0950S,20260902,57,78,76.0,76,60,76.66666666666667,78,78.16666666666667,2026-09-02 04:50:00,2026-09-02 05:05:00,15
2026-09-02 04:50:00,01F0928S,01F0950S,31,76,19,01F0928S>01F0950S,20260902,58,76,77.33333333333333,77,61,77.0,76,76.0,2026-09-02 04:55:00,2026-09-02 05:10:00,15
2026-09-02 04:55:00,01F0928S,01F0950S,31,74,23,01F0928S>01F0950S,20260902,59,74,77.66666666666667,75,62,76.33333333333333,74,73.58333333333333,2026-09-02 05:00:00,2026-09-02 05:15:00,15
2026-09-02 05:00:00,01F0928S,01F0950S,31,76,22,01F0928S>01F0950S,20260902,60,76,76.66666666666667,76,63,77.66666666666667,76,77.16666666666667,2026-09-02 05:05:00,2026-09-02 05:20:00,15
2026-09-02 05:05:00,01F0928S,01F0950S,31,77,24,01F0928S>01F0950S,20260902,61,77,77.0,78,64,77.0,77,77.0,2026-09-02 05:10:00,2026-09-02 05:25:00,15
2026-09-02 05:10:00,01F0928S,01F0950S,31,75,38,01F0928S>01F0950S,20260902,62,75,76.33333333333333,76,65,76.0,75,75.0,2026-09-02 05:15:00,2026-09-02 05:30:00,15
2026-09-02 05:15:00,01F0928S,01F0950S,31,76,36,01F0928S>01F0950S,20260902,63,76,77.66666666666667,76,66,74.33333333333333,76,73.08333333333333,2026-09-02 05:20:00,2026-09-02 05:35:00,15
2026-09-02 05:20:00,01F0928S,01F0950S,31,78,27,01F0928S>01F0950S,20260902,64,78,77.0,74,67,75.66666666666667,78,76.41666666666667,2026-09-02 05:25:00,2026-09-02 05:40:00,15
2026-09-02 05:25:00,01F0928S,01F0950S,31,76,33,01F0928S>01F0950S,20260902,65,76,76.0,76,68,75.33333333333333,76,75.33333333333333,2026-09-02 05:30:00,2026-09-02 05:45:00,15
2026-09-02 05:30:00,01F0928S,01F0950S,31,76,36,01F0928S>01F0950S,20260902,66,76,74.33333333333333,75,69,76.0,76,77.25,2026-09-02 05:35:00,2026-09-02 05:50:00,15
2026-09-02 05:35:00,01F0928S,01F0950S,31,74,31,01F0928S>01F0950S,20260902,67,74,75.66666666666667,76,70,75.66666666666667,74,74.41666666666667,2026-09-02 05:40:00,2026-09-02 05:55:00,15
2026-09-02 05:40:00,01F0928S,01F0950S,31,76,45,01F0928S>01F0950S,20260902,68,76,75.33333333333333,76,71,76.0,76,76.5,2026-09-02 05:45:00,2026-09-02 06:00:00,15
2026-09-02 05:45:00,01F0928S,01F0950S,31,75,43,01F0928S>01F0950S,20260902,69,75,76.0,76,72,75.66666666666667,75,74.91666666666667,2026-09-02 05:50:00,2026-09-02 06:05:00,15
2026-09-02 05:50:00,01F0928S,01F0950S,31,76,48,01F0928S>01F0950S,20260902,70,76,75.66666666666667,78,73,76.66666666666667,76,76.91666666666667,2026-09-02 05:55:00,2026-09-02 06:10:00,15
2026-09-02 05:55:00,01F0928S,01F0950S,31,76,56,01F0928S>01F0950S,20260902,71,76,76.0,77,74,75.66666666666667,76,75.66666666666667,2026-09-02 06:00:00,2026-09-02 06:15:00,15
2026-09-02 06:00:00,01F0928S,01F0950S,31,76,64,01F0928S>01F0950S,20260902,72,76,75.66666666666667,78,75,78.66666666666667,76,78.91666666666667,2026-09-02 06:05:00,2026-09-02 06:20:00,15
2026-09-02 06:05:00,01F0928S,01F0950S,31,78,62,01F0928S>01F0950S,20260902,73,78,76.66666666666667,78,76,78.33333333333333,78,79.33333333333333,2026-09-02 06:10:00,2026-09-02 06:25:00,15
2026-09-02 06:10:00,01F0928S,01F0950S,31,77,67,01F0928S>01F0950S,20260902,74,77,75.66666666666667,81,77,79.66666666666667,77,80.66666666666667,2026-09-02 06:15:00,2026-09-02 06:30:00,15
2026-09-02 06:15:00,01F0928S,01F0950S,31,78,73,01F0928S>01F0950S,20260902,75,78,78.66666666666667,83,78,82.0,78,81.5,2026-09-02 06:20:00,2026-09-02 06:35:00,15
2026-09-02 06:20:00,01F0928S,01F0950S,31,78,87,01F0928S>01F0950S,20260902,76,78,78.33333333333333,81,79,83.0,78,82.75,2026-09-02 06:25:00,2026-09-02 06:40:00,15
2026-09-02 06:25:00,01F0928S,01F0950S,31,81,97,01F0928S>01F0950S,20260902,77,81,79.66666666666667,88,80,89.33333333333333,81,90.33333333333333,2026-09-02 06:30:00,2026-09-02 06:45:00,15
2026-09-02 06:30:00,01F0928S,01F0950S,31,83,116,01F0928S>01F0950S,20260902,78,83,82.0,94,81,91.0,83,91.75,2026-09-02 06:35:00,2026-09-02 06:50:00,15
2026-09-02 06:35:00,01F0928S,01F0950S,31,81,105,01F0928S>01F0950S,20260902,79,81,83.0,93,82,95.0,81,93.5,2026-09-02 06:40:00,2026-09-02 06:55:00,15
2026-09-02 06:40:00,01F0928S,01F0950S,31,88,105,01F0928S>01F0950S,20260902,80,88,89.33333333333333,91,83,88.0,88,87.0,2026-09-02 06:45:00,2026-09-02 07:00:00,15
2026-09-02 06:45:00,01F0928S,01F0950S,31,94,119,01F0928S>01F0950S,20260902,81,94,91.0,87,84,88.0,94,90.25,2026-09-02 06:50:00,2026-09-02 07:05:00,15
2026-09-02 06:50:00,01F0928S,01F0950S,31,93,126,01F0928S>01F0950S,20260902,82,93,95.0,87,85,91.0,93,89.5,2026-09-02 06:55:00,2026-09-02 07:10:00,15
2026-09-02 06:55:00,01F0928S,01F0950S,31,91,121,01F0928S>01F0950S,20260902,83,91,88.0,85,86,89.33333333333333,91,91.58333333333333,2026-09-02 07:00:00,2026-09-02 07:15:00,15
2026-09-02 07:00:00,01F0928S,01F0950S,31,87,133,01F0928S>01F0950S,20260902,84,87,88.0,83,87,92.33333333333333,87,91.58333333333333,2026-09-02 07:05:00,2026-09-02 07:20:00,15
2026-09-02 07:05:00,01F0928S,01F0950S,31,87,105,01F0928S>01F0950S,20260902,85,87,91.0,87,88,94.33333333333333,87,91.33333333333333,2026-09-02 07:10:00,2026-09-02 07:25:00,15
2026-09-02 07:10:00,01F0928S,01F0950S,31,85,112,01F0928S>01F0950S,20260902,86,85,89.33333333333333,91,89,96.66666666666667,85,93.41666666666667,2026-09-02 07:15:00,2026-09-02 07:30:00,15
2026-09-02 07:15:00,01F0928S,01F0950S,31,83,107,01F0928S>01F0950S,20260902,87,83,92.33333333333333,98,90,93.0,83,86.0,2026-09-02 07:20:00,2026-09-02 07:35:00,15
2026-09-02 07:20:00,01F0928S,01F0950S,31,87,111,01F0928S>01F0950S,20260902,88,87,94.33333333333333,106,91,94.0,87,88.5,2026-09-02 07:25:00,2026-09-02 07:40:00,15
2026-09-02 07:25:00,01F0928S,01F0950S,31,91,103,01F0928S>01F0950S,20260902,89,91,96.66666666666667,96,92,93.66666666666667,91,89.41666666666667,2026-09-02 07:30:00,2026-09-02 07:45:00,15
2026-09-02 07:30:00,01F0928S,01F0950S,31,98,113,01F0928S>01F0950S,20260902,90,98,93.0,94,93,93.66666666666667,98,97.41666666666667,2026-09-02 07:35:00,2026-09-02 07:50:00,15
2026-09-02 07:35:00,01F0928S,01F0950S,31,106,126,01F0928S>01F0950S,20260902,91,106,94.0,92,94,94.33333333333333,106,103.33333333333333,2026-09-02 07:40:00,2026-09-02 07:55:00,15
2026-09-02 07:40:00,01F0928S,01F0950S,31,96,104,01F0928S>01F0950S,20260902,92,96,93.66666666666667,90,95,88.0,96,89.75,2026-09-02 07:45:00,2026-09-02 08:00:00,15
2026-09-02 07:45:00,01F0928S,01F0950S,31,94,107,01F0928S>01F0950S,20260902,93,94,93.66666666666667,103,96,87.66666666666667,94,87.91666666666667,2026-09-02 07:50:00,2026-09-02 08:05:00,15
2026-09-02 07:50:00,01F0928S,01F0950S,31,92,109,01F0928S>01F0950S,20260902,94,92,94.33333333333333,103,97,87.0,92,85.25,2026-09-02 07:55:00,2026-09-02 08:10:00,15
2026-09-02 07:55:00,01F0928S,01F0950S,31,90,110,01F0928S>01F0950S,20260902,95,90,88.0,94,98,83.33333333333333,90,84.83333333333333,2026-09-02 08:00:00,2026-09-02 08:15:00,15
2026-09-02 08:00:00,01F0928S,01F0950S,31,103,109,01F0928S>01F0950S,20260902,96,103,87.66666666666667,111,99,83.0,103,94.5,2026-09-02 08:05:00,2026-09-02 08:20:00,15
2026-09-02 08:05:00,01F0928S,01F0950S,31,103,112,01F0928S>01F0950S,20260902,97,103,87.0,110,100,83.66666666666667,103,95.66666666666667,2026-09-02 08:10:00,2026-09-02 08:25:00,15
2026-09-02 08:10:00,01F0928S,01F0950S,31,94,112,01F0928S>01F0950S,20260902,98,94,83.33333333333333,102,101,82.66666666666667,94,90.66666666666667,2026-09-02 08:15:00,2026-09-02 08:30:00,15
2026-09-02 08:15:00,01F0928S,01F0950S,31,111,107,01F0928S>01F0950S,20260902,99,111,83.0,94,102,82.33333333333333,111,103.33333333333333,2026-09-02 08:20:00,2026-09-02 08:35:00,15
2026-09-02 08:20:00,01F0928S,01F0950S,31,110,134,01F0928S>01F0950S,20260902,100,110,83.66666666666667,90,103,83.66666666666667,110,103.41666666666667,2026-09-02 08:25:00,2026-09-02 08:40:00,15
2026-09-02 08:25:00,01F0928S,01F0950S,31,102,103,01F0928S>01F0950S,20260902,101,102,82.66666666666667,88,104,83.0,102,97.5,2026-09-02 08:30:00,2026-09-02 08:45:00,15
2026-09-02 08:30:00,01F0928S,01F0950S,31,94,100,01F0928S>01F0950S,20260902,102,94,82.33333333333333,90,105,84.33333333333333,94,93.08333333333333,2026-09-02 08:35:00,2026-09-02 08:50:00,15
2026-09-02 08:35:00,01F0928S,01F0950S,31,90,101,01F0928S>01F0950S,20260902,103,90,83.66666666666667,91,106,83.66666666666667,90,88.41666666666667,2026-09-02 08:40:00,2026-09-02 08:55:00,15
2026-09-02 08:40:00,01F0928S,01F0950S,31,88,101,01F0928S>01F0950S,20260902,104,88,83.0,92,107,84.66666666666667,88,88.41666666666667,2026-09-02 08:45:00,2026-09-02 09:00:00,15
2026-09-02 08:45:00,01F0928S,01F0950S,31,90,92,01F0928S>01F0950S,20260902,105,90,84.33333333333333,90,108,83.66666666666667,90,87.91666666666667,2026-09-02 08:50:00,2026-09-02 09:05:00,15
2026-09-02 08:50:00,01F0928S,01F0950S,31,91,101,01F0928S>01F0950S,20260902,106,91,83.66666666666667,99,109,88.33333333333333,91,93.83333333333333,2026-09-02 08:55:00,2026-09-02 09:10:00,15
2026-09-02 08:55:00,01F0928S,01F0950S,31,92,117,01F0928S>01F0950S,20260902,107,92,84.66666666666667,95,110,87.66666666666667,92,93.16666666666667,2026-09-02 09:00:00,2026-09-02 09:15:00,15
2026-09-02 09:00:00,01F0928S,01F0950S,31,90,110,01F0928S>01F0950S,20260902,108,90,83.66666666666667,90,111,89.0,90,93.75,2026-09-02 09:05:00,2026-09-02 09:20:00,15
2026-09-02 09:05:00,01F0928S,01F0950S,31,99,106,01F0928S>01F0950S,20260902,109,99,88.33333333333333,90,112,88.33333333333333,99,96.33333333333333,2026-09-02 09:10:00,2026-09-02 09:25:00,15
2026-09-02 09:10:00,01F0928S,01F0950S,31,95,118,01F0928S>01F0950S,20260902,110,95,87.66666666666667,94,113,88.0,95,93.5,2026-09-02 09:15:00,2026-09-02 09:30:00,15
2026-09-02 09:15:00,01F0928S,01F0950S,31,90,115,01F0928S>01F0950S,20260902,111,90,89.0,91,114,89.66666666666667,90,90.41666666666667,2026-09-02 09:20:00,2026-09-02 09:35:00,15
2026-09-02 09:20:00,01F0928S,01F0950S,31,90,101,01F0928S>01F0950S,20260902,112,90,88.33333333333333,85,115,92.0,90,93.25,2026-09-02 09:25:00,2026-09-02 09:40:00,15
2026-09-02 09:25:00,01F0928S,01F0950S,31,94,130,01F0928S>01F0950S,20260902,113,94,88.0,89,116,90.33333333333333,94,94.83333333333333,2026-09-02 09:30:00,2026-09-02 09:45:00,15
2026-09-02 09:30:00,01F0928S,01F0950S,31,91,143,01F0928S>01F0950S,20260902,114,91,89.66666666666667,96,117,92.33333333333333,91,93.33333333333333,2026-09-02 09:35:00,2026-09-02 09:50:00,15
2026-09-02 09:35:00,01F0928S,01F0950S,31,85,127,01F0928S>01F0950S,20260902,115,85,92.0,89,118,89.33333333333333,85,84.08333333333333,2026-09-02 09:40:00,2026-09-02 09:55:00,15
2026-09-02 09:40:00,01F0928S,01F0950S,31,89,121,01F0928S>01F0950S,20260902,116,89,90.33333333333333,88,119,88.66666666666667,89,87.66666666666667,2026-09-02 09:45:00,2026-09-02 10:00:00,15
2026-09-02 09:45:00,01F0928S,01F0950S,31,96,128,01F0928S>01F0950S,20260902,117,96,92.33333333333333,90,120,89.33333333333333,96,92.08333333333333,2026-09-02 09:50:00,2026-09-02 10:05:00,15
2026-09-02 09:50:00,01F0928S,01F0950S,31,89,134,01F0928S>01F0950S,20260902,118,89,89.33333333333333,88,121,85.66666666666667,89,85.41666666666667,2026-09-02 09:55:00,2026-09-02 10:10:00,15
2026-09-02 09:55:00,01F0928S,01F0950S,31,88,130,01F0928S>01F0950S,20260902,119,88,88.66666666666667,90,122,92.33333333333333,88,91.83333333333333,2026-09-02 10:00:00,2026-09-02 10:15:00,15
2026-09-02 10:00:00,01F0928S,01F0950S,31,90,145,01F0928S>01F0950S,20260902,120,90,89.33333333333333,88,123,95.66666666666667,90,96.16666666666667,2026-09-02 10:05:00,2026-09-02 10:20:00,15
2026-09-02 10:05:00,01F0928S,01F0950S,31,88,132,01F0928S>01F0950S,20260902,121,88,85.66666666666667,92,124,94.0,88,95.75,2026-09-02 10:10:00,2026-09-02 10:25:00,15
2026-09-02 10:10:00,01F0928S,01F0950S,31,90,140,01F0928S>01F0950S,20260902,122,90,92.33333333333333,93,125,93.66666666666667,90,91.91666666666667,2026-09-02 10:15:00,2026-09-02 10:30:00,15
2026-09-02 10:15:00,01F0928S,01F0950S,31,88,132,01F0928S>01F0950S,20260902,123,88,95.66666666666667,87,126,93.0,88,87.25,2026-09-02 10:20:00,2026-09-02 10:35:00,15
2026-09-02 10:20:00,01F0928S,01F0950S,31,92,156,01F0928S>01F0950S,20260902,124,92,94.0,87,127,95.0,92,93.5,2026-09-02 10:25:00,2026-09-02 10:40:00,15
2026-09-02 10:25:00,01F0928S,01F0950S,31,93,158,01F0928S>01F0950S,20260902,125,93,93.66666666666667,87,128,89.33333333333333,93,88.83333333333333,2026-09-02 10:30:00,2026-09-02 10:45:00,15
2026-09-02 10:30:00,01F0928S,01F0950S,31,87,158,01F0928S>01F0950S,20260902,126,87,93.0,82,129,90.33333333333333,87,85.83333333333333,2026-09-02 10:35:00,2026-09-02 10:50:00,15
2026-09-02 10:35:00,01F0928S,01F0950S,31,87,133,01F0928S>01F0950S,20260902,127,87,95.0,79,130,87.0,87,81.0,2026-09-02 10:40:00,2026-09-02 10:55:00,15
2026-09-02 10:40:00,01F0928S,01F0950S,31,87,132,01F0928S>01F0950S,20260902,128,87,89.33333333333333,81,131,89.33333333333333,87,87.58333333333333,2026-09-02 10:45:00,2026-09-02 11:00:00,15
2026-09-02 10:45:00,01F0928S,01F0950S,31,82,138,01F0928S>01F0950S,20260902,129,82,90.33333333333333,83,132,89.0,82,82.75,2026-09-02 10:50:00,2026-09-02 11:05:00,15
2026-09-02 10:50:00,01F0928S,01F0950S,31,79,125,01F0928S>01F0950S,20260902,130,79,87.0,80,133,89.0,79,83.0,2026-09-02 10:55:00,2026-09-02 11:10:00,15
2026-09-02 10:55:00,01F0928S,01F0950S,31,81,133,01F0928S>01F0950S,20260902,131,81,89.33333333333333,83,134,87.66666666666667,81,81.41666666666667,2026-09-02 11:00:00,2026-09-02 11:15:00,15
2026-09-02 11:00:00,01F0928S,01F0950S,31,83,106,01F0928S>01F0950S,20260902,132,83,89.0,80,135,87.66666666666667,83,83.16666666666667,2026-09-02 11:05:00,2026-09-02 11:20:00,15
2026-09-02 11:05:00,01F0928S,01F0950S,31,80,116,01F0928S>01F0950S,20260902,133,80,89.0,80,136,86.0,80,79.25,2026-09-02 11:10:00,2026-09-02 11:25:00,15
2026-09-02 11:10:00,01F0928S,01F0950S,31,83,149,01F0928S>01F0950S,20260902,134,83,87.66666666666667,81,137,83.66666666666667,83,80.16666666666667,2026-09-02 11:15:00,2026-09-02 11:30:00,15
2026-09-02 11:15:00,01F0928S,01F0950S,31,80,106,01F0928S>01F0950S,20260902,135,80,87.66666666666667,78,138,85.0,80,79.25,2026-09-02 11:20:00,2026-09-02 11:35:00,15
2026-09-02 11:20:00,01F0928S,01F0950S,31,80,117,01F0928S>01F0950S,20260902,136,80,86.0,78,139,84.33333333333333,80,79.83333333333333,2026-09-02 11:25:00,2026-09-02 11:40:00,15
2026-09-02 11:25:00,01F0928S,01F0950S,31,81,120,01F0928S>01F0950S,20260902,137,81,83.66666666666667,84,140,84.66666666666667,81,82.66666666666667,2026-09-02 11:30:00,2026-09-02 11:45:00,15
2026-09-02 11:30:00,01F0928S,01F0950S,31,78,113,01F0928S>01F0950S,20260902,138,78,85.0,81,141,84.33333333333333,78,79.08333333333333,2026-09-02 11:35:00,2026-09-02 11:50:00,15
2026-09-02 11:35:00,01F0928S,01F0950S,31,78,109,01F0928S>01F0950S,20260902,139,78,84.33333333333333,82,142,84.0,78,79.25,2026-09-02 11:40:00,2026-09-02 11:55:00,15
2026-09-02 11:40:00,01F0928S,01F0950S,31,84,123,01F0928S>01F0950S,20260902,140,84,84.66666666666667,80,143,81.33333333333333,84,80.83333333333333,2026-09-02 11:45:00,2026-09-02 12:00:00,15
2026-09-02 11:45:00,01F0928S,01F0950S,31,81,89,01F0928S>01F0950S,20260902,141,81,84.33333333333333,79,144,82.66666666666667,81,80.16666666666667,2026-09-02 11:50:00,2026-09-02 12:05:00,15
2026-09-02 11:50:00,01F0928S,01F0950S,31,82,128,01F0928S>01F0950S,20260902,142,82,84.0,80,145,82.0,82,80.5,2026-09-02 11:55:00,2026-09-02 12:10:00,15
2026-09-02 11:55:00,01F0928S,01F0950S,31,80,121,01F0928S>01F0950S,20260902,143,80,81.33333333333333,79,146,82.66666666666667,80,81.66666666666667,2026-09-02 12:00:00,2026-09-02 12:15:00,15
2026-09-02 12:00:00,01F0928S,01F0950S,31,79,117,01F0928S>01F0950S,20260902,144,79,82.66666666666667,80,147,83.66666666666667,79,80.91666666666667,2026-09-02 12:05:00,2026-09-02 12:20:00,15
2026-09-02 12:05:00,01F0928S,01F0950S,31,80,111,01F0928S>01F0950S,20260902,145,80,82.0,83,148,83.66666666666667,80,82.16666666666667,2026-09-02 12:10:00,2026-09-02 12:25:00,15
2026-09-02 12:10:00,01F0928S,01F0950S,31,79,106,01F0928S>01F0950S,20260902,146,79,82.66666666666667,83,149,82.66666666666667,79,79.91666666666667,2026-09-02 12:15:00,2026-09-02 12:30:00,15
2026-09-02 12:15:00,01F0928S,01F0950S,31,80,109,01F0928S>01F0950S,20260902,147,80,83.66666666666667,84,150,82.0,80,79.25,2026-09-02 12:20:00,2026-09-02 12:35:00,15
2026-09-02 12:20:00,01F0928S,01F0950S,31,83,135,01F0928S>01F0950S,20260902,148,83,83.66666666666667,82,151,81.0,83,80.5,2026-09-02 12:25:00,2026-09-02 12:40:00,15
2026-09-02 12:25:00,01F0928S,01F0950S,31,83,119,01F0928S>01F0950S,20260902,149,83,82.66666666666667,85,152,81.0,83,81.25,2026-09-02 12:30:00,2026-09-02 12:45:00,15
2026-09-02 12:30:00,01F0928S,01F0950S,31,84,97,01F0928S>01F0950S,20260902,150,84,82.0,79,153,81.33333333333333,84,82.83333333333333,2026-09-02 12:35:00,2026-09-02 12:50:00,15
2026-09-02 12:35:00,01F0928S,01F0950S,31,82,120,01F0928S>01F0950S,20260902,151,82,81.0,80,154,79.0,82,79.75,2026-09-02 12:40:00,2026-09-02 12:55:00,15
2026-09-02 12:40:00,01F0928S,01F0950S,31,85,126,01F0928S>01F0950S,20260902,152,85,81.0,80,155,84.66666666666667,85,87.66666666666667,2026-09-02 12:45:00,2026-09-02 13:00:00,15
2026-09-02 12:45:00,01F0928S,01F0950S,31,79,106,01F0928S>01F0950S,20260902,153,79,81.33333333333333,81,156,87.0,79,85.25,2026-09-02 12:50:00,2026-09-02 13:05:00,15
2026-09-02 12:50:00,01F0928S,01F0950S,31,80,106,01F0928S>01F0950S,20260902,154,80,79.0,80,157,78.66666666666667,80,79.41666666666667,2026-09-02 12:55:00,2026-09-02 13:10:00,15
2026-09-02 12:55:00,01F0928S,01F0950S,31,80,118,01F0928S>01F0950S,20260902,155,80,84.66666666666667,84,158,81.66666666666667,80,78.16666666666667,2026-09-02 13:00:00,2026-09-02 13:15:00,15
2026-09-02 13:00:00,01F0928S,01F0950S,31,81,116,01F0928S>01F0950S,20260902,156,81,87.0,80,159,79.33333333333333,81,74.83333333333333,2026-09-02 13:05:00,2026-09-02 13:20:00,15
2026-09-02 13:05:00,01F0928S,01F0950S,31,80,127,01F0928S>01F0950S,20260902,157,80,78.66666666666667,81,160,80.0,80,81.0,2026-09-02 13:10:00,2026-09-02 13:25:00,15
2026-09-02 13:10:00,01F0928S,01F0950S,31,84,121,01F0928S>01F0950S,20260902,158,84,81.66666666666667,80,161,80.66666666666667,84,82.41666666666667,2026-09-02 13:15:00,2026-09-02 13:30:00,15
2026-09-02 13:15:00,01F0928S,01F0950S,31,80,100,01F0928S>01F0950S,20260902,159,80,79.33333333333333,83,162,80.0,80,80.5,2026-09-02 13:20:00,2026-09-02 13:35:00,15
2026-09-02 13:20:00,01F0928S,01F0950S,31,81,109,01F0928S>01F0950S,20260902,160,81,80.0,82,163,81.33333333333333,81,82.08333333333333,2026-09-02 13:25:00,2026-09-02 13:40:00,15
2026-09-02 13:25:00,01F0928S,01F0950S,31,80,104,01F0928S>01F0950S,20260902,161,80,80.66666666666667,83,164,82.0,80,81.5,2026-09-02 13:30:00,2026-09-02 13:45:00,15
2026-09-02 13:30:00,01F0928S,01F0950S,31,83,111,01F0928S>01F0950S,20260902,162,83,80.0,78,165,82.0,83,84.25,2026-09-02 13:35:00,2026-09-02 13:50:00,15
2026-09-02 13:35:00,01F0928S,01F0950S,31,82,115,01F0928S>01F0950S,20260902,163,82,81.33333333333333,81,166,83.0,82,83.5,2026-09-02 13:40:00,2026-09-02 13:55:00,15
2026-09-02 13:40:00,01F0928S,01F0950S,31,83,119,01F0928S>01F0950S,20260902,164,83,82.0,81,167,84.33333333333333,83,85.08333333333333,2026-09-02 13:45:00,2026-09-02 14:00:00,15
2026-09-02 13:45:00,01F0928S,01F0950S,31,78,113,01F0928S>01F0950S,20260902,165,78,82.0,79,168,85.0,78,82.0,2026-09-02 13:50:00,2026-09-02 14:05:00,15
2026-09-02 13:50:00,01F0928S,01F0950S,31,81,128,01F0928S>01F0950S,20260902,166,81,83.0,80,169,84.0,81,82.5,2026-09-02 13:55:00,2026-09-02 14:10:00,15
2026-09-02 13:55:00,01F0928S,01F0950S,31,81,107,01F0928S>01F0950S,20260902,167,81,84.33333333333333,82,170,84.66666666666667,81,82.16666666666667,2026-09-02 14:00:00,2026-09-02 14:15:00,15
2026-09-02 14:00:00,01F0928S,01F0950S,31,79,113,01F0928S>01F0950S,20260902,168,79,85.0,80,171,87.66666666666667,79,83.16666666666667,2026-09-02 14:05:00,2026-09-02 14:20:00,15
2026-09-02 14:05:00,01F0928S,01F0950S,31,80,100,01F0928S>01F0950S,20260902,169,80,84.0,80,172,86.33333333333333,80,83.33333333333333,2026-09-02 14:10:00,2026-09-02 14:25:00,15
2026-09-02 14:10:00,01F0928S,01F0950S,31,82,148,01F0928S>01F0950S,20260902,170,82,84.66666666666667,81,173,84.66666666666667,82,82.66666666666667,2026-09-02 14:15:00,2026-09-02 14:30:00,15
2026-09-02 14:15:00,01F0928S,01F0950S,31,80,112,01F0928S>01F0950S,20260902,171,80,87.66666666666667,83,174,85.66666666666667,80,79.91666666666667,2026-09-02 14:20:00,2026-09-02 14:35:00,15
2026-09-02 14:20:00,01F0928S,01F0950S,31,80,121,01F0928S>01F0950S,20260902,172,80,86.33333333333333,81,175,84.33333333333333,80,79.58333333333333,2026-09-02 14:25:00,2026-09-02 14:40:00,15
2026-09-02 14:25:00,01F0928S,01F0950S,31,81,114,01F0928S>01F0950S,20260902,173,81,84.66666666666667,79,176,86.33333333333333,81,83.58333333333333,2026-09-02 14:30:00,2026-09-02 14:45:00,15
2026-09-02 14:30:00,01F0928S,01F0950S,31,83,104,01F0928S>01F0950S,20260902,174,83,85.66666666666667,84,177,85.0,83,83.0,2026-09-02 14:35:00,2026-09-02 14:50:00,15
2026-09-02 14:35:00,01F0928S,01F0950S,31,81,121,01F0928S>01F0950S,20260902,175,81,84.33333333333333,84,178,87.66666666666667,81,85.16666666666667,2026-09-02 14:40:00,2026-09-02 14:55:00,15
2026-09-02 14:40:00,01F0928S,01F0950S,31,79,117,01F0928S>01F0950S,20260902,176,79,86.33333333333333,83,179,84.0,79,78.5,2026-09-02 14:45:00,2026-09-02 15:00:00,15
2026-09-02 14:45:00,01F0928S,01F0950S,31,84,149,01F0928S>01F0950S,20260902,177,84,85.0,81,180,82.0,84,81.25,2026-09-02 14:50:00,2026-09-02 15:05:00,15
2026-09-02 14:50:00,01F0928S,01F0950S,31,84,141,01F0928S>01F0950S,20260902,178,84,87.66666666666667,79,181,82.0,84,79.25,2026-09-02 14:55:00,2026-09-02 15:10:00,15
2026-09-02 14:55:00,01F0928S,01F0950S,31,83,119,01F0928S>01F0950S,20260902,179,83,84.0,84,182,82.66666666666667,83,81.91666666666667,2026-09-02 15:00:00,2026-09-02 15:15:00,15
2026-09-02 15:00:00,01F0928S,01F0950S,31,81,134,01F0928S>01F0950S,20260902,180,81,82.0,82,183,82.66666666666667,81,81.91666666666667,2026-09-02 15:05:00,2026-09-02 15:20:00,15
2026-09-02 15:05:00,01F0928S,01F0950S,31,79,90,01F0928S>01F0950S,20260902,181,79,82.0,82,184,82.33333333333333,79,80.08333333333333,2026-09-02 15:10:00,2026-09-02 15:25:00,15
2026-09-02 15:10:00,01F0928S,01F0950S,31,84,139,01F0928S>01F0950S,20260902,182,84,82.66666666666667,79,185,82.33333333333333,84,83.33333333333333,2026-09-02 15:15:00,2026-09-02 15:30:00,15
2026-09-02 15:15:00,01F0928S,01F0950S,31,82,127,01F0928S>01F0950S,20260902,183,82,82.66666666666667,82,186,84.33333333333333,82,83.83333333333333,2026-09-02 15:20:00,2026-09-02 15:35:00,15
2026-09-02 15:20:00,01F0928S,01F0950S,31,82,115,01F0928S>01F0950S,20260902,184,82,82.33333333333333,78,187,86.33333333333333,82,86.08333333333333,2026-09-02 15:25:00,2026-09-02 15:40:00,15
2026-09-02 15:25:00,01F0928S,01F0950S,31,79,151,01F0928S>01F0950S,20260902,185,79,82.33333333333333,84,188,86.33333333333333,79,83.83333333333333,2026-09-02 15:30:00,2026-09-02 15:45:00,15
2026-09-02 15:30:00,01F0928S,01F0950S,31,82,129,01F0928S>01F0950S,20260902,186,82,84.33333333333333,79,189,84.66666666666667,82,82.91666666666667,2026-09-02 15:35:00,2026-09-02 15:50:00,15
2026-09-02 15:35:00,01F0928S,01F0950S,31,78,138,01F0928S>01F0950S,20260902,187,78,86.33333333333333,81,190,85.0,78,78.75,2026-09-02 15:40:00,2026-09-02 15:55:00,15
2026-09-02 15:40:00,01F0928S,01F0950S,31,84,150,01F0928S>01F0950S,20260902,188,84,86.33333333333333,80,191,84.66666666666667,84,82.91666666666667,2026-09-02 15:45:00,2026-09-02 16:00:00,15
2026-09-02 15:45:00,01F0928S,01F0950S,31,79,118,01F0928S>01F0950S,20260902,189,79,84.66666666666667,83,192,85.0,79,80.75,2026-09-02 15:50:00,2026-09-02 16:05:00,15
2026-09-02 15:50:00,01F0928S,01F0950S,31,81,145,01F0928S>01F0950S,20260902,190,81,85.0,81,193,85.33333333333333,81,82.33333333333333,2026-09-02 15:55:00,2026-09-02 16:10:00,15
2026-09-02 15:55:00,01F0928S,01F0950S,31,80,137,01F0928S>01F0950S,20260902,191,80,84.66666666666667,82,194,90.33333333333333,80,86.83333333333333,2026-09-02 16:00:00,2026-09-02 16:15:00,15
2026-09-02 16:00:00,01F0928S,01F0950S,31,83,129,01F0928S>01F0950S,20260902,192,83,85.0,82,195,92.33333333333333,83,90.83333333333333,2026-09-02 16:05:00,2026-09-02 16:20:00,15
2026-09-02 16:05:00,01F0928S,01F0950S,31,81,127,01F0928S>01F0950S,20260902,193,81,85.33333333333333,82,196,101.33333333333333,81,98.08333333333333,2026-09-02 16:10:00,2026-09-02 16:25:00,15
2026-09-02 16:10:00,01F0928S,01F0950S,31,82,138,01F0928S>01F0950S,20260902,194,82,90.33333333333333,82,197,105.0,82,98.75,2026-09-02 16:15:00,2026-09-02 16:30:00,15
2026-09-02 16:15:00,01F0928S,01F0950S,31,82,157,01F0928S>01F0950S,20260902,195,82,92.33333333333333,83,198,102.0,82,94.25,2026-09-02 16:20:00,2026-09-02 16:35:00,15
2026-09-02 16:20:00,01F0928S,01F0950S,31,82,134,01F0928S>01F0950S,20260902,196,82,101.33333333333333,82,199,99.0,82,84.5,2026-09-02 16:25:00,2026-09-02 16:40:00,15
2026-09-02 16:25:00,01F0928S,01F0950S,31,82,136,01F0928S>01F0950S,20260902,197,82,105.0,83,200,99.0,82,81.75,2026-09-02 16:30:00,2026-09-02 16:45:00,15
2026-09-02 16:30:00,01F0928S,01F0950S,31,83,150,01F0928S>01F0950S,20260902,198,83,102.0,81,201,104.33333333333333,83,90.08333333333333,2026-09-02 16:35:00,2026-09-02 16:50:00,15
2026-09-02 16:35:00,01F0928S,01F0950S,31,82,150,01F0928S>01F0950S,20260902,199,82,99.0,83,202,113.66666666666667,82,100.91666666666667,2026-09-02 16:40:00,2026-09-02 16:55:00,15
2026-09-02 16:40:00,01F0928S,01F0950S,31,83,143,01F0928S>01F0950S,20260902,200,83,99.0,82,203,129.0,83,117.0,2026-09-02 16:45:00,2026-09-02 17:00:00,15
2026-09-02 16:45:00,01F0928S,01F0950S,31,81,139,01F0928S>01F0950S,20260902,201,81,104.33333333333333,83,204,141.66666666666666,81,124.16666666666666,2026-09-02 16:50:00,2026-09-02 17:05:00,15
2026-09-02 16:50:00,01F0928S,01F0950S,31,83,158,01F0928S>01F0950S,20260902,202,83,113.66666666666667,84,205,162.33333333333334,83,139.33333333333334,2026-09-02 16:55:00,2026-09-02 17:10:00,15
2026-09-02 16:55:00,01F0928S,01F0950S,31,82,138,01F0928S>01F0950S,20260902,203,82,129.0,90,206,180.66666666666666,82,145.41666666666666,2026-09-02 17:00:00,2026-09-02 17:15:00,15
2026-09-02 17:00:00,01F0928S,01F0950S,31,83,144,01F0928S>01F0950S,20260902,204,83,141.66666666666666,95,207,198.66666666666666,83,154.66666666666666,2026-09-02 17:05:00,2026-09-02 17:20:00,15
2026-09-02 17:05:00,01F0928S,01F0950S,31,84,169,01F0928S>01F0950S,20260902,205,84,162.33333333333334,91,208,189.0,84,130.25,2026-09-02 17:10:00,2026-09-02 17:25:00,15
2026-09-02 17:10:00,01F0928S,01F0950S,31,90,164,01F0928S>01F0950S,20260902,206,90,180.66666666666666,90,209,167.33333333333334,90,99.33333333333334,2026-09-02 17:15:00,2026-09-02 17:30:00,15
2026-09-02 17:15:00,01F0928S,01F0950S,31,95,194,01F0928S>01F0950S,20260902,207,95,198.66666666666666,87,210,150.66666666666666,95,72.91666666666666,2026-09-02 17:20:00,2026-09-02 17:35:00,15
2026-09-02 17:20:00,01F0928S,01F0950S,31,91,214,01F0928S>01F0950S,20260902,208,91,189.0,83,211,153.66666666666666,91,80.16666666666666,2026-09-02 17:25:00,2026-09-02 17:40:00,15
2026-09-02 17:25:00,01F0928S,01F0950S,31,90,196,01F0928S>01F0950S,20260902,209,90,167.33333333333334,80,212,153.66666666666666,90,95.66666666666666,2026-09-02 17:30:00,2026-09-02 17:45:00,15
2026-09-02 17:30:00,01F0928S,01F0950S,31,87,165,01F0928S>01F0950S,20260902,210,87,150.66666666666666,85,213,149.0,87,101.25,2026-09-02 17:35:00,2026-09-02 17:50:00,15
2026-09-02 17:35:00,01F0928S,01F0950S,31,83,168,01F0928S>01F0950S,20260902,211,83,153.66666666666666,85,214,145.66666666666666,83,92.66666666666666,2026-09-02 17:40:00,2026-09-02 17:55:00,15
2026-09-02 17:40:00,01F0928S,01F0950S,31,80,149,01F0928S>01F0950S,20260902,212,80,153.66666666666666,82,215,141.66666666666666,80,86.41666666666666,2026-09-02 17:45:00,2026-09-02 18:00:00,15
2026-09-02 17:45:00,01F0928S,01F0950S,31,85,183,01F0928S>01F0950S,20260902,213,85,149.0,83,216,138.33333333333334,85,90.33333333333334,2026-09-02 17:50:00,2026-09-02 18:05:00,15
2026-09-02 17:50:00,01F0928S,01F0950S,31,85,180,01F0928S>01F0950S,20260902,214,85,145.66666666666666,79,217,138.33333333333334,85,92.83333333333334,2026-09-02 17:55:00,2026-09-02 18:10:00,15
2026-09-02 17:55:00,01F0928S,01F0950S,31,82,163,01F0928S>01F0950S,20260902,215,82,141.66666666666666,83,218,131.66666666666666,82,86.91666666666666,2026-09-02 18:00:00,2026-09-02 18:15:00,15
2026-09-02 18:00:00,01F0928S,01F0950S,31,83,166,01F0928S>01F0950S,20260902,216,83,138.33333333333334,84,219,114.66666666666667,83,73.16666666666666,2026-09-02 18:05:00,2026-09-02 18:20:00,15
2026-09-02 18:05:00,01F0928S,01F0950S,31,79,155,01F0928S>01F0950S,20260902,217,79,138.33333333333334,82,220,108.66666666666667,79,64.16666666666666,2026-09-02 18:10:00,2026-09-02 18:25:00,15
2026-09-02 18:10:00,01F0928S,01F0950S,31,83,145,01F0928S>01F0950S,20260902,218,83,131.66666666666666,86,221,93.66666666666667,83,57.16666666666668,2026-09-02 18:15:00,2026-09-02 18:30:00,15
2026-09-02 18:15:00,01F0928S,01F0950S,31,84,182,01F0928S>01F0950S,20260902,219,84,114.66666666666667,86,222,96.0,84,73.0,2026-09-02 18:20:00,2026-09-02 18:35:00,15
2026-09-02 18:20:00,01F0928S,01F0950S,31,82,135,01F0928S>01F0950S,20260902,220,82,108.66666666666667,89,223,92.66666666666667,82,72.66666666666667,2026-09-02 18:25:00,2026-09-02 18:40:00,15
2026-09-02 18:25:00,01F0928S,01F0950S,31,86,159,01F0928S>01F0950S,20260902,221,86,93.66666666666667,84,224,95.0,86,89.25,2026-09-02 18:30:00,2026-09-02 18:45:00,15
2026-09-02 18:30:00,01F0928S,01F0950S,31,86,157,01F0928S>01F0950S,20260902,222,86,96.0,84,225,92.66666666666667,86,85.16666666666667,2026-09-02 18:35:00,2026-09-02 18:50:00,15
2026-09-02 18:35:00,01F0928S,01F0950S,31,89,172,01F0928S>01F0950S,20260902,223,89,92.66666666666667,83,226,92.0,89,89.25,2026-09-02 18:40:00,2026-09-02 18:55:00,15
2026-09-02 18:40:00,01F0928S,01F0950S,31,84,145,01F0928S>01F0950S,20260902,224,84,95.0,82,227,90.33333333333333,84,82.08333333333333,2026-09-02 18:45:00,2026-09-02 19:00:00,15
2026-09-02 18:45:00,01F0928S,01F0950S,31,84,147,01F0928S>01F0950S,20260902,225,84,92.66666666666667,81,228,89.0,84,82.5,2026-09-02 18:50:00,2026-09-02 19:05:00,15
2026-09-02 18:50:00,01F0928S,01F0950S,31,83,150,01F0928S>01F0950S,20260902,226,83,92.0,82,229,87.66666666666667,83,80.91666666666667,2026-09-02 18:55:00,2026-09-02 19:10:00,15
2026-09-02 18:55:00,01F0928S,01F0950S,31,82,132,01F0928S>01F0950S,20260902,227,82,90.33333333333333,81,230,95.66666666666667,82,89.41666666666667,2026-09-02 19:00:00,2026-09-02 19:15:00,15
2026-09-02 19:00:00,01F0928S,01F0950S,31,81,137,01F0928S>01F0950S,20260902,228,81,89.0,81,231,115.66666666666667,81,109.66666666666667,2026-09-02 19:05:00,2026-09-02 19:20:00,15
2026-09-02 19:05:00,01F0928S,01F0950S,31,82,131,01F0928S>01F0950S,20260902,229,82,87.66666666666667,83,232,103.0,82,98.75,2026-09-02 19:10:00,2026-09-02 19:25:00,15
2026-09-02 19:10:00,01F0928S,01F0950S,31,81,138,01F0928S>01F0950S,20260902,230,81,95.66666666666667,81,233,94.33333333333333,81,83.33333333333333,2026-09-02 19:15:00,2026-09-02 19:30:00,15
2026-09-02 19:15:00,01F0928S,01F0950S,31,81,138,01F0928S>01F0950S,20260902,231,81,115.66666666666667,85,234,85.66666666666667,81,59.66666666666667,2026-09-02 19:20:00,2026-09-02 19:35:00,15
2026-09-02 19:20:00,01F0928S,01F0950S,31,83,143,01F0928S>01F0950S,20260902,232,83,103.0,80,235,87.33333333333333,83,72.33333333333333,2026-09-02 19:25:00,2026-09-02 19:40:00,15
2026-09-02 19:25:00,01F0928S,01F0950S,31,81,114,01F0928S>01F0950S,20260902,233,81,94.33333333333333,80,236,82.66666666666667,81,72.66666666666667,2026-09-02 19:30:00,2026-09-02 19:45:00,15
2026-09-02 19:30:00,01F0928S,01F0950S,31,85,147,01F0928S>01F0950S,20260902,234,85,85.66666666666667,80,237,82.0,85,81.5,2026-09-02 19:35:00,2026-09-02 19:50:00,15
2026-09-02 19:35:00,01F0928S,01F0950S,31,80,128,01F0928S>01F0950S,20260902,235,80,87.33333333333333,78,238,84.66666666666667,80,79.16666666666667,2026-09-02 19:40:00,2026-09-02 19:55:00,15
2026-09-02 19:40:00,01F0928S,01F0950S,31,80,145,01F0928S>01F0950S,20260902,236,80,82.66666666666667,81,239,86.0,80,84.0,2026-09-02 19:45:00,2026-09-02 20:00:00,15
2026-09-02 19:45:00,01F0928S,01F0950S,31,80,126,01F0928S>01F0950S,20260902,237,80,82.0,81,240,84.0,80,82.5,2026-09-02 19:50:00,2026-09-02 20:05:00,15
2026-09-02 19:50:00,01F0928S,01F0950S,31,78,119,01F0928S>01F0950S,20260902,238,78,84.66666666666667,77,241,83.33333333333333,78,78.33333333333333,2026-09-02 19:55:00,2026-09-02 20:10:00,15
2026-09-02 19:55:00,01F0928S,01F0950S,31,81,121,01F0928S>01F0950S,20260902,239,81,86.0,77,242,82.0,81,78.25,2026-09-02 20:00:00,2026-09-02 20:15:00,15
2026-09-02 20:00:00,01F0928S,01F0950S,31,81,131,01F0928S>01F0950S,20260902,240,81,84.0,81,243,83.33333333333333,81,81.08333333333333,2026-09-02 20:05:00,2026-09-02 20:20:00,15
2026-09-02 20:05:00,01F0928S,01F0950S,31,77,99,01F0928S>01F0950S,20260902,241,77,83.33333333333333,80,244,82.33333333333333,77,77.58333333333333,2026-09-02 20:10:00,2026-09-02 20:25:00,15
2026-09-02 20:10:00,01F0928S,01F0950S,31,77,96,01F0928S>01F0950S,20260902,242,77,82.0,79,245,85.66666666666667,77,81.91666666666667,2026-09-02 20:15:00,2026-09-02 20:30:00,15
2026-09-02 20:15:00,01F0928S,01F0950S,31,81,135,01F0928S>01F0950S,20260902,243,81,83.33333333333333,78,246,81.33333333333333,81,79.58333333333333,2026-09-02 20:20:00,2026-09-02 20:35:00,15
2026-09-02 20:20:00,01F0928S,01F0950S,31,80,117,01F0928S>01F0950S,20260902,244,80,82.33333333333333,78,247,81.66666666666667,80,79.91666666666667,2026-09-02 20:25:00,2026-09-02 20:40:00,15
2026-09-02 20:25:00,01F0928S,01F0950S,31,79,104,01F0928S>01F0950S,20260902,245,79,85.66666666666667,78,248,80.33333333333333,79,75.33333333333333,2026-09-02 20:30:00,2026-09-02 20:45:00,15
2026-09-02 20:30:00,01F0928S,01F0950S,31,78,107,01F0928S>01F0950S,20260902,246,78,81.33333333333333,79,249,80.33333333333333,78,77.83333333333333,2026-09-02 20:35:00,2026-09-02 20:50:00,15
2026-09-02 20:35:00,01F0928S,01F0950S,31,78,108,01F0928S>01F0950S,20260902,247,78,81.66666666666667,79,250,79.33333333333333,78,76.58333333333333,2026-09-02 20:40:00,2026-09-02 20:55:00,15
2026-09-02 20:40:00,01F0928S,01F0950S,31,78,114,01F0928S>01F0950S,20260902,248,78,80.33333333333333,77,251,85.66666666666667,78,83.91666666666667,2026-09-02 20:45:00,2026-09-02 21:00:00,15
2026-09-02 20:45:00,01F0928S,01F0950S,31,79,116,01F0928S>01F0950S,20260902,249,79,80.33333333333333,78,252,86.0,79,85.0,2026-09-02 20:50:00,2026-09-02 21:05:00,15
2026-09-02 20:50:00,01F0928S,01F0950S,31,79,99,01F0928S>01F0950S,20260902,250,79,79.33333333333333,77,253,85.33333333333333,79,85.08333333333333,2026-09-02 20:55:00,2026-09-02 21:10:00,15
2026-09-02 20:55:00,01F0928S,01F0950S,31,77,103,01F0928S>01F0950S,20260902,251,77,85.66666666666667,78,254,85.0,77,78.5,2026-09-02 21:00:00,2026-09-02 21:15:00,15
2026-09-02 21:00:00,01F0928S,01F0950S,31,78,83,01F0928S>01F0950S,20260902,252,78,86.0,78,255,83.0,78,77.0,2026-09-02 21:05:00,2026-09-02 21:20:00,15
2026-09-02 21:05:00,01F0928S,01F0950S,31,77,87,01F0928S>01F0950S,20260902,253,77,85.33333333333333,78,256,80.66666666666667,77,74.41666666666667,2026-09-02 21:10:00,2026-09-02 21:25:00,15
2026-09-02 21:10:00,01F0928S,01F0950S,31,78,101,01F0928S>01F0950S,20260902,254,78,85.0,76,257,80.33333333333333,78,75.08333333333333,2026-09-02 21:15:00,2026-09-02 21:30:00,15
2026-09-02 21:15:00,01F0928S,01F0950S,31,78,87,01F0928S>01F0950S,20260902,255,78,83.0,77,258,79.66666666666667,78,75.91666666666667,2026-09-02 21:20:00,2026-09-02 21:35:00,15
2026-09-02 21:20:00,01F0928S,01F0950S,31,78,101,01F0928S>01F0950S,20260902,256,78,80.66666666666667,76,259,82.0,78,80.0,2026-09-02 21:25:00,2026-09-02 21:40:00,15
2026-09-02 21:25:00,01F0928S,01F0950S,31,76,95,01F0928S>01F0950S,20260902,257,76,80.33333333333333,77,260,79.0,76,75.75,2026-09-02 21:30:00,2026-09-02 21:45:00,15
2026-09-02 21:30:00,01F0928S,01F0950S,31,77,85,01F0928S>01F0950S,20260902,258,77,79.66666666666667,77,261,79.33333333333333,77,77.33333333333333,2026-09-02 21:35:00,2026-09-02 21:50:00,15
2026-09-02 21:35:00,01F0928S,01F0950S,31,76,73,01F0928S>01F0950S,20260902,259,76,82.0,77,262,79.0,76,74.5,2026-09-02 21:40:00,2026-09-02 21:55:00,15
2026-09-02 21:40:00,01F0928S,01F0950S,31,77,88,01F0928S>01F0950S,20260902,260,77,79.0,78,263,79.0,77,77.5,2026-09-02 21:45:00,2026-09-02 22:00:00,15
2026-09-02 21:45:00,01F0928S,01F0950S,31,77,80,01F0928S>01F0950S,20260902,261,77,79.33333333333333,77,264,79.66666666666667,77,77.91666666666667,2026-09-02 21:50:00,2026-09-02 22:05:00,15
2026-09-02 21:50:00,01F0928S,01F0950S,31,77,71,01F0928S>01F0950S,20260902,262,77,79.0,76,265,78.33333333333333,77,76.83333333333333,2026-09-02 21:55:00,2026-09-02 22:10:00,15
2026-09-02 21:55:00,01F0928S,01F0950S,31,78,74,01F0928S>01F0950S,20260902,263,78,79.0,77,266,78.0,78,77.25,2026-09-02 22:00:00,2026-09-02 22:15:00,15
2026-09-02 22:00:00,01F0928S,01F0950S,31,77,68,01F0928S>01F0950S,20260902,264,77,79.66666666666667,77,267,79.66666666666667,77,77.66666666666667,2026-09-02 22:05:00,2026-09-02 22:20:00,15
2026-09-02 22:05:00,01F0928S,01F0950S,31,76,97,01F0928S>01F0950S,20260902,265,76,78.33333333333333,76,268,78.0,76,76.25,2026-09-02 22:10:00,2026-09-02 22:25:00,15
2026-09-02 22:10:00,01F0928S,01F0950S,31,77,72,01F0928S>01F0950S,20260902,266,77,78.0,75,269,78.66666666666667,77,77.91666666666667,2026-09-02 22:15:00,2026-09-02 22:30:00,15
2026-09-02 22:15:00,01F0928S,01F0950S,31,77,84,01F0928S>01F0950S,20260902,267,77,79.66666666666667,78,270,76.0,77,74.0,2026-09-02 22:20:00,2026-09-02 22:35:00,15
2026-09-02 22:20:00,01F0928S,01F0950S,31,76,77,01F0928S>01F0950S,20260902,268,76,78.0,76,271,76.66666666666667,76,75.16666666666667,2026-09-02 22:25:00,2026-09-02 22:40:00,15
2026-09-02 22:25:00,01F0928S,01F0950S,31,75,76,01F0928S>01F0950S,20260902,269,75,78.66666666666667,77,272,78.33333333333333,75,75.58333333333333,2026-09-02 22:30:00,2026-09-02 22:45:00,15
2026-09-02 22:30:00,01F0928S,01F0950S,31,78,71,01F0928S>01F0950S,20260902,270,78,76.0,75,273,77.0,78,78.5,2026-09-02 22:35:00,2026-09-02 22:50:00,15
2026-09-02 22:35:00,01F0928S,01F0950S,31,76,77,01F0928S>01F0950S,20260902,271,76,76.66666666666667,75,274,77.66666666666667,76,77.16666666666667,2026-09-02 22:40:00,2026-09-02 22:55:00,15
2026-09-02 22:40:00,01F0928S,01F0950S,31,77,51,01F0928S>01F0950S,20260902,272,77,78.33333333333333,76,275,76.33333333333333,77,75.33333333333333,2026-09-02 22:45:00,2026-09-02 23:00:00,15
2026-09-02 22:45:00,01F0928S,01F0950S,31,75,62,01F0928S>01F0950S,20260902,273,75,77.0,75,276,76.0,75,74.5,2026-09-02 22:50:00,2026-09-02 23:05:00,15
2026-09-02 22:50:00,01F0928S,01F0950S,31,75,51,01F0928S>01F0950S,20260902,274,75,77.66666666666667,74,277,75.66666666666667,75,73.66666666666667,2026-09-02 22:55:00,2026-09-02 23:10:00,15
2026-09-02 22:55:00,01F0928S,01F0950S,31,76,47,01F0928S>01F0950S,20260902,275,76,76.33333333333333,76,278,76.66666666666667,76,76.41666666666667,2026-09-02 23:00:00,2026-09-02 23:15:00,15
2026-09-02 23:00:00,01F0928S,01F0950S,31,75,51,01F0928S>01F0950S,20260902,276,75,76.0,74,279,76.0,75,75.25,2026-09-02 23:05:00,2026-09-02 23:20:00,15
2026-09-02 23:05:00,01F0928S,01F0950S,31,74,57,01F0928S>01F0950S,20260902,277,74,75.66666666666667,76,280,75.33333333333333,74,74.08333333333333,2026-09-02 23:10:00,2026-09-02 23:25:00,15
2026-09-02 23:10:00,01F0928S,01F0950S,31,76,58,01F0928S>01F0950S,20260902,278,76,76.66666666666667,76,281,75.33333333333333,76,74.83333333333333,2026-09-02 23:15:00,2026-09-02 23:30:00,15
2026-09-02 23:15:00,01F0928S,01F0950S,31,74,50,01F0928S>01F0950S,20260902,279,74,76.0,76,282,76.0,74,74.5,2026-09-02 23:20:00,2026-09-02 23:35:00,15
2026-09-02 23:20:00,01F0928S,01F0950S,31,76,51,01F0928S>01F0950S,20260902,280,76,75.33333333333333,75,283,77.0,76,77.5,2026-09-02 23:25:00,2026-09-02 23:40:00,15
2026-09-02 23:25:00,01F0928S,01F0950S,31,76,69,01F0928S>01F0950S,20260902,281,76,75.33333333333333,76,284,76.0,76,76.5,2026-09-02 23:30:00,2026-09-02 23:45:00,15
2026-09-02 23:30:00,01F0928S,01F0950S,31,76,40,01F0928S>01F0950S,20260902,282,76,76.0,75,285,77.0,76,77.0,2026-09-02 23:35:00,2026-09-02 23:50:00,15
2026-09-02 23:35:00,01F0928S,01F0950S,31,75,35,01F0928S>01F0950S,20260902,283,75,77.0,76,286,75.33333333333333,75,73.83333333333333,2026-09-02 23:40:00,2026-09-02 23:55:00,15
2026-09-02 23:40:00,01F0928S,01F0950S,31,76,51,01F0928S>01F0950S,20260902,284,76,76.0,75,287,75.0,76,75.0,2026-09-02 23:45:00,2026-09-03 00:00:00,15
2026-09-02 00:00:00,01F0950S,01F0980S,31,102,31,01F0950S>01F0980S,20260902,0,102,103.66666666666667,106,3,104.0,102,102.75,2026-09-02 00:05:00,2026-09-02 00:20:00,15
2026-09-02 00:05:00,01F0950S,01F0980S,31,101,38,01F0950S>01F0980S,20260902,1,101,103.66666666666667,104,4,101.66666666666667,101,99.66666666666667,2026-09-02 00:10:00,2026-09-02 00:25:00,15
2026-09-02 00:10:00,01F0950S,01F0980S,31,101,34,01F0950S>01F0980S,20260902,2,101,103.33333333333333,102,5,103.0,101,101.25,2026-09-02 00:15:00,2026-09-02 00:30:00,15
2026-09-02 00:15:00,01F0950S,01F0980S,31,106,36,01F0950S>01F0980S,20260902,3,106,104.0,105,6,102.66666666666667,106,104.16666666666667,2026-09-02 00:20:00,2026-09-02 00:35:00,15
2026-09-02 00:20:00,01F0950S,01F0980S,31,104,25,01F0950S>01F0980S,20260902,4,104,101.66666666666667,104,7,103.33333333333333,104,105.08333333333333,2026-09-02 00:25:00,2026-09-02 00:40:00,15
2026-09-02 00:25:00,01F0950S,01F0980S,31,102,22,01F0950S>01F0980S,20260902,5,102,103.0,101,8,104.0,102,103.25,2026-09-02 00:30:00,2026-09-02 00:45:00,15
2026-09-02 00:30:00,01F0950S,01F0980S,31,105,26,01F0950S>01F0980S,20260902,6,105,102.66666666666667,106,9,102.0,105,103.75,2026-09-02 00:35:00,2026-09-02 00:50:00,15
2026-09-02 00:35:00,01F0950S,01F0980S,31,104,27,01F0950S>01F0980S,20260902,7,104,103.33333333333333,104,10,102.0,104,102.5,2026-09-02 00:40:00,2026-09-02 00:55:00,15
2026-09-02 00:40:00,01F0950S,01F0980S,31,101,26,01F0950S>01F0980S,20260902,8,101,104.0,102,11,103.0,101,100.75,2026-09-02 00:45:00,2026-09-02 01:00:00,15
2026-09-02 00:45:00,01F0950S,01F0980S,31,106,14,01F0950S>01F0980S,20260902,9,106,102.0,101,12,102.66666666666667,106,105.66666666666667,2026-09-02 00:50:00,2026-09-02 01:05:00,15
2026-09-02 00:50:00,01F0950S,01F0980S,31,104,20,01F0950S>01F0980S,20260902,10,104,102.0,103,13,102.33333333333333,104,103.83333333333333,2026-09-02 00:55:00,2026-09-02 01:10:00,15
2026-09-02 00:55:00,01F0950S,01F0980S,31,102,22,01F0950S>01F0980S,20260902,11,102,103.0,103,14,104.33333333333333,102,103.58333333333333,2026-09-02 01:00:00,2026-09-02 01:15:00,15
2026-09-02 01:00:00,01F0950S,01F0980S,31,101,34,01F0950S>01F0980S,20260902,12,101,102.66666666666667,104,15,104.0,101,102.75,2026-09-02 01:05:00,2026-09-02 01:20:00,15
2026-09-02 01:05:00,01F0950S,01F0980S,31,103,29,01F0950S>01F0980S,20260902,13,103,102.33333333333333,104,16,104.0,103,104.5,2026-09-02 01:10:00,2026-09-02 01:25:00,15
2026-09-02 01:10:00,01F0950S,01F0980S,31,103,18,01F0950S>01F0980S,20260902,14,103,104.33333333333333,101,17,103.33333333333333,103,102.33333333333333,2026-09-02 01:15:00,2026-09-02 01:30:00,15
2026-09-02 01:15:00,01F0950S,01F0980S,31,104,27,01F0950S>01F0980S,20260902,15,104,104.0,104,18,103.0,104,103.0,2026-09-02 01:20:00,2026-09-02 01:35:00,15
2026-09-02 01:20:00,01F0950S,01F0980S,31,104,27,01F0950S>01F0980S,20260902,16,104,104.0,101,19,103.66666666666667,104,103.66666666666667,2026-09-02 01:25:00,2026-09-02 01:40:00,15
2026-09-02 01:25:00,01F0950S,01F0980S,31,101,12,01F0950S>01F0980S,20260902,17,101,103.33333333333333,102,20,102.0,101,100.25,2026-09-02 01:30:00,2026-09-02 01:45:00,15
2026-09-02 01:30:00,01F0950S,01F0980S,31,104,22,01F0950S>01F0980S,20260902,18,104,103.0,101,21,101.33333333333333,104,102.08333333333333,2026-09-02 01:35:00,2026-09-02 01:50:00,15
2026-09-02 01:35:00,01F0950S,01F0980S,31,101,22,01F0950S>01F0980S,20260902,19,101,103.66666666666667,100,22,103.66666666666667,101,101.66666666666667,2026-09-02 01:40:00,2026-09-02 01:55:00,15
2026-09-02 01:40:00,01F0950S,01F0980S,31,102,25,01F0950S>01F0980S,20260902,20,102,102.0,104,23,105.0,102,105.0,2026-09-02 01:45:00,2026-09-02 02:00:00,15
2026-09-02 01:45:00,01F0950S,01F0980S,31,101,17,01F0950S>01F0980S,20260902,21,101,101.33333333333333,104,24,102.33333333333333,101,102.08333333333333,2026-09-02 01:50:00,2026-09-02 02:05:00,15
2026-09-02 01:50:00,01F0950S,01F0980S,31,100,17,01F0950S>01F0980S,20260902,22,100,103.66666666666667,104,25,102.66666666666667,100,99.91666666666667,2026-09-02 01:55:00,2026-09-02 02:10:00,15
2026-09-02 01:55:00,01F0950S,01F0980S,31,104,18,01F0950S>01F0980S,20260902,23,104,105.0,103,26,104.66666666666667,104,103.91666666666667,2026-09-02 02:00:00,2026-09-02 02:15:00,15
2026-09-02 02:00:00,01F0950S,01F0980S,31,104,17,01F0950S>01F0980S,20260902,24,104,102.33333333333333,104,27,104.0,104,105.25,2026-09-02 02:05:00,2026-09-02 02:20:00,15
2026-09-02 02:05:00,01F0950S,01F0980S,31,104,16,01F0950S>01F0980S,20260902,25,104,102.66666666666667,101,28,102.33333333333333,104,103.33333333333333,2026-09-02 02:10:00,2026-09-02 02:25:00,15
2026-09-02 02:10:00,01F0950S,01F0980S,31,103,12,01F0950S>01F0980S,20260902,26,103,104.66666666666667,104,29,105.33333333333333,103,104.08333333333333,2026-09-02 02:15:00,2026-09-02 02:30:00,15
2026-09-02 02:15:00,01F0950S,01F0980S,31,104,17,01F0950S>01F0980S,20260902,27,104,104.0,102,30,107.0,104,107.0,2026-09-02 02:20:00,2026-09-02 02:35:00,15
2026-09-02 02:20:00,01F0950S,01F0980S,31,101,15,01F0950S>01F0980S,20260902,28,101,102.33333333333333,107,31,104.0,101,103.0,2026-09-02 02:25:00,2026-09-02 02:40:00,15
2026-09-02 02:25:00,01F0950S,01F0980S,31,104,11,01F0950S>01F0980S,20260902,29,104,105.33333333333333,102,32,100.0,104,99.0,2026-09-02 02:30:00,2026-09-02 02:45:00,15
2026-09-02 02:30:00,01F0950S,01F0980S,31,102,12,01F0950S>01F0980S,20260902,30,102,107.0,103,33,104.0,102,100.25,2026-09-02 02:35:00,2026-09-02 02:50:00,15
2026-09-02 02:35:00,01F0950S,01F0980S,31,107,11,01F0950S>01F0980S,20260902,31,107,104.0,107,34,104.66666666666667,107,106.91666666666667,2026-09-02 02:40:00,2026-09-02 02:55:00,15
2026-09-02 02:40:00,01F0950S,01F0980S,31,102,8,01F0950S>01F0980S,20260902,32,102,100.0,104,35,104.0,102,105.5,2026-09-02 02:45:00,2026-09-02 03:00:00,15
2026-09-02 02:45:00,01F0950S,01F0980S,31,103,11,01F0950S>01F0980S,20260902,33,103,104.0,103,36,103.66666666666667,103,102.91666666666667,2026-09-02 02:50:00,2026-09-02 03:05:00,15
2026-09-02 02:50:00,01F0950S,01F0980S,31,107,13,01F0950S>01F0980S,20260902,34,107,104.66666666666667,105,37,105.0,107,106.75,2026-09-02 02:55:00,2026-09-02 03:10:00,15
2026-09-02 02:55:00,01F0950S,01F0980S,31,104,9,01F0950S>01F0980S,20260902,35,104,104.0,101,38,103.33333333333333,104,103.33333333333333,2026-09-02 03:00:00,2026-09-02 03:15:00,15
2026-09-02 03:00:00,01F0950S,01F0980S,31,103,10,01F0950S>01F0980S,20260902,36,103,103.66666666666667,104,39,105.0,103,104.5,2026-09-02 03:05:00,2026-09-02 03:20:00,15
2026-09-02 03:05:00,01F0950S,01F0980S,31,105,6,01F0950S>01F0980S,20260902,37,105,105.0,106,40,106.66666666666667,105,106.66666666666667,2026-09-02 03:10:00,2026-09-02 03:25:00,15
2026-09-02 03:10:00,01F0950S,01F0980S,31,101,7,01F0950S>01F0980S,20260902,38,101,103.33333333333333,101,41,103.66666666666667,101,101.91666666666667,2026-09-02 03:15:00,2026-09-02 03:30:00,15
2026-09-02 03:15:00,01F0950S,01F0980S,31,104,9,01F0950S>01F0980S,20260902,39,104,105.0,105,42,103.66666666666667,104,102.91666666666667,2026-09-02 03:20:00,2026-09-02 03:35:00,15
2026-09-02 03:20:00,01F0950S,01F0980S,31,106,7,01F0950S>01F0980S,20260902,40,106,106.66666666666667,103,43,102.66666666666667,106,102.16666666666667,2026-09-02 03:25:00,2026-09-02 03:40:00,15
2026-09-02 03:25:00,01F0950S,01F0980S,31,101,10,01F0950S>01F0980S,20260902,41,101,103.66666666666667,106,44,107.33333333333333,101,105.33333333333333,2026-09-02 03:30:00,2026-09-02 03:45:00,15
2026-09-02 03:30:00,01F0950S,01F0980S,31,105,6,01F0950S>01F0980S,20260902,42,105,103.66666666666667,104,45,105.66666666666667,105,106.66666666666667,2026-09-02 03:35:00,2026-09-02 03:50:00,15
2026-09-02 03:35:00,01F0950S,01F0980S,31,103,10,01F0950S>01F0980S,20260902,43,103,102.66666666666667,111,46,105.66666666666667,103,105.91666666666667,2026-09-02 03:40:00,2026-09-02 03:55:00,15
2026-09-02 03:40:00,01F0950S,01F0980S,31,106,13,01F0950S>01F0980S,20260902,44,106,107.33333333333333,101,47,106.66666666666667,106,105.66666666666667,2026-09-02 03:45:00,2026-09-02 04:00:00,15
2026-09-02 03:45:00,01F0950S,01F0980S,31,104,5,01F0950S>01F0980S,20260902,45,104,105.66666666666667,103,48,106.0,104,104.75,2026-09-02 03:50:00,2026-09-02 04:05:00,15
2026-09-02 03:50:00,01F0950S,01F0980S,31,111,6,01F0950S>01F0980S,20260902,46,111,105.66666666666667,104,49,106.33333333333333,111,110.33333333333333,2026-09-02 03:55:00,2026-09-02 04:10:00,15
2026-09-02 03:55:00,01F0950S,01F0980S,31,101,11,01F0950S>01F0980S,20260902,47,101,106.66666666666667,106,50,103.0,101,98.75,2026-09-02 04:00:00,2026-09-02 04:15:00,15
2026-09-02 04:00:00,01F0950S,01F0980S,31,103,4,01F0950S>01F0980S,20260902,48,103,106.0,104,51,105.0,103,102.75,2026-09-02 04:05:00,2026-09-02 04:20:00,15
2026-09-02 04:05:00,01F0950S,01F0980S,31,104,15,01F0950S>01F0980S,20260902,49,104,106.33333333333333,108,52,105.66666666666667,104,103.91666666666667,2026-09-02 04:10:00,2026-09-02 04:25:00,15
2026-09-02 04:10:00,01F0950S,01F0980S,31,106,12,01F0950S>01F0980S,20260902,50,106,103.0,106,53,102.33333333333333,106,104.58333333333333,2026-09-02 04:15:00,2026-09-02 04:30:00,15
2026-09-02 04:15:00,01F0950S,01F0980S,31,104,9,01F0950S>01F0980S,20260902,51,104,105.0,102,54,104.33333333333333,104,103.58333333333333,2026-09-02 04:20:00,2026-09-02 04:35:00,15
2026-09-02 04:20:00,01F0950S,01F0980S,31,108,13,01F0950S>01F0980S,20260902,52,108,105.66666666666667,105,55,104.0,108,105.75,2026-09-02 04:25:00,2026-09-02 04:40:00,15
2026-09-02 04:25:00,01F0950S,01F0980S,31,106,13,01F0950S>01F0980S,20260902,53,106,102.33333333333333,108,56,102.33333333333333,106,105.08333333333333,2026-09-02 04:30:00,2026-09-02 04:45:00,15
2026-09-02 04:30:00,01F0950S,01F0980S,31,102,15,01F0950S>01F0980S,20260902,54,102,104.33333333333333,105,57,106.0,102,104.25,2026-09-02 04:35:00,2026-09-02 04:50:00,15
2026-09-02 04:35:00,01F0950S,01F0980S,31,105,16,01F0950S>01F0980S,20260902,55,105,104.0,102,58,103.0,105,103.75,2026-09-02 04:40:00,2026-09-02 04:55:00,15
2026-09-02 04:40:00,01F0950S,01F0980S,31,108,16,01F0950S>01F0980S,20260902,56,108,102.33333333333333,102,59,107.0,108,111.25,2026-09-02 04:45:00,2026-09-02 05:00:00,15
2026-09-02 04:45:00,01F0950S,01F0980S,31,105,22,01F0950S>01F0980S,20260902,57,105,106.0,104,60,104.66666666666667,105,103.91666666666667,2026-09-02 04:50:00,2026-09-02 05:05:00,15
2026-09-02 04:50:00,01F0950S,01F0980S,31,102,18,01F0950S>01F0980S,20260902,58,102,103.0,108,61,105.66666666666667,102,104.91666666666667,2026-09-02 04:55:00,2026-09-02 05:10:00,15
2026-09-02 04:55:00,01F0950S,01F0980S,31,102,19,01F0950S>01F0980S,20260902,59,102,107.0,105,62,106.0,102,102.25,2026-09-02 05:00:00,2026-09-02 05:15:00,15
2026-09-02 05:00:00,01F0950S,01F0980S,31,104,17,01F0950S>01F0980S,20260902,60,104,104.66666666666667,101,63,105.33333333333333,104,104.83333333333333,2026-09-02 05:05:00,2026-09-02 05:20:00,15
2026-09-02 05:05:00,01F0950S,01F0980S,31,108,24,01F0950S>01F0980S,20260902,61,108,105.66666666666667,104,64,106.0,108,107.75,2026-09-02 05:10:00,2026-09-02 05:25:00,15
2026-09-02 05:10:00,01F0950S,01F0980S,31,105,40,01F0950S>01F0980S,20260902,62,105,106.0,107,65,105.66666666666667,105,104.91666666666667,2026-09-02 05:15:00,2026-09-02 05:30:00,15
2026-09-02 05:15:00,01F0950S,01F0980S,31,101,32,01F0950S>01F0980S,20260902,63,101,105.33333333333333,105,66,100.33333333333333,101,97.08333333333333,2026-09-02 05:20:00,2026-09-02 05:35:00,15
2026-09-02 05:20:00,01F0950S,01F0980S,31,104,34,01F0950S>01F0980S,20260902,64,104,106.0,105,67,104.33333333333333,104,102.83333333333333,2026-09-02 05:25:00,2026-09-02 05:40:00,15
2026-09-02 05:25:00,01F0950S,01F0980S,31,107,29,01F0950S>01F0980S,20260902,65,107,105.66666666666667,104,68,104.0,107,105.0,2026-09-02 05:30:00,2026-09-02 05:45:00,15
2026-09-02 05:30:00,01F0950S,01F0980S,31,105,36,01F0950S>01F0980S,20260902,66,105,100.33333333333333,104,69,104.66666666666667,105,108.16666666666667,2026-09-02 05:35:00,2026-09-02 05:50:00,15
2026-09-02 05:35:00,01F0950S,01F0980S,31,105,31,01F0950S>01F0980S,20260902,67,105,104.33333333333333,105,70,104.0,105,104.5,2026-09-02 05:40:00,2026-09-02 05:55:00,15
2026-09-02 05:40:00,01F0950S,01F0980S,31,104,37,01F0950S>01F0980S,20260902,68,104,104.0,104,71,104.66666666666667,104,104.66666666666667,2026-09-02 05:45:00,2026-09-02 06:00:00,15
2026-09-02 05:45:00,01F0950S,01F0980S,31,104,53,01F0950S>01F0980S,20260902,69,104,104.66666666666667,105,72,105.0,104,104.5,2026-09-02 05:50:00,2026-09-02 06:05:00,15
2026-09-02 05:50:00,01F0950S,01F0980S,31,105,43,01F0950S>01F0980S,20260902,70,105,104.0,104,73,104.33333333333333,105,105.08333333333333,2026-09-02 05:55:00,2026-09-02 06:10:00,15
2026-09-02 05:55:00,01F0950S,01F0980S,31,104,46,01F0950S>01F0980S,20260902,71,104,104.66666666666667,109,74,105.0,104,104.5,2026-09-02 06:00:00,2026-09-02 06:15:00,15
2026-09-02 06:00:00,01F0950S,01F0980S,31,105,66,01F0950S>01F0980S,20260902,72,105,105.0,104,75,105.66666666666667,105,105.66666666666667,2026-09-02 06:05:00,2026-09-02 06:20:00,15
2026-09-02 06:05:00,01F0950S,01F0980S,31,104,60,01F0950S>01F0980S,20260902,73,104,104.33333333333333,104,76,105.33333333333333,104,105.08333333333333,2026-09-02 06:10:00,2026-09-02 06:25:00,15
2026-09-02 06:10:00,01F0950S,01F0980S,31,109,58,01F0950S>01F0980S,20260902,74,109,105.0,107,77,106.66666666666667,109,109.66666666666667,2026-09-02 06:15:00,2026-09-02 06:30:00,15
2026-09-02 06:15:00,01F0950S,01F0980S,31,104,74,01F0950S>01F0980S,20260902,75,104,105.66666666666667,105,78,107.0,104,105.75,2026-09-02 06:20:00,2026-09-02 06:35:00,15
2026-09-02 06:20:00,01F0950S,01F0980S,31,104,84,01F0950S>01F0980S,20260902,76,104,105.33333333333333,107,79,108.33333333333333,104,107.33333333333333,2026-09-02 06:25:00,2026-09-02 06:40:00,15
2026-09-02 06:25:00,01F0950S,01F0980S,31,107,99,01F0950S>01F0980S,20260902,77,107,106.66666666666667,107,80,109.66666666666667,107,109.91666666666667,2026-09-02 06:30:00,2026-09-02 06:45:00,15
2026-09-02 06:30:00,01F0950S,01F0980S,31,105,95,01F0950S>01F0980S,20260902,78,105,107.0,107,81,109.66666666666667,105,108.16666666666667,2026-09-02 06:35:00,2026-09-02 06:50:00,15
2026-09-02 06:35:00,01F0950S,01F0980S,31,107,114,01F0950S>01F0980S,20260902,79,107,108.33333333333333,109,82,110.33333333333333,107,109.33333333333333,2026-09-02 06:40:00,2026-09-02 06:55:00,15
2026-09-02 06:40:00,01F0950S,01F0980S,31,107,100,01F0950S>01F0980S,20260902,80,107,109.66666666666667,110,83,111.0,107,109.0,2026-09-02 06:45:00,2026-09-02 07:00:00,15
2026-09-02 06:45:00,01F0950S,01F0980S,31,107,121,01F0950S>01F0980S,20260902,81,107,109.66666666666667,112,84,110.0,107,108.0,2026-09-02 06:50:00,2026-09-02 07:05:00,15
2026-09-02 06:50:00,01F0950S,01F0980S,31,109,126,01F0950S>01F0980S,20260902,82,109,110.33333333333333,112,85,111.0,109,110.0,2026-09-02 06:55:00,2026-09-02 07:10:00,15
2026-09-02 06:55:00,01F0950S,01F0980S,31,110,124,01F0950S>01F0980S,20260902,83,110,111.0,120,86,110.66666666666667,110,109.91666666666667,2026-09-02 07:00:00,2026-09-02 07:15:00,15
2026-09-02 07:00:00,01F0950S,01F0980S,31,112,129,01F0950S>01F0980S,20260902,84,112,110.0,112,87,112.0,112,113.5,2026-09-02 07:05:00,2026-09-02 07:20:00,15
2026-09-02 07:05:00,01F0950S,01F0980S,31,112,113,01F0950S>01F0980S,20260902,85,112,111.0,113,88,112.0,112,112.75,2026-09-02 07:10:00,2026-09-02 07:25:00,15
2026-09-02 07:10:00,01F0950S,01F0980S,31,120,128,01F0950S>01F0980S,20260902,86,120,110.66666666666667,112,89,113.0,120,120.0,2026-09-02 07:15:00,2026-09-02 07:30:00,15
2026-09-02 07:15:00,01F0950S,01F0980S,31,112,94,01F0950S>01F0980S,20260902,87,112,112.0,111,90,111.0,112,111.0,2026-09-02 07:20:00,2026-09-02 07:35:00,15
2026-09-02 07:20:00,01F0950S,01F0980S,31,113,103,01F0950S>01F0980S,20260902,88,113,112.0,111,91,112.66666666666667,113,113.41666666666667,2026-09-02 07:25:00,2026-09-02 07:40:00,15
2026-09-02 07:25:00,01F0950S,01F0980S,31,112,110,01F0950S>01F0980S,20260902,89,112,113.0,113,92,113.66666666666667,112,112.91666666666667,2026-09-02 07:30:00,2026-09-02 07:45:00,15
2026-09-02 07:30:00,01F0950S,01F0980S,31,111,108,01F0950S>01F0980S,20260902,90,111,111.0,109,93,113.0,111,113.0,2026-09-02 07:35:00,2026-09-02 07:50:00,15
2026-09-02 07:35:00,01F0950S,01F0980S,31,111,113,01F0950S>01F0980S,20260902,91,111,112.66666666666667,113,94,112.66666666666667,111,111.41666666666667,2026-09-02 07:40:00,2026-09-02 07:55:00,15
2026-09-02 07:40:00,01F0950S,01F0980S,31,113,121,01F0950S>01F0980S,20260902,92,113,113.66666666666667,112,95,113.33333333333333,113,112.83333333333333,2026-09-02 07:45:00,2026-09-02 08:00:00,15
2026-09-02 07:45:00,01F0950S,01F0980S,31,109,109,01F0950S>01F0980S,20260902,93,109,113.0,115,96,112.66666666666667,109,109.66666666666667,2026-09-02 07:50:00,2026-09-02 08:05:00,15
2026-09-02 07:50:00,01F0950S,01F0980S,31,113,112,01F0950S>01F0980S,20260902,94,113,112.66666666666667,112,97,111.0,113,111.25,2026-09-02 07:55:00,2026-09-02 08:10:00,15
2026-09-02 07:55:00,01F0950S,01F0980S,31,112,106,01F0950S>01F0980S,20260902,95,112,113.33333333333333,111,98,109.66666666666667,112,108.66666666666667,2026-09-02 08:00:00,2026-09-02 08:15:00,15
2026-09-02 08:00:00,01F0950S,01F0980S,31,115,109,01F0950S>01F0980S,20260902,96,115,112.66666666666667,112,99,112.33333333333333,115,114.08333333333333,2026-09-02 08:05:00,2026-09-02 08:20:00,15
2026-09-02 08:05:00,01F0950S,01F0980S,31,112,106,01F0950S>01F0980S,20260902,97,112,111.0,119,100,110.66666666666667,112,111.41666666666667,2026-09-02 08:10:00,2026-09-02 08:25:00,15
2026-09-02 08:10:00,01F0950S,01F0980S,31,111,108,01F0950S>01F0980S,20260902,98,111,109.66666666666667,117,101,111.0,111,112.0,2026-09-02 08:15:00,2026-09-02 08:30:00,15
2026-09-02 08:15:00,01F0950S,01F0980S,31,112,114,01F0950S>01F0980S,20260902,99,112,112.33333333333333,119,102,111.66666666666667,112,111.41666666666667,2026-09-02 08:20:00,2026-09-02 08:35:00,15
2026-09-02 08:20:00,01F0950S,01F0980S,31,119,127,01F0950S>01F0980S,20260902,100,119,110.66666666666667,113,103,111.33333333333333,119,117.58333333333333,2026-09-02 08:25:00,2026-09-02 08:40:00,15
2026-09-02 08:25:00,01F0950S,01F0980S,31,117,113,01F0950S>01F0980S,20260902,101,117,111.0,114,104,111.66666666666667,117,116.16666666666667,2026-09-02 08:30:00,2026-09-02 08:45:00,15
2026-09-02 08:30:00,01F0950S,01F0980S,31,119,102,01F0950S>01F0980S,20260902,102,119,111.66666666666667,115,105,112.0,119,117.5,2026-09-02 08:35:00,2026-09-02 08:50:00,15
2026-09-02 08:35:00,01F0950S,01F0980S,31,113,101,01F0950S>01F0980S,20260902,103,113,111.33333333333333,114,106,111.0,113,112.25,2026-09-02 08:40:00,2026-09-02 08:55:00,15
2026-09-02 08:40:00,01F0950S,01F0980S,31,114,102,01F0950S>01F0980S,20260902,104,114,111.66666666666667,116,107,111.33333333333333,114,113.08333333333333,2026-09-02 08:45:00,2026-09-02 09:00:00,15
2026-09-02 08:45:00,01F0950S,01F0980S,31,115,90,01F0950S>01F0980S,20260902,105,115,112.0,113,108,113.33333333333333,115,115.58333333333333,2026-09-02 08:50:00,2026-09-02 09:05:00,15
2026-09-02 08:50:00,01F0950S,01F0980S,31,114,96,01F0950S>01F0980S,20260902,106,114,111.0,116,109,113.0,114,115.25,2026-09-02 08:55:00,2026-09-02 09:10:00,15
2026-09-02 08:55:00,01F0950S,01F0980S,31,116,114,01F0950S>01F0980S,20260902,107,116,111.33333333333333,112,110,113.0,116,116.5,2026-09-02 09:00:00,2026-09-02 09:15:00,15
2026-09-02 09:00:00,01F0950S,01F0980S,31,113,107,01F0950S>01F0980S,20260902,108,113,113.33333333333333,115,111,116.66666666666667,113,116.41666666666667,2026-09-02 09:05:00,2026-09-02 09:20:00,15
2026-09-02 09:05:00,01F0950S,01F0980S,31,116,108,01F0950S>01F0980S,20260902,109,116,113.0,117,112,114.66666666666667,116,116.91666666666667,2026-09-02 09:10:00,2026-09-02 09:25:00,15
2026-09-02 09:10:00,01F0950S,01F0980S,31,112,116,01F0950S>01F0980S,20260902,110,112,113.0,111,113,115.33333333333333,112,114.58333333333333,2026-09-02 09:15:00,2026-09-02 09:30:00,15
2026-09-02 09:15:00,01F0950S,01F0980S,31,115,111,01F0950S>01F0980S,20260902,111,115,116.66666666666667,113,114,117.0,115,115.75,2026-09-02 09:20:00,2026-09-02 09:35:00,15
2026-09-02 09:20:00,01F0950S,01F0980S,31,117,117,01F0950S>01F0980S,20260902,112,117,114.66666666666667,112,115,118.0,117,119.75,2026-09-02 09:25:00,2026-09-02 09:40:00,15
2026-09-02 09:25:00,01F0950S,01F0980S,31,111,110,01F0950S>01F0980S,20260902,113,111,115.33333333333333,114,116,118.33333333333333,111,115.08333333333333,2026-09-02 09:30:00,2026-09-02 09:45:00,15
2026-09-02 09:30:00,01F0950S,01F0980S,31,113,150,01F0950S>01F0980S,20260902,114,113,117.0,116,117,119.0,113,116.0,2026-09-02 09:35:00,2026-09-02 09:50:00,15
2026-09-02 09:35:00,01F0950S,01F0980S,31,112,127,01F0950S>01F0980S,20260902,115,112,118.0,112,118,116.33333333333333,112,111.83333333333333,2026-09-02 09:40:00,2026-09-02 09:55:00,15
2026-09-02 09:40:00,01F0950S,01F0980S,31,114,118,01F0950S>01F0980S,20260902,116,114,118.33333333333333,114,119,116.33333333333333,114,113.08333333333333,2026-09-02 09:45:00,2026-09-02 10:00:00,15
2026-09-02 09:45:00,01F0950S,01F0980S,31,116,135,01F0950S>01F0980S,20260902,117,116,119.0,113,120,118.33333333333333,116,116.08333333333333,2026-09-02 09:50:00,2026-09-02 10:05:00,15
2026-09-02 09:50:00,01F0950S,01F0980S,31,112,116,01F0950S>01F0980S,20260902,118,112,116.33333333333333,113,121,114.0,112,110.75,2026-09-02 09:55:00,2026-09-02 10:10:00,15
2026-09-02 09:55:00,01F0950S,01F0980S,31,114,149,01F0950S>01F0980S,20260902,119,114,116.33333333333333,113,122,113.66666666666667,114,111.91666666666667,2026-09-02 10:00:00,2026-09-02 10:15:00,15
2026-09-02 10:00:00,01F0950S,01F0980S,31,113,134,01F0950S>01F0980S,20260902,120,113,118.33333333333333,117,123,116.33333333333333,113,112.33333333333333,2026-09-02 10:05:00,2026-09-02 10:20:00,15
2026-09-02 10:05:00,01F0950S,01F0980S,31,113,143,01F0950S>01F0980S,20260902,121,113,114.0,117,124,116.66666666666667,113,115.91666666666667,2026-09-02 10:10:00,2026-09-02 10:25:00,15
2026-09-02 10:10:00,01F0950S,01F0980S,31,113,131,01F0950S>01F0980S,20260902,122,113,113.66666666666667,116,125,120.0,113,119.5,2026-09-02 10:15:00,2026-09-02 10:30:00,15
2026-09-02 10:15:00,01F0950S,01F0980S,31,117,140,01F0950S>01F0980S,20260902,123,117,116.33333333333333,114,126,116.66666666666667,117,117.16666666666667,2026-09-02 10:20:00,2026-09-02 10:35:00,15
2026-09-02 10:20:00,01F0950S,01F0980S,31,117,145,01F0950S>01F0980S,20260902,124,117,116.66666666666667,111,127,116.33333333333333,117,116.58333333333333,2026-09-02 10:25:00,2026-09-02 10:40:00,15
2026-09-02 10:25:00,01F0950S,01F0980S,31,116,160,01F0950S>01F0980S,20260902,125,116,120.0,117,128,117.66666666666667,116,114.66666666666667,2026-09-02 10:30:00,2026-09-02 10:45:00,15
2026-09-02 10:30:00,01F0950S,01F0980S,31,114,152,01F0950S>01F0980S,20260902,126,114,116.66666666666667,114,129,120.0,114,118.0,2026-09-02 10:35:00,2026-09-02 10:50:00,15
2026-09-02 10:35:00,01F0950S,01F0980S,31,111,127,01F0950S>01F0980S,20260902,127,111,116.33333333333333,110,130,118.33333333333333,111,114.33333333333333,2026-09-02 10:40:00,2026-09-02 10:55:00,15
2026-09-02 10:40:00,01F0950S,01F0980S,31,117,144,01F0950S>01F0980S,20260902,128,117,117.66666666666667,112,131,117.33333333333333,117,116.83333333333333,2026-09-02 10:45:00,2026-09-02 11:00:00,15
2026-09-02 10:45:00,01F0950S,01F0980S,31,114,140,01F0950S>01F0980S,20260902,129,114,120.0,112,132,120.33333333333333,114,115.83333333333333,2026-09-02 10:50:00,2026-09-02 11:05:00,15
2026-09-02 10:50:00,01F0950S,01F0980S,31,110,133,01F0950S>01F0980S,20260902,130,110,118.33333333333333,113,133,119.33333333333333,110,113.08333333333333,2026-09-02 10:55:00,2026-09-02 11:10:00,15
2026-09-02 10:55:00,01F0950S,01F0980S,31,112,122,01F0950S>01F0980S,20260902,131,112,117.33333333333333,112,134,118.33333333333333,112,114.33333333333333,2026-09-02 11:00:00,2026-09-02 11:15:00,15
2026-09-02 11:00:00,01F0950S,01F0980S,31,112,112,01F0950S>01F0980S,20260902,132,112,120.33333333333333,110,135,114.66666666666667,112,108.41666666666667,2026-09-02 11:05:00,2026-09-02 11:20:00,15
2026-09-02 11:05:00,01F0950S,01F0980S,31,113,133,01F0950S>01F0980S,20260902,133,113,119.33333333333333,109,136,115.66666666666667,113,110.91666666666667,2026-09-02 11:10:00,2026-09-02 11:25:00,15
2026-09-02 11:10:00,01F0950S,01F0980S,31,112,140,01F0950S>01F0980S,20260902,134,112,118.33333333333333,114,137,114.66666666666667,112,109.91666666666667,2026-09-02 11:15:00,2026-09-02 11:30:00,15
2026-09-02 11:15:00,01F0950S,01F0980S,31,110,106,01F0950S>01F0980S,20260902,135,110,114.66666666666667,111,138,115.66666666666667,110,112.16666666666667,2026-09-02 11:20:00,2026-09-02 11:35:00,15
2026-09-02 11:20:00,01F0950S,01F0980S,31,109,108,01F0950S>01F0980S,20260902,136,109,115.66666666666667,109,139,116.33333333333333,109,111.33333333333333,2026-09-02 11:25:00,2026-09-02 11:40:00,15
2026-09-02 11:25:00,01F0950S,01F0980S,31,114,120,01F0950S>01F0980S,20260902,137,114,114.66666666666667,112,140,115.33333333333333,114,114.83333333333333,2026-09-02 11:30:00,2026-09-02 11:45:00,15
2026-09-02 11:30:00,01F0950S,01F0980S,31,111,115,01F0950S>01F0980S,20260902,138,111,115.66666666666667,109,141,114.66666666666667,111,111.16666666666667,2026-09-02 11:35:00,2026-09-02 11:50:00,15
2026-09-02 11:35:00,01F0950S,01F0980S,31,109,131,01F0950S>01F0980S,20260902,139,109,116.33333333333333,112,142,113.66666666666667,109,108.16666666666667,2026-09-02 11:40:00,2026-09-02 11:55:00,15
2026-09-02 11:40:00,01F0950S,01F0980S,31,112,99,01F0950S>01F0980S,20260902,140,112,115.33333333333333,111,143,113.66666666666667,112,111.16666666666667,2026-09-02 11:45:00,2026-09-02 12:00:00,15
2026-09-02 11:45:00,01F0950S,01F0980S,31,109,108,01F0950S>01F0980S,20260902,141,109,114.66666666666667,110,144,111.0,109,106.75,2026-09-02 11:50:00,2026-09-02 12:05:00,15
2026-09-02 11:50:00,01F0950S,01F0980S,31,112,112,01F0950S>01F0980S,20260902,142,112,113.66666666666667,111,145,113.66666666666667,112,112.41666666666667,2026-09-02 11:55:00,2026-09-02 12:10:00,15
2026-09-02 11:55:00,01F0950S,01F0980S,31,111,131,01F0950S>01F0980S,20260902,143,111,113.66666666666667,110,146,114.0,111,112.0,2026-09-02 12:00:00,2026-09-02 12:15:00,15
2026-09-02 12:00:00,01F0950S,01F0980S,31,110,109,01F0950S>01F0980S,20260902,144,110,111.0,109,147,112.0,110,111.25,2026-09-02 12:05:00,2026-09-02 12:20:00,15
2026-09-02 12:05:00,01F0950S,01F0980S,31,111,109,01F0950S>01F0980S,20260902,145,111,113.66666666666667,110,148,114.66666666666667,111,112.66666666666667,2026-09-02 12:10:00,2026-09-02 12:25:00,15
2026-09-02 12:10:00,01F0950S,01F0980S,31,110,106,01F0950S>01F0980S,20260902,146,110,114.0,118,149,117.66666666666667,110,114.66666666666667,2026-09-02 12:15:00,2026-09-02 12:30:00,15
2026-09-02 12:15:00,01F0950S,01F0980S,31,109,109,01F0950S>01F0980S,20260902,147,109,112.0,109,150,113.33333333333333,109,111.08333333333333,2026-09-02 12:20:00,2026-09-02 12:35:00,15
2026-09-02 12:20:00,01F0950S,01F0980S,31,110,122,01F0950S>01F0980S,20260902,148,110,114.66666666666667,112,151,112.0,110,108.5,2026-09-02 12:25:00,2026-09-02 12:40:00,15
2026-09-02 12:25:00,01F0950S,01F0980S,31,118,140,01F0950S>01F0980S,20260902,149,118,117.66666666666667,111,152,109.33333333333333,118,109.58333333333333,2026-09-02 12:30:00,2026-09-02 12:45:00,15
2026-09-02 12:30:00,01F0950S,01F0980S,31,109,99,01F0950S>01F0980S,20260902,150,109,113.33333333333333,107,153,111.0,109,107.75,2026-09-02 12:35:00,2026-09-02 12:50:00,15
2026-09-02 12:35:00,01F0950S,01F0980S,31,112,117,01F0950S>01F0980S,20260902,151,112,112.0,108,154,110.0,112,110.0,2026-09-02 12:40:00,2026-09-02 12:55:00,15
2026-09-02 12:40:00,01F0950S,01F0980S,31,111,122,01F0950S>01F0980S,20260902,152,111,109.33333333333333,108,155,109.33333333333333,111,110.58333333333333,2026-09-02 12:45:00,2026-09-02 13:00:00,15
2026-09-02 12:45:00,01F0950S,01F0980S,31,107,107,01F0950S>01F0980S,20260902,153,107,111.0,110,156,110.0,107,107.0,2026-09-02 12:50:00,2026-09-02 13:05:00,15
2026-09-02 12:50:00,01F0950S,01F0980S,31,108,110,01F0950S>01F0980S,20260902,154,108,110.0,108,157,119.66666666666667,108,118.16666666666667,2026-09-02 12:55:00,2026-09-02 13:10:00,15
2026-09-02 12:55:00,01F0950S,01F0980S,31,108,109,01F0950S>01F0980S,20260902,155,108,109.33333333333333,108,158,116.33333333333333,108,115.33333333333333,2026-09-02 13:00:00,2026-09-02 13:15:00,15
2026-09-02 13:00:00,01F0950S,01F0980S,31,110,114,01F0950S>01F0980S,20260902,156,110,110.0,111,159,112.33333333333333,110,112.33333333333333,2026-09-02 13:05:00,2026-09-02 13:20:00,15
2026-09-02 13:05:00,01F0950S,01F0980S,31,108,132,01F0950S>01F0980S,20260902,157,108,119.66666666666667,108,160,110.0,108,101.25,2026-09-02 13:10:00,2026-09-02 13:25:00,15
2026-09-02 13:10:00,01F0950S,01F0980S,31,108,104,01F0950S>01F0980S,20260902,158,108,116.33333333333333,113,161,109.33333333333333,108,103.08333333333333,2026-09-02 13:15:00,2026-09-02 13:30:00,15
2026-09-02 13:15:00,01F0950S,01F0980S,31,111,131,01F0950S>01F0980S,20260902,159,111,112.33333333333333,109,162,111.0,111,110.0,2026-09-02 13:20:00,2026-09-02 13:35:00,15
2026-09-02 13:20:00,01F0950S,01F0980S,31,108,92,01F0950S>01F0980S,20260902,160,108,110.0,110,163,110.66666666666667,108,109.16666666666667,2026-09-02 13:25:00,2026-09-02 13:40:00,15
2026-09-02 13:25:00,01F0950S,01F0980S,31,113,111,01F0950S>01F0980S,20260902,161,113,109.33333333333333,112,164,112.33333333333333,113,115.08333333333333,2026-09-02 13:30:00,2026-09-02 13:45:00,15
2026-09-02 13:30:00,01F0950S,01F0980S,31,109,102,01F0950S>01F0980S,20260902,162,109,111.0,108,165,113.0,109,111.5,2026-09-02 13:35:00,2026-09-02 13:50:00,15
2026-09-02 13:35:00,01F0950S,01F0980S,31,110,118,01F0950S>01F0980S,20260902,163,110,110.66666666666667,107,166,112.66666666666667,110,112.16666666666667,2026-09-02 13:40:00,2026-09-02 13:55:00,15
2026-09-02 13:40:00,01F0950S,01F0980S,31,112,127,01F0950S>01F0980S,20260902,164,112,112.33333333333333,111,167,112.66666666666667,112,112.41666666666667,2026-09-02 13:45:00,2026-09-02 14:00:00,15
2026-09-02 13:45:00,01F0950S,01F0980S,31,108,107,01F0950S>01F0980S,20260902,165,108,113.0,111,168,113.66666666666667,108,109.91666666666667,2026-09-02 13:50:00,2026-09-02 14:05:00,15
2026-09-02 13:50:00,01F0950S,01F0980S,31,107,123,01F0950S>01F0980S,20260902,166,107,112.66666666666667,109,169,113.33333333333333,107,109.08333333333333,2026-09-02 13:55:00,2026-09-02 14:10:00,15
2026-09-02 13:55:00,01F0950S,01F0980S,31,111,108,01F0950S>01F0980S,20260902,167,111,112.66666666666667,111,170,114.33333333333333,111,113.08333333333333,2026-09-02 14:00:00,2026-09-02 14:15:00,15
2026-09-02 14:00:00,01F0950S,01F0980S,31,111,118,01F0950S>01F0980S,20260902,168,111,113.66666666666667,110,171,114.33333333333333,111,112.33333333333333,2026-09-02 14:05:00,2026-09-02 14:20:00,15
2026-09-02 14:05:00,01F0950S,01F0980S,31,109,104,01F0950S>01F0980S,20260902,169,109,113.33333333333333,109,172,120.66666666666667,109,117.41666666666667,2026-09-02 14:10:00,2026-09-02 14:25:00,15
2026-09-02 14:10:00,01F0950S,01F0980S,31,111,119,01F0950S>01F0980S,20260902,170,111,114.33333333333333,109,173,120.0,111,117.5,2026-09-02 14:15:00,2026-09-02 14:30:00,15
2026-09-02 14:15:00,01F0950S,01F0980S,31,110,132,01F0950S>01F0980S,20260902,171,110,114.33333333333333,111,174,117.0,110,113.75,2026-09-02 14:20:00,2026-09-02 14:35:00,15
2026-09-02 14:20:00,01F0950S,01F0980S,31,109,122,01F0950S>01F0980S,20260902,172,109,120.66666666666667,113,175,114.33333333333333,109,105.58333333333333,2026-09-02 14:25:00,2026-09-02 14:40:00,15
2026-09-02 14:25:00,01F0950S,01F0980S,31,109,119,01F0950S>01F0980S,20260902,173,109,120.0,108,176,115.66666666666667,109,107.41666666666667,2026-09-02 14:30:00,2026-09-02 14:45:00,15
2026-09-02 14:30:00,01F0950S,01F0980S,31,111,101,01F0950S>01F0980S,20260902,174,111,117.0,109,177,118.66666666666667,111,114.16666666666667,2026-09-02 14:35:00,2026-09-02 14:50:00,15
2026-09-02 14:35:00,01F0950S,01F0980S,31,113,122,01F0950S>01F0980S,20260902,175,113,114.33333333333333,117,178,117.33333333333333,113,116.33333333333333,2026-09-02 14:40:00,2026-09-02 14:55:00,15
2026-09-02 14:40:00,01F0950S,01F0980S,31,108,115,01F0950S>01F0980S,20260902,176,108,115.66666666666667,115,179,123.33333333333333,108,117.58333333333333,2026-09-02 14:45:00,2026-09-02 15:00:00,15
2026-09-02 14:45:00,01F0950S,01F0980S,31,109,118,01F0950S>01F0980S,20260902,177,109,118.66666666666667,110,180,120.66666666666667,109,113.41666666666667,2026-09-02 14:50:00,2026-09-02 15:05:00,15
2026-09-02 14:50:00,01F0950S,01F0980S,31,117,170,01F0950S>01F0980S,20260902,178,117,117.33333333333333,108,181,119.66666666666667,117,119.41666666666667,2026-09-02 14:55:00,2026-09-02 15:10:00,15
2026-09-02 14:55:00,01F0950S,01F0980S,31,115,128,01F0950S>01F0980S,20260902,179,115,123.33333333333333,119,182,115.0,115,108.75,2026-09-02 15:00:00,2026-09-02 15:15:00,15
2026-09-02 15:00:00,01F0950S,01F0980S,31,110,128,01F0950S>01F0980S,20260902,180,110,120.66666666666667,111,183,114.33333333333333,110,106.33333333333333,2026-09-02 15:05:00,2026-09-02 15:20:00,15
2026-09-02 15:05:00,01F0950S,01F0980S,31,108,104,01F0950S>01F0980S,20260902,181,108,119.66666666666667,113,184,114.66666666666667,108,105.91666666666667,2026-09-02 15:10:00,2026-09-02 15:25:00,15
2026-09-02 15:10:00,01F0950S,01F0980S,31,119,123,01F0950S>01F0980S,20260902,182,119,115.0,110,185,117.0,119,120.0,2026-09-02 15:15:00,2026-09-02 15:30:00,15
2026-09-02 15:15:00,01F0950S,01F0980S,31,111,119,01F0950S>01F0980S,20260902,183,111,114.33333333333333,117,186,114.66666666666667,111,112.16666666666667,2026-09-02 15:20:00,2026-09-02 15:35:00,15
2026-09-02 15:20:00,01F0950S,01F0980S,31,113,131,01F0950S>01F0980S,20260902,184,113,114.66666666666667,112,187,118.66666666666667,113,117.41666666666667,2026-09-02 15:25:00,2026-09-02 15:40:00,15
2026-09-02 15:25:00,01F0950S,01F0980S,31,110,128,01F0950S>01F0980S,20260902,185,110,117.0,112,188,115.66666666666667,110,110.41666666666667,2026-09-02 15:30:00,2026-09-02 15:45:00,15
2026-09-02 15:30:00,01F0950S,01F0980S,31,117,143,01F0950S>01F0980S,20260902,186,117,114.66666666666667,111,189,119.0,117,120.75,2026-09-02 15:35:00,2026-09-02 15:50:00,15
2026-09-02 15:35:00,01F0950S,01F0980S,31,112,129,01F0950S>01F0980S,20260902,187,112,118.66666666666667,111,190,117.33333333333333,112,112.33333333333333,2026-09-02 15:40:00,2026-09-02 15:55:00,15
2026-09-02 15:40:00,01F0950S,01F0980S,31,112,138,01F0950S>01F0980S,20260902,188,112,115.66666666666667,115,191,118.0,112,115.25,2026-09-02 15:45:00,2026-09-02 16:00:00,15
2026-09-02 15:45:00,01F0950S,01F0980S,31,111,138,01F0950S>01F0980S,20260902,189,111,119.0,112,192,119.0,111,113.0,2026-09-02 15:50:00,2026-09-02 16:05:00,15
2026-09-02 15:50:00,01F0950S,01F0980S,31,111,136,01F0950S>01F0980S,20260902,190,111,117.33333333333333,121,193,119.66666666666667,111,114.91666666666667,2026-09-02 15:55:00,2026-09-02 16:10:00,15
2026-09-02 15:55:00,01F0950S,01F0980S,31,115,152,01F0950S>01F0980S,20260902,191,115,118.0,116,194,126.66666666666667,115,124.41666666666667,2026-09-02 16:00:00,2026-09-02 16:15:00,15
2026-09-02 16:00:00,01F0950S,01F0980S,31,112,113,01F0950S>01F0980S,20260902,192,112,119.0,112,195,134.0,112,128.75,2026-09-02 16:05:00,2026-09-02 16:20:00,15
2026-09-02 16:05:00,01F0950S,01F0980S,31,121,139,01F0950S>01F0980S,20260902,193,121,119.66666666666667,118,196,152.33333333333334,121,153.33333333333334,2026-09-02 16:10:00,2026-09-02 16:25:00,15
2026-09-02 16:10:00,01F0950S,01F0980S,31,116,143,01F0950S>01F0980S,20260902,194,116,126.66666666666667,110,197,148.66666666666666,116,140.66666666666666,2026-09-02 16:15:00,2026-09-02 16:30:00,15
2026-09-02 16:15:00,01F0950S,01F0980S,31,112,130,01F0950S>01F0980S,20260902,195,112,134.0,114,198,147.0,112,130.5,2026-09-02 16:20:00,2026-09-02 16:35:00,15
2026-09-02 16:20:00,01F0950S,01F0980S,31,118,148,01F0950S>01F0980S,20260902,196,118,152.33333333333334,120,199,150.66666666666666,118,124.91666666666666,2026-09-02 16:25:00,2026-09-02 16:40:00,15
2026-09-02 16:25:00,01F0950S,01F0980S,31,110,139,01F0950S>01F0980S,20260902,197,110,148.66666666666666,124,200,169.33333333333334,110,140.33333333333334,2026-09-02 16:30:00,2026-09-02 16:45:00,15
2026-09-02 16:30:00,01F0950S,01F0980S,31,114,136,01F0950S>01F0980S,20260902,198,114,147.0,116,201,182.33333333333334,114,157.58333333333334,2026-09-02 16:35:00,2026-09-02 16:50:00,15
2026-09-02 16:35:00,01F0950S,01F0980S,31,120,157,01F0950S>01F0980S,20260902,199,120,150.66666666666666,113,202,195.0,120,172.0,2026-09-02 16:40:00,2026-09-02 16:55:00,15
2026-09-02 16:40:00,01F0950S,01F0980S,31,124,135,01F0950S>01F0980S,20260902,200,124,169.33333333333334,118,203,197.66666666666666,124,163.66666666666666,2026-09-02 16:45:00,2026-09-02 17:00:00,15
2026-09-02 16:45:00,01F0950S,01F0980S,31,116,151,01F0950S>01F0980S,20260902,201,116,182.33333333333334,117,204,220.0,116,170.25,2026-09-02 16:50:00,2026-09-02 17:05:00,15
2026-09-02 16:50:00,01F0950S,01F0980S,31,113,155,01F0950S>01F0980S,20260902,202,113,195.0,119,205,227.33333333333334,113,165.83333333333334,2026-09-02 16:55:00,2026-09-02 17:10:00,15
2026-09-02 16:55:00,01F0950S,01F0980S,31,118,153,01F0950S>01F0980S,20260902,203,118,197.66666666666666,119,206,253.33333333333334,118,193.58333333333334,2026-09-02 17:00:00,2026-09-02 17:15:00,15
2026-09-02 17:00:00,01F0950S,01F0980S,31,117,118,01F0950S>01F0980S,20260902,204,117,220.0,134,207,229.0,117,151.75,2026-09-02 17:05:00,2026-09-02 17:20:00,15
2026-09-02 17:05:00,01F0950S,01F0980S,31,119,158,01F0950S>01F0980S,20260902,205,119,227.33333333333334,130,208,196.66666666666666,119,115.41666666666666,2026-09-02 17:10:00,2026-09-02 17:25:00,15
2026-09-02 17:10:00,01F0950S,01F0980S,31,119,173,01F0950S>01F0980S,20260902,206,119,253.33333333333334,128,209,192.0,119,91.25,2026-09-02 17:15:00,2026-09-02 17:30:00,15
2026-09-02 17:15:00,01F0950S,01F0980S,31,134,174,01F0950S>01F0980S,20260902,207,134,229.0,125,210,195.33333333333334,134,124.08333333333334,2026-09-02 17:20:00,2026-09-02 17:35:00,15
2026-09-02 17:20:00,01F0950S,01F0980S,31,130,213,01F0950S>01F0980S,20260902,208,130,196.66666666666666,130,211,201.66666666666666,130,151.66666666666666,2026-09-02 17:25:00,2026-09-02 17:40:00,15
2026-09-02 17:25:00,01F0950S,01F0980S,31,128,204,01F0950S>01F0980S,20260902,209,128,192.0,149,212,200.0,128,152.0,2026-09-02 17:30:00,2026-09-02 17:45:00,15
2026-09-02 17:30:00,01F0950S,01F0980S,31,125,172,01F0950S>01F0980S,20260902,210,125,195.33333333333334,168,213,192.33333333333334,125,139.58333333333334,2026-09-02 17:35:00,2026-09-02 17:50:00,15
2026-09-02 17:35:00,01F0950S,01F0980S,31,130,173,01F0950S>01F0980S,20260902,211,130,201.66666666666666,163,214,189.66666666666666,130,135.91666666666666,2026-09-02 17:40:00,2026-09-02 17:55:00,15
2026-09-02 17:40:00,01F0950S,01F0980S,31,149,131,01F0950S>01F0980S,20260902,212,149,200.0,144,215,185.33333333333334,149,147.08333333333334,2026-09-02 17:45:00,2026-09-02 18:00:00,15
2026-09-02 17:45:00,01F0950S,01F0980S,31,168,159,01F0950S>01F0980S,20260902,213,168,192.33333333333334,131,216,180.66666666666666,168,162.41666666666666,2026-09-02 17:50:00,2026-09-02 18:05:00,15
2026-09-02 17:50:00,01F0950S,01F0980S,31,163,187,01F0950S>01F0980S,20260902,214,163,189.66666666666666,116,217,167.66666666666666,163,147.66666666666666,2026-09-02 17:55:00,2026-09-02 18:10:00,15
2026-09-02 17:55:00,01F0950S,01F0980S,31,144,193,01F0950S>01F0980S,20260902,215,144,185.33333333333334,116,218,166.66666666666666,144,135.66666666666666,2026-09-02 18:00:00,2026-09-02 18:15:00,15
2026-09-02 18:00:00,01F0950S,01F0980S,31,131,166,01F0950S>01F0980S,20260902,216,131,180.66666666666666,122,219,173.0,131,135.75,2026-09-02 18:05:00,2026-09-02 18:20:00,15
2026-09-02 18:05:00,01F0950S,01F0980S,31,116,153,01F0950S>01F0980S,20260902,217,116,167.66666666666666,123,220,171.66666666666666,116,132.91666666666666,2026-09-02 18:10:00,2026-09-02 18:25:00,15
2026-09-02 18:10:00,01F0950S,01F0980S,31,116,168,01F0950S>01F0980S,20260902,218,116,166.66666666666666,122,221,174.0,116,136.0,2026-09-02 18:15:00,2026-09-02 18:30:00,15
2026-09-02 18:15:00,01F0950S,01F0980S,31,122,147,01F0950S>01F0980S,20260902,219,122,173.0,119,222,168.66666666666666,122,130.41666666666666,2026-09-02 18:20:00,2026-09-02 18:35:00,15
2026-09-02 18:20:00,01F0950S,01F0980S,31,123,155,01F0950S>01F0980S,20260902,220,123,171.66666666666666,119,223,162.66666666666666,123,126.16666666666666,2026-09-02 18:25:00,2026-09-02 18:40:00,15
2026-09-02 18:25:00,01F0950S,01F0980S,31,122,162,01F0950S>01F0980S,20260902,221,122,174.0,124,224,159.33333333333334,122,120.33333333333334,2026-09-02 18:30:00,2026-09-02 18:45:00,15
2026-09-02 18:30:00,01F0950S,01F0980S,31,119,158,01F0950S>01F0980S,20260902,222,119,168.66666666666666,116,225,158.66666666666666,119,121.41666666666666,2026-09-02 18:35:00,2026-09-02 18:50:00,15
2026-09-02 18:35:00,01F0950S,01F0980S,31,119,159,01F0950S>01F0980S,20260902,223,119,162.66666666666666,114,226,156.66666666666666,119,123.91666666666666,2026-09-02 18:40:00,2026-09-02 18:55:00,15
2026-09-02 18:40:00,01F0950S,01F0980S,31,124,156,01F0950S>01F0980S,20260902,224,124,159.33333333333334,115,227,151.66666666666666,124,125.16666666666666,2026-09-02 18:45:00,2026-09-02 19:00:00,15
2026-09-02 18:45:00,01F0950S,01F0980S,31,116,153,01F0950S>01F0980S,20260902,225,116,158.66666666666666,118,228,155.33333333333334,116,123.33333333333334,2026-09-02 18:50:00,2026-09-02 19:05:00,15
2026-09-02 18:50:00,01F0950S,01F0980S,31,114,155,01F0950S>01F0980S,20260902,226,114,156.66666666666666,111,229,153.33333333333334,114,121.33333333333334,2026-09-02 18:55:00,2026-09-02 19:10:00,15
2026-09-02 18:55:00,01F0950S,01F0980S,31,115,137,01F0950S>01F0980S,20260902,227,115,151.66666666666666,111,230,180.0,115,152.5,2026-09-02 19:00:00,2026-09-02 19:15:00,15
2026-09-02 19:00:00,01F0950S,01F0980S,31,118,128,01F0950S>01F0980S,20260902,228,118,155.33333333333334,111,231,180.33333333333334,118,152.33333333333334,2026-09-02 19:05:00,2026-09-02 19:20:00,15
2026-09-02 19:05:00,01F0950S,01F0980S,31,111,127,01F0950S>01F0980S,20260902,229,111,153.33333333333334,111,232,153.66666666666666,111,121.91666666666666,2026-09-02 19:10:00,2026-09-02 19:25:00,15
2026-09-02 19:10:00,01F0950S,01F0980S,31,111,148,01F0950S>01F0980S,20260902,230,111,180.0,112,233,151.0,111,99.25,2026-09-02 19:15:00,2026-09-02 19:30:00,15
2026-09-02 19:15:00,01F0950S,01F0980S,31,111,123,01F0950S>01F0980S,20260902,231,111,180.33333333333334,117,234,147.0,111,95.0,2026-09-02 19:20:00,2026-09-02 19:35:00,15
2026-09-02 19:20:00,01F0950S,01F0980S,31,111,161,01F0950S>01F0980S,20260902,232,111,153.66666666666666,113,235,149.0,111,117.0,2026-09-02 19:25:00,2026-09-02 19:40:00,15
2026-09-02 19:25:00,01F0950S,01F0980S,31,112,112,01F0950S>01F0980S,20260902,233,112,151.0,115,236,149.33333333333334,112,120.08333333333334,2026-09-02 19:30:00,2026-09-02 19:45:00,15
2026-09-02 19:30:00,01F0950S,01F0980S,31,117,154,01F0950S>01F0980S,20260902,234,117,147.0,110,237,152.33333333333334,117,129.83333333333334,2026-09-02 19:35:00,2026-09-02 19:50:00,15
2026-09-02 19:35:00,01F0950S,01F0980S,31,113,112,01F0950S>01F0980S,20260902,235,113,149.0,109,238,147.66666666666666,113,120.66666666666666,2026-09-02 19:40:00,2026-09-02 19:55:00,15
2026-09-02 19:40:00,01F0950S,01F0980S,31,115,148,01F0950S>01F0980S,20260902,236,115,149.33333333333334,108,239,137.0,115,111.25,2026-09-02 19:45:00,2026-09-02 20:00:00,15
2026-09-02 19:45:00,01F0950S,01F0980S,31,110,122,01F0950S>01F0980S,20260902,237,110,152.33333333333334,110,240,139.0,110,107.25,2026-09-02 19:50:00,2026-09-02 20:05:00,15
2026-09-02 19:50:00,01F0950S,01F0980S,31,109,134,01F0950S>01F0980S,20260902,238,109,147.66666666666666,109,241,121.66666666666667,109,92.66666666666669,2026-09-02 19:55:00,2026-09-02 20:10:00,15
2026-09-02 19:55:00,01F0950S,01F0980S,31,108,118,01F0950S>01F0980S,20260902,239,108,137.0,107,242,113.0,108,91.25,2026-09-02 20:00:00,2026-09-02 20:15:00,15
2026-09-02 20:00:00,01F0950S,01F0980S,31,110,124,01F0950S>01F0980S,20260902,240,110,139.0,108,243,113.66666666666667,110,91.91666666666667,2026-09-02 20:05:00,2026-09-02 20:20:00,15
2026-09-02 20:05:00,01F0950S,01F0980S,31,109,121,01F0950S>01F0980S,20260902,241,109,121.66666666666667,109,244,114.0,109,104.5,2026-09-02 20:10:00,2026-09-02 20:25:00,15
2026-09-02 20:10:00,01F0950S,01F0980S,31,107,98,01F0950S>01F0980S,20260902,242,107,113.0,107,245,113.33333333333333,107,108.83333333333333,2026-09-02 20:15:00,2026-09-02 20:30:00,15
2026-09-02 20:15:00,01F0950S,01F0980S,31,108,112,01F0950S>01F0980S,20260902,243,108,113.66666666666667,110,246,114.0,108,109.75,2026-09-02 20:20:00,2026-09-02 20:35:00,15
2026-09-02 20:20:00,01F0950S,01F0980S,31,109,123,01F0950S>01F0980S,20260902,244,109,114.0,106,247,110.66666666666667,109,106.91666666666667,2026-09-02 20:25:00,2026-09-02 20:40:00,15
2026-09-02 20:25:00,01F0950S,01F0980S,31,107,119,01F0950S>01F0980S,20260902,245,107,113.33333333333333,107,248,109.33333333333333,107,104.58333333333333,2026-09-02 20:30:00,2026-09-02 20:45:00,15
2026-09-02 20:30:00,01F0950S,01F0980S,31,110,105,01F0950S>01F0980S,20260902,246,110,114.0,106,249,111.33333333333333,110,108.33333333333333,2026-09-02 20:35:00,2026-09-02 20:50:00,15
2026-09-02 20:35:00,01F0950S,01F0980S,31,106,104,01F0950S>01F0980S,20260902,247,106,110.66666666666667,107,250,108.33333333333333,106,104.83333333333333,2026-09-02 20:40:00,2026-09-02 20:55:00,15
2026-09-02 20:40:00,01F0950S,01F0980S,31,107,113,01F0950S>01F0980S,20260902,248,107,109.33333333333333,107,251,111.0,107,109.25,2026-09-02 20:45:00,2026-09-02 21:00:00,15
2026-09-02 20:45:00,01F0950S,01F0980S,31,106,110,01F0950S>01F0980S,20260902,249,106,111.33333333333333,105,252,119.33333333333333,106,115.33333333333333,2026-09-02 20:50:00,2026-09-02 21:05:00,15
2026-09-02 20:50:00,01F0950S,01F0980S,31,107,108,01F0950S>01F0980S,20260902,250,107,108.33333333333333,104,253,113.0,107,112.0,2026-09-02 20:55:00,2026-09-02 21:10:00,15
2026-09-02 20:55:00,01F0950S,01F0980S,31,107,103,01F0950S>01F0980S,20260902,251,107,111.0,108,254,111.0,107,108.0,2026-09-02 21:00:00,2026-09-02 21:15:00,15
2026-09-02 21:00:00,01F0950S,01F0980S,31,105,87,01F0950S>01F0980S,20260902,252,105,119.33333333333333,107,255,113.66666666666667,105,102.91666666666667,2026-09-02 21:05:00,2026-09-02 21:20:00,15
2026-09-02 21:05:00,01F0950S,01F0980S,31,104,95,01F0950S>01F0980S,20260902,253,104,113.0,106,256,110.0,104,103.25,2026-09-02 21:10:00,2026-09-02 21:25:00,15
2026-09-02 21:10:00,01F0950S,01F0980S,31,108,94,01F0950S>01F0980S,20260902,254,108,111.0,107,257,109.33333333333333,108,107.08333333333333,2026-09-02 21:15:00,2026-09-02 21:30:00,15
2026-09-02 21:15:00,01F0950S,01F0980S,31,107,88,01F0950S>01F0980S,20260902,255,107,113.66666666666667,106,258,108.33333333333333,107,103.33333333333333,2026-09-02 21:20:00,2026-09-02 21:35:00,15
2026-09-02 21:20:00,01F0950S,01F0980S,31,106,96,01F0950S>01F0980S,20260902,256,106,110.0,107,259,109.66666666666667,106,106.66666666666667,2026-09-02 21:25:00,2026-09-02 21:40:00,15
2026-09-02 21:25:00,01F0950S,01F0980S,31,107,95,01F0950S>01F0980S,20260902,257,107,109.33333333333333,108,260,109.66666666666667,107,107.91666666666667,2026-09-02 21:30:00,2026-09-02 21:45:00,15
2026-09-02 21:30:00,01F0950S,01F0980S,31,106,97,01F0950S>01F0980S,20260902,258,106,108.33333333333333,105,261,109.0,106,107.25,2026-09-02 21:35:00,2026-09-02 21:50:00,15
2026-09-02 21:35:00,01F0950S,01F0980S,31,107,79,01F0950S>01F0980S,20260902,259,107,109.66666666666667,105,262,109.0,107,107.0,2026-09-02 21:40:00,2026-09-02 21:55:00,15
2026-09-02 21:40:00,01F0950S,01F0980S,31,108,69,01F0950S>01F0980S,20260902,260,108,109.66666666666667,106,263,108.33333333333333,108,107.08333333333333,2026-09-02 21:45:00,2026-09-02 22:00:00,15
2026-09-02 21:45:00,01F0950S,01F0980S,31,105,90,01F0950S>01F0980S,20260902,261,105,109.0,107,264,108.0,105,105.0,2026-09-02 21:50:00,2026-09-02 22:05:00,15
2026-09-02 21:50:00,01F0950S,01F0980S,31,105,83,01F0950S>01F0980S,20260902,262,105,109.0,105,265,108.66666666666667,105,105.66666666666667,2026-09-02 21:55:00,2026-09-02 22:10:00,15
2026-09-02 21:55:00,01F0950S,01F0980S,31,106,67,01F0950S>01F0980S,20260902,263,106,108.33333333333333,105,266,105.66666666666667,106,103.91666666666667,2026-09-02 22:00:00,2026-09-02 22:15:00,15
2026-09-02 22:00:00,01F0950S,01F0980S,31,107,65,01F0950S>01F0980S,20260902,264,107,108.0,103,267,108.0,107,107.25,2026-09-02 22:05:00,2026-09-02 22:20:00,15
2026-09-02 22:05:00,01F0950S,01F0980S,31,105,81,01F0950S>01F0980S,20260902,265,105,108.66666666666667,106,268,106.0,105,103.25,2026-09-02 22:10:00,2026-09-02 22:25:00,15
2026-09-02 22:10:00,01F0950S,01F0980S,31,105,88,01F0950S>01F0980S,20260902,266,105,105.66666666666667,102,269,107.0,105,106.5,2026-09-02 22:15:00,2026-09-02 22:30:00,15
2026-09-02 22:15:00,01F0950S,01F0980S,31,103,78,01F0950S>01F0980S,20260902,267,103,108.0,105,270,106.0,103,102.25,2026-09-02 22:20:00,2026-09-02 22:35:00,15
2026-09-02 22:20:00,01F0950S,01F0980S,31,106,81,01F0950S>01F0980S,20260902,268,106,106.0,105,271,105.0,106,105.0,2026-09-02 22:25:00,2026-09-02 22:40:00,15
2026-09-02 22:25:00,01F0950S,01F0980S,31,102,74,01F0950S>01F0980S,20260902,269,102,107.0,105,272,106.0,102,102.25,2026-09-02 22:30:00,2026-09-02 22:45:00,15
2026-09-02 22:30:00,01F0950S,01F0980S,31,105,70,01F0950S>01F0980S,20260902,270,105,106.0,102,273,104.66666666666667,105,103.91666666666667,2026-09-02 22:35:00,2026-09-02 22:50:00,15
2026-09-02 22:35:00,01F0950S,01F0980S,31,105,79,01F0950S>01F0980S,20260902,271,105,105.0,103,274,106.33333333333333,105,106.33333333333333,2026-09-02 22:40:00,2026-09-02 22:55:00,15
2026-09-02 22:40:00,01F0950S,01F0980S,31,105,65,01F0950S>01F0980S,20260902,272,105,106.0,106,275,104.0,105,103.25,2026-09-02 22:45:00,2026-09-02 23:00:00,15
2026-09-02 22:45:00,01F0950S,01F0980S,31,102,59,01F0950S>01F0980S,20260902,273,102,104.66666666666667,103,276,104.0,102,102.0,2026-09-02 22:50:00,2026-09-02 23:05:00,15
2026-09-02 22:50:00,01F0950S,01F0980S,31,103,42,01F0950S>01F0980S,20260902,274,103,106.33333333333333,100,277,103.0,103,100.5,2026-09-02 22:55:00,2026-09-02 23:10:00,15
2026-09-02 22:55:00,01F0950S,01F0980S,31,106,63,01F0950S>01F0980S,20260902,275,106,104.0,103,278,104.33333333333333,106,105.83333333333333,2026-09-02 23:00:00,2026-09-02 23:15:00,15
2026-09-02 23:00:00,01F0950S,01F0980S,31,103,41,01F0950S>01F0980S,20260902,276,103,104.0,103,279,104.33333333333333,103,103.58333333333333,2026-09-02 23:05:00,2026-09-02 23:20:00,15
2026-09-02 23:05:00,01F0950S,01F0980S,31,100,57,01F0950S>01F0980S,20260902,277,100,103.0,105,280,103.33333333333333,100,101.08333333333333,2026-09-02 23:10:00,2026-09-02 23:25:00,15
2026-09-02 23:10:00,01F0950S,01F0980S,31,103,56,01F0950S>01F0980S,20260902,278,103,104.33333333333333,103,281,103.33333333333333,103,102.33333333333333,2026-09-02 23:15:00,2026-09-02 23:30:00,15
2026-09-02 23:15:00,01F0950S,01F0980S,31,103,54,01F0950S>01F0980S,20260902,279,103,104.33333333333333,106,282,104.66666666666667,103,103.66666666666667,2026-09-02 23:20:00,2026-09-02 23:35:00,15
2026-09-02 23:20:00,01F0950S,01F0980S,31,105,54,01F0950S>01F0980S,20260902,280,105,103.33333333333333,104,283,103.33333333333333,105,104.58333333333333,2026-09-02 23:25:00,2026-09-02 23:40:00,15
2026-09-02 23:25:00,01F0950S,01F0980S,31,103,63,01F0950S>01F0980S,20260902,281,103,103.33333333333333,105,284,106.33333333333333,103,106.08333333333333,2026-09-02 23:30:00,2026-09-02 23:45:00,15
2026-09-02 23:30:00,01F0950S,01F0980S,31,106,47,01F0950S>01F0980S,20260902,282,106,104.66666666666667,101,285,105.0,106,106.0,2026-09-02 23:35:00,2026-09-02 23:50:00,15
2026-09-02 23:35:00,01F0950S,01F0980S,31,104,39,01F0950S>01F0980S,20260902,283,104,103.33333333333333,106,286,103.33333333333333,104,103.83333333333333,2026-09-02 23:40:00,2026-09-02 23:55:00,15
2026-09-02 23:40:00,01F0950S,01F0980S,31,105,44,01F0950S>01F0980S,20260902,284,105,106.33333333333333,106,287,103.33333333333333,105,102.33333333333333,2026-09-02 23:45:00,2026-09-03 00:00:00,15
2026-09-02 00:00:00,01F0956N,01F0928N,31,96,19,01F0956N>01F0928N,20260902,0,96,92.0,94,3,94.0,96,97.0,2026-09-02 00:05:00,2026-09-02 00:20:00,15
2026-09-02 00:05:00,01F0956N,01F0928N,31,95,15,01F0956N>01F0928N,20260902,1,95,95.66666666666667,95,4,95.33333333333333,95,94.83333333333333,2026-09-02 00:10:00,2026-09-02 00:25:00,15
2026-09-02 00:10:00,01F0956N,01F0928N,31,95,18,01F0956N>01F0928N,20260902,2,95,95.0,97,5,94.0,95,94.0,2026-09-02 00:15:00,2026-09-02 00:30:00,15
2026-09-02 00:15:00,01F0956N,01F0928N,31,94,18,01F0956N>01F0928N,20260902,3,94,94.0,95,6,93.66666666666667,94,93.66666666666667,2026-09-02 00:20:00,2026-09-02 00:35:00,15
2026-09-02 00:20:00,01F0956N,01F0928N,31,95,20,01F0956N>01F0928N,20260902,4,95,95.33333333333333,102,7,95.66666666666667,95,95.41666666666667,2026-09-02 00:25:00,2026-09-02 00:40:00,15
2026-09-02 00:25:00,01F0956N,01F0928N,31,97,17,01F0956N>01F0928N,20260902,5,97,94.0,91,8,94.33333333333333,97,96.58333333333333,2026-09-02 00:30:00,2026-09-02 00:45:00,15
2026-09-02 00:30:00,01F0956N,01F0928N,31,95,19,01F0956N>01F0928N,20260902,6,95,93.66666666666667,97,9,94.33333333333333,95,95.33333333333333,2026-09-02 00:35:00,2026-09-02 00:50:00,15
2026-09-02 00:35:00,01F0956N,01F0928N,31,102,15,01F0956N>01F0928N,20260902,7,102,95.66666666666667,94,10,96.33333333333333,102,101.08333333333333,2026-09-02 00:40:00,2026-09-02 00:55:00,15
2026-09-02 00:40:00,01F0956N,01F0928N,31,91,15,01F0956N>01F0928N,20260902,8,91,94.33333333333333,97,11,95.0,91,92.5,2026-09-02 00:45:00,2026-09-02 01:00:00,15
2026-09-02 00:45:00,01F0956N,01F0928N,31,97,27,01F0956N>01F0928N,20260902,9,97,94.33333333333333,95,12,95.33333333333333,97,97.33333333333333,2026-09-02 00:50:00,2026-09-02 01:05:00,15
2026-09-02 00:50:00,01F0956N,01F0928N,31,94,19,01F0956N>01F0928N,20260902,10,94,96.33333333333333,94,13,94.66666666666667,94,92.91666666666667,2026-09-02 00:55:00,2026-09-02 01:10:00,15
2026-09-02 00:55:00,01F0956N,01F0928N,31,97,18,01F0956N>01F0928N,20260902,11,97,95.0,94,14,94.0,97,95.5,2026-09-02 01:00:00,2026-09-02 01:15:00,15
2026-09-02 01:00:00,01F0956N,01F0928N,31,95,21,01F0956N>01F0928N,20260902,12,95,95.33333333333333,102,15,95.0,95,94.75,2026-09-02 01:05:00,2026-09-02 01:20:00,15
2026-09-02 01:05:00,01F0956N,01F0928N,31,94,19,01F0956N>01F0928N,20260902,13,94,94.66666666666667,97,16,97.0,94,96.5,2026-09-02 01:10:00,2026-09-02 01:25:00,15
2026-09-02 01:10:00,01F0956N,01F0928N,31,94,15,01F0956N>01F0928N,20260902,14,94,94.0,95,17,91.0,94,91.0,2026-09-02 01:15:00,2026-09-02 01:30:00,15
2026-09-02 01:15:00,01F0956N,01F0928N,31,102,9,01F0956N>01F0928N,20260902,15,102,95.0,97,18,93.66666666666667,102,98.91666666666667,2026-09-02 01:20:00,2026-09-02 01:35:00,15
2026-09-02 01:20:00,01F0956N,01F0928N,31,97,19,01F0956N>01F0928N,20260902,16,97,97.0,100,19,94.66666666666667,97,94.66666666666667,2026-09-02 01:25:00,2026-09-02 01:40:00,15
2026-09-02 01:25:00,01F0956N,01F0928N,31,95,14,01F0956N>01F0928N,20260902,17,95,91.0,91,20,94.0,95,97.0,2026-09-02 01:30:00,2026-09-02 01:45:00,15
2026-09-02 01:30:00,01F0956N,01F0928N,31,97,17,01F0956N>01F0928N,20260902,18,97,93.66666666666667,97,21,93.0,97,95.5,2026-09-02 01:35:00,2026-09-02 01:50:00,15
2026-09-02 01:35:00,01F0956N,01F0928N,31,100,12,01F0956N>01F0928N,20260902,19,100,94.66666666666667,96,22,93.0,100,97.0,2026-09-02 01:40:00,2026-09-02 01:55:00,15
2026-09-02 01:40:00,01F0956N,01F0928N,31,91,12,01F0956N>01F0928N,20260902,20,91,94.0,95,23,96.33333333333333,91,94.08333333333333,2026-09-02 01:45:00,2026-09-02 02:00:00,15
2026-09-02 01:45:00,01F0956N,01F0928N,31,97,13,01F0956N>01F0928N,20260902,21,97,93.0,93,24,95.0,97,98.0,2026-09-02 01:50:00,2026-09-02 02:05:00,15
2026-09-02 01:50:00,01F0956N,01F0928N,31,96,14,01F0956N>01F0928N,20260902,22,96,93.0,95,25,94.66666666666667,96,96.91666666666667,2026-09-02 01:55:00,2026-09-02 02:10:00,15
2026-09-02 01:55:00,01F0956N,01F0928N,31,95,16,01F0956N>01F0928N,20260902,23,95,96.33333333333333,96,26,95.66666666666667,95,94.66666666666667,2026-09-02 02:00:00,2026-09-02 02:15:00,15
2026-09-02 02:00:00,01F0956N,01F0928N,31,93,12,01F0956N>01F0928N,20260902,24,93,95.0,94,27,95.0,93,93.5,2026-09-02 02:05:00,2026-09-02 02:20:00,15
2026-09-02 02:05:00,01F0956N,01F0928N,31,95,15,01F0956N>01F0928N,20260902,25,95,94.66666666666667,90,28,93.66666666666667,95,93.91666666666667,2026-09-02 02:10:00,2026-09-02 02:25:00,15
2026-09-02 02:10:00,01F0956N,01F0928N,31,96,8,01F0956N>01F0928N,20260902,26,96,95.66666666666667,98,29,95.0,96,95.25,2026-09-02 02:15:00,2026-09-02 02:30:00,15
2026-09-02 02:15:00,01F0956N,01F0928N,31,94,12,01F0956N>01F0928N,20260902,27,94,95.0,93,30,93.66666666666667,94,92.91666666666667,2026-09-02 02:20:00,2026-09-02 02:35:00,15
2026-09-02 02:20:00,01F0956N,01F0928N,31,90,14,01F0956N>01F0928N,20260902,28,90,93.66666666666667,96,31,95.33333333333333,90,92.58333333333333,2026-09-02 02:25:00,2026-09-02 02:40:00,15
2026-09-02 02:25:00,01F0956N,01F0928N,31,98,14,01F0956N>01F0928N,20260902,29,98,95.0,97,32,95.33333333333333,98,97.58333333333333,2026-09-02 02:30:00,2026-09-02 02:45:00,15
2026-09-02 02:30:00,01F0956N,01F0928N,31,93,8,01F0956N>01F0928N,20260902,30,93,93.66666666666667,92,33,94.0,93,93.5,2026-09-02 02:35:00,2026-09-02 02:50:00,15
2026-09-02 02:35:00,01F0956N,01F0928N,31,96,10,01F0956N>01F0928N,20260902,31,96,95.33333333333333,93,34,95.0,96,95.5,2026-09-02 02:40:00,2026-09-02 02:55:00,15
2026-09-02 02:40:00,01F0956N,01F0928N,31,97,15,01F0956N>01F0928N,20260902,32,97,95.33333333333333,94,35,93.66666666666667,97,94.91666666666667,2026-09-02 02:45:00,2026-09-02 03:00:00,15
2026-09-02 02:45:00,01F0956N,01F0928N,31,92,16,01F0956N>01F0928N,20260902,33,92,94.0,91,36,95.0,92,93.5,2026-09-02 02:50:00,2026-09-02 03:05:00,15
2026-09-02 02:50:00,01F0956N,01F0928N,31,93,24,01F0956N>01F0928N,20260902,34,93,95.0,96,37,94.33333333333333,93,92.83333333333333,2026-09-02 02:55:00,2026-09-02 03:10:00,15
2026-09-02 02:55:00,01F0956N,01F0928N,31,94,14,01F0956N>01F0928N,20260902,35,94,93.66666666666667,95,38,93.66666666666667,94,93.91666666666667,2026-09-02 03:00:00,2026-09-02 03:15:00,15
2026-09-02 03:00:00,01F0956N,01F0928N,31,91,10,01F0956N>01F0928N,20260902,36,91,95.0,93,39,94.66666666666667,91,91.66666666666667,2026-09-02 03:05:00,2026-09-02 03:20:00,15
2026-09-02 03:05:00,01F0956N,01F0928N,31,96,19,01F0956N>01F0928N,20260902,37,96,94.33333333333333,94,40,93.66666666666667,96,94.91666666666667,2026-09-02 03:10:00,2026-09-02 03:25:00,15
2026-09-02 03:10:00,01F0956N,01F0928N,31,95,19,01F0956N>01F0928N,20260902,38,95,93.66666666666667,93,41,94.0,95,95.0,2026-09-02 03:15:00,2026-09-02 03:30:00,15
2026-09-02 03:15:00,01F0956N,01F0928N,31,93,18,01F0956N>01F0928N,20260902,39,93,94.66666666666667,95,42,96.0,93,94.75,2026-09-02 03:20:00,2026-09-02 03:35:00,15
2026-09-02 03:20:00,01F0956N,01F0928N,31,94,20,01F0956N>01F0928N,20260902,40,94,93.66666666666667,94,43,95.0,94,95.25,2026-09-02 03:25:00,2026-09-02 03:40:00,15
2026-09-02 03:25:00,01F0956N,01F0928N,31,93,24,01F0956N>01F0928N,20260902,41,93,94.0,95,44,93.66666666666667,93,92.91666666666667,2026-09-02 03:30:00,2026-09-02 03:45:00,15
2026-09-02 03:30:00,01F0956N,01F0928N,31,95,21,01F0956N>01F0928N,20260902,42,95,96.0,94,45,92.0,95,91.25,2026-09-02 03:35:00,2026-09-02 03:50:00,15
2026-09-02 03:35:00,01F0956N,01F0928N,31,94,27,01F0956N>01F0928N,20260902,43,94,95.0,93,46,93.33333333333333,94,92.58333333333333,2026-09-02 03:40:00,2026-09-02 03:55:00,15
2026-09-02 03:40:00,01F0956N,01F0928N,31,95,18,01F0956N>01F0928N,20260902,44,95,93.66666666666667,94,47,94.66666666666667,95,95.66666666666667,2026-09-02 03:45:00,2026-09-02 04:00:00,15
2026-09-02 03:45:00,01F0956N,01F0928N,31,94,15,01F0956N>01F0928N,20260902,45,94,92.0,95,48,90.0,94,91.5,2026-09-02 03:50:00,2026-09-02 04:05:00,15
2026-09-02 03:50:00,01F0956N,01F0928N,31,93,20,01F0956N>01F0928N,20260902,46,93,93.33333333333333,96,49,94.33333333333333,93,94.08333333333333,2026-09-02 03:55:00,2026-09-02 04:10:00,15
2026-09-02 03:55:00,01F0956N,01F0928N,31,94,18,01F0956N>01F0928N,20260902,47,94,94.66666666666667,93,50,94.0,94,93.5,2026-09-02 04:00:00,2026-09-02 04:15:00,15
2026-09-02 04:00:00,01F0956N,01F0928N,31,95,22,01F0956N>01F0928N,20260902,48,95,90.0,94,51,95.66666666666667,95,99.41666666666667,2026-09-02 04:05:00,2026-09-02 04:20:00,15
2026-09-02 04:05:00,01F0956N,01F0928N,31,96,16,01F0956N>01F0928N,20260902,49,96,94.33333333333333,95,52,94.0,96,95.25,2026-09-02 04:10:00,2026-09-02 04:25:00,15
2026-09-02 04:10:00,01F0956N,01F0928N,31,93,19,01F0956N>01F0928N,20260902,50,93,94.0,96,53,94.33333333333333,93,93.58333333333333,2026-09-02 04:15:00,2026-09-02 04:30:00,15
2026-09-02 04:15:00,01F0956N,01F0928N,31,94,32,01F0956N>01F0928N,20260902,51,94,95.66666666666667,95,54,95.0,94,93.75,2026-09-02 04:20:00,2026-09-02 04:35:00,15
2026-09-02 04:20:00,01F0956N,01F0928N,31,95,27,01F0956N>01F0928N,20260902,52,95,94.0,95,55,95.0,95,95.75,2026-09-02 04:25:00,2026-09-02 04:40:00,15
2026-09-02 04:25:00,01F0956N,01F0928N,31,96,22,01F0956N>01F0928N,20260902,53,96,94.33333333333333,94,56,96.33333333333333,96,97.58333333333333,2026-09-02 04:30:00,2026-09-02 04:45:00,15
2026-09-02 04:30:00,01F0956N,01F0928N,31,95,18,01F0956N>01F0928N,20260902,54,95,95.0,93,57,93.0,95,93.0,2026-09-02 04:35:00,2026-09-02 04:50:00,15
2026-09-02 04:35:00,01F0956N,01F0928N,31,95,23,01F0956N>01F0928N,20260902,55,95,95.0,93,58,93.0,95,93.0,2026-09-02 04:40:00,2026-09-02 04:55:00,15
2026-09-02 04:40:00,01F0956N,01F0928N,31,94,19,01F0956N>01F0928N,20260902,56,94,96.33333333333333,96,59,94.66666666666667,94,92.91666666666667,2026-09-02 04:45:00,2026-09-02 05:00:00,15
2026-09-02 04:45:00,01F0956N,01F0928N,31,93,26,01F0956N>01F0928N,20260902,57,93,93.0,98,60,94.66666666666667,93,94.66666666666667,2026-09-02 04:50:00,2026-09-02 05:05:00,15
2026-09-02 04:50:00,01F0956N,01F0928N,31,93,28,01F0956N>01F0928N,20260902,58,93,93.0,96,61,94.0,93,94.0,2026-09-02 04:55:00,2026-09-02 05:10:00,15
2026-09-02 04:55:00,01F0956N,01F0928N,31,96,27,01F0956N>01F0928N,20260902,59,96,94.66666666666667,94,62,93.33333333333333,96,94.33333333333333,2026-09-02 05:00:00,2026-09-02 05:15:00,15
2026-09-02 05:00:00,01F0956N,01F0928N,31,98,25,01F0956N>01F0928N,20260902,60,98,94.66666666666667,94,63,92.66666666666667,98,95.16666666666667,2026-09-02 05:05:00,2026-09-02 05:20:00,15
2026-09-02 05:05:00,01F0956N,01F0928N,31,96,19,01F0956N>01F0928N,20260902,61,96,94.0,95,64,93.0,96,94.5,2026-09-02 05:10:00,2026-09-02 05:25:00,15
2026-09-02 05:10:00,01F0956N,01F0928N,31,94,21,01F0956N>01F0928N,20260902,62,94,93.33333333333333,95,65,94.66666666666667,94,95.16666666666667,2026-09-02 05:15:00,2026-09-02 05:30:00,15
2026-09-02 05:15:00,01F0956N,01F0928N,31,94,32,01F0956N>01F0928N,20260902,63,94,92.66666666666667,94,66,93.33333333333333,94,94.33333333333333,2026-09-02 05:20:00,2026-09-02 05:35:00,15
2026-09-02 05:20:00,01F0956N,01F0928N,31,95,44,01F0956N>01F0928N,20260902,64,95,93.0,92,67,93.0,95,94.5,2026-09-02 05:25:00,2026-09-02 05:40:00,15
2026-09-02 05:25:00,01F0956N,01F0928N,31,95,32,01F0956N>01F0928N,20260902,65,95,94.66666666666667,95,68,92.66666666666667,95,92.91666666666667,2026-09-02 05:30:00,2026-09-02 05:45:00,15
2026-09-02 05:30:00,01F0956N,01F0928N,31,94,24,01F0956N>01F0928N,20260902,66,94,93.33333333333333,93,69,92.66666666666667,94,93.16666666666667,2026-09-02 05:35:00,2026-09-02 05:50:00,15
2026-09-02 05:35:00,01F0956N,01F0928N,31,92,42,01F0956N>01F0928N,20260902,67,92,93.0,96,70,94.0,92,93.25,2026-09-02 05:40:00,2026-09-02 05:55:00,15
2026-09-02 05:40:00,01F0956N,01F0928N,31,95,49,01F0956N>01F0928N,20260902,68,95,92.66666666666667,94,71,93.33333333333333,95,95.08333333333333,2026-09-02 05:45:00,2026-09-02 06:00:00,15
2026-09-02 05:45:00,01F0956N,01F0928N,31,93,50,01F0956N>01F0928N,20260902,69,93,92.66666666666667,96,72,92.33333333333333,93,92.58333333333333,2026-09-02 05:50:00,2026-09-02 06:05:00,15
2026-09-02 05:50:00,01F0956N,01F0928N,31,96,44,01F0956N>01F0928N,20260902,70,96,94.0,93,73,94.33333333333333,96,95.83333333333333,2026-09-02 05:55:00,2026-09-02 06:10:00,15
2026-09-02 05:55:00,01F0956N,01F0928N,31,94,47,01F0956N>01F0928N,20260902,71,94,93.33333333333333,94,74,94.0,94,94.5,2026-09-02 06:00:00,2026-09-02 06:15:00,15
2026-09-02 06:00:00,01F0956N,01F0928N,31,96,67,01F0956N>01F0928N,20260902,72,96,92.33333333333333,95,75,94.66666666666667,96,97.41666666666667,2026-09-02 06:05:00,2026-09-02 06:20:00,15
2026-09-02 06:05:00,01F0956N,01F0928N,31,93,55,01F0956N>01F0928N,20260902,73,93,94.33333333333333,96,76,96.0,93,95.0,2026-09-02 06:10:00,2026-09-02 06:25:00,15
2026-09-02 06:10:00,01F0956N,01F0928N,31,94,68,01F0956N>01F0928N,20260902,74,94,94.0,97,77,97.0,94,97.0,2026-09-02 06:15:00,2026-09-02 06:30:00,15
2026-09-02 06:15:00,01F0956N,01F0928N,31,95,72,01F0956N>01F0928N,20260902,75,95,94.66666666666667,97,78,96.66666666666667,95,96.91666666666667,2026-09-02 06:20:00,2026-09-02 06:35:00,15
2026-09-02 06:20:00,01F0956N,01F0928N,31,96,96,01F0956N>01F0928N,20260902,76,96,96.0,99,79,97.66666666666667,96,97.66666666666667,2026-09-02 06:25:00,2026-09-02 06:40:00,15
2026-09-02 06:25:00,01F0956N,01F0928N,31,97,103,01F0956N>01F0928N,20260902,77,97,97.0,98,80,97.66666666666667,97,97.66666666666667,2026-09-02 06:30:00,2026-09-02 06:45:00,15
2026-09-02 06:30:00,01F0956N,01F0928N,31,97,81,01F0956N>01F0928N,20260902,78,97,96.66666666666667,97,81,100.0,97,100.25,2026-09-02 06:35:00,2026-09-02 06:50:00,15
2026-09-02 06:35:00,01F0956N,01F0928N,31,99,106,01F0956N>01F0928N,20260902,79,99,97.66666666666667,100,82,101.33333333333333,99,102.33333333333333,2026-09-02 06:40:00,2026-09-02 06:55:00,15
2026-09-02 06:40:00,01F0956N,01F0928N,31,98,117,01F0956N>01F0928N,20260902,80,98,97.66666666666667,103,83,102.0,98,102.25,2026-09-02 06:45:00,2026-09-02 07:00:00,15
2026-09-02 06:45:00,01F0956N,01F0928N,31,97,136,01F0956N>01F0928N,20260902,81,97,100.0,104,84,103.33333333333333,97,101.08333333333333,2026-09-02 06:50:00,2026-09-02 07:05:00,15
2026-09-02 06:50:00,01F0956N,01F0928N,31,100,129,01F0956N>01F0928N,20260902,82,100,101.33333333333333,104,85,104.33333333333333,100,103.33333333333333,2026-09-02 06:55:00,2026-09-02 07:10:00,15
2026-09-02 06:55:00,01F0956N,01F0928N,31,103,173,01F0956N>01F0928N,20260902,83,103,102.0,109,86,104.33333333333333,103,105.08333333333333,2026-09-02 07:00:00,2026-09-02 07:15:00,15
2026-09-02 07:00:00,01F0956N,01F0928N,31,104,164,01F0956N>01F0928N,20260902,84,104,103.33333333333333,110,87,104.66666666666667,104,105.16666666666667,2026-09-02 07:05:00,2026-09-02 07:20:00,15
2026-09-02 07:05:00,01F0956N,01F0928N,31,104,166,01F0956N>01F0928N,20260902,85,104,104.33333333333333,107,88,107.33333333333333,104,107.08333333333333,2026-09-02 07:10:00,2026-09-02 07:25:00,15
2026-09-02 07:10:00,01F0956N,01F0928N,31,109,165,01F0956N>01F0928N,20260902,86,109,104.33333333333333,106,89,102.33333333333333,109,105.83333333333333,2026-09-02 07:15:00,2026-09-02 07:30:00,15
2026-09-02 07:15:00,01F0956N,01F0928N,31,110,151,01F0956N>01F0928N,20260902,87,110,104.66666666666667,105,90,103.0,110,107.0,2026-09-02 07:20:00,2026-09-02 07:35:00,15
2026-09-02 07:20:00,01F0956N,01F0928N,31,107,176,01F0956N>01F0928N,20260902,88,107,107.33333333333333,103,91,105.0,107,104.75,2026-09-02 07:25:00,2026-09-02 07:40:00,15
2026-09-02 07:25:00,01F0956N,01F0928N,31,106,165,01F0956N>01F0928N,20260902,89,106,102.33333333333333,106,92,103.66666666666667,106,106.41666666666667,2026-09-02 07:30:00,2026-09-02 07:45:00,15
2026-09-02 07:30:00,01F0956N,01F0928N,31,105,145,01F0956N>01F0928N,20260902,90,105,103.0,104,93,105.33333333333333,105,106.83333333333333,2026-09-02 07:35:00,2026-09-02 07:50:00,15
2026-09-02 07:35:00,01F0956N,01F0928N,31,103,129,01F0956N>01F0928N,20260902,91,103,105.0,103,94,104.33333333333333,103,102.83333333333333,2026-09-02 07:40:00,2026-09-02 07:55:00,15
2026-09-02 07:40:00,01F0956N,01F0928N,31,106,138,01F0956N>01F0928N,20260902,92,106,103.66666666666667,107,95,104.66666666666667,106,106.41666666666667,2026-09-02 07:45:00,2026-09-02 08:00:00,15
2026-09-02 07:45:00,01F0956N,01F0928N,31,104,113,01F0956N>01F0928N,20260902,93,104,105.33333333333333,107,96,104.66666666666667,104,103.66666666666667,2026-09-02 07:50:00,2026-09-02 08:05:00,15
2026-09-02 07:50:00,01F0956N,01F0928N,31,103,115,01F0956N>01F0928N,20260902,94,103,104.33333333333333,105,97,109.0,103,108.0,2026-09-02 07:55:00,2026-09-02 08:10:00,15
2026-09-02 07:55:00,01F0956N,01F0928N,31,107,130,01F0956N>01F0928N,20260902,95,107,104.66666666666667,105,98,106.33333333333333,107,108.08333333333333,2026-09-02 08:00:00,2026-09-02 08:15:00,15
2026-09-02 08:00:00,01F0956N,01F0928N,31,107,122,01F0956N>01F0928N,20260902,96,107,104.66666666666667,107,99,105.66666666666667,107,107.41666666666667,2026-09-02 08:05:00,2026-09-02 08:20:00,15
2026-09-02 08:05:00,01F0956N,01F0928N,31,105,126,01F0956N>01F0928N,20260902,97,105,109.0,104,100,105.66666666666667,105,102.66666666666667,2026-09-02 08:10:00,2026-09-02 08:25:00,15
2026-09-02 08:10:00,01F0956N,01F0928N,31,105,131,01F0956N>01F0928N,20260902,98,105,106.33333333333333,106,101,105.0,105,104.0,2026-09-02 08:15:00,2026-09-02 08:30:00,15
2026-09-02 08:15:00,01F0956N,01F0928N,31,107,137,01F0956N>01F0928N,20260902,99,107,105.66666666666667,111,102,106.33333333333333,107,107.33333333333333,2026-09-02 08:20:00,2026-09-02 08:35:00,15
2026-09-02 08:20:00,01F0956N,01F0928N,31,104,120,01F0956N>01F0928N,20260902,100,104,105.66666666666667,114,103,107.33333333333333,104,106.08333333333333,2026-09-02 08:25:00,2026-09-02 08:40:00,15
2026-09-02 08:25:00,01F0956N,01F0928N,31,106,136,01F0956N>01F0928N,20260902,101,106,105.0,111,104,108.33333333333333,106,109.08333333333333,2026-09-02 08:30:00,2026-09-02 08:45:00,15
2026-09-02 08:30:00,01F0956N,01F0928N,31,111,131,01F0956N>01F0928N,20260902,102,111,106.33333333333333,115,105,108.66666666666667,111,112.16666666666667,2026-09-02 08:35:00,2026-09-02 08:50:00,15
2026-09-02 08:35:00,01F0956N,01F0928N,31,114,138,01F0956N>01F0928N,20260902,103,114,107.33333333333333,126,106,110.33333333333333,114,115.33333333333333,2026-09-02 08:40:00,2026-09-02 08:55:00,15
2026-09-02 08:40:00,01F0956N,01F0928N,31,111,149,01F0956N>01F0928N,20260902,104,111,108.33333333333333,145,107,114.33333333333333,111,116.33333333333333,2026-09-02 08:45:00,2026-09-02 09:00:00,15
2026-09-02 08:45:00,01F0956N,01F0928N,31,115,140,01F0956N>01F0928N,20260902,105,115,108.66666666666667,129,108,117.33333333333333,115,122.08333333333333,2026-09-02 08:50:00,2026-09-02 09:05:00,15
2026-09-02 08:50:00,01F0956N,01F0928N,31,126,143,01F0956N>01F0928N,20260902,106,126,110.33333333333333,152,109,121.33333333333333,126,133.08333333333334,2026-09-02 08:55:00,2026-09-02 09:10:00,15
2026-09-02 08:55:00,01F0956N,01F0928N,31,145,137,01F0956N>01F0928N,20260902,107,145,114.33333333333333,200,110,135.33333333333334,145,158.33333333333334,2026-09-02 09:00:00,2026-09-02 09:15:00,15
2026-09-02 09:00:00,01F0956N,01F0928N,31,129,165,01F0956N>01F0928N,20260902,108,129,117.33333333333333,264,111,130.33333333333334,129,139.08333333333334,2026-09-02 09:05:00,2026-09-02 09:20:00,15
2026-09-02 09:05:00,01F0956N,01F0928N,31,152,136,01F0956N>01F0928N,20260902,109,152,121.33333333333333,344,112,124.33333333333333,152,147.33333333333334,2026-09-02 09:10:00,2026-09-02 09:25:00,15
2026-09-02 09:10:00,01F0956N,01F0928N,31,200,119,01F0956N>01F0928N,20260902,110,200,135.33333333333334,381,113,138.33333333333334,200,186.83333333333334,2026-09-02 09:15:00,2026-09-02 09:30:00,15
2026-09-02 09:15:00,01F0956N,01F0928N,31,264,134,01F0956N>01F0928N,20260902,111,264,130.33333333333334,366,114,134.33333333333334,264,234.58333333333334,2026-09-02 09:20:00,2026-09-02 09:35:00,15
2026-09-02 09:20:00,01F0956N,01F0928N,31,344,153,01F0956N>01F0928N,20260902,112,344,124.33333333333333,303,115,123.0,344,287.75,2026-09-02 09:25:00,2026-09-02 09:40:00,15
2026-09-02 09:25:00,01F0956N,01F0928N,31,381,187,01F0956N>01F0928N,20260902,113,381,138.33333333333334,277,116,118.0,381,300.0,2026-09-02 09:30:00,2026-09-02 09:45:00,15
2026-09-02 09:30:00,01F0956N,01F0928N,31,366,147,01F0956N>01F0928N,20260902,114,366,134.33333333333334,255,117,105.33333333333333,366,279.0833333333333,2026-09-02 09:35:00,2026-09-02 09:50:00,15
2026-09-02 09:35:00,01F0956N,01F0928N,31,303,153,01F0956N>01F0928N,20260902,115,303,123.0,227,118,105.0,303,240.0,2026-09-02 09:40:00,2026-09-02 09:55:00,15
2026-09-02 09:40:00,01F0956N,01F0928N,31,277,194,01F0956N>01F0928N,20260902,116,277,118.0,177,119,106.66666666666667,277,225.91666666666669,2026-09-02 09:45:00,2026-09-02 10:00:00,15
2026-09-02 09:45:00,01F0956N,01F0928N,31,255,160,01F0956N>01F0928N,20260902,117,255,105.33333333333333,134,120,105.33333333333333,255,217.58333333333334,2026-09-02 09:50:00,2026-09-02 10:05:00,15
2026-09-02 09:50:00,01F0956N,01F0928N,31,227,163,01F0956N>01F0928N,20260902,118,227,105.0,148,121,105.0,227,196.5,2026-09-02 09:55:00,2026-09-02 10:10:00,15
2026-09-02 09:55:00,01F0956N,01F0928N,31,177,168,01F0956N>01F0928N,20260902,119,177,106.66666666666667,235,122,105.0,177,157.75,2026-09-02 10:00:00,2026-09-02 10:15:00,15
2026-09-02 10:00:00,01F0956N,01F0928N,31,134,123,01F0956N>01F0928N,20260902,120,134,105.33333333333333,296,123,105.66666666666667,134,127.16666666666667,2026-09-02 10:05:00,2026-09-02 10:20:00,15
2026-09-02 10:05:00,01F0956N,01F0928N,31,148,122,01F0956N>01F0928N,20260902,121,148,105.0,271,124,107.33333333333333,148,139.58333333333331,2026-09-02 10:10:00,2026-09-02 10:25:00,15
2026-09-02 10:10:00,01F0956N,01F0928N,31,235,70,01F0956N>01F0928N,20260902,122,235,105.0,263,125,109.0,235,206.5,2026-09-02 10:15:00,2026-09-02 10:30:00,15
2026-09-02 10:15:00,01F0956N,01F0928N,31,296,130,01F0956N>01F0928N,20260902,123,296,105.66666666666667,213,126,110.33333333333333,296,253.08333333333331,2026-09-02 10:20:00,2026-09-02 10:35:00,15
2026-09-02 10:20:00,01F0956N,01F0928N,31,271,124,01F0956N>01F0928N,20260902,124,271,107.33333333333333,136,127,108.66666666666667,271,231.41666666666669,2026-09-02 10:25:00,2026-09-02 10:40:00,15
2026-09-02 10:25:00,01F0956N,01F0928N,31,263,134,01F0956N>01F0928N,20260902,125,263,109.0,105,128,108.66666666666667,263,224.16666666666669,2026-09-02 10:30:00,2026-09-02 10:45:00,15
2026-09-02 10:30:00,01F0956N,01F0928N,31,213,149,01F0956N>01F0928N,20260902,126,213,110.33333333333333,102,129,106.66666666666667,213,183.66666666666669,2026-09-02 10:35:00,2026-09-02 10:50:00,15
2026-09-02 10:35:00,01F0956N,01F0928N,31,136,128,01F0956N>01F0928N,20260902,127,136,108.66666666666667,108,130,106.0,136,126.5,2026-09-02 10:40:00,2026-09-02 10:55:00,15
2026-09-02 10:40:00,01F0956N,01F0928N,31,105,116,01F0956N>01F0928N,20260902,128,105,108.66666666666667,104,131,105.33333333333333,105,102.58333333333333,2026-09-02 10:45:00,2026-09-02 11:00:00,15
2026-09-02 10:45:00,01F0956N,01F0928N,31,102,108,01F0956N>01F0928N,20260902,129,102,106.66666666666667,104,132,106.66666666666667,102,103.16666666666667,2026-09-02 10:50:00,2026-09-02 11:05:00,15
2026-09-02 10:50:00,01F0956N,01F0928N,31,108,145,01F0956N>01F0928N,20260902,130,108,106.0,102,133,103.33333333333333,108,104.83333333333333,2026-09-02 10:55:00,2026-09-02 11:10:00,15
2026-09-02 10:55:00,01F0956N,01F0928N,31,104,111,01F0956N>01F0928N,20260902,131,104,105.33333333333333,105,134,107.66666666666667,104,106.66666666666667,2026-09-02 11:00:00,2026-09-02 11:15:00,15
2026-09-02 11:00:00,01F0956N,01F0928N,31,104,131,01F0956N>01F0928N,20260902,132,104,106.66666666666667,104,135,106.0,104,104.0,2026-09-02 11:05:00,2026-09-02 11:20:00,15
2026-09-02 11:05:00,01F0956N,01F0928N,31,102,99,01F0956N>01F0928N,20260902,133,102,103.33333333333333,100,136,103.66666666666667,102,102.66666666666667,2026-09-02 11:10:00,2026-09-02 11:25:00,15
2026-09-02 11:10:00,01F0956N,01F0928N,31,105,123,01F0956N>01F0928N,20260902,134,105,107.66666666666667,102,137,103.66666666666667,105,101.66666666666667,2026-09-02 11:15:00,2026-09-02 11:30:00,15
2026-09-02 11:15:00,01F0956N,01F0928N,31,104,112,01F0956N>01F0928N,20260902,135,104,106.0,106,138,105.33333333333333,104,103.83333333333333,2026-09-02 11:20:00,2026-09-02 11:35:00,15
2026-09-02 11:20:00,01F0956N,01F0928N,31,100,111,01F0956N>01F0928N,20260902,136,100,103.66666666666667,104,139,101.66666666666667,100,98.91666666666667,2026-09-02 11:25:00,2026-09-02 11:40:00,15
2026-09-02 11:25:00,01F0956N,01F0928N,31,102,119,01F0956N>01F0928N,20260902,137,102,103.66666666666667,110,140,104.66666666666667,102,103.41666666666667,2026-09-02 11:30:00,2026-09-02 11:45:00,15
2026-09-02 11:30:00,01F0956N,01F0928N,31,106,125,01F0956N>01F0928N,20260902,138,106,105.33333333333333,112,141,102.33333333333333,106,102.83333333333333,2026-09-02 11:35:00,2026-09-02 11:50:00,15
2026-09-02 11:35:00,01F0956N,01F0928N,31,104,105,01F0956N>01F0928N,20260902,139,104,101.66666666666667,101,142,103.66666666666667,104,105.41666666666667,2026-09-02 11:40:00,2026-09-02 11:55:00,15
2026-09-02 11:40:00,01F0956N,01F0928N,31,110,112,01F0956N>01F0928N,20260902,140,110,104.66666666666667,101,143,103.66666666666667,110,107.66666666666667,2026-09-02 11:45:00,2026-09-02 12:00:00,15
2026-09-02 11:45:00,01F0956N,01F0928N,31,112,115,01F0956N>01F0928N,20260902,141,112,102.33333333333333,99,144,103.0,112,110.25,2026-09-02 11:50:00,2026-09-02 12:05:00,15
2026-09-02 11:50:00,01F0956N,01F0928N,31,101,105,01F0956N>01F0928N,20260902,142,101,103.66666666666667,103,145,104.33333333333333,101,102.33333333333333,2026-09-02 11:55:00,2026-09-02 12:10:00,15
2026-09-02 11:55:00,01F0956N,01F0928N,31,101,106,01F0956N>01F0928N,20260902,143,101,103.66666666666667,102,146,102.66666666666667,101,100.66666666666667,2026-09-02 12:00:00,2026-09-02 12:15:00,15
2026-09-02 12:00:00,01F0956N,01F0928N,31,99,101,01F0956N>01F0928N,20260902,144,99,103.0,101,147,103.66666666666667,99,100.66666666666667,2026-09-02 12:05:00,2026-09-02 12:20:00,15
2026-09-02 12:05:00,01F0956N,01F0928N,31,103,152,01F0956N>01F0928N,20260902,145,103,104.33333333333333,105,148,107.66666666666667,103,106.66666666666667,2026-09-02 12:10:00,2026-09-02 12:25:00,15
2026-09-02 12:10:00,01F0956N,01F0928N,31,102,105,01F0956N>01F0928N,20260902,146,102,102.66666666666667,102,149,107.33333333333333,102,106.83333333333333,2026-09-02 12:15:00,2026-09-02 12:30:00,15
2026-09-02 12:15:00,01F0956N,01F0928N,31,101,107,01F0956N>01F0928N,20260902,147,101,103.66666666666667,110,150,106.33333333333333,101,104.33333333333333,2026-09-02 12:20:00,2026-09-02 12:35:00,15
2026-09-02 12:20:00,01F0956N,01F0928N,31,105,142,01F0956N>01F0928N,20260902,148,105,107.66666666666667,105,151,104.66666666666667,105,102.66666666666667,2026-09-02 12:25:00,2026-09-02 12:40:00,15
2026-09-02 12:25:00,01F0956N,01F0928N,31,102,132,01F0956N>01F0928N,20260902,149,102,107.33333333333333,101,152,104.66666666666667,102,100.66666666666667,2026-09-02 12:30:00,2026-09-02 12:45:00,15
2026-09-02 12:30:00,01F0956N,01F0928N,31,110,130,01F0956N>01F0928N,20260902,150,110,106.33333333333333,105,153,102.0,110,104.75,2026-09-02 12:35:00,2026-09-02 12:50:00,15
2026-09-02 12:35:00,01F0956N,01F0928N,31,105,120,01F0956N>01F0928N,20260902,151,105,104.66666666666667,101,154,104.0,105,104.25,2026-09-02 12:40:00,2026-09-02 12:55:00,15
2026-09-02 12:40:00,01F0956N,01F0928N,31,101,118,01F0956N>01F0928N,20260902,152,101,104.66666666666667,103,155,103.0,101,100.25,2026-09-02 12:45:00,2026-09-02 13:00:00,15
2026-09-02 12:45:00,01F0956N,01F0928N,31,105,120,01F0956N>01F0928N,20260902,153,105,102.0,104,156,101.0,105,103.25,2026-09-02 12:50:00,2026-09-02 13:05:00,15
2026-09-02 12:50:00,01F0956N,01F0928N,31,101,100,01F0956N>01F0928N,20260902,154,101,104.0,100,157,102.66666666666667,101,100.41666666666667,2026-09-02 12:55:00,2026-09-02 13:10:00,15
2026-09-02 12:55:00,01F0956N,01F0928N,31,103,108,01F0956N>01F0928N,20260902,155,103,103.0,101,158,219.33333333333334,103,219.33333333333334,2026-09-02 13:00:00,2026-09-02 13:15:00,15
2026-09-02 13:00:00,01F0956N,01F0928N,31,104,117,01F0956N>01F0928N,20260902,156,104,101.0,102,159,203.0,104,205.25,2026-09-02 13:05:00,2026-09-02 13:20:00,15
2026-09-02 13:05:00,01F0956N,01F0928N,31,100,111,01F0956N>01F0928N,20260902,157,100,102.66666666666667,107,160,175.33333333333334,100,173.33333333333334,2026-09-02 13:10:00,2026-09-02 13:25:00,15
2026-09-02 13:10:00,01F0956N,01F0928N,31,101,115,01F0956N>01F0928N,20260902,158,101,219.33333333333334,102,161,178.0,101,89.25,2026-09-02 13:15:00,2026-09-02 13:30:00,15
2026-09-02 13:15:00,01F0956N,01F0928N,31,102,116,01F0956N>01F0928N,20260902,159,102,203.0,104,162,186.0,102,110.25,2026-09-02 13:20:00,2026-09-02 13:35:00,15
2026-09-02 13:20:00,01F0956N,01F0928N,31,107,121,01F0956N>01F0928N,20260902,160,107,175.33333333333334,104,163,186.66666666666666,107,135.41666666666666,2026-09-02 13:25:00,2026-09-02 13:40:00,15
2026-09-02 13:25:00,01F0956N,01F0928N,31,102,115,01F0956N>01F0928N,20260902,161,102,178.0,102,164,173.66666666666666,102,116.66666666666666,2026-09-02 13:30:00,2026-09-02 13:45:00,15
2026-09-02 13:30:00,01F0956N,01F0928N,31,104,126,01F0956N>01F0928N,20260902,162,104,186.0,103,165,164.66666666666666,104,103.16666666666666,2026-09-02 13:35:00,2026-09-02 13:50:00,15
2026-09-02 13:35:00,01F0956N,01F0928N,31,104,133,01F0956N>01F0928N,20260902,163,104,186.66666666666666,104,166,175.33333333333334,104,113.33333333333334,2026-09-02 13:40:00,2026-09-02 13:55:00,15
2026-09-02 13:40:00,01F0956N,01F0928N,31,102,111,01F0956N>01F0928N,20260902,164,102,173.66666666666666,102,167,164.66666666666666,102,110.91666666666666,2026-09-02 13:45:00,2026-09-02 14:00:00,15
2026-09-02 13:45:00,01F0956N,01F0928N,31,103,106,01F0956N>01F0928N,20260902,165,103,164.66666666666666,102,168,149.33333333333334,103,103.08333333333334,2026-09-02 13:50:00,2026-09-02 14:05:00,15
2026-09-02 13:50:00,01F0956N,01F0928N,31,104,132,01F0956N>01F0928N,20260902,166,104,175.33333333333334,103,169,128.33333333333334,104,74.83333333333334,2026-09-02 13:55:00,2026-09-02 14:10:00,15
2026-09-02 13:55:00,01F0956N,01F0928N,31,102,122,01F0956N>01F0928N,20260902,167,102,164.66666666666666,106,170,129.66666666666666,102,82.66666666666666,2026-09-02 14:00:00,2026-09-02 14:15:00,15
2026-09-02 14:00:00,01F0956N,01F0928N,31,102,117,01F0956N>01F0928N,20260902,168,102,149.33333333333334,101,171,147.33333333333334,102,111.83333333333334,2026-09-02 14:05:00,2026-09-02 14:20:00,15
2026-09-02 14:05:00,01F0956N,01F0928N,31,103,126,01F0956N>01F0928N,20260902,169,103,128.33333333333334,100,172,165.0,103,146.0,2026-09-02 14:10:00,2026-09-02 14:25:00,15
2026-09-02 14:10:00,01F0956N,01F0928N,31,106,123,01F0956N>01F0928N,20260902,170,106,129.66666666666666,106,173,191.0,106,173.25,2026-09-02 14:15:00,2026-09-02 14:30:00,15
2026-09-02 14:15:00,01F0956N,01F0928N,31,101,115,01F0956N>01F0928N,20260902,171,101,147.33333333333334,104,174,194.33333333333334,101,159.58333333333334,2026-09-02 14:20:00,2026-09-02 14:35:00,15
2026-09-02 14:20:00,01F0956N,01F0928N,31,100,130,01F0956N>01F0928N,20260902,172,100,165.0,104,175,213.0,100,164.25,2026-09-02 14:25:00,2026-09-02 14:40:00,15
2026-09-02 14:25:00,01F0956N,01F0928N,31,106,119,01F0956N>01F0928N,20260902,173,106,191.0,106,176,217.0,106,153.25,2026-09-02 14:30:00,2026-09-02 14:45:00,15
2026-09-02 14:30:00,01F0956N,01F0928N,31,104,130,01F0956N>01F0928N,20260902,174,104,194.33333333333334,112,177,214.0,104,146.25,2026-09-02 14:35:00,2026-09-02 14:50:00,15
2026-09-02 14:35:00,01F0956N,01F0928N,31,104,118,01F0956N>01F0928N,20260902,175,104,213.0,114,178,234.66666666666666,104,152.91666666666666,2026-09-02 14:40:00,2026-09-02 14:55:00,15
2026-09-02 14:40:00,01F0956N,01F0928N,31,106,141,01F0956N>01F0928N,20260902,176,106,217.0,104,179,268.3333333333333,106,185.08333333333331,2026-09-02 14:45:00,2026-09-02 15:00:00,15
2026-09-02 14:45:00,01F0956N,01F0928N,31,112,117,01F0956N>01F0928N,20260902,177,112,214.0,114,180,265.6666666666667,112,189.16666666666669,2026-09-02 14:50:00,2026-09-02 15:05:00,15
2026-09-02 14:50:00,01F0956N,01F0928N,31,114,152,01F0956N>01F0928N,20260902,178,114,234.66666666666666,105,181,258.3333333333333,114,167.83333333333331,2026-09-02 14:55:00,2026-09-02 15:10:00,15
2026-09-02 14:55:00,01F0956N,01F0928N,31,104,119,01F0956N>01F0928N,20260902,179,104,268.3333333333333,109,182,263.0,104,139.75,2026-09-02 15:00:00,2026-09-02 15:15:00,15
2026-09-02 15:00:00,01F0956N,01F0928N,31,114,163,01F0956N>01F0928N,20260902,180,114,265.6666666666667,111,183,255.66666666666666,114,141.91666666666663,2026-09-02 15:05:00,2026-09-02 15:20:00,15
2026-09-02 15:05:00,01F0956N,01F0928N,31,105,134,01F0956N>01F0928N,20260902,181,105,258.3333333333333,115,184,262.6666666666667,105,147.66666666666669,2026-09-02 15:10:00,2026-09-02 15:25:00,15
2026-09-02 15:10:00,01F0956N,01F0928N,31,109,131,01F0956N>01F0928N,20260902,182,109,263.0,106,185,326.3333333333333,109,210.83333333333331,2026-09-02 15:15:00,2026-09-02 15:30:00,15
2026-09-02 15:15:00,01F0956N,01F0928N,31,111,140,01F0956N>01F0928N,20260902,183,111,255.66666666666666,112,186,373.0,111,264.5,2026-09-02 15:20:00,2026-09-02 15:35:00,15
2026-09-02 15:20:00,01F0956N,01F0928N,31,115,137,01F0956N>01F0928N,20260902,184,115,262.6666666666667,103,187,428.0,115,317.25,2026-09-02 15:25:00,2026-09-02 15:40:00,15
2026-09-02 15:25:00,01F0956N,01F0928N,31,106,118,01F0956N>01F0928N,20260902,185,106,326.3333333333333,102,188,425.6666666666667,106,260.4166666666667,2026-09-02 15:30:00,2026-09-02 15:45:00,15
2026-09-02 15:30:00,01F0956N,01F0928N,31,112,136,01F0956N>01F0928N,20260902,186,112,373.0,109,189,390.3333333333333,112,194.58333333333331,2026-09-02 15:35:00,2026-09-02 15:50:00,15
2026-09-02 15:35:00,01F0956N,01F0928N,31,103,138,01F0956N>01F0928N,20260902,187,103,428.0,107,190,369.0,103,125.25,2026-09-02 15:40:00,2026-09-02 15:55:00,15
2026-09-02 15:40:00,01F0956N,01F0928N,31,102,131,01F0956N>01F0928N,20260902,188,102,425.6666666666667,112,191,391.6666666666667,102,148.91666666666669,2026-09-02 15:45:00,2026-09-02 16:00:00,15
2026-09-02 15:45:00,01F0956N,01F0928N,31,109,134,01F0956N>01F0928N,20260902,189,109,390.3333333333333,120,192,390.6666666666667,109,179.66666666666669,2026-09-02 15:50:00,2026-09-02 16:05:00,15
2026-09-02 15:50:00,01F0956N,01F0928N,31,107,131,01F0956N>01F0928N,20260902,190,107,369.0,106,193,380.6666666666667,107,184.16666666666669,2026-09-02 15:55:00,2026-09-02 16:10:00,15
2026-09-02 15:55:00,01F0956N,01F0928N,31,112,135,01F0956N>01F0928N,20260902,191,112,391.6666666666667,125,194,351.3333333333333,112,141.58333333333331,2026-09-02 16:00:00,2026-09-02 16:15:00,15
2026-09-02 16:00:00,01F0956N,01F0928N,31,120,168,01F0956N>01F0928N,20260902,192,120,390.6666666666667,129,195,331.3333333333333,120,128.33333333333331,2026-09-02 16:05:00,2026-09-02 16:20:00,15
2026-09-02 16:05:00,01F0956N,01F0928N,31,106,112,01F0956N>01F0928N,20260902,193,106,380.6666666666667,124,196,316.0,106,110.0,2026-09-02 16:10:00,2026-09-02 16:25:00,15
2026-09-02 16:10:00,01F0956N,01F0928N,31,125,153,01F0956N>01F0928N,20260902,194,125,351.3333333333333,112,197,325.0,125,155.25,2026-09-02 16:15:00,2026-09-02 16:30:00,15
2026-09-02 16:15:00,01F0956N,01F0928N,31,129,173,01F0956N>01F0928N,20260902,195,129,331.3333333333333,122,198,304.3333333333333,129,152.58333333333331,2026-09-02 16:20:00,2026-09-02 16:35:00,15
2026-09-02 16:20:00,01F0956N,01F0928N,31,124,163,01F0956N>01F0928N,20260902,196,124,316.0,122,199,293.0,124,149.0,2026-09-02 16:25:00,2026-09-02 16:40:00,15
2026-09-02 16:25:00,01F0956N,01F0928N,31,112,143,01F0956N>01F0928N,20260902,197,112,325.0,123,200,301.3333333333333,112,141.58333333333331,2026-09-02 16:30:00,2026-09-02 16:45:00,15
2026-09-02 16:30:00,01F0956N,01F0928N,31,122,164,01F0956N>01F0928N,20260902,198,122,304.3333333333333,127,201,316.3333333333333,122,179.58333333333331,2026-09-02 16:35:00,2026-09-02 16:50:00,15
2026-09-02 16:35:00,01F0956N,01F0928N,31,122,165,01F0956N>01F0928N,20260902,199,122,293.0,155,202,308.6666666666667,122,180.41666666666669,2026-09-02 16:40:00,2026-09-02 16:55:00,15
2026-09-02 16:40:00,01F0956N,01F0928N,31,123,161,01F0956N>01F0928N,20260902,200,123,301.3333333333333,158,203,318.0,123,184.25,2026-09-02 16:45:00,2026-09-02 17:00:00,15
2026-09-02 16:45:00,01F0956N,01F0928N,31,127,123,01F0956N>01F0928N,20260902,201,127,316.3333333333333,151,204,316.3333333333333,127,174.33333333333331,2026-09-02 16:50:00,2026-09-02 17:05:00,15
2026-09-02 16:50:00,01F0956N,01F0928N,31,155,171,01F0956N>01F0928N,20260902,202,155,308.6666666666667,143,205,320.6666666666667,155,205.41666666666669,2026-09-02 16:55:00,2026-09-02 17:10:00,15
2026-09-02 16:55:00,01F0956N,01F0928N,31,158,151,01F0956N>01F0928N,20260902,203,158,318.0,167,206,307.6666666666667,158,187.66666666666669,2026-09-02 17:00:00,2026-09-02 17:15:00,15
2026-09-02 17:00:00,01F0956N,01F0928N,31,151,147,01F0956N>01F0928N,20260902,204,151,316.3333333333333,182,207,308.0,151,184.0,2026-09-02 17:05:00,2026-09-02 17:20:00,15
2026-09-02 17:05:00,01F0956N,01F0928N,31,143,168,01F0956N>01F0928N,20260902,205,143,320.6666666666667,205,208,306.3333333333333,143,173.08333333333331,2026-09-02 17:10:00,2026-09-02 17:25:00,15
2026-09-02 17:10:00,01F0956N,01F0928N,31,167,160,01F0956N>01F0928N,20260902,206,167,307.6666666666667,248,209,297.3333333333333,167,191.83333333333331,2026-09-02 17:15:00,2026-09-02 17:30:00,15
2026-09-02 17:15:00,01F0956N,01F0928N,31,182,143,01F0956N>01F0928N,20260902,207,182,308.0,265,210,274.6666666666667,182,180.16666666666669,2026-09-02 17:20:00,2026-09-02 17:35:00,15
2026-09-02 17:20:00,01F0956N,01F0928N,31,205,147,01F0956N>01F0928N,20260902,208,205,306.3333333333333,255,211,276.3333333333333,205,200.33333333333331,2026-09-02 17:25:00,2026-09-02 17:40:00,15
2026-09-02 17:25:00,01F0956N,01F0928N,31,248,159,01F0956N>01F0928N,20260902,209,248,297.3333333333333,277,212,270.0,248,233.0,2026-09-02 17:30:00,2026-09-02 17:45:00,15
2026-09-02 17:30:00,01F0956N,01F0928N,31,265,159,01F0956N>01F0928N,20260902,210,265,274.6666666666667,279,213,293.3333333333333,265,286.0833333333333,2026-09-02 17:35:00,2026-09-02 17:50:00,15
2026-09-02 17:35:00,01F0956N,01F0928N,31,255,168,01F0956N>01F0928N,20260902,211,255,276.3333333333333,257,214,289.3333333333333,255,273.3333333333333,2026-09-02 17:40:00,2026-09-02 17:55:00,15
2026-09-02 17:40:00,01F0956N,01F0928N,31,277,177,01F0956N>01F0928N,20260902,212,277,270.0,261,215,273.0,277,278.25,2026-09-02 17:45:00,2026-09-02 18:00:00,15
2026-09-02 17:45:00,01F0956N,01F0928N,31,279,168,01F0956N>01F0928N,20260902,213,279,293.3333333333333,271,216,265.0,279,254.25,2026-09-02 17:50:00,2026-09-02 18:05:00,15
2026-09-02 17:50:00,01F0956N,01F0928N,31,257,189,01F0956N>01F0928N,20260902,214,257,289.3333333333333,257,217,277.6666666666667,257,253.41666666666669,2026-09-02 17:55:00,2026-09-02 18:10:00,15
2026-09-02 17:55:00,01F0956N,01F0928N,31,261,167,01F0956N>01F0928N,20260902,215,261,273.0,249,218,295.3333333333333,261,286.3333333333333,2026-09-02 18:00:00,2026-09-02 18:15:00,15
2026-09-02 18:00:00,01F0956N,01F0928N,31,271,155,01F0956N>01F0928N,20260902,216,271,265.0,259,219,307.0,271,311.5,2026-09-02 18:05:00,2026-09-02 18:20:00,15
2026-09-02 18:05:00,01F0956N,01F0928N,31,257,191,01F0956N>01F0928N,20260902,217,257,277.6666666666667,289,220,308.3333333333333,257,292.8333333333333,2026-09-02 18:10:00,2026-09-02 18:25:00,15
2026-09-02 18:10:00,01F0956N,01F0928N,31,249,184,01F0956N>01F0928N,20260902,218,249,295.3333333333333,298,221,311.3333333333333,249,276.5833333333333,2026-09-02 18:15:00,2026-09-02 18:30:00,15
2026-09-02 18:15:00,01F0956N,01F0928N,31,259,157,01F0956N>01F0928N,20260902,219,259,307.0,307,222,302.3333333333333,259,266.3333333333333,2026-09-02 18:20:00,2026-09-02 18:35:00,15
2026-09-02 18:20:00,01F0956N,01F0928N,31,289,154,01F0956N>01F0928N,20260902,220,289,308.3333333333333,324,223,309.3333333333333,289,294.8333333333333,2026-09-02 18:25:00,2026-09-02 18:40:00,15
2026-09-02 18:25:00,01F0956N,01F0928N,31,298,178,01F0956N>01F0928N,20260902,221,298,311.3333333333333,310,224,294.3333333333333,298,284.3333333333333,2026-09-02 18:30:00,2026-09-02 18:45:00,15
2026-09-02 18:30:00,01F0956N,01F0928N,31,307,144,01F0956N>01F0928N,20260902,222,307,302.3333333333333,319,225,285.0,307,288.5,2026-09-02 18:35:00,2026-09-02 18:50:00,15
2026-09-02 18:35:00,01F0956N,01F0928N,31,324,139,01F0956N>01F0928N,20260902,223,324,309.3333333333333,293,226,293.6666666666667,324,304.6666666666667,2026-09-02 18:40:00,2026-09-02 18:55:00,15
2026-09-02 18:40:00,01F0956N,01F0928N,31,310,143,01F0956N>01F0928N,20260902,224,310,294.3333333333333,278,227,298.6666666666667,310,310.4166666666667,2026-09-02 18:45:00,2026-09-02 19:00:00,15
2026-09-02 18:45:00,01F0956N,01F0928N,31,319,179,01F0956N>01F0928N,20260902,225,319,285.0,276,228,299.6666666666667,319,325.1666666666667,2026-09-02 18:50:00,2026-09-02 19:05:00,15
2026-09-02 18:50:00,01F0956N,01F0928N,31,293,156,01F0956N>01F0928N,20260902,226,293,293.6666666666667,247,229,284.3333333333333,293,283.8333333333333,2026-09-02 18:55:00,2026-09-02 19:10:00,15
2026-09-02 18:55:00,01F0956N,01F0928N,31,278,163,01F0956N>01F0928N,20260902,227,278,298.6666666666667,224,230,287.0,278,271.5,2026-09-02 19:00:00,2026-09-02 19:15:00,15
2026-09-02 19:00:00,01F0956N,01F0928N,31,276,142,01F0956N>01F0928N,20260902,228,276,299.6666666666667,189,231,287.3333333333333,276,269.5833333333333,2026-09-02 19:05:00,2026-09-02 19:20:00,15
2026-09-02 19:05:00,01F0956N,01F0928N,31,247,159,01F0956N>01F0928N,20260902,229,247,284.3333333333333,189,232,259.3333333333333,247,231.33333333333331,2026-09-02 19:10:00,2026-09-02 19:25:00,15
2026-09-02 19:10:00,01F0956N,01F0928N,31,224,151,01F0956N>01F0928N,20260902,230,224,287.0,144,233,262.3333333333333,224,215.08333333333331,2026-09-02 19:15:00,2026-09-02 19:30:00,15
2026-09-02 19:15:00,01F0956N,01F0928N,31,189,118,01F0956N>01F0928N,20260902,231,189,287.3333333333333,109,234,252.66666666666666,189,178.91666666666669,2026-09-02 19:20:00,2026-09-02 19:35:00,15
2026-09-02 19:20:00,01F0956N,01F0928N,31,189,134,01F0956N>01F0928N,20260902,232,189,259.3333333333333,107,235,230.0,189,177.25,2026-09-02 19:25:00,2026-09-02 19:40:00,15
2026-09-02 19:25:00,01F0956N,01F0928N,31,144,145,01F0956N>01F0928N,20260902,233,144,262.3333333333333,126,236,216.0,144,127.25000000000001,2026-09-02 19:30:00,2026-09-02 19:45:00,15
2026-09-02 19:30:00,01F0956N,01F0928N,31,109,133,01F0956N>01F0928N,20260902,234,109,252.66666666666666,116,237,193.0,109,85.25,2026-09-02 19:35:00,2026-09-02 19:50:00,15
2026-09-02 19:35:00,01F0956N,01F0928N,31,107,106,01F0956N>01F0928N,20260902,235,107,230.0,115,238,167.33333333333334,107,75.08333333333334,2026-09-02 19:40:00,2026-09-02 19:55:00,15
2026-09-02 19:40:00,01F0956N,01F0928N,31,126,155,01F0956N>01F0928N,20260902,236,126,216.0,108,239,140.33333333333334,126,72.83333333333334,2026-09-02 19:45:00,2026-09-02 20:00:00,15
2026-09-02 19:45:00,01F0956N,01F0928N,31,116,130,01F0956N>01F0928N,20260902,237,116,193.0,108,240,118.66666666666667,116,60.91666666666667,2026-09-02 19:50:00,2026-09-02 20:05:00,15
2026-09-02 19:50:00,01F0956N,01F0928N,31,115,134,01F0956N>01F0928N,20260902,238,115,167.33333333333334,109,241,110.33333333333333,115,71.08333333333331,2026-09-02 19:55:00,2026-09-02 20:10:00,15
2026-09-02 19:55:00,01F0956N,01F0928N,31,108,131,01F0956N>01F0928N,20260902,239,108,140.33333333333334,102,242,106.66666666666667,108,82.41666666666666,2026-09-02 20:00:00,2026-09-02 20:15:00,15
2026-09-02 20:00:00,01F0956N,01F0928N,31,108,116,01F0956N>01F0928N,20260902,240,108,118.66666666666667,103,243,108.0,108,100.0,2026-09-02 20:05:00,2026-09-02 20:20:00,15
2026-09-02 20:05:00,01F0956N,01F0928N,31,109,116,01F0956N>01F0928N,20260902,241,109,110.33333333333333,102,244,107.33333333333333,109,106.33333333333333,2026-09-02 20:10:00,2026-09-02 20:25:00,15
2026-09-02 20:10:00,01F0956N,01F0928N,31,102,93,01F0956N>01F0928N,20260902,242,102,106.66666666666667,100,245,103.0,102,99.5,2026-09-02 20:15:00,2026-09-02 20:30:00,15
2026-09-02 20:15:00,01F0956N,01F0928N,31,103,124,01F0956N>01F0928N,20260902,243,103,108.0,110,246,108.66666666666667,103,104.91666666666667,2026-09-02 20:20:00,2026-09-02 20:35:00,15
2026-09-02 20:20:00,01F0956N,01F0928N,31,102,96,01F0956N>01F0928N,20260902,244,102,107.33333333333333,103,247,103.33333333333333,102,99.33333333333333,2026-09-02 20:25:00,2026-09-02 20:40:00,15
2026-09-02 20:25:00,01F0956N,01F0928N,31,100,95,01F0956N>01F0928N,20260902,245,100,103.0,105,248,105.0,100,102.75,2026-09-02 20:30:00,2026-09-02 20:45:00,15
2026-09-02 20:30:00,01F0956N,01F0928N,31,110,101,01F0956N>01F0928N,20260902,246,110,108.66666666666667,101,249,104.0,110,105.0,2026-09-02 20:35:00,2026-09-02 20:50:00,15
2026-09-02 20:35:00,01F0956N,01F0928N,31,103,98,01F0956N>01F0928N,20260902,247,103,103.33333333333333,101,250,102.0,103,101.75,2026-09-02 20:40:00,2026-09-02 20:55:00,15
2026-09-02 20:40:00,01F0956N,01F0928N,31,105,90,01F0956N>01F0928N,20260902,248,105,105.0,99,251,103.33333333333333,105,103.33333333333333,2026-09-02 20:45:00,2026-09-02 21:00:00,15
2026-09-02 20:45:00,01F0956N,01F0928N,31,101,95,01F0956N>01F0928N,20260902,249,101,104.0,100,252,103.0,101,100.75,2026-09-02 20:50:00,2026-09-02 21:05:00,15
2026-09-02 20:50:00,01F0956N,01F0928N,31,101,95,01F0956N>01F0928N,20260902,250,101,102.0,97,253,99.66666666666667,101,98.91666666666667,2026-09-02 20:55:00,2026-09-02 21:10:00,15
2026-09-02 20:55:00,01F0956N,01F0928N,31,99,78,01F0956N>01F0928N,20260902,251,99,103.33333333333333,102,254,100.0,99,96.75,2026-09-02 21:00:00,2026-09-02 21:15:00,15
2026-09-02 21:00:00,01F0956N,01F0928N,31,100,95,01F0956N>01F0928N,20260902,252,100,103.0,101,255,101.66666666666667,100,99.41666666666667,2026-09-02 21:05:00,2026-09-02 21:20:00,15
2026-09-02 21:05:00,01F0956N,01F0928N,31,97,78,01F0956N>01F0928N,20260902,253,97,99.66666666666667,100,256,100.0,97,98.0,2026-09-02 21:10:00,2026-09-02 21:25:00,15
2026-09-02 21:10:00,01F0956N,01F0928N,31,102,101,01F0956N>01F0928N,20260902,254,102,100.0,100,257,100.33333333333333,102,101.83333333333333,2026-09-02 21:15:00,2026-09-02 21:30:00,15
2026-09-02 21:15:00,01F0956N,01F0928N,31,101,86,01F0956N>01F0928N,20260902,255,101,101.66666666666667,98,258,99.0,101,98.5,2026-09-02 21:20:00,2026-09-02 21:35:00,15
2026-09-02 21:20:00,01F0956N,01F0928N,31,100,87,01F0956N>01F0928N,20260902,256,100,100.0,98,259,99.0,100,99.0,2026-09-02 21:25:00,2026-09-02 21:40:00,15
2026-09-02 21:25:00,01F0956N,01F0928N,31,100,97,01F0956N>01F0928N,20260902,257,100,100.33333333333333,97,260,100.33333333333333,100,100.08333333333333,2026-09-02 21:30:00,2026-09-02 21:45:00,15
2026-09-02 21:30:00,01F0956N,01F0928N,31,98,83,01F0956N>01F0928N,20260902,258,98,99.0,98,261,97.66666666666667,98,96.91666666666667,2026-09-02 21:35:00,2026-09-02 21:50:00,15
2026-09-02 21:35:00,01F0956N,01F0928N,31,98,74,01F0956N>01F0928N,20260902,259,98,99.0,96,262,99.0,98,98.25,2026-09-02 21:40:00,2026-09-02 21:55:00,15
2026-09-02 21:40:00,01F0956N,01F0928N,31,97,69,01F0956N>01F0928N,20260902,260,97,100.33333333333333,97,263,101.66666666666667,97,99.16666666666667,2026-09-02 21:45:00,2026-09-02 22:00:00,15
2026-09-02 21:45:00,01F0956N,01F0928N,31,98,87,01F0956N>01F0928N,20260902,261,98,97.66666666666667,99,264,98.33333333333333,98,98.58333333333333,2026-09-02 21:50:00,2026-09-02 22:05:00,15
2026-09-02 21:50:00,01F0956N,01F0928N,31,96,72,01F0956N>01F0928N,20260902,262,96,99.0,99,265,97.33333333333333,96,95.08333333333333,2026-09-02 21:55:00,2026-09-02 22:10:00,15
2026-09-02 21:55:00,01F0956N,01F0928N,31,97,64,01F0956N>01F0928N,20260902,263,97,101.66666666666667,99,266,97.66666666666667,97,94.16666666666667,2026-09-02 22:00:00,2026-09-02 22:15:00,15
2026-09-02 22:00:00,01F0956N,01F0928N,31,99,64,01F0956N>01F0928N,20260902,264,99,98.33333333333333,97,267,97.66666666666667,99,98.16666666666667,2026-09-02 22:05:00,2026-09-02 22:20:00,15
2026-09-02 22:05:00,01F0956N,01F0928N,31,99,71,01F0956N>01F0928N,20260902,265,99,97.33333333333333,96,268,98.33333333333333,99,99.58333333333333,2026-09-02 22:10:00,2026-09-02 22:25:00,15
2026-09-02 22:10:00,01F0956N,01F0928N,31,99,65,01F0956N>01F0928N,20260902,266,99,97.66666666666667,95,269,100.33333333333333,99,101.33333333333333,2026-09-02 22:15:00,2026-09-02 22:30:00,15
2026-09-02 22:15:00,01F0956N,01F0928N,31,97,80,01F0956N>01F0928N,20260902,267,97,97.66666666666667,97,270,96.66666666666667,97,96.16666666666667,2026-09-02 22:20:00,2026-09-02 22:35:00,15
2026-09-02 22:20:00,01F0956N,01F0928N,31,96,69,01F0956N>01F0928N,20260902,268,96,98.33333333333333,97,271,98.0,96,96.25,2026-09-02 22:25:00,2026-09-02 22:40:00,15
2026-09-02 22:25:00,01F0956N,01F0928N,31,95,50,01F0956N>01F0928N,20260902,269,95,100.33333333333333,96,272,97.0,95,93.0,2026-09-02 22:30:00,2026-09-02 22:45:00,15
2026-09-02 22:30:00,01F0956N,01F0928N,31,97,50,01F0956N>01F0928N,20260902,270,97,96.66666666666667,95,273,97.33333333333333,97,97.58333333333333,2026-09-02 22:35:00,2026-09-02 22:50:00,15
2026-09-02 22:35:00,01F0956N,01F0928N,31,97,61,01F0956N>01F0928N,20260902,271,97,98.0,98,274,95.33333333333333,97,94.58333333333333,2026-09-02 22:40:00,2026-09-02 22:55:00,15
2026-09-02 22:40:00,01F0956N,01F0928N,31,96,67,01F0956N>01F0928N,20260902,272,96,97.0,97,275,93.66666666666667,96,92.91666666666667,2026-09-02 22:45:00,2026-09-02 23:00:00,15
2026-09-02 22:45:00,01F0956N,01F0928N,31,95,49,01F0956N>01F0928N,20260902,273,95,97.33333333333333,99,276,95.66666666666667,95,93.91666666666667,2026-09-02 22:50:00,2026-09-02 23:05:00,15
2026-09-02 22:50:00,01F0956N,01F0928N,31,98,39,01F0956N>01F0928N,20260902,274,98,95.33333333333333,96,277,95.66666666666667,98,97.66666666666667,2026-09-02 22:55:00,2026-09-02 23:10:00,15
2026-09-02 22:55:00,01F0956N,01F0928N,31,97,49,01F0956N>01F0928N,20260902,275,97,93.66666666666667,95,278,95.0,97,97.5,2026-09-02 23:00:00,2026-09-02 23:15:00,15
2026-09-02 23:00:00,01F0956N,01F0928N,31,99,38,01F0956N>01F0928N,20260902,276,99,95.66666666666667,92,279,96.33333333333333,99,98.83333333333333,2026-09-02 23:05:00,2026-09-02 23:20:00,15
2026-09-02 23:05:00,01F0956N,01F0928N,31,96,51,01F0956N>01F0928N,20260902,277,96,95.66666666666667,96,280,96.0,96,96.25,2026-09-02 23:10:00,2026-09-02 23:25:00,15
2026-09-02 23:10:00,01F0956N,01F0928N,31,95,39,01F0956N>01F0928N,20260902,278,95,95.0,91,281,95.66666666666667,95,95.66666666666667,2026-09-02 23:15:00,2026-09-02 23:30:00,15
2026-09-02 23:15:00,01F0956N,01F0928N,31,92,43,01F0956N>01F0928N,20260902,279,92,96.33333333333333,97,282,95.33333333333333,92,92.08333333333333,2026-09-02 23:20:00,2026-09-02 23:35:00,15
2026-09-02 23:20:00,01F0956N,01F0928N,31,96,59,01F0956N>01F0928N,20260902,280,96,96.0,94,283,97.0,96,97.0,2026-09-02 23:25:00,2026-09-02 23:40:00,15
2026-09-02 23:25:00,01F0956N,01F0928N,31,91,42,01F0956N>01F0928N,20260902,281,91,95.66666666666667,96,284,94.0,91,90.5,2026-09-02 23:30:00,2026-09-02 23:45:00,15
2026-09-02 23:30:00,01F0956N,01F0928N,31,97,43,01F0956N>01F0928N,20260902,282,97,95.33333333333333,94,285,94.66666666666667,97,95.91666666666667,2026-09-02 23:35:00,2026-09-02 23:50:00,15
2026-09-02 23:35:00,01F0956N,01F0928N,31,94,31,01F0956N>01F0928N,20260902,283,94,97.0,94,286,95.33333333333333,94,93.08333333333333,2026-09-02 23:40:00,2026-09-02 23:55:00,15
2026-09-02 23:40:00,01F0956N,01F0928N,31,96,29,01F0956N>01F0928N,20260902,284,96,94.0,94,287,94.66666666666667,96,96.16666666666667,2026-09-02 23:45:00,2026-09-03 00:00:00,15
2026-09-02 00:00:00,01F0979N,01F0956N,31,77,18,01F0979N>01F0956N,20260902,0,77,78.0,76,3,78.33333333333333,77,77.58333333333333,2026-09-02 00:05:00,2026-09-02 00:20:00,15
2026-09-02 00:05:00,01F0979N,01F0956N,31,79,15,01F0979N>01F0956N,20260902,1,79,78.33333333333333,80,4,77.66666666666667,79,78.16666666666667,2026-09-02 00:10:00,2026-09-02 00:25:00,15
2026-09-02 00:10:00,01F0979N,01F0956N,31,80,20,01F0979N>01F0956N,20260902,2,80,78.0,79,5,77.33333333333333,80,78.83333333333333,2026-09-02 00:15:00,2026-09-02 00:30:00,15
2026-09-02 00:15:00,01F0979N,01F0956N,31,76,17,01F0979N>01F0956N,20260902,3,76,78.33333333333333,79,6,78.0,76,76.25,2026-09-02 00:20:00,2026-09-02 00:35:00,15
2026-09-02 00:20:00,01F0979N,01F0956N,31,80,22,01F0979N>01F0956N,20260902,4,80,77.66666666666667,80,7,78.33333333333333,80,80.08333333333333,2026-09-02 00:25:00,2026-09-02 00:40:00,15
2026-09-02 00:25:00,01F0979N,01F0956N,31,79,19,01F0979N>01F0956N,20260902,5,79,77.33333333333333,78,8,78.33333333333333,79,79.58333333333333,2026-09-02 00:30:00,2026-09-02 00:45:00,15
2026-09-02 00:30:00,01F0979N,01F0956N,31,79,14,01F0979N>01F0956N,20260902,6,79,78.0,79,9,77.33333333333333,79,78.08333333333333,2026-09-02 00:35:00,2026-09-02 00:50:00,15
2026-09-02 00:35:00,01F0979N,01F0956N,31,80,21,01F0979N>01F0956N,20260902,7,80,78.33333333333333,77,10,77.66666666666667,80,78.91666666666667,2026-09-02 00:40:00,2026-09-02 00:55:00,15
2026-09-02 00:40:00,01F0979N,01F0956N,31,78,15,01F0979N>01F0956N,20260902,8,78,78.33333333333333,80,11,78.66666666666667,78,78.41666666666667,2026-09-02 00:45:00,2026-09-02 01:00:00,15
2026-09-02 00:45:00,01F0979N,01F0956N,31,79,26,01F0979N>01F0956N,20260902,9,79,77.33333333333333,78,12,77.33333333333333,79,78.58333333333333,2026-09-02 00:50:00,2026-09-02 01:05:00,15
2026-09-02 00:50:00,01F0979N,01F0956N,31,77,20,01F0979N>01F0956N,20260902,10,77,77.66666666666667,74,13,77.0,77,76.5,2026-09-02 00:55:00,2026-09-02 01:10:00,15
2026-09-02 00:55:00,01F0979N,01F0956N,31,80,19,01F0979N>01F0956N,20260902,11,80,78.66666666666667,77,14,77.33333333333333,80,78.33333333333333,2026-09-02 01:00:00,2026-09-02 01:15:00,15
2026-09-02 01:00:00,01F0979N,01F0956N,31,78,19,01F0979N>01F0956N,20260902,12,78,77.33333333333333,82,15,78.0,78,78.5,2026-09-02 01:05:00,2026-09-02 01:20:00,15
2026-09-02 01:05:00,01F0979N,01F0956N,31,74,14,01F0979N>01F0956N,20260902,13,74,77.0,81,16,79.66666666666667,74,77.41666666666667,2026-09-02 01:10:00,2026-09-02 01:25:00,15
2026-09-02 01:10:00,01F0979N,01F0956N,31,77,14,01F0979N>01F0956N,20260902,14,77,77.33333333333333,77,17,75.66666666666667,77,75.41666666666667,2026-09-02 01:15:00,2026-09-02 01:30:00,15
2026-09-02 01:15:00,01F0979N,01F0956N,31,82,19,01F0979N>01F0956N,20260902,15,82,78.0,83,18,76.66666666666667,82,79.66666666666667,2026-09-02 01:20:00,2026-09-02 01:35:00,15
2026-09-02 01:20:00,01F0979N,01F0956N,31,81,12,01F0979N>01F0956N,20260902,16,81,79.66666666666667,83,19,77.0,81,78.0,2026-09-02 01:25:00,2026-09-02 01:40:00,15
2026-09-02 01:25:00,01F0979N,01F0956N,31,77,16,01F0979N>01F0956N,20260902,17,77,75.66666666666667,79,20,76.33333333333333,77,77.33333333333333,2026-09-02 01:30:00,2026-09-02 01:45:00,15
2026-09-02 01:30:00,01F0979N,01F0956N,31,83,15,01F0979N>01F0956N,20260902,18,83,76.66666666666667,79,21,76.66666666666667,83,81.41666666666667,2026-09-02 01:35:00,2026-09-02 01:50:00,15
2026-09-02 01:35:00,01F0979N,01F0956N,31,83,9,01F0979N>01F0956N,20260902,19,83,77.0,77,22,77.0,83,81.5,2026-09-02 01:40:00,2026-09-02 01:55:00,15
2026-09-02 01:40:00,01F0979N,01F0956N,31,79,15,01F0979N>01F0956N,20260902,20,79,76.33333333333333,79,23,77.66666666666667,79,79.66666666666667,2026-09-02 01:45:00,2026-09-02 02:00:00,15
2026-09-02 01:45:00,01F0979N,01F0956N,31,79,14,01F0979N>01F0956N,20260902,21,79,76.66666666666667,78,24,78.33333333333333,79,80.08333333333333,2026-09-02 01:50:00,2026-09-02 02:05:00,15
2026-09-02 01:50:00,01F0979N,01F0956N,31,77,14,01F0979N>01F0956N,20260902,22,77,77.0,76,25,79.0,77,79.0,2026-09-02 01:55:00,2026-09-02 02:10:00,15
2026-09-02 01:55:00,01F0979N,01F0956N,31,79,14,01F0979N>01F0956N,20260902,23,79,77.66666666666667,78,26,77.33333333333333,79,78.33333333333333,2026-09-02 02:00:00,2026-09-02 02:15:00,15
2026-09-02 02:00:00,01F0979N,01F0956N,31,78,15,01F0979N>01F0956N,20260902,24,78,78.33333333333333,76,27,77.0,78,76.75,2026-09-02 02:05:00,2026-09-02 02:20:00,15
2026-09-02 02:05:00,01F0979N,01F0956N,31,76,12,01F0979N>01F0956N,20260902,25,76,79.0,77,28,78.0,76,75.75,2026-09-02 02:10:00,2026-09-02 02:25:00,15
2026-09-02 02:10:00,01F0979N,01F0956N,31,78,11,01F0979N>01F0956N,20260902,26,78,77.33333333333333,80,29,79.66666666666667,78,80.16666666666667,2026-09-02 02:15:00,2026-09-02 02:30:00,15
2026-09-02 02:15:00,01F0979N,01F0956N,31,76,9,01F0979N>01F0956N,20260902,27,76,77.0,80,30,78.66666666666667,76,77.91666666666667,2026-09-02 02:20:00,2026-09-02 02:35:00,15
2026-09-02 02:20:00,01F0979N,01F0956N,31,77,15,01F0979N>01F0956N,20260902,28,77,78.0,81,31,77.33333333333333,77,76.58333333333333,2026-09-02 02:25:00,2026-09-02 02:40:00,15
2026-09-02 02:25:00,01F0979N,01F0956N,31,80,11,01F0979N>01F0956N,20260902,29,80,79.66666666666667,78,32,78.66666666666667,80,78.91666666666667,2026-09-02 02:30:00,2026-09-02 02:45:00,15
2026-09-02 02:30:00,01F0979N,01F0956N,31,80,12,01F0979N>01F0956N,20260902,30,80,78.66666666666667,74,33,76.33333333333333,80,77.33333333333333,2026-09-02 02:35:00,2026-09-02 02:50:00,15
2026-09-02 02:35:00,01F0979N,01F0956N,31,81,8,01F0979N>01F0956N,20260902,31,81,77.33333333333333,77,34,78.0,81,80.75,2026-09-02 02:40:00,2026-09-02 02:55:00,15
2026-09-02 02:40:00,01F0979N,01F0956N,31,78,16,01F0979N>01F0956N,20260902,32,78,78.66666666666667,78,35,76.33333333333333,78,75.83333333333333,2026-09-02 02:45:00,2026-09-02 03:00:00,15
2026-09-02 02:45:00,01F0979N,01F0956N,31,74,19,01F0979N>01F0956N,20260902,33,74,76.33333333333333,74,36,77.66666666666667,74,75.91666666666667,2026-09-02 02:50:00,2026-09-02 03:05:00,15
2026-09-02 02:50:00,01F0979N,01F0956N,31,77,21,01F0979N>01F0956N,20260902,34,77,78.0,79,37,75.66666666666667,77,74.91666666666667,2026-09-02 02:55:00,2026-09-02 03:10:00,15
2026-09-02 02:55:00,01F0979N,01F0956N,31,78,13,01F0979N>01F0956N,20260902,35,78,76.33333333333333,77,38,77.0,78,78.25,2026-09-02 03:00:00,2026-09-02 03:15:00,15
2026-09-02 03:00:00,01F0979N,01F0956N,31,74,12,01F0979N>01F0956N,20260902,36,74,77.66666666666667,75,39,76.66666666666667,74,73.91666666666667,2026-09-02 03:05:00,2026-09-02 03:20:00,15
2026-09-02 03:05:00,01F0979N,01F0956N,31,79,20,01F0979N>01F0956N,20260902,37,79,75.66666666666667,78,40,77.0,79,79.5,2026-09-02 03:10:00,2026-09-02 03:25:00,15
2026-09-02 03:10:00,01F0979N,01F0956N,31,77,14,01F0979N>01F0956N,20260902,38,77,77.0,76,41,78.33333333333333,77,78.33333333333333,2026-09-02 03:15:00,2026-09-02 03:30:00,15
2026-09-02 03:15:00,01F0979N,01F0956N,31,75,22,01F0979N>01F0956N,20260902,39,75,76.66666666666667,77,42,78.0,75,76.75,2026-09-02 03:20:00,2026-09-02 03:35:00,15
2026-09-02 03:20:00,01F0979N,01F0956N,31,78,26,01F0979N>01F0956N,20260902,40,78,77.0,76,43,77.33333333333333,78,78.08333333333333,2026-09-02 03:25:00,2026-09-02 03:40:00,15
2026-09-02 03:25:00,01F0979N,01F0956N,31,76,23,01F0979N>01F0956N,20260902,41,76,78.33333333333333,78,44,76.33333333333333,76,74.58333333333333,2026-09-02 03:30:00,2026-09-02 03:45:00,15
2026-09-02 03:30:00,01F0979N,01F0956N,31,77,19,01F0979N>01F0956N,20260902,42,77,78.0,76,45,77.0,77,76.25,2026-09-02 03:35:00,2026-09-02 03:50:00,15
2026-09-02 03:35:00,01F0979N,01F0956N,31,76,22,01F0979N>01F0956N,20260902,43,76,77.33333333333333,76,46,75.66666666666667,76,74.66666666666667,2026-09-02 03:40:00,2026-09-02 03:55:00,15
2026-09-02 03:40:00,01F0979N,01F0956N,31,78,19,01F0979N>01F0956N,20260902,44,78,76.33333333333333,77,47,76.66666666666667,78,77.91666666666667,2026-09-02 03:45:00,2026-09-02 04:00:00,15
2026-09-02 03:45:00,01F0979N,01F0956N,31,76,15,01F0979N>01F0956N,20260902,45,76,77.0,79,48,75.33333333333333,76,74.58333333333333,2026-09-02 03:50:00,2026-09-02 04:05:00,15
2026-09-02 03:50:00,01F0979N,01F0956N,31,76,24,01F0979N>01F0956N,20260902,46,76,75.66666666666667,80,49,77.33333333333333,76,77.58333333333333,2026-09-02 03:55:00,2026-09-02 04:10:00,15
2026-09-02 03:55:00,01F0979N,01F0956N,31,77,17,01F0979N>01F0956N,20260902,47,77,76.66666666666667,79,50,76.33333333333333,77,76.58333333333333,2026-09-02 04:00:00,2026-09-02 04:15:00,15
2026-09-02 04:00:00,01F0979N,01F0956N,31,79,17,01F0979N>01F0956N,20260902,48,79,75.33333333333333,78,51,77.0,79,79.75,2026-09-02 04:05:00,2026-09-02 04:20:00,15
2026-09-02 04:05:00,01F0979N,01F0956N,31,80,19,01F0979N>01F0956N,20260902,49,80,77.33333333333333,76,52,77.33333333333333,80,79.33333333333333,2026-09-02 04:10:00,2026-09-02 04:25:00,15
2026-09-02 04:10:00,01F0979N,01F0956N,31,79,23,01F0979N>01F0956N,20260902,50,79,76.33333333333333,79,53,78.33333333333333,79,80.33333333333333,2026-09-02 04:15:00,2026-09-02 04:30:00,15
2026-09-02 04:15:00,01F0979N,01F0956N,31,78,29,01F0979N>01F0956N,20260902,51,78,77.0,76,54,77.0,78,77.75,2026-09-02 04:20:00,2026-09-02 04:35:00,15
2026-09-02 04:20:00,01F0979N,01F0956N,31,76,27,01F0979N>01F0956N,20260902,52,76,77.33333333333333,77,55,78.33333333333333,76,77.33333333333333,2026-09-02 04:25:00,2026-09-02 04:40:00,15
2026-09-02 04:25:00,01F0979N,01F0956N,31,79,22,01F0979N>01F0956N,20260902,53,79,78.33333333333333,77,56,76.66666666666667,79,77.16666666666667,2026-09-02 04:30:00,2026-09-02 04:45:00,15
2026-09-02 04:30:00,01F0979N,01F0956N,31,76,20,01F0979N>01F0956N,20260902,54,76,77.0,77,57,76.0,76,75.25,2026-09-02 04:35:00,2026-09-02 04:50:00,15
2026-09-02 04:35:00,01F0979N,01F0956N,31,77,19,01F0979N>01F0956N,20260902,55,77,78.33333333333333,79,58,76.0,77,75.0,2026-09-02 04:40:00,2026-09-02 04:55:00,15
2026-09-02 04:40:00,01F0979N,01F0956N,31,77,23,01F0979N>01F0956N,20260902,56,77,76.66666666666667,79,59,77.33333333333333,77,77.58333333333333,2026-09-02 04:45:00,2026-09-02 05:00:00,15
2026-09-02 04:45:00,01F0979N,01F0956N,31,77,24,01F0979N>01F0956N,20260902,57,77,76.0,80,60,77.33333333333333,77,78.08333333333333,2026-09-02 04:50:00,2026-09-02 05:05:00,15
2026-09-02 04:50:00,01F0979N,01F0956N,31,79,32,01F0979N>01F0956N,20260902,58,79,76.0,81,61,76.66666666666667,79,78.91666666666667,2026-09-02 04:55:00,2026-09-02 05:10:00,15
2026-09-02 04:55:00,01F0979N,01F0956N,31,79,28,01F0979N>01F0956N,20260902,59,79,77.33333333333333,75,62,76.66666666666667,79,77.91666666666667,2026-09-02 05:00:00,2026-09-02 05:15:00,15
2026-09-02 05:00:00,01F0979N,01F0956N,31,80,21,01F0979N>01F0956N,20260902,60,80,77.33333333333333,77,63,75.66666666666667,80,77.66666666666667,2026-09-02 05:05:00,2026-09-02 05:20:00,15
2026-09-02 05:05:00,01F0979N,01F0956N,31,81,18,01F0979N>01F0956N,20260902,61,81,76.66666666666667,79,64,76.66666666666667,81,79.91666666666667,2026-09-02 05:10:00,2026-09-02 05:25:00,15
2026-09-02 05:10:00,01F0979N,01F0956N,31,75,22,01F0979N>01F0956N,20260902,62,75,76.66666666666667,77,65,77.66666666666667,75,76.41666666666667,2026-09-02 05:15:00,2026-09-02 05:30:00,15
2026-09-02 05:15:00,01F0979N,01F0956N,31,77,33,01F0979N>01F0956N,20260902,63,77,75.66666666666667,77,66,76.0,77,77.0,2026-09-02 05:20:00,2026-09-02 05:35:00,15
2026-09-02 05:20:00,01F0979N,01F0956N,31,79,42,01F0979N>01F0956N,20260902,64,79,76.66666666666667,78,67,76.66666666666667,79,78.41666666666667,2026-09-02 05:25:00,2026-09-02 05:40:00,15
2026-09-02 05:25:00,01F0979N,01F0956N,31,77,29,01F0979N>01F0956N,20260902,65,77,77.66666666666667,79,68,77.0,77,76.5,2026-09-02 05:30:00,2026-09-02 05:45:00,15
2026-09-02 05:30:00,01F0979N,01F0956N,31,77,28,01F0979N>01F0956N,20260902,66,77,76.0,79,69,76.0,77,76.75,2026-09-02 05:35:00,2026-09-02 05:50:00,15
2026-09-02 05:35:00,01F0979N,01F0956N,31,78,48,01F0979N>01F0956N,20260902,67,78,76.66666666666667,77,70,76.66666666666667,78,77.66666666666667,2026-09-02 05:40:00,2026-09-02 05:55:00,15
2026-09-02 05:40:00,01F0979N,01F0956N,31,79,48,01F0979N>01F0956N,20260902,68,79,77.0,77,71,76.33333333333333,79,77.83333333333333,2026-09-02 05:45:00,2026-09-02 06:00:00,15
2026-09-02 05:45:00,01F0979N,01F0956N,31,79,47,01F0979N>01F0956N,20260902,69,79,76.0,79,72,76.33333333333333,79,78.58333333333333,2026-09-02 05:50:00,2026-09-02 06:05:00,15
2026-09-02 05:50:00,01F0979N,01F0956N,31,77,51,01F0979N>01F0956N,20260902,70,77,76.66666666666667,76,73,76.66666666666667,77,76.91666666666667,2026-09-02 05:55:00,2026-09-02 06:10:00,15
2026-09-02 05:55:00,01F0979N,01F0956N,31,77,49,01F0979N>01F0956N,20260902,71,77,76.33333333333333,78,74,77.66666666666667,77,78.16666666666667,2026-09-02 06:00:00,2026-09-02 06:15:00,15
2026-09-02 06:00:00,01F0979N,01F0956N,31,79,60,01F0979N>01F0956N,20260902,72,79,76.33333333333333,80,75,77.0,79,79.0,2026-09-02 06:05:00,2026-09-02 06:20:00,15
2026-09-02 06:05:00,01F0979N,01F0956N,31,76,54,01F0979N>01F0956N,20260902,73,76,76.66666666666667,81,76,79.0,76,78.5,2026-09-02 06:10:00,2026-09-02 06:25:00,15
2026-09-02 06:10:00,01F0979N,01F0956N,31,78,75,01F0979N>01F0956N,20260902,74,78,77.66666666666667,81,77,79.66666666666667,78,79.91666666666667,2026-09-02 06:15:00,2026-09-02 06:30:00,15
2026-09-02 06:15:00,01F0979N,01F0956N,31,80,98,01F0979N>01F0956N,20260902,75,80,77.0,81,78,79.33333333333333,80,81.58333333333333,2026-09-02 06:20:00,2026-09-02 06:35:00,15
2026-09-02 06:20:00,01F0979N,01F0956N,31,81,87,01F0979N>01F0956N,20260902,76,81,79.0,82,79,80.66666666666667,81,82.16666666666667,2026-09-02 06:25:00,2026-09-02 06:40:00,15
2026-09-02 06:25:00,01F0979N,01F0956N,31,81,93,01F0979N>01F0956N,20260902,77,81,79.66666666666667,80,80,80.66666666666667,81,81.66666666666667,2026-09-02 06:30:00,2026-09-02 06:45:00,15
2026-09-02 06:30:00,01F0979N,01F0956N,31,81,97,01F0979N>01F0956N,20260902,78,81,79.33333333333333,82,81,82.33333333333333,81,83.58333333333333,2026-09-02 06:35:00,2026-09-02 06:50:00,15
2026-09-02 06:35:00,01F0979N,01F0956N,31,82,101,01F0979N>01F0956N,20260902,79,82,80.66666666666667,84,82,84.33333333333333,82,85.33333333333333,2026-09-02 06:40:00,2026-09-02 06:55:00,15
2026-09-02 06:40:00,01F0979N,01F0956N,31,80,123,01F0979N>01F0956N,20260902,80,80,80.66666666666667,86,83,82.33333333333333,80,81.83333333333333,2026-09-02 06:45:00,2026-09-02 07:00:00,15
2026-09-02 06:45:00,01F0979N,01F0956N,31,82,138,01F0979N>01F0956N,20260902,81,82,82.33333333333333,88,84,87.0,82,86.75,2026-09-02 06:50:00,2026-09-02 07:05:00,15
2026-09-02 06:50:00,01F0979N,01F0956N,31,84,144,01F0979N>01F0956N,20260902,82,84,84.33333333333333,91,85,85.0,84,84.75,2026-09-02 06:55:00,2026-09-02 07:10:00,15
2026-09-02 06:55:00,01F0979N,01F0956N,31,86,159,01F0979N>01F0956N,20260902,83,86,82.33333333333333,89,86,84.0,86,86.75,2026-09-02 07:00:00,2026-09-02 07:15:00,15
2026-09-02 07:00:00,01F0979N,01F0956N,31,88,179,01F0979N>01F0956N,20260902,84,88,87.0,93,87,86.33333333333333,88,87.08333333333333,2026-09-02 07:05:00,2026-09-02 07:20:00,15
2026-09-02 07:05:00,01F0979N,01F0956N,31,91,162,01F0979N>01F0956N,20260902,85,91,85.0,91,88,84.66666666666667,91,89.16666666666667,2026-09-02 07:10:00,2026-09-02 07:25:00,15
2026-09-02 07:10:00,01F0979N,01F0956N,31,89,148,01F0979N>01F0956N,20260902,86,89,84.0,88,89,83.33333333333333,89,87.08333333333333,2026-09-02 07:15:00,2026-09-02 07:30:00,15
2026-09-02 07:15:00,01F0979N,01F0956N,31,93,172,01F0979N>01F0956N,20260902,87,93,86.33333333333333,83,90,85.0,93,90.0,2026-09-02 07:20:00,2026-09-02 07:35:00,15
2026-09-02 07:20:00,01F0979N,01F0956N,31,91,165,01F0979N>01F0956N,20260902,88,91,84.66666666666667,87,91,85.66666666666667,91,90.41666666666667,2026-09-02 07:25:00,2026-09-02 07:40:00,15
2026-09-02 07:25:00,01F0979N,01F0956N,31,88,161,01F0979N>01F0956N,20260902,89,88,83.33333333333333,87,92,86.33333333333333,88,89.83333333333333,2026-09-02 07:30:00,2026-09-02 07:45:00,15
2026-09-02 07:30:00,01F0979N,01F0956N,31,83,142,01F0979N>01F0956N,20260902,90,83,85.0,85,93,84.0,83,82.5,2026-09-02 07:35:00,2026-09-02 07:50:00,15
2026-09-02 07:35:00,01F0979N,01F0956N,31,87,136,01F0979N>01F0956N,20260902,91,87,85.66666666666667,86,94,87.0,87,88.0,2026-09-02 07:40:00,2026-09-02 07:55:00,15
2026-09-02 07:40:00,01F0979N,01F0956N,31,87,119,01F0979N>01F0956N,20260902,92,87,86.33333333333333,87,95,85.33333333333333,87,85.83333333333333,2026-09-02 07:45:00,2026-09-02 08:00:00,15
2026-09-02 07:45:00,01F0979N,01F0956N,31,85,111,01F0979N>01F0956N,20260902,93,85,84.0,88,96,86.0,85,86.75,2026-09-02 07:50:00,2026-09-02 08:05:00,15
2026-09-02 07:50:00,01F0979N,01F0956N,31,86,124,01F0979N>01F0956N,20260902,94,86,87.0,89,97,83.33333333333333,86,82.58333333333333,2026-09-02 07:55:00,2026-09-02 08:10:00,15
2026-09-02 07:55:00,01F0979N,01F0956N,31,87,137,01F0979N>01F0956N,20260902,95,87,85.33333333333333,87,98,85.0,87,86.25,2026-09-02 08:00:00,2026-09-02 08:15:00,15
2026-09-02 08:00:00,01F0979N,01F0956N,31,88,105,01F0979N>01F0956N,20260902,96,88,86.0,89,99,85.66666666666667,88,87.16666666666667,2026-09-02 08:05:00,2026-09-02 08:20:00,15
2026-09-02 08:05:00,01F0979N,01F0956N,31,89,139,01F0979N>01F0956N,20260902,97,89,83.33333333333333,91,100,87.33333333333333,89,91.58333333333333,2026-09-02 08:10:00,2026-09-02 08:25:00,15
2026-09-02 08:10:00,01F0979N,01F0956N,31,87,139,01F0979N>01F0956N,20260902,98,87,85.0,94,101,87.0,87,88.5,2026-09-02 08:15:00,2026-09-02 08:30:00,15
2026-09-02 08:15:00,01F0979N,01F0956N,31,89,127,01F0979N>01F0956N,20260902,99,89,85.66666666666667,94,102,89.33333333333333,89,91.83333333333333,2026-09-02 08:20:00,2026-09-02 08:35:00,15
2026-09-02 08:20:00,01F0979N,01F0956N,31,91,125,01F0979N>01F0956N,20260902,100,91,87.33333333333333,99,103,94.33333333333333,91,97.08333333333333,2026-09-02 08:25:00,2026-09-02 08:40:00,15
2026-09-02 08:25:00,01F0979N,01F0956N,31,94,142,01F0979N>01F0956N,20260902,101,94,87.0,101,104,96.66666666666667,94,101.91666666666667,2026-09-02 08:30:00,2026-09-02 08:45:00,15
2026-09-02 08:30:00,01F0979N,01F0956N,31,94,130,01F0979N>01F0956N,20260902,102,94,89.33333333333333,95,105,96.66666666666667,94,100.16666666666667,2026-09-02 08:35:00,2026-09-02 08:50:00,15
2026-09-02 08:35:00,01F0979N,01F0956N,31,99,135,01F0979N>01F0956N,20260902,103,99,94.33333333333333,98,106,96.33333333333333,99,99.83333333333333,2026-09-02 08:40:00,2026-09-02 08:55:00,15
2026-09-02 08:40:00,01F0979N,01F0956N,31,101,159,01F0979N>01F0956N,20260902,104,101,96.66666666666667,99,107,102.33333333333333,101,105.58333333333333,2026-09-02 08:45:00,2026-09-02 09:00:00,15
2026-09-02 08:45:00,01F0979N,01F0956N,31,95,132,01F0979N>01F0956N,20260902,105,95,96.66666666666667,115,108,98.0,95,96.75,2026-09-02 08:50:00,2026-09-02 09:05:00,15
2026-09-02 08:50:00,01F0979N,01F0956N,31,98,158,01F0979N>01F0956N,20260902,106,98,96.33333333333333,114,109,90.33333333333333,98,91.58333333333333,2026-09-02 08:55:00,2026-09-02 09:10:00,15
2026-09-02 08:55:00,01F0979N,01F0956N,31,99,154,01F0979N>01F0956N,20260902,107,99,102.33333333333333,111,110,92.66666666666667,99,90.16666666666667,2026-09-02 09:00:00,2026-09-02 09:15:00,15
2026-09-02 09:00:00,01F0979N,01F0956N,31,115,155,01F0979N>01F0956N,20260902,108,115,98.0,108,111,96.0,115,108.75,2026-09-02 09:05:00,2026-09-02 09:20:00,15
2026-09-02 09:05:00,01F0979N,01F0956N,31,114,152,01F0979N>01F0956N,20260902,109,114,90.33333333333333,105,112,92.33333333333333,114,110.08333333333333,2026-09-02 09:10:00,2026-09-02 09:25:00,15
2026-09-02 09:10:00,01F0979N,01F0956N,31,111,159,01F0979N>01F0956N,20260902,110,111,92.66666666666667,114,113,85.66666666666667,111,99.41666666666667,2026-09-02 09:15:00,2026-09-02 09:30:00,15
2026-09-02 09:15:00,01F0979N,01F0956N,31,108,200,01F0979N>01F0956N,20260902,111,108,96.0,196,114,85.33333333333333,108,94.33333333333333,2026-09-02 09:20:00,2026-09-02 09:35:00,15
2026-09-02 09:20:00,01F0979N,01F0956N,31,105,179,01F0979N>01F0956N,20260902,112,105,92.33333333333333,158,115,86.33333333333333,105,95.83333333333333,2026-09-02 09:25:00,2026-09-02 09:40:00,15
2026-09-02 09:25:00,01F0979N,01F0956N,31,114,136,01F0979N>01F0956N,20260902,113,114,85.66666666666667,119,116,86.0,114,107.25,2026-09-02 09:30:00,2026-09-02 09:45:00,15
2026-09-02 09:30:00,01F0979N,01F0956N,31,196,131,01F0979N>01F0956N,20260902,114,196,85.33333333333333,96,117,85.33333333333333,196,168.33333333333331,2026-09-02 09:35:00,2026-09-02 09:50:00,15
2026-09-02 09:35:00,01F0979N,01F0956N,31,158,182,01F0979N>01F0956N,20260902,115,158,86.33333333333333,87,118,84.66666666666667,158,138.41666666666669,2026-09-02 09:40:00,2026-09-02 09:55:00,15
2026-09-02 09:40:00,01F0979N,01F0956N,31,119,144,01F0979N>01F0956N,20260902,116,119,86.0,83,119,84.66666666666667,119,109.41666666666667,2026-09-02 09:45:00,2026-09-02 10:00:00,15
2026-09-02 09:45:00,01F0979N,01F0956N,31,96,141,01F0979N>01F0956N,20260902,117,96,85.33333333333333,88,120,84.33333333333333,96,92.33333333333333,2026-09-02 09:50:00,2026-09-02 10:05:00,15
2026-09-02 09:50:00,01F0979N,01F0956N,31,87,157,01F0979N>01F0956N,20260902,118,87,84.66666666666667,85,121,85.33333333333333,87,87.08333333333333,2026-09-02 09:55:00,2026-09-02 10:10:00,15
2026-09-02 09:55:00,01F0979N,01F0956N,31,83,106,01F0979N>01F0956N,20260902,119,83,84.66666666666667,87,122,84.66666666666667,83,83.41666666666667,2026-09-02 10:00:00,2026-09-02 10:15:00,15
2026-09-02 10:00:00,01F0979N,01F0956N,31,88,144,01F0979N>01F0956N,20260902,120,88,84.33333333333333,82,123,84.66666666666667,88,87.41666666666667,2026-09-02 10:05:00,2026-09-02 10:20:00,15
2026-09-02 10:05:00,01F0979N,01F0956N,31,85,127,01F0979N>01F0956N,20260902,121,85,85.33333333333333,87,124,84.0,85,83.75,2026-09-02 10:10:00,2026-09-02 10:25:00,15
2026-09-02 10:10:00,01F0979N,01F0956N,31,87,132,01F0979N>01F0956N,20260902,122,87,84.66666666666667,84,125,86.0,87,87.75,2026-09-02 10:15:00,2026-09-02 10:30:00,15
2026-09-02 10:15:00,01F0979N,01F0956N,31,82,117,01F0979N>01F0956N,20260902,123,82,84.66666666666667,84,126,85.66666666666667,82,83.66666666666667,2026-09-02 10:20:00,2026-09-02 10:35:00,15
2026-09-02 10:20:00,01F0979N,01F0956N,31,87,116,01F0979N>01F0956N,20260902,124,87,84.0,82,127,86.0,87,88.25,2026-09-02 10:25:00,2026-09-02 10:40:00,15
2026-09-02 10:25:00,01F0979N,01F0956N,31,84,113,01F0979N>01F0956N,20260902,125,84,86.0,85,128,85.0,84,83.5,2026-09-02 10:30:00,2026-09-02 10:45:00,15
2026-09-02 10:30:00,01F0979N,01F0956N,31,84,126,01F0979N>01F0956N,20260902,126,84,85.66666666666667,86,129,84.66666666666667,84,83.41666666666667,2026-09-02 10:35:00,2026-09-02 10:50:00,15
2026-09-02 10:35:00,01F0979N,01F0956N,31,82,93,01F0979N>01F0956N,20260902,127,82,86.0,83,130,83.0,82,80.0,2026-09-02 10:40:00,2026-09-02 10:55:00,15
2026-09-02 10:40:00,01F0979N,01F0956N,31,85,116,01F0979N>01F0956N,20260902,128,85,85.0,82,131,84.33333333333333,85,84.33333333333333,2026-09-02 10:45:00,2026-09-02 11:00:00,15
2026-09-02 10:45:00,01F0979N,01F0956N,31,86,128,01F0979N>01F0956N,20260902,129,86,84.66666666666667,81,132,81.66666666666667,86,82.66666666666667,2026-09-02 10:50:00,2026-09-02 11:05:00,15
2026-09-02 10:50:00,01F0979N,01F0956N,31,83,121,01F0979N>01F0956N,20260902,130,83,83.0,83,133,83.33333333333333,83,83.33333333333333,2026-09-02 10:55:00,2026-09-02 11:10:00,15
2026-09-02 10:55:00,01F0979N,01F0956N,31,82,122,01F0979N>01F0956N,20260902,131,82,84.33333333333333,84,134,83.66666666666667,82,81.91666666666667,2026-09-02 11:00:00,2026-09-02 11:15:00,15
2026-09-02 11:00:00,01F0979N,01F0956N,31,81,125,01F0979N>01F0956N,20260902,132,81,81.66666666666667,82,135,82.66666666666667,81,82.16666666666667,2026-09-02 11:05:00,2026-09-02 11:20:00,15
2026-09-02 11:05:00,01F0979N,01F0956N,31,83,111,01F0979N>01F0956N,20260902,133,83,83.33333333333333,82,136,84.0,83,83.75,2026-09-02 11:10:00,2026-09-02 11:25:00,15
2026-09-02 11:10:00,01F0979N,01F0956N,31,84,113,01F0979N>01F0956N,20260902,134,84,83.66666666666667,84,137,83.66666666666667,84,83.91666666666667,2026-09-02 11:15:00,2026-09-02 11:30:00,15
2026-09-02 11:15:00,01F0979N,01F0956N,31,82,119,01F0979N>01F0956N,20260902,135,82,82.66666666666667,87,138,83.0,82,82.5,2026-09-02 11:20:00,2026-09-02 11:35:00,15
2026-09-02 11:20:00,01F0979N,01F0956N,31,82,117,01F0979N>01F0956N,20260902,136,82,84.0,85,139,83.66666666666667,82,82.16666666666667,2026-09-02 11:25:00,2026-09-02 11:40:00,15
2026-09-02 11:25:00,01F0979N,01F0956N,31,84,106,01F0979N>01F0956N,20260902,137,84,83.66666666666667,85,140,83.0,84,83.25,2026-09-02 11:30:00,2026-09-02 11:45:00,15
2026-09-02 11:30:00,01F0979N,01F0956N,31,87,117,01F0979N>01F0956N,20260902,138,87,83.0,81,141,82.33333333333333,87,85.33333333333333,2026-09-02 11:35:00,2026-09-02 11:50:00,15
2026-09-02 11:35:00,01F0979N,01F0956N,31,85,118,01F0979N>01F0956N,20260902,139,85,83.66666666666667,83,142,84.33333333333333,85,85.33333333333333,2026-09-02 11:40:00,2026-09-02 11:55:00,15
2026-09-02 11:40:00,01F0979N,01F0956N,31,85,111,01F0979N>01F0956N,20260902,140,85,83.0,81,143,83.0,85,84.5,2026-09-02 11:45:00,2026-09-02 12:00:00,15
2026-09-02 11:45:00,01F0979N,01F0956N,31,81,105,01F0979N>01F0956N,20260902,141,81,82.33333333333333,81,144,82.66666666666667,81,81.66666666666667,2026-09-02 11:50:00,2026-09-02 12:05:00,15
2026-09-02 11:50:00,01F0979N,01F0956N,31,83,113,01F0979N>01F0956N,20260902,142,83,84.33333333333333,82,145,83.0,83,82.0,2026-09-02 11:55:00,2026-09-02 12:10:00,15
2026-09-02 11:55:00,01F0979N,01F0956N,31,81,99,01F0979N>01F0956N,20260902,143,81,83.0,83,146,82.66666666666667,81,81.16666666666667,2026-09-02 12:00:00,2026-09-02 12:15:00,15
2026-09-02 12:00:00,01F0979N,01F0956N,31,81,115,01F0979N>01F0956N,20260902,144,81,82.66666666666667,82,147,85.0,81,83.75,2026-09-02 12:05:00,2026-09-02 12:20:00,15
2026-09-02 12:05:00,01F0979N,01F0956N,31,82,137,01F0979N>01F0956N,20260902,145,82,83.0,83,148,85.0,82,84.25,2026-09-02 12:10:00,2026-09-02 12:25:00,15
2026-09-02 12:10:00,01F0979N,01F0956N,31,83,112,01F0979N>01F0956N,20260902,146,83,82.66666666666667,83,149,83.0,83,83.25,2026-09-02 12:15:00,2026-09-02 12:30:00,15
2026-09-02 12:15:00,01F0979N,01F0956N,31,82,120,01F0979N>01F0956N,20260902,147,82,85.0,86,150,84.0,82,81.75,2026-09-02 12:20:00,2026-09-02 12:35:00,15
2026-09-02 12:20:00,01F0979N,01F0956N,31,83,133,01F0979N>01F0956N,20260902,148,83,85.0,82,151,83.0,83,81.5,2026-09-02 12:25:00,2026-09-02 12:40:00,15
2026-09-02 12:25:00,01F0979N,01F0956N,31,83,131,01F0979N>01F0956N,20260902,149,83,83.0,82,152,83.33333333333333,83,83.33333333333333,2026-09-02 12:30:00,2026-09-02 12:45:00,15
2026-09-02 12:30:00,01F0979N,01F0956N,31,86,132,01F0979N>01F0956N,20260902,150,86,84.0,83,153,83.0,86,84.5,2026-09-02 12:35:00,2026-09-02 12:50:00,15
2026-09-02 12:35:00,01F0979N,01F0956N,31,82,118,01F0979N>01F0956N,20260902,151,82,83.0,83,154,83.66666666666667,82,82.91666666666667,2026-09-02 12:40:00,2026-09-02 12:55:00,15
2026-09-02 12:40:00,01F0979N,01F0956N,31,82,114,01F0979N>01F0956N,20260902,152,82,83.33333333333333,82,155,83.33333333333333,82,82.33333333333333,2026-09-02 12:45:00,2026-09-02 13:00:00,15
2026-09-02 12:45:00,01F0979N,01F0956N,31,83,121,01F0979N>01F0956N,20260902,153,83,83.0,82,156,83.66666666666667,83,83.66666666666667,2026-09-02 12:50:00,2026-09-02 13:05:00,15
2026-09-02 12:50:00,01F0979N,01F0956N,31,83,90,01F0979N>01F0956N,20260902,154,83,83.66666666666667,85,157,84.33333333333333,83,83.83333333333333,2026-09-02 12:55:00,2026-09-02 13:10:00,15
2026-09-02 12:55:00,01F0979N,01F0956N,31,82,110,01F0979N>01F0956N,20260902,155,82,83.33333333333333,81,158,83.0,82,82.0,2026-09-02 13:00:00,2026-09-02 13:15:00,15
2026-09-02 13:00:00,01F0979N,01F0956N,31,82,131,01F0979N>01F0956N,20260902,156,82,83.66666666666667,83,159,92.33333333333333,82,91.08333333333333,2026-09-02 13:05:00,2026-09-02 13:20:00,15
2026-09-02 13:05:00,01F0979N,01F0956N,31,85,113,01F0979N>01F0956N,20260902,157,85,84.33333333333333,85,160,85.0,85,85.5,2026-09-02 13:10:00,2026-09-02 13:25:00,15
2026-09-02 13:10:00,01F0979N,01F0956N,31,81,104,01F0979N>01F0956N,20260902,158,81,83.0,82,161,86.0,81,84.5,2026-09-02 13:15:00,2026-09-02 13:30:00,15
2026-09-02 13:15:00,01F0979N,01F0956N,31,83,128,01F0979N>01F0956N,20260902,159,83,92.33333333333333,84,162,83.0,83,76.0,2026-09-02 13:20:00,2026-09-02 13:35:00,15
2026-09-02 13:20:00,01F0979N,01F0956N,31,85,117,01F0979N>01F0956N,20260902,160,85,85.0,83,163,84.33333333333333,85,84.33333333333333,2026-09-02 13:25:00,2026-09-02 13:40:00,15
2026-09-02 13:25:00,01F0979N,01F0956N,31,82,110,01F0979N>01F0956N,20260902,161,82,86.0,83,164,84.66666666666667,82,81.66666666666667,2026-09-02 13:30:00,2026-09-02 13:45:00,15
2026-09-02 13:30:00,01F0979N,01F0956N,31,84,131,01F0979N>01F0956N,20260902,162,84,83.0,84,165,85.33333333333333,84,86.08333333333333,2026-09-02 13:35:00,2026-09-02 13:50:00,15
2026-09-02 13:35:00,01F0979N,01F0956N,31,83,122,01F0979N>01F0956N,20260902,163,83,84.33333333333333,84,166,84.66666666666667,83,83.66666666666667,2026-09-02 13:40:00,2026-09-02 13:55:00,15
2026-09-02 13:40:00,01F0979N,01F0956N,31,83,109,01F0979N>01F0956N,20260902,164,83,84.66666666666667,81,167,82.66666666666667,83,81.41666666666667,2026-09-02 13:45:00,2026-09-02 14:00:00,15
2026-09-02 13:45:00,01F0979N,01F0956N,31,84,124,01F0979N>01F0956N,20260902,165,84,85.33333333333333,83,168,87.33333333333333,84,86.33333333333333,2026-09-02 13:50:00,2026-09-02 14:05:00,15
2026-09-02 13:50:00,01F0979N,01F0956N,31,84,126,01F0979N>01F0956N,20260902,166,84,84.66666666666667,85,169,90.66666666666667,84,90.16666666666667,2026-09-02 13:55:00,2026-09-02 14:10:00,15
2026-09-02 13:55:00,01F0979N,01F0956N,31,81,115,01F0979N>01F0956N,20260902,167,81,82.66666666666667,82,170,92.66666666666667,81,91.41666666666667,2026-09-02 14:00:00,2026-09-02 14:15:00,15
2026-09-02 14:00:00,01F0979N,01F0956N,31,83,126,01F0979N>01F0956N,20260902,168,83,87.33333333333333,83,171,85.66666666666667,83,82.41666666666667,2026-09-02 14:05:00,2026-09-02 14:20:00,15
2026-09-02 14:05:00,01F0979N,01F0956N,31,85,136,01F0979N>01F0956N,20260902,169,85,90.66666666666667,83,172,85.0,85,80.75,2026-09-02 14:10:00,2026-09-02 14:25:00,15
2026-09-02 14:10:00,01F0979N,01F0956N,31,82,97,01F0979N>01F0956N,20260902,170,82,92.66666666666667,83,173,84.66666666666667,82,76.66666666666667,2026-09-02 14:15:00,2026-09-02 14:30:00,15
2026-09-02 14:15:00,01F0979N,01F0956N,31,83,124,01F0979N>01F0956N,20260902,171,83,85.66666666666667,84,174,85.66666666666667,83,83.66666666666667,2026-09-02 14:20:00,2026-09-02 14:35:00,15
2026-09-02 14:20:00,01F0979N,01F0956N,31,83,128,01F0979N>01F0956N,20260902,172,83,85.0,84,175,86.66666666666667,83,85.16666666666667,2026-09-02 14:25:00,2026-09-02 14:40:00,15
2026-09-02 14:25:00,01F0979N,01F0956N,31,83,131,01F0979N>01F0956N,20260902,173,83,84.66666666666667,85,176,85.66666666666667,83,84.41666666666667,2026-09-02 14:30:00,2026-09-02 14:45:00,15
2026-09-02 14:30:00,01F0979N,01F0956N,31,84,127,01F0979N>01F0956N,20260902,174,84,85.66666666666667,86,177,84.33333333333333,84,83.08333333333333,2026-09-02 14:35:00,2026-09-02 14:50:00,15
2026-09-02 14:35:00,01F0979N,01F0956N,31,84,123,01F0979N>01F0956N,20260902,175,84,86.66666666666667,84,178,85.33333333333333,84,83.33333333333333,2026-09-02 14:40:00,2026-09-02 14:55:00,15
2026-09-02 14:40:00,01F0979N,01F0956N,31,85,125,01F0979N>01F0956N,20260902,176,85,85.66666666666667,85,179,84.33333333333333,85,83.83333333333333,2026-09-02 14:45:00,2026-09-02 15:00:00,15
2026-09-02 14:45:00,01F0979N,01F0956N,31,86,146,01F0979N>01F0956N,20260902,177,86,84.33333333333333,91,180,85.0,86,86.25,2026-09-02 14:50:00,2026-09-02 15:05:00,15
2026-09-02 14:50:00,01F0979N,01F0956N,31,84,118,01F0979N>01F0956N,20260902,178,84,85.33333333333333,83,181,84.0,84,83.0,2026-09-02 14:55:00,2026-09-02 15:10:00,15
2026-09-02 14:55:00,01F0979N,01F0956N,31,85,143,01F0979N>01F0956N,20260902,179,85,84.33333333333333,85,182,84.0,85,84.5,2026-09-02 15:00:00,2026-09-02 15:15:00,15
2026-09-02 15:00:00,01F0979N,01F0956N,31,91,147,01F0979N>01F0956N,20260902,180,91,85.0,85,183,84.0,91,88.5,2026-09-02 15:05:00,2026-09-02 15:20:00,15
2026-09-02 15:05:00,01F0979N,01F0956N,31,83,140,01F0979N>01F0956N,20260902,181,83,84.0,84,184,86.66666666666667,83,85.91666666666667,2026-09-02 15:10:00,2026-09-02 15:25:00,15
2026-09-02 15:10:00,01F0979N,01F0956N,31,85,137,01F0979N>01F0956N,20260902,182,85,84.0,82,185,85.33333333333333,85,86.08333333333333,2026-09-02 15:15:00,2026-09-02 15:30:00,15
2026-09-02 15:15:00,01F0979N,01F0956N,31,85,150,01F0979N>01F0956N,20260902,183,85,84.0,84,186,86.66666666666667,85,87.41666666666667,2026-09-02 15:20:00,2026-09-02 15:35:00,15
2026-09-02 15:20:00,01F0979N,01F0956N,31,84,111,01F0979N>01F0956N,20260902,184,84,86.66666666666667,82,187,90.66666666666667,84,88.66666666666667,2026-09-02 15:25:00,2026-09-02 15:40:00,15
2026-09-02 15:25:00,01F0979N,01F0956N,31,82,128,01F0979N>01F0956N,20260902,185,82,85.33333333333333,84,188,131.66666666666666,82,129.16666666666666,2026-09-02 15:30:00,2026-09-02 15:45:00,15
2026-09-02 15:30:00,01F0979N,01F0956N,31,84,141,01F0979N>01F0956N,20260902,186,84,86.66666666666667,84,189,117.0,84,115.0,2026-09-02 15:35:00,2026-09-02 15:50:00,15
2026-09-02 15:35:00,01F0979N,01F0956N,31,82,128,01F0979N>01F0956N,20260902,187,82,90.66666666666667,85,190,111.33333333333333,82,104.83333333333333,2026-09-02 15:40:00,2026-09-02 15:55:00,15
2026-09-02 15:40:00,01F0979N,01F0956N,31,84,132,01F0979N>01F0956N,20260902,188,84,131.66666666666666,88,191,101.0,84,65.25,2026-09-02 15:45:00,2026-09-02 16:00:00,15
2026-09-02 15:45:00,01F0979N,01F0956N,31,84,134,01F0979N>01F0956N,20260902,189,84,117.0,84,192,110.0,84,85.25,2026-09-02 15:50:00,2026-09-02 16:05:00,15
2026-09-02 15:50:00,01F0979N,01F0956N,31,85,126,01F0979N>01F0956N,20260902,190,85,111.33333333333333,87,193,99.0,85,79.25,2026-09-02 15:55:00,2026-09-02 16:10:00,15
2026-09-02 15:55:00,01F0979N,01F0956N,31,88,161,01F0979N>01F0956N,20260902,191,88,101.0,86,194,109.0,88,99.25,2026-09-02 16:00:00,2026-09-02 16:15:00,15
2026-09-02 16:00:00,01F0979N,01F0956N,31,84,146,01F0979N>01F0956N,20260902,192,84,110.0,85,195,103.0,84,83.5,2026-09-02 16:05:00,2026-09-02 16:20:00,15
2026-09-02 16:05:00,01F0979N,01F0956N,31,87,135,01F0979N>01F0956N,20260902,193,87,99.0,84,196,105.66666666666667,87,96.66666666666667,2026-09-02 16:10:00,2026-09-02 16:25:00,15
2026-09-02 16:10:00,01F0979N,01F0956N,31,86,169,01F0979N>01F0956N,20260902,194,86,109.0,85,197,108.66666666666667,86,91.41666666666667,2026-09-02 16:15:00,2026-09-02 16:30:00,15
2026-09-02 16:15:00,01F0979N,01F0956N,31,85,159,01F0979N>01F0956N,20260902,195,85,103.0,84,198,118.0,85,104.5,2026-09-02 16:20:00,2026-09-02 16:35:00,15
2026-09-02 16:20:00,01F0979N,01F0956N,31,84,146,01F0979N>01F0956N,20260902,196,84,105.66666666666667,88,199,101.66666666666667,84,85.41666666666667,2026-09-02 16:25:00,2026-09-02 16:40:00,15
2026-09-02 16:25:00,01F0979N,01F0956N,31,85,162,01F0979N>01F0956N,20260902,197,85,108.66666666666667,87,200,91.66666666666667,85,73.91666666666667,2026-09-02 16:30:00,2026-09-02 16:45:00,15
2026-09-02 16:30:00,01F0979N,01F0956N,31,84,153,01F0979N>01F0956N,20260902,198,84,118.0,87,201,91.33333333333333,84,65.83333333333333,2026-09-02 16:35:00,2026-09-02 16:50:00,15
2026-09-02 16:35:00,01F0979N,01F0956N,31,88,158,01F0979N>01F0956N,20260902,199,88,101.66666666666667,84,202,98.33333333333333,88,88.08333333333333,2026-09-02 16:40:00,2026-09-02 16:55:00,15
2026-09-02 16:40:00,01F0979N,01F0956N,31,87,161,01F0979N>01F0956N,20260902,200,87,91.66666666666667,84,203,97.33333333333333,87,93.83333333333333,2026-09-02 16:45:00,2026-09-02 17:00:00,15
2026-09-02 16:45:00,01F0979N,01F0956N,31,87,169,01F0979N>01F0956N,20260902,201,87,91.33333333333333,84,204,101.0,87,97.75,2026-09-02 16:50:00,2026-09-02 17:05:00,15
2026-09-02 16:50:00,01F0979N,01F0956N,31,84,151,01F0979N>01F0956N,20260902,202,84,98.33333333333333,88,205,98.33333333333333,84,87.58333333333333,2026-09-02 16:55:00,2026-09-02 17:10:00,15
2026-09-02 16:55:00,01F0979N,01F0956N,31,84,145,01F0979N>01F0956N,20260902,203,84,97.33333333333333,85,206,88.33333333333333,84,78.33333333333333,2026-09-02 17:00:00,2026-09-02 17:15:00,15
2026-09-02 17:00:00,01F0979N,01F0956N,31,84,148,01F0979N>01F0956N,20260902,204,84,101.0,85,207,88.66666666666667,84,75.91666666666667,2026-09-02 17:05:00,2026-09-02 17:20:00,15
2026-09-02 17:05:00,01F0979N,01F0956N,31,88,186,01F0979N>01F0956N,20260902,205,88,98.33333333333333,85,208,89.66666666666667,88,81.91666666666667,2026-09-02 17:10:00,2026-09-02 17:25:00,15
2026-09-02 17:10:00,01F0979N,01F0956N,31,85,147,01F0979N>01F0956N,20260902,206,85,88.33333333333333,89,209,89.0,85,86.5,2026-09-02 17:15:00,2026-09-02 17:30:00,15
2026-09-02 17:15:00,01F0979N,01F0956N,31,85,161,01F0979N>01F0956N,20260902,207,85,88.66666666666667,87,210,90.0,85,87.25,2026-09-02 17:20:00,2026-09-02 17:35:00,15
2026-09-02 17:20:00,01F0979N,01F0956N,31,85,175,01F0979N>01F0956N,20260902,208,85,89.66666666666667,87,211,95.33333333333333,85,91.83333333333333,2026-09-02 17:25:00,2026-09-02 17:40:00,15
2026-09-02 17:25:00,01F0979N,01F0956N,31,89,174,01F0979N>01F0956N,20260902,209,89,89.0,90,212,94.66666666666667,89,94.66666666666667,2026-09-02 17:30:00,2026-09-02 17:45:00,15
2026-09-02 17:30:00,01F0979N,01F0956N,31,87,161,01F0979N>01F0956N,20260902,210,87,90.0,88,213,92.66666666666667,87,90.41666666666667,2026-09-02 17:35:00,2026-09-02 17:50:00,15
2026-09-02 17:35:00,01F0979N,01F0956N,31,87,190,01F0979N>01F0956N,20260902,211,87,95.33333333333333,88,214,101.0,87,94.75,2026-09-02 17:40:00,2026-09-02 17:55:00,15
2026-09-02 17:40:00,01F0979N,01F0956N,31,90,168,01F0979N>01F0956N,20260902,212,90,94.66666666666667,90,215,122.66666666666667,90,119.16666666666667,2026-09-02 17:45:00,2026-09-02 18:00:00,15
2026-09-02 17:45:00,01F0979N,01F0956N,31,88,175,01F0979N>01F0956N,20260902,213,88,92.66666666666667,95,216,128.66666666666666,88,125.16666666666666,2026-09-02 17:50:00,2026-09-02 18:05:00,15
2026-09-02 17:50:00,01F0979N,01F0956N,31,88,177,01F0979N>01F0956N,20260902,214,88,101.0,89,217,138.66666666666666,88,128.91666666666666,2026-09-02 17:55:00,2026-09-02 18:10:00,15
2026-09-02 17:55:00,01F0979N,01F0956N,31,90,149,01F0979N>01F0956N,20260902,215,90,122.66666666666667,87,218,143.33333333333334,90,118.83333333333334,2026-09-02 18:00:00,2026-09-02 18:15:00,15
2026-09-02 18:00:00,01F0979N,01F0956N,31,95,196,01F0979N>01F0956N,20260902,216,95,128.66666666666666,90,219,151.66666666666666,95,126.41666666666666,2026-09-02 18:05:00,2026-09-02 18:20:00,15
2026-09-02 18:05:00,01F0979N,01F0956N,31,89,186,01F0979N>01F0956N,20260902,217,89,138.66666666666666,93,220,135.66666666666666,89,98.41666666666666,2026-09-02 18:10:00,2026-09-02 18:25:00,15
2026-09-02 18:10:00,01F0979N,01F0956N,31,87,157,01F0979N>01F0956N,20260902,218,87,143.33333333333334,89,221,132.33333333333334,87,90.08333333333334,2026-09-02 18:15:00,2026-09-02 18:30:00,15
2026-09-02 18:15:00,01F0979N,01F0956N,31,90,171,01F0979N>01F0956N,20260902,219,90,151.66666666666666,90,222,133.0,90,86.75,2026-09-02 18:20:00,2026-09-02 18:35:00,15
2026-09-02 18:20:00,01F0979N,01F0956N,31,93,184,01F0979N>01F0956N,20260902,220,93,135.66666666666666,93,223,129.0,93,97.0,2026-09-02 18:25:00,2026-09-02 18:40:00,15
2026-09-02 18:25:00,01F0979N,01F0956N,31,89,142,01F0979N>01F0956N,20260902,221,89,132.33333333333334,95,224,125.66666666666667,89,93.16666666666666,2026-09-02 18:30:00,2026-09-02 18:45:00,15
2026-09-02 18:30:00,01F0979N,01F0956N,31,90,146,01F0979N>01F0956N,20260902,222,90,133.0,93,225,108.33333333333333,90,76.08333333333333,2026-09-02 18:35:00,2026-09-02 18:50:00,15
2026-09-02 18:35:00,01F0979N,01F0956N,31,93,158,01F0979N>01F0956N,20260902,223,93,129.0,90,226,96.66666666666667,93,69.66666666666667,2026-09-02 18:40:00,2026-09-02 18:55:00,15
2026-09-02 18:40:00,01F0979N,01F0956N,31,95,160,01F0979N>01F0956N,20260902,224,95,125.66666666666667,88,227,95.33333333333333,95,72.33333333333333,2026-09-02 18:45:00,2026-09-02 19:00:00,15
2026-09-02 18:45:00,01F0979N,01F0956N,31,93,149,01F0979N>01F0956N,20260902,225,93,108.33333333333333,88,228,101.0,93,89.5,2026-09-02 18:50:00,2026-09-02 19:05:00,15
2026-09-02 18:50:00,01F0979N,01F0956N,31,90,160,01F0979N>01F0956N,20260902,226,90,96.66666666666667,89,229,99.33333333333333,90,94.33333333333333,2026-09-02 18:55:00,2026-09-02 19:10:00,15
2026-09-02 18:55:00,01F0979N,01F0956N,31,88,129,01F0979N>01F0956N,20260902,227,88,95.33333333333333,85,230,103.0,88,97.5,2026-09-02 19:00:00,2026-09-02 19:15:00,15
2026-09-02 19:00:00,01F0979N,01F0956N,31,88,140,01F0979N>01F0956N,20260902,228,88,101.0,85,231,89.33333333333333,88,79.58333333333333,2026-09-02 19:05:00,2026-09-02 19:20:00,15
2026-09-02 19:05:00,01F0979N,01F0956N,31,89,140,01F0979N>01F0956N,20260902,229,89,99.33333333333333,83,232,91.66666666666667,89,83.91666666666667,2026-09-02 19:10:00,2026-09-02 19:25:00,15
2026-09-02 19:10:00,01F0979N,01F0956N,31,85,112,01F0979N>01F0956N,20260902,230,85,103.0,85,233,90.66666666666667,85,77.16666666666667,2026-09-02 19:15:00,2026-09-02 19:30:00,15
2026-09-02 19:15:00,01F0979N,01F0956N,31,85,135,01F0979N>01F0956N,20260902,231,85,89.33333333333333,83,234,87.0,85,83.75,2026-09-02 19:20:00,2026-09-02 19:35:00,15
2026-09-02 19:20:00,01F0979N,01F0956N,31,83,114,01F0979N>01F0956N,20260902,232,83,91.66666666666667,86,235,85.0,83,78.5,2026-09-02 19:25:00,2026-09-02 19:40:00,15
2026-09-02 19:25:00,01F0979N,01F0956N,31,85,127,01F0979N>01F0956N,20260902,233,85,90.66666666666667,85,236,84.66666666666667,85,80.41666666666667,2026-09-02 19:30:00,2026-09-02 19:45:00,15
2026-09-02 19:30:00,01F0979N,01F0956N,31,83,119,01F0979N>01F0956N,20260902,234,83,87.0,84,237,83.66666666666667,83,80.66666666666667,2026-09-02 19:35:00,2026-09-02 19:50:00,15
2026-09-02 19:35:00,01F0979N,01F0956N,31,86,126,01F0979N>01F0956N,20260902,235,86,85.0,87,238,85.0,86,85.75,2026-09-02 19:40:00,2026-09-02 19:55:00,15
2026-09-02 19:40:00,01F0979N,01F0956N,31,85,146,01F0979N>01F0956N,20260902,236,85,84.66666666666667,82,239,84.33333333333333,85,84.58333333333333,2026-09-02 19:45:00,2026-09-02 20:00:00,15
2026-09-02 19:45:00,01F0979N,01F0956N,31,84,128,01F0979N>01F0956N,20260902,237,84,83.66666666666667,81,240,84.66666666666667,84,84.91666666666667,2026-09-02 19:50:00,2026-09-02 20:05:00,15
2026-09-02 19:50:00,01F0979N,01F0956N,31,87,138,01F0979N>01F0956N,20260902,238,87,85.0,83,241,83.66666666666667,87,85.16666666666667,2026-09-02 19:55:00,2026-09-02 20:10:00,15
2026-09-02 19:55:00,01F0979N,01F0956N,31,82,124,01F0979N>01F0956N,20260902,239,82,84.33333333333333,82,242,84.33333333333333,82,82.58333333333333,2026-09-02 20:00:00,2026-09-02 20:15:00,15
2026-09-02 20:00:00,01F0979N,01F0956N,31,81,109,01F0979N>01F0956N,20260902,240,81,84.66666666666667,82,243,83.0,81,80.25,2026-09-02 20:05:00,2026-09-02 20:20:00,15
2026-09-02 20:05:00,01F0979N,01F0956N,31,83,107,01F0979N>01F0956N,20260902,241,83,83.66666666666667,80,244,83.0,83,82.5,2026-09-02 20:10:00,2026-09-02 20:25:00,15
2026-09-02 20:10:00,01F0979N,01F0956N,31,82,118,01F0979N>01F0956N,20260902,242,82,84.33333333333333,83,245,83.66666666666667,82,81.91666666666667,2026-09-02 20:15:00,2026-09-02 20:30:00,15
2026-09-02 20:15:00,01F0979N,01F0956N,31,82,104,01F0979N>01F0956N,20260902,243,82,83.0,82,246,83.0,82,82.25,2026-09-02 20:20:00,2026-09-02 20:35:00,15
2026-09-02 20:20:00,01F0979N,01F0956N,31,80,101,01F0979N>01F0956N,20260902,244,80,83.0,80,247,84.0,80,81.75,2026-09-02 20:25:00,2026-09-02 20:40:00,15
2026-09-02 20:25:00,01F0979N,01F0956N,31,83,93,01F0979N>01F0956N,20260902,245,83,83.66666666666667,81,248,81.66666666666667,83,81.16666666666667,2026-09-02 20:30:00,2026-09-02 20:45:00,15
2026-09-02 20:30:00,01F0979N,01F0956N,31,82,85,01F0979N>01F0956N,20260902,246,82,83.0,82,249,85.0,82,84.25,2026-09-02 20:35:00,2026-09-02 20:50:00,15
2026-09-02 20:35:00,01F0979N,01F0956N,31,80,98,01F0979N>01F0956N,20260902,247,80,84.0,80,250,81.66666666666667,80,78.66666666666667,2026-09-02 20:40:00,2026-09-02 20:55:00,15
2026-09-02 20:40:00,01F0979N,01F0956N,31,81,100,01F0979N>01F0956N,20260902,248,81,81.66666666666667,83,251,81.66666666666667,81,81.16666666666667,2026-09-02 20:45:00,2026-09-02 21:00:00,15
2026-09-02 20:45:00,01F0979N,01F0956N,31,82,96,01F0979N>01F0956N,20260902,249,82,85.0,81,252,83.66666666666667,82,81.41666666666667,2026-09-02 20:50:00,2026-09-02 21:05:00,15
2026-09-02 20:50:00,01F0979N,01F0956N,31,80,85,01F0979N>01F0956N,20260902,250,80,81.66666666666667,80,253,81.33333333333333,80,80.08333333333333,2026-09-02 20:55:00,2026-09-02 21:10:00,15
2026-09-02 20:55:00,01F0979N,01F0956N,31,83,93,01F0979N>01F0956N,20260902,251,83,81.66666666666667,82,254,81.33333333333333,83,82.33333333333333,2026-09-02 21:00:00,2026-09-02 21:15:00,15
2026-09-02 21:00:00,01F0979N,01F0956N,31,81,88,01F0979N>01F0956N,20260902,252,81,83.66666666666667,80,255,82.66666666666667,81,80.66666666666667,2026-09-02 21:05:00,2026-09-02 21:20:00,15
2026-09-02 21:05:00,01F0979N,01F0956N,31,80,88,01F0979N>01F0956N,20260902,253,80,81.33333333333333,82,256,81.0,80,80.0,2026-09-02 21:10:00,2026-09-02 21:25:00,15
2026-09-02 21:10:00,01F0979N,01F0956N,31,82,85,01F0979N>01F0956N,20260902,254,82,81.33333333333333,80,257,80.66666666666667,82,81.16666666666667,2026-09-02 21:15:00,2026-09-02 21:30:00,15
2026-09-02 21:15:00,01F0979N,01F0956N,31,80,91,01F0979N>01F0956N,20260902,255,80,82.66666666666667,80,258,80.66666666666667,80,78.66666666666667,2026-09-02 21:20:00,2026-09-02 21:35:00,15
2026-09-02 21:20:00,01F0979N,01F0956N,31,82,101,01F0979N>01F0956N,20260902,256,82,81.0,80,259,80.66666666666667,82,81.41666666666667,2026-09-02 21:25:00,2026-09-02 21:40:00,15
2026-09-02 21:25:00,01F0979N,01F0956N,31,80,81,01F0979N>01F0956N,20260902,257,80,80.66666666666667,81,260,81.0,80,80.5,2026-09-02 21:30:00,2026-09-02 21:45:00,15
2026-09-02 21:30:00,01F0979N,01F0956N,31,80,81,01F0979N>01F0956N,20260902,258,80,80.66666666666667,79,261,80.33333333333333,80,79.83333333333333,2026-09-02 21:35:00,2026-09-02 21:50:00,15
2026-09-02 21:35:00,01F0979N,01F0956N,31,80,71,01F0979N>01F0956N,20260902,259,80,80.66666666666667,78,262,80.33333333333333,80,79.83333333333333,2026-09-02 21:40:00,2026-09-02 21:55:00,15
2026-09-02 21:40:00,01F0979N,01F0956N,31,81,66,01F0979N>01F0956N,20260902,260,81,81.0,80,263,82.66666666666667,81,82.66666666666667,2026-09-02 21:45:00,2026-09-02 22:00:00,15
2026-09-02 21:45:00,01F0979N,01F0956N,31,79,99,01F0979N>01F0956N,20260902,261,79,80.33333333333333,79,264,80.66666666666667,79,79.66666666666667,2026-09-02 21:50:00,2026-09-02 22:05:00,15
2026-09-02 21:50:00,01F0979N,01F0956N,31,78,58,01F0979N>01F0956N,20260902,262,78,80.33333333333333,83,265,81.0,78,79.25,2026-09-02 21:55:00,2026-09-02 22:10:00,15
2026-09-02 21:55:00,01F0979N,01F0956N,31,80,74,01F0979N>01F0956N,20260902,263,80,82.66666666666667,80,266,79.66666666666667,80,77.66666666666667,2026-09-02 22:00:00,2026-09-02 22:15:00,15
2026-09-02 22:00:00,01F0979N,01F0956N,31,79,64,01F0979N>01F0956N,20260902,264,79,80.66666666666667,79,267,80.0,79,78.75,2026-09-02 22:05:00,2026-09-02 22:20:00,15
2026-09-02 22:05:00,01F0979N,01F0956N,31,83,69,01F0979N>01F0956N,20260902,265,83,81.0,78,268,81.33333333333333,83,82.83333333333333,2026-09-02 22:10:00,2026-09-02 22:25:00,15
2026-09-02 22:10:00,01F0979N,01F0956N,31,80,62,01F0979N>01F0956N,20260902,266,80,79.66666666666667,80,269,80.33333333333333,80,80.58333333333333,2026-09-02 22:15:00,2026-09-02 22:30:00,15
2026-09-02 22:15:00,01F0979N,01F0956N,31,79,74,01F0979N>01F0956N,20260902,267,79,80.0,80,270,80.33333333333333,79,79.58333333333333,2026-09-02 22:20:00,2026-09-02 22:35:00,15
2026-09-02 22:20:00,01F0979N,01F0956N,31,78,72,01F0979N>01F0956N,20260902,268,78,81.33333333333333,79,271,82.0,78,79.5,2026-09-02 22:25:00,2026-09-02 22:40:00,15
2026-09-02 22:25:00,01F0979N,01F0956N,31,80,47,01F0979N>01F0956N,20260902,269,80,80.33333333333333,80,272,80.33333333333333,80,80.08333333333333,2026-09-02 22:30:00,2026-09-02 22:45:00,15
2026-09-02 22:30:00,01F0979N,01F0956N,31,80,60,01F0979N>01F0956N,20260902,270,80,80.33333333333333,81,273,80.33333333333333,80,80.08333333333333,2026-09-02 22:35:00,2026-09-02 22:50:00,15
2026-09-02 22:35:00,01F0979N,01F0956N,31,79,59,01F0979N>01F0956N,20260902,271,79,82.0,80,274,80.0,79,77.75,2026-09-02 22:40:00,2026-09-02 22:55:00,15
2026-09-02 22:40:00,01F0979N,01F0956N,31,80,60,01F0979N>01F0956N,20260902,272,80,80.33333333333333,79,275,78.66666666666667,80,78.41666666666667,2026-09-02 22:45:00,2026-09-02 23:00:00,15
2026-09-02 22:45:00,01F0979N,01F0956N,31,81,45,01F0979N>01F0956N,20260902,273,81,80.33333333333333,79,276,79.66666666666667,81,80.16666666666667,2026-09-02 22:50:00,2026-09-02 23:05:00,15
2026-09-02 22:50:00,01F0979N,01F0956N,31,80,38,01F0979N>01F0956N,20260902,274,80,80.0,78,277,78.66666666666667,80,78.66666666666667,2026-09-02 22:55:00,2026-09-02 23:10:00,15
2026-09-02 22:55:00,01F0979N,01F0956N,31,79,51,01F0979N>01F0956N,20260902,275,79,78.66666666666667,79,278,79.33333333333333,79,79.58333333333333,2026-09-02 23:00:00,2026-09-02 23:15:00,15
2026-09-02 23:00:00,01F0979N,01F0956N,31,79,41,01F0979N>01F0956N,20260902,276,79,79.66666666666667,80,279,79.66666666666667,79,79.16666666666667,2026-09-02 23:05:00,2026-09-02 23:20:00,15
2026-09-02 23:05:00,01F0979N,01F0956N,31,78,51,01F0979N>01F0956N,20260902,277,78,78.66666666666667,78,280,79.33333333333333,78,78.83333333333333,2026-09-02 23:10:00,2026-09-02 23:25:00,15
2026-09-02 23:10:00,01F0979N,01F0956N,31,79,39,01F0979N>01F0956N,20260902,278,79,79.33333333333333,78,281,78.66666666666667,79,78.41666666666667,2026-09-02 23:15:00,2026-09-02 23:30:00,15
2026-09-02 23:15:00,01F0979N,01F0956N,31,80,57,01F0979N>01F0956N,20260902,279,80,79.66666666666667,79,282,80.33333333333333,80,80.58333333333333,2026-09-02 23:20:00,2026-09-02 23:35:00,15
2026-09-02 23:20:00,01F0979N,01F0956N,31,78,42,01F0979N>01F0956N,20260902,280,78,79.33333333333333,77,283,78.33333333333333,78,77.33333333333333,2026-09-02 23:25:00,2026-09-02 23:40:00,15
2026-09-02 23:25:00,01F0979N,01F0956N,31,78,39,01F0979N>01F0956N,20260902,281,78,78.66666666666667,79,284,78.0,78,77.5,2026-09-02 23:30:00,2026-09-02 23:45:00,15
2026-09-02 23:30:00,01F0979N,01F0956N,31,79,42,01F0979N>01F0956N,20260902,282,79,80.33333333333333,77,285,78.0,79,77.0,2026-09-02 23:35:00,2026-09-02 23:50:00,15
2026-09-02 23:35:00,01F0979N,01F0956N,31,77,30,01F0979N>01F0956N,20260902,283,77,78.33333333333333,78,286,79.0,77,78.0,2026-09-02 23:40:00,2026-09-02 23:55:00,15
2026-09-02 23:40:00,01F0979N,01F0956N,31,79,28,01F0979N>01F0956N,20260902,284,79,78.0,78,287,77.33333333333333,79,78.08333333333333,2026-09-02 23:45:00,2026-09-03 00:00:00,15
