timestamp,from,to,vehicle_type,seconds,volume,link,date,slot,valid_seconds,historical_now
2026-08-27 00:00:00,01F0880S,01F0928S,31,163,57,01F0880S>01F0928S,20260827,0,163,163.33333333333334
2026-08-27 00:05:00,01F0880S,01F0928S,31,167,59,01F0880S>01F0928S,20260827,1,167,166.33333333333334
2026-08-27 00:10:00,01F0880S,01F0928S,31,165,57,01F0880S>01F0928S,20260827,2,165,166.0
2026-08-27 00:15:00,01F0880S,01F0928S,31,161,49,01F0880S>01F0928S,20260827,3,161,162.66666666666666
2026-08-27 00:20:00,01F0880S,01F0928S,31,165,50,01F0880S>01F0928S,20260827,4,165,163.33333333333334
2026-08-27 00:25:00,01F0880S,01F0928S,31,163,51,01F0880S>01F0928S,20260827,5,163,163.0
2026-08-27 00:30:00,01F0880S,01F0928S,31,162,56,01F0880S>01F0928S,20260827,6,162,162.66666666666666
2026-08-27 00:35:00,01F0880S,01F0928S,31,165,54,01F0880S>01F0928S,20260827,7,165,166.0
2026-08-27 00:40:00,01F0880S,01F0928S,31,166,38,01F0880S>01F0928S,20260827,8,166,162.66666666666666
2026-08-27 00:45:00,01F0880S,01F0928S,31,164,50,01F0880S>01F0928S,20260827,9,164,163.0
2026-08-27 00:50:00,01F0880S,01F0928S,31,159,46,01F0880S>01F0928S,20260827,10,159,161.66666666666666
2026-08-27 00:55:00,01F0880S,01F0928S,31,166,55,01F0880S>01F0928S,20260827,11,166,163.66666666666666
2026-08-27 01:00:00,01F0880S,01F0928S,31,162,41,01F0880S>01F0928S,20260827,12,162,163.33333333333334
2026-08-27 01:05:00,01F0880S,01F0928S,31,168,32,01F0880S>01F0928S,20260827,13,168,165.0
2026-08-27 01:10:00,01F0880S,01F0928S,31,165,35,01F0880S>01F0928S,20260827,14,165,164.66666666666666
2026-08-27 01:15:00,01F0880S,01F0928S,31,166,29,01F0880S>01F0928S,20260827,15,166,164.33333333333334
2026-08-27 01:20:00,01F0880S,01F0928S,31,165,32,01F0880S>01F0928S,20260827,16,165,163.66666666666666
2026-08-27 01:25:00,01F0880S,01F0928S,31,163,18,01F0880S>01F0928S,20260827,17,163,164.66666666666666
2026-08-27 01:30:00,01F0880S,01F0928S,31,162,31,01F0880S>01F0928S,20260827,18,162,162.33333333333334
2026-08-27 01:35:00,01F0880S,01F0928S,31,164,36,01F0880S>01F0928S,20260827,19,164,164.66666666666666
2026-08-27 01:40:00,01F0880S,01F0928S,31,165,35,01F0880S>01F0928S,20260827,20,165,162.33333333333334
2026-08-27 01:45:00,01F0880S,01F0928S,31,161,27,01F0880S>01F0928S,20260827,21,161,163.66666666666666
2026-08-27 01:50:00,01F0880S,01F0928S,31,164,31,01F0880S>01F0928S,20260827,22,164,164.0
2026-08-27 01:55:00,01F0880S,01F0928S,31,168,21,01F0880S>01F0928S,20260827,23,168,167.33333333333334
2026-08-27 02:00:00,01F0880S,01F0928S,31,164,24,01F0880S>01F0928S,20260827,24,164,162.33333333333334
2026-08-27 02:05:00,01F0880S,01F0928S,31,166,21,01F0880S>01F0928S,20260827,25,166,165.33333333333334
2026-08-27 02:10:00,01F0880S,01F0928S,31,155,16,01F0880S>01F0928S,20260827,26,155,161.33333333333334
2026-08-27 02:15:00,01F0880S,01F0928S,31,164,17,01F0880S>01F0928S,20260827,27,164,167.33333333333334
2026-08-27 02:20:00,01F0880S,01F0928S,31,163,19,01F0880S>01F0928S,20260827,28,163,163.33333333333334
2026-08-27 02:25:00,01F0880S,01F0928S,31,173,20,01F0880S>01F0928S,20260827,29,173,168.66666666666666
2026-08-27 02:30:00,01F0880S,01F0928S,31,165,17,01F0880S>01F0928S,20260827,30,165,168.0
2026-08-27 02:35:00,01F0880S,01F0928S,31,163,15,01F0880S>01F0928S,20260827,31,163,163.0
2026-08-27 02:40:00,01F0880S,01F0928S,31,162,26,01F0880S>01F0928S,20260827,32,162,163.0
2026-08-27 02:45:00,01F0880S,01F0928S,31,163,20,01F0880S>01F0928S,20260827,33,163,164.66666666666666
2026-08-27 02:50:00,01F0880S,01F0928S,31,165,17,01F0880S>01F0928S,20260827,34,165,164.66666666666666
2026-08-27 02:55:00,01F0880S,01F0928S,31,165,20,01F0880S>01F0928S,20260827,35,165,162.0
2026-08-27 03:00:00,01F0880S,01F0928S,31,165,19,01F0880S>01F0928S,20260827,36,165,165.33333333333334
2026-08-27 03:05:00,01F0880S,01F0928S,31,169,15,01F0880S>01F0928S,20260827,37,169,167.33333333333334
2026-08-27 03:10:00,01F0880S,01F0928S,31,157,14,01F0880S>01F0928S,20260827,38,157,163.0
2026-08-27 03:15:00,01F0880S,01F0928S,31,170,18,01F0880S>01F0928S,20260827,39,170,169.66666666666666
2026-08-27 03:20:00,01F0880S,01F0928S,31,169,22,01F0880S>01F0928S,20260827,40,169,167.0
2026-08-27 03:25:00,01F0880S,01F0928S,31,156,17,01F0880S>01F0928S,20260827,41,156,163.66666666666666
2026-08-27 03:30:00,01F0880S,01F0928S,31,168,12,01F0880S>01F0928S,20260827,42,168,164.0
2026-08-27 03:35:00,01F0880S,01F0928S,31,166,16,01F0880S>01F0928S,20260827,43,166,169.33333333333334
2026-08-27 03:40:00,01F0880S,01F0928S,31,165,12,01F0880S>01F0928S,20260827,44,165,165.66666666666666
2026-08-27 03:45:00,01F0880S,01F0928S,31,164,22,01F0880S>01F0928S,20260827,45,164,168.0
2026-08-27 03:50:00,01F0880S,01F0928S,31,169,12,01F0880S>01F0928S,20260827,46,169,166.66666666666666
2026-08-27 03:55:00,01F0880S,01F0928S,31,162,24,01F0880S>01F0928S,20260827,47,162,163.0
2026-08-27 04:00:00,01F0880S,01F0928S,31,165,13,01F0880S>01F0928S,20260827,48,165,167.0
2026-08-27 04:05:00,01F0880S,01F0928S,31,168,20,01F0880S>01F0928S,20260827,49,168,166.0
2026-08-27 04:10:00,01F0880S,01F0928S,31,164,24,01F0880S>01F0928S,20260827,50,164,168.33333333333334
2026-08-27 04:15:00,01F0880S,01F0928S,31,165,24,01F0880S>01F0928S,20260827,51,165,168.0
2026-08-27 04:20:00,01F0880S,01F0928S,31,165,34,01F0880S>01F0928S,20260827,52,165,163.0
2026-08-27 04:25:00,01F0880S,01F0928S,31,168,26,01F0880S>01F0928S,20260827,53,168,168.0
2026-08-27 04:30:00,01F0880S,01F0928S,31,165,23,01F0880S>01F0928S,20260827,54,165,163.33333333333334
2026-08-27 04:35:00,01F0880S,01F0928S,31,169,27,01F0880S>01F0928S,20260827,55,169,165.66666666666666
2026-08-27 04:40:00,01F0880S,01F0928S,31,161,27,01F0880S>01F0928S,20260827,56,161,167.0
2026-08-27 04:45:00,01F0880S,01F0928S,31,169,42,01F0880S>01F0928S,20260827,57,169,166.33333333333334
2026-08-27 04:50:00,01F0880S,01F0928S,31,171,31,01F0880S>01F0928S,20260827,58,171,169.0
2026-08-27 04:55:00,01F0880S,01F0928S,31,165,32,01F0880S>01F0928S,20260827,59,165,165.33333333333334
2026-08-27 05:00:00,01F0880S,01F0928S,31,166,37,01F0880S>01F0928S,20260827,60,166,166.0
2026-08-27 05:05:00,01F0880S,01F0928S,31,163,30,01F0880S>01F0928S,20260827,61,163,168.66666666666666
2026-08-27 05:10:00,01F0880S,01F0928S,31,164,42,01F0880S>01F0928S,20260827,62,164,164.33333333333334
2026-08-27 05:15:00,01F0880S,01F0928S,31,168,35,01F0880S>01F0928S,20260827,63,168,167.0
2026-08-27 05:20:00,01F0880S,01F0928S,31,167,44,01F0880S>01F0928S,20260827,64,167,166.0
2026-08-27 05:25:00,01F0880S,01F0928S,31,163,55,01F0880S>01F0928S,20260827,65,163,165.0
2026-08-27 05:30:00,01F0880S,01F0928S,31,166,47,01F0880S>01F0928S,20260827,66,166,164.0
2026-08-27 05:35:00,01F0880S,01F0928S,31,166,53,01F0880S>01F0928S,20260827,67,166,165.33333333333334
2026-08-27 05:40:00,01F0880S,01F0928S,31,164,74,01F0880S>01F0928S,20260827,68,164,164.33333333333334
2026-08-27 05:45:00,01F0880S,01F0928S,31,167,88,01F0880S>01F0928S,20260827,69,167,168.0
2026-08-27 05:50:00,01F0880S,01F0928S,31,163,97,01F0880S>01F0928S,20260827,70,163,164.33333333333334
2026-08-27 05:55:00,01F0880S,01F0928S,31,165,89,01F0880S>01F0928S,20260827,71,165,167.0
2026-08-27 06:00:00,01F0880S,01F0928S,31,166,107,01F0880S>01F0928S,20260827,72,166,165.66666666666666
2026-08-27 06:05:00,01F0880S,01F0928S,31,168,132,01F0880S>01F0928S,20260827,73,168,168.0
2026-08-27 06:10:00,01F0880S,01F0928S,31,167,110,01F0880S>01F0928S,20260827,74,167,166.66666666666666
2026-08-27 06:15:00,01F0880S,01F0928S,31,174,126,01F0880S>01F0928S,20260827,75,174,172.66666666666666
2026-08-27 06:20:00,01F0880S,01F0928S,31,178,171,01F0880S>01F0928S,20260827,76,178,174.0
2026-08-27 06:25:00,01F0880S,01F0928S,31,177,176,01F0880S>01F0928S,20260827,77,177,179.33333333333334
2026-08-27 06:30:00,01F0880S,01F0928S,31,190,207,01F0880S>01F0928S,20260827,78,190,188.0
2026-08-27 06:35:00,01F0880S,01F0928S,31,185,225,01F0880S>01F0928S,20260827,79,185,186.33333333333334
2026-08-27 06:40:00,01F0880S,01F0928S,31,202,210,01F0880S>01F0928S,20260827,80,202,198.0
2026-08-27 06:45:00,01F0880S,01F0928S,31,235,242,01F0880S>01F0928S,20260827,81,235,216.33333333333334
2026-08-27 06:50:00,01F0880S,01F0928S,31,255,279,01F0880S>01F0928S,20260827,82,255,219.66666666666666
2026-08-27 06:55:00,01F0880S,01F0928S,31,254,286,01F0880S>01F0928S,20260827,83,254,224.66666666666666
2026-08-27 07:00:00,01F0880S,01F0928S,31,267,281,01F0880S>01F0928S,20260827,84,267,235.66666666666666
2026-08-27 07:05:00,01F0880S,01F0928S,31,284,269,01F0880S>01F0928S,20260827,85,284,249.33333333333334
2026-08-27 07:10:00,01F0880S,01F0928S,31,304,263,01F0880S>01F0928S,20260827,86,304,266.6666666666667
2026-08-27 07:15:00,01F0880S,01F0928S,31,318,286,01F0880S>01F0928S,20260827,87,318,281.6666666666667
2026-08-27 07:20:00,01F0880S,01F0928S,31,343,260,01F0880S>01F0928S,20260827,88,343,303.6666666666667
2026-08-27 07:25:00,01F0880S,01F0928S,31,359,315,01F0880S>01F0928S,20260827,89,359,310.6666666666667
2026-08-27 07:30:00,01F0880S,01F0928S,31,363,272,01F0880S>01F0928S,20260827,90,363,295.3333333333333
2026-08-27 07:35:00,01F0880S,01F0928S,31,371,293,01F0880S>01F0928S,20260827,91,371,289.3333333333333
2026-08-27 07:40:00,01F0880S,01F0928S,31,359,274,01F0880S>01F0928S,20260827,92,359,305.6666666666667
2026-08-27 07:45:00,01F0880S,01F0928S,31,371,273,01F0880S>01F0928S,20260827,93,371,299.6666666666667
2026-08-27 07:50:00,01F0880S,01F0928S,31,354,239,01F0880S>01F0928S,20260827,94,354,287.6666666666667
2026-08-27 07:55:00,01F0880S,01F0928S,31,360,271,01F0880S>01F0928S,20260827,95,360,280.0
2026-08-27 08:00:00,01F0880S,01F0928S,31,343,259,01F0880S>01F0928S,20260827,96,343,274.3333333333333
2026-08-27 08:05:00,01F0880S,01F0928S,31,321,269,01F0880S>01F0928S,20260827,97,321,257.3333333333333
2026-08-27 08:10:00,01F0880S,01F0928S,31,281,231,01F0880S>01F0928S,20260827,98,281,240.0
2026-08-27 08:15:00,01F0880S,01F0928S,31,280,244,01F0880S>01F0928S,20260827,99,280,245.0
2026-08-27 08:20:00,01F0880S,01F0928S,31,256,252,01F0880S>01F0928S,20260827,100,256,233.66666666666666
2026-08-27 08:25:00,01F0880S,01F0928S,31,256,230,01F0880S>01F0928S,20260827,101,256,231.33333333333334
2026-08-27 08:30:00,01F0880S,01F0928S,31,271,247,01F0880S>01F0928S,20260827,102,271,225.0
2026-08-27 08:35:00,01F0880S,01F0928S,31,262,239,01F0880S>01F0928S,20260827,103,262,216.66666666666666
2026-08-27 08:40:00,01F0880S,01F0928S,31,251,265,01F0880S>01F0928S,20260827,104,251,219.0
2026-08-27 08:45:00,01F0880S,01F0928S,31,247,239,01F0880S>01F0928S,20260827,105,247,217.33333333333334
2026-08-27 08:50:00,01F0880S,01F0928S,31,263,184,01F0880S>01F0928S,20260827,106,263,218.66666666666666
2026-08-27 08:55:00,01F0880S,01F0928S,31,270,236,01F0880S>01F0928S,20260827,107,270,216.0
2026-08-27 09:00:00,01F0880S,01F0928S,31,242,211,01F0880S>01F0928S,20260827,108,242,216.0
2026-08-27 09:05:00,01F0880S,01F0928S,31,232,226,01F0880S>01F0928S,20260827,109,232,230.66666666666666
2026-08-27 09:10:00,01F0880S,01F0928S,31,210,234,01F0880S>01F0928S,20260827,110,210,231.66666666666666
2026-08-27 09:15:00,01F0880S,01F0928S,31,199,188,01F0880S>01F0928S,20260827,111,199,233.33333333333334
2026-08-27 09:20:00,01F0880S,01F0928S,31,203,222,01F0880S>01F0928S,20260827,112,203,242.33333333333334
2026-08-27 09:25:00,01F0880S,01F0928S,31,192,177,01F0880S>01F0928S,20260827,113,192,247.66666666666666
2026-08-27 09:30:00,01F0880S,01F0928S,31,206,185,01F0880S>01F0928S,20260827,114,206,243.33333333333334
2026-08-27 09:35:00,01F0880S,01F0928S,31,228,191,01F0880S>01F0928S,20260827,115,228,253.33333333333334
2026-08-27 09:40:00,01F0880S,01F0928S,31,233,195,01F0880S>01F0928S,20260827,116,233,262.0
2026-08-27 09:45:00,01F0880S,01F0928S,31,204,178,01F0880S>01F0928S,20260827,117,204,259.0
2026-08-27 09:50:00,01F0880S,01F0928S,31,198,203,01F0880S>01F0928S,20260827,118,198,255.33333333333334
2026-08-27 09:55:00,01F0880S,01F0928S,31,198,186,01F0880S>01F0928S,20260827,119,198,253.0
2026-08-27 10:00:00,01F0880S,01F0928S,31,211,188,01F0880S>01F0928S,20260827,120,211,252.0
2026-08-27 10:05:00,01F0880S,01F0928S,31,216,209,01F0880S>01F0928S,20260827,121,216,255.0
2026-08-27 10:10:00,01F0880S,01F0928S,31,242,150,01F0880S>01F0928S,20260827,122,242,268.0
2026-08-27 10:15:00,01F0880S,01F0928S,31,297,164,01F0880S>01F0928S,20260827,123,297,290.6666666666667
2026-08-27 10:20:00,01F0880S,01F0928S,31,371,142,01F0880S>01F0928S,20260827,124,371,327.3333333333333
2026-08-27 10:25:00,01F0880S,01F0928S,31,438,154,01F0880S>01F0928S,20260827,125,438,352.6666666666667
2026-08-27 10:30:00,01F0880S,01F0928S,31,497,175,01F0880S>01F0928S,20260827,126,497,381.3333333333333
2026-08-27 10:35:00,01F0880S,01F0928S,31,516,187,01F0880S>01F0928S,20260827,127,516,400.6666666666667
2026-08-27 10:40:00,01F0880S,01F0928S,31,491,212,01F0880S>01F0928S,20260827,128,491,394.3333333333333
2026-08-27 10:45:00,01F0880S,01F0928S,31,498,150,01F0880S>01F0928S,20260827,129,498,397.3333333333333
2026-08-27 10:50:00,01F0880S,01F0928S,31,530,182,01F0880S>01F0928S,20260827,130,530,384.3333333333333
2026-08-27 10:55:00,01F0880S,01F0928S,31,416,169,01F0880S>01F0928S,20260827,131,416,331.3333333333333
2026-08-27 11:00:00,01F0880S,01F0928S,31,287,189,01F0880S>01F0928S,20260827,132,287,277.0
2026-08-27 11:05:00,01F0880S,01F0928S,31,260,175,01F0880S>01F0928S,20260827,133,260,269.3333333333333
2026-08-27 11:10:00,01F0880S,01F0928S,31,240,156,01F0880S>01F0928S,20260827,134,240,254.66666666666666
2026-08-27 11:15:00,01F0880S,01F0928S,31,254,156,01F0880S>01F0928S,20260827,135,254,252.33333333333334
2026-08-27 11:20:00,01F0880S,01F0928S,31,257,154,01F0880S>01F0928S,20260827,136,257,247.66666666666666
2026-08-27 11:25:00,01F0880S,01F0928S,31,261,164,01F0880S>01F0928S,20260827,137,261,245.33333333333334
2026-08-27 11:30:00,01F0880S,01F0928S,31,246,155,01F0880S>01F0928S,20260827,138,246,232.33333333333334
2026-08-27 11:35:00,01F0880S,01F0928S,31,249,175,01F0880S>01F0928S,20260827,139,249,223.0
2026-08-27 11:40:00,01F0880S,01F0928S,31,251,108,01F0880S>01F0928S,20260827,140,251,220.0
2026-08-27 11:45:00,01F0880S,01F0928S,31,472,121,01F0880S>01F0928S,20260827,141,472,287.3333333333333
2026-08-27 11:50:00,01F0880S,01F0928S,31,454,178,01F0880S>01F0928S,20260827,142,454,272.3333333333333
2026-08-27 11:55:00,01F0880S,01F0928S,31,254,165,01F0880S>01F0928S,20260827,143,254,206.66666666666666
2026-08-27 12:00:00,01F0880S,01F0928S,31,253,195,01F0880S>01F0928S,20260827,144,253,215.66666666666666
2026-08-27 12:05:00,01F0880S,01F0928S,31,257,206,01F0880S>01F0928S,20260827,145,257,207.0
2026-08-27 12:10:00,01F0880S,01F0928S,31,244,187,01F0880S>01F0928S,20260827,146,244,199.66666666666666
2026-08-27 12:15:00,01F0880S,01F0928S,31,277,214,01F0880S>01F0928S,20260827,147,277,215.0
2026-08-27 12:20:00,01F0880S,01F0928S,31,270,215,01F0880S>01F0928S,20260827,148,270,212.66666666666666
2026-08-27 12:25:00,01F0880S,01F0928S,31,254,224,01F0880S>01F0928S,20260827,149,254,216.66666666666666
2026-08-27 12:30:00,01F0880S,01F0928S,31,232,205,01F0880S>01F0928S,20260827,150,232,214.0
2026-08-27 12:35:00,01F0880S,01F0928S,31,182,158,01F0880S>01F0928S,20260827,151,182,198.0
2026-08-27 12:40:00,01F0880S,01F0928S,31,178,160,01F0880S>01F0928S,20260827,152,178,195.66666666666666
2026-08-27 12:45:00,01F0880S,01F0928S,31,184,152,01F0880S>01F0928S,20260827,153,184,202.33333333333334
2026-08-27 12:50:00,01F0880S,01F0928S,31,183,156,01F0880S>01F0928S,20260827,154,183,193.0
2026-08-27 12:55:00,01F0880S,01F0928S,31,190,204,01F0880S>01F0928S,20260827,155,190,180.66666666666666
2026-08-27 13:00:00,01F0880S,01F0928S,31,182,157,01F0880S>01F0928S,20260827,156,182,180.33333333333334
2026-08-27 13:05:00,01F0880S,01F0928S,31,182,156,01F0880S>01F0928S,20260827,157,182,176.66666666666666
2026-08-27 13:10:00,01F0880S,01F0928S,31,188,172,01F0880S>01F0928S,20260827,158,188,184.0
2026-08-27 13:15:00,01F0880S,01F0928S,31,179,144,01F0880S>01F0928S,20260827,159,179,178.0
2026-08-27 13:20:00,01F0880S,01F0928S,31,189,169,01F0880S>01F0928S,20260827,160,189,192.66666666666666
2026-08-27 13:25:00,01F0880S,01F0928S,31,182,180,01F0880S>01F0928S,20260827,161,182,199.33333333333334
2026-08-27 13:30:00,01F0880S,01F0928S,31,183,132,01F0880S>01F0928S,20260827,162,183,197.33333333333334
2026-08-27 13:35:00,01F0880S,01F0928S,31,177,145,01F0880S>01F0928S,20260827,163,177,191.66666666666666
2026-08-27 13:40:00,01F0880S,01F0928S,31,183,169,01F0880S>01F0928S,20260827,164,183,186.33333333333334
2026-08-27 13:45:00,01F0880S,01F0928S,31,190,162,01F0880S>01F0928S,20260827,165,190,192.0
2026-08-27 13:50:00,01F0880S,01F0928S,31,188,180,01F0880S>01F0928S,20260827,166,188,196.33333333333334
2026-08-27 13:55:00,01F0880S,01F0928S,31,184,159,01F0880S>01F0928S,20260827,167,184,209.66666666666666
2026-08-27 14:00:00,01F0880S,01F0928S,31,189,159,01F0880S>01F0928S,20260827,168,189,214.0
2026-08-27 14:05:00,01F0880S,01F0928S,31,183,158,01F0880S>01F0928S,20260827,169,183,226.0
2026-08-27 14:10:00,01F0880S,01F0928S,31,185,158,01F0880S>01F0928S,20260827,170,185,238.66666666666666
2026-08-27 14:15:00,01F0880S,01F0928S,31,182,158,01F0880S>01F0928S,20260827,171,182,246.0
2026-08-27 14:20:00,01F0880S,01F0928S,31,180,116,01F0880S>01F0928S,20260827,172,180,253.66666666666666
2026-08-27 14:25:00,01F0880S,01F0928S,31,186,175,01F0880S>01F0928S,20260827,173,186,262.0
2026-08-27 14:30:00,01F0880S,01F0928S,31,182,136,01F0880S>01F0928S,20260827,174,182,266.3333333333333
2026-08-27 14:35:00,01F0880S,01F0928S,31,174,137,01F0880S>01F0928S,20260827,175,174,252.66666666666666
2026-08-27 14:40:00,01F0880S,01F0928S,31,185,170,01F0880S>01F0928S,20260827,176,185,250.0
2026-08-27 14:45:00,01F0880S,01F0928S,31,179,162,01F0880S>01F0928S,20260827,177,179,238.0
2026-08-27 14:50:00,01F0880S,01F0928S,31,184,156,01F0880S>01F0928S,20260827,178,184,220.66666666666666
2026-08-27 14:55:00,01F0880S,01F0928S,31,180,195,01F0880S>01F0928S,20260827,179,180,192.66666666666666
2026-08-27 15:00:00,01F0880S,01F0928S,31,183,159,01F0880S>01F0928S,20260827,180,183,185.0
2026-08-27 15:05:00,01F0880S,01F0928S,31,182,169,01F0880S>01F0928S,20260827,181,182,184.66666666666666
2026-08-27 15:10:00,01F0880S,01F0928S,31,186,171,01F0880S>01F0928S,20260827,182,186,186.66666666666666
2026-08-27 15:15:00,01F0880S,01F0928S,31,174,152,01F0880S>01F0928S,20260827,183,174,185.33333333333334
2026-08-27 15:20:00,01F0880S,01F0928S,31,182,163,01F0880S>01F0928S,20260827,184,182,185.33333333333334
2026-08-27 15:25:00,01F0880S,01F0928S,31,186,196,01F0880S>01F0928S,20260827,185,186,186.33333333333334
2026-08-27 15:30:00,01F0880S,01F0928S,31,182,179,01F0880S>01F0928S,20260827,186,182,195.66666666666666
2026-08-27 15:35:00,01F0880S,01F0928S,31,181,172,01F0880S>01F0928S,20260827,187,181,201.0
2026-08-27 15:40:00,01F0880S,01F0928S,31,187,176,01F0880S>01F0928S,20260827,188,187,198.66666666666666
2026-08-27 15:45:00,01F0880S,01F0928S,31,178,139,01F0880S>01F0928S,20260827,189,178,198.33333333333334
2026-08-27 15:50:00,01F0880S,01F0928S,31,182,199,01F0880S>01F0928S,20260827,190,182,200.66666666666666
2026-08-27 15:55:00,01F0880S,01F0928S,31,180,169,01F0880S>01F0928S,20260827,191,180,209.0
2026-08-27 16:00:00,01F0880S,01F0928S,31,181,164,01F0880S>01F0928S,20260827,192,181,207.33333333333334
2026-08-27 16:05:00,01F0880S,01F0928S,31,190,185,01F0880S>01F0928S,20260827,193,190,218.0
2026-08-27 16:10:00,01F0880S,01F0928S,31,186,184,01F0880S>01F0928S,20260827,194,186,220.33333333333334
2026-08-27 16:15:00,01F0880S,01F0928S,31,205,167,01F0880S>01F0928S,20260827,195,205,234.0
2026-08-27 16:20:00,01F0880S,01F0928S,31,191,204,01F0880S>01F0928S,20260827,196,191,227.66666666666666
2026-08-27 16:25:00,01F0880S,01F0928S,31,189,212,01F0880S>01F0928S,20260827,197,189,235.66666666666666
2026-08-27 16:30:00,01F0880S,01F0928S,31,185,210,01F0880S>01F0928S,20260827,198,185,233.33333333333334
2026-08-27 16:35:00,01F0880S,01F0928S,31,180,175,01F0880S>01F0928S,20260827,199,180,224.33333333333334
2026-08-27 16:40:00,01F0880S,01F0928S,31,193,198,01F0880S>01F0928S,20260827,200,193,233.0
2026-08-27 16:45:00,01F0880S,01F0928S,31,215,193,01F0880S>01F0928S,20260827,201,215,246.66666666666666
2026-08-27 16:50:00,01F0880S,01F0928S,31,234,188,01F0880S>01F0928S,20260827,202,234,261.6666666666667
2026-08-27 16:55:00,01F0880S,01F0928S,31,240,200,01F0880S>01F0928S,20260827,203,240,266.3333333333333
2026-08-27 17:00:00,01F0880S,01F0928S,31,251,192,01F0880S>01F0928S,20260827,204,251,267.6666666666667
2026-08-27 17:05:00,01F0880S,01F0928S,31,245,214,01F0880S>01F0928S,20260827,205,245,256.3333333333333
2026-08-27 17:10:00,01F0880S,01F0928S,31,203,226,01F0880S>01F0928S,20260827,206,203,245.0
2026-08-27 17:15:00,01F0880S,01F0928S,31,178,190,01F0880S>01F0928S,20260827,207,178,268.6666666666667
2026-08-27 17:20:00,01F0880S,01F0928S,31,198,237,01F0880S>01F0928S,20260827,208,198,302.0
2026-08-27 17:25:00,01F0880S,01F0928S,31,181,180,01F0880S>01F0928S,20260827,209,181,323.0
2026-08-27 17:30:00,01F0880S,01F0928S,31,192,222,01F0880S>01F0928S,20260827,210,192,353.0
2026-08-27 17:35:00,01F0880S,01F0928S,31,196,205,01F0880S>01F0928S,20260827,211,196,373.3333333333333
2026-08-27 17:40:00,01F0880S,01F0928S,31,198,226,01F0880S>01F0928S,20260827,212,198,369.3333333333333
2026-08-27 17:45:00,01F0880S,01F0928S,31,185,246,01F0880S>01F0928S,20260827,213,185,344.6666666666667
2026-08-27 17:50:00,01F0880S,01F0928S,31,187,209,01F0880S>01F0928S,20260827,214,187,308.3333333333333
2026-08-27 17:55:00,01F0880S,01F0928S,31,191,182,01F0880S>01F0928S,20260827,215,191,297.0
2026-08-27 18:00:00,01F0880S,01F0928S,31,208,241,01F0880S>01F0928S,20260827,216,208,294.0
2026-08-27 18:05:00,01F0880S,01F0928S,31,191,193,01F0880S>01F0928S,20260827,217,191,285.6666666666667
2026-08-27 18:10:00,01F0880S,01F0928S,31,206,219,01F0880S>01F0928S,20260827,218,206,290.6666666666667
2026-08-27 18:15:00,01F0880S,01F0928S,31,193,223,01F0880S>01F0928S,20260827,219,193,280.3333333333333
2026-08-27 18:20:00,01F0880S,01F0928S,31,199,193,01F0880S>01F0928S,20260827,220,199,281.6666666666667
2026-08-27 18:25:00,01F0880S,01F0928S,31,202,208,01F0880S>01F0928S,20260827,221,202,281.0
2026-08-27 18:30:00,01F0880S,01F0928S,31,195,198,01F0880S>01F0928S,20260827,222,195,282.0
2026-08-27 18:35:00,01F0880S,01F0928S,31,198,177,01F0880S>01F0928S,20260827,223,198,263.0
2026-08-27 18:40:00,01F0880S,01F0928S,31,193,209,01F0880S>01F0928S,20260827,224,193,241.66666666666666
2026-08-27 18:45:00,01F0880S,01F0928S,31,188,169,01F0880S>01F0928S,20260827,225,188,239.66666666666666
2026-08-27 18:50:00,01F0880S,01F0928S,31,181,158,01F0880S>01F0928S,20260827,226,181,240.0
2026-08-27 18:55:00,01F0880S,01F0928S,31,187,177,01F0880S>01F0928S,20260827,227,187,233.33333333333334
2026-08-27 19:00:00,01F0880S,01F0928S,31,187,191,01F0880S>01F0928S,20260827,228,187,213.33333333333334
2026-08-27 19:05:00,01F0880S,01F0928S,31,179,180,01F0880S>01F0928S,20260827,229,179,195.33333333333334
2026-08-27 19:10:00,01F0880S,01F0928S,31,180,142,01F0880S>01F0928S,20260827,230,180,198.66666666666666
2026-08-27 19:15:00,01F0880S,01F0928S,31,181,164,01F0880S>01F0928S,20260827,231,181,186.0
2026-08-27 19:20:00,01F0880S,01F0928S,31,177,167,01F0880S>01F0928S,20260827,232,177,186.66666666666666
2026-08-27 19:25:00,01F0880S,01F0928S,31,181,138,01F0880S>01F0928S,20260827,233,181,184.66666666666666
2026-08-27 19:30:00,01F0880S,01F0928S,31,174,146,01F0880S>01F0928S,20260827,234,174,187.66666666666666
2026-08-27 19:35:00,01F0880S,01F0928S,31,174,157,01F0880S>01F0928S,20260827,235,174,186.33333333333334
2026-08-27 19:40:00,01F0880S,01F0928S,31,177,146,01F0880S>01F0928S,20260827,236,177,183.0
2026-08-27 19:45:00,01F0880S,01F0928S,31,172,162,01F0880S>01F0928S,20260827,237,172,179.0
2026-08-27 19:50:00,01F0880S,01F0928S,31,179,168,01F0880S>01F0928S,20260827,238,179,195.0
2026-08-27 19:55:00,01F0880S,01F0928S,31,172,141,01F0880S>01F0928S,20260827,239,172,190.33333333333334
2026-08-27 20:00:00,01F0880S,01F0928S,31,178,167,01F0880S>01F0928S,20260827,240,178,183.66666666666666
2026-08-27 20:05:00,01F0880S,01F0928S,31,175,150,01F0880S>01F0928S,20260827,241,175,192.66666666666666
2026-08-27 20:10:00,01F0880S,01F0928S,31,175,128,01F0880S>01F0928S,20260827,242,175,191.33333333333334
2026-08-27 20:15:00,01F0880S,01F0928S,31,176,151,01F0880S>01F0928S,20260827,243,176,190.0
2026-08-27 20:20:00,01F0880S,01F0928S,31,177,156,01F0880S>01F0928S,20260827,244,177,183.66666666666666
2026-08-27 20:25:00,01F0880S,01F0928S,31,179,145,01F0880S>01F0928S,20260827,245,179,184.33333333333334
2026-08-27 20:30:00,01F0880S,01F0928S,31,180,147,01F0880S>01F0928S,20260827,246,180,179.33333333333334
2026-08-27 20:35:00,01F0880S,01F0928S,31,170,113,01F0880S>01F0928S,20260827,247,170,174.33333333333334
2026-08-27 20:40:00,01F0880S,01F0928S,31,171,128,01F0880S>01F0928S,20260827,248,171,175.0
2026-08-27 20:45:00,01F0880S,01F0928S,31,176,126,01F0880S>01F0928S,20260827,249,176,175.33333333333334
2026-08-27 20:50:00,01F0880S,01F0928S,31,172,146,01F0880S>01F0928S,20260827,250,172,179.0
2026-08-27 20:55:00,01F0880S,01F0928S,31,173,127,01F0880S>01F0928S,20260827,251,173,200.0
2026-08-27 21:00:00,01F0880S,01F0928S,31,175,107,01F0880S>01F0928S,20260827,252,175,200.0
2026-08-27 21:05:00,01F0880S,01F0928S,31,175,126,01F0880S>01F0928S,20260827,253,175,198.66666666666666
2026-08-27 21:10:00,01F0880S,01F0928S,31,171,84,01F0880S>01F0928S,20260827,254,171,193.66666666666666
2026-08-27 21:15:00,01F0880S,01F0928S,31,171,124,01F0880S>01F0928S,20260827,255,171,180.33333333333334
2026-08-27 21:20:00,01F0880S,01F0928S,31,170,111,01F0880S>01F0928S,20260827,256,170,177.33333333333334
2026-08-27 21:25:00,01F0880S,01F0928S,31,174,131,01F0880S>01F0928S,20260827,257,174,174.0
2026-08-27 21:30:00,01F0880S,01F0928S,31,170,135,01F0880S>01F0928S,20260827,258,170,177.33333333333334
2026-08-27 21:35:00,01F0880S,01F0928S,31,168,116,01F0880S>01F0928S,20260827,259,168,178.66666666666666
2026-08-27 21:40:00,01F0880S,01F0928S,31,168,124,01F0880S>01F0928S,20260827,260,168,171.66666666666666
2026-08-27 21:45:00,01F0880S,01F0928S,31,168,108,01F0880S>01F0928S,20260827,261,168,173.66666666666666
2026-08-27 21:50:00,01F0880S,01F0928S,31,168,130,01F0880S>01F0928S,20260827,262,168,172.33333333333334
2026-08-27 21:55:00,01F0880S,01F0928S,31,167,111,01F0880S>01F0928S,20260827,263,167,174.66666666666666
2026-08-27 22:00:00,01F0880S,01F0928S,31,170,107,01F0880S>01F0928S,20260827,264,170,174.66666666666666
2026-08-27 22:05:00,01F0880S,01F0928S,31,171,102,01F0880S>01F0928S,20260827,265,171,172.66666666666666
2026-08-27 22:10:00,01F0880S,01F0928S,31,170,92,01F0880S>01F0928S,20260827,266,170,172.33333333333334
2026-08-27 22:15:00,01F0880S,01F0928S,31,166,103,01F0880S>01F0928S,20260827,267,166,169.66666666666666
2026-08-27 22:20:00,01F0880S,01F0928S,31,175,79,01F0880S>01F0928S,20260827,268,175,173.33333333333334
2026-08-27 22:25:00,01F0880S,01F0928S,31,171,104,01F0880S>01F0928S,20260827,269,171,170.33333333333334
2026-08-27 22:30:00,01F0880S,01F0928S,31,167,95,01F0880S>01F0928S,20260827,270,167,167.66666666666666
2026-08-27 22:35:00,01F0880S,01F0928S,31,170,111,01F0880S>01F0928S,20260827,271,170,171.33333333333334
2026-08-27 22:40:00,01F0880S,01F0928S,31,165,92,01F0880S>01F0928S,20260827,272,165,167.0
2026-08-27 22:45:00,01F0880S,01F0928S,31,166,86,01F0880S>01F0928S,20260827,273,166,167.33333333333334
2026-08-27 22:50:00,01F0880S,01F0928S,31,167,80,01F0880S>01F0928S,20260827,274,167,169.66666666666666
2026-08-27 22:55:00,01F0880S,01F0928S,31,165,88,01F0880S>01F0928S,20260827,275,165,167.33333333333334
2026-08-27 23:00:00,01F0880S,01F0928S,31,167,78,01F0880S>01F0928S,20260827,276,167,168.0
2026-08-27 23:05:00,01F0880S,01F0928S,31,168,80,01F0880S>01F0928S,20260827,277,168,166.33333333333334
2026-08-27 23:10:00,01F0880S,01F0928S,31,168,89,01F0880S>01F0928S,20260827,278,168,167.33333333333334
2026-08-27 23:15:00,01F0880S,01F0928S,31,165,77,01F0880S>01F0928S,20260827,279,165,165.33333333333334
2026-08-27 23:20:00,01F0880S,01F0928S,31,164,69,01F0880S>01F0928S,20260827,280,164,165.33333333333334
2026-08-27 23:25:00,01F0880S,01F0928S,31,164,72,01F0880S>01F0928S,20260827,281,164,163.0
2026-08-27 23:30:00,01F0880S,01F0928S,31,165,70,01F0880S>01F0928S,20260827,282,165,166.66666666666666
2026-08-27 23:35:00,01F0880S,01F0928S,31,164,48,01F0880S>01F0928S,20260827,283,164,164.33333333333334
2026-08-27 23:40:00,01F0880S,01F0928S,31,168,42,01F0880S>01F0928S,20260827,284,168,167.33333333333334
2026-08-27 23:45:00,01F0880S,01F0928S,31,161,46,01F0880S>01F0928S,20260827,285,161,165.33333333333334
2026-08-27 23:50:00,01F0880S,01F0928S,31,163,54,01F0880S>01F0928S,20260827,286,163,162.66666666666666
2026-08-27 23:55:00,01F0880S,01F0928S,31,162,62,01F0880S>01F0928S,20260827,287,162,162.0
2026-08-28 00:00:00,01F0880S,01F0928S,31,162,65,01F0880S>01F0928S,20260828,0,162,163.33333333333334
2026-08-28 00:05:00,01F0880S,01F0928S,31,164,40,01F0880S>01F0928S,20260828,1,164,166.33333333333334
2026-08-28 00:10:00,01F0880S,01F0928S,31,168,58,01F0880S>01F0928S,20260828,2,168,166.0
2026-08-28 00:15:00,01F0880S,01F0928S,31,165,41,01F0880S>01F0928S,20260828,3,165,162.66666666666666
2026-08-28 00:20:00,01F0880S,01F0928S,31,164,52,01F0880S>01F0928S,20260828,4,164,163.33333333333334
2026-08-28 00:25:00,01F0880S,01F0928S,31,162,51,01F0880S>01F0928S,20260828,5,162,163.0
2026-08-28 00:30:00,01F0880S,01F0928S,31,163,67,01F0880S>01F0928S,20260828,6,163,162.66666666666666
2026-08-28 00:35:00,01F0880S,01F0928S,31,167,45,01F0880S>01F0928S,20260828,7,167,166.0
2026-08-28 00:40:00,01F0880S,01F0928S,31,160,49,01F0880S>01F0928S,20260828,8,160,162.66666666666666
2026-08-28 00:45:00,01F0880S,01F0928S,31,163,45,01F0880S>01F0928S,20260828,9,163,163.0
2026-08-28 00:50:00,01F0880S,01F0928S,31,163,45,01F0880S>01F0928S,20260828,10,163,161.66666666666666
2026-08-28 00:55:00,01F0880S,01F0928S,31,160,41,01F0880S>01F0928S,20260828,11,160,163.66666666666666
2026-08-28 01:00:00,01F0880S,01F0928S,31,164,37,01F0880S>01F0928S,20260828,12,164,163.33333333333334
2026-08-28 01:05:00,01F0880S,01F0928S,31,165,35,01F0880S>01F0928S,20260828,13,165,165.0
2026-08-28 01:10:00,01F0880S,01F0928S,31,164,37,01F0880S>01F0928S,20260828,14,164,164.66666666666666
2026-08-28 01:15:00,01F0880S,01F0928S,31,164,30,01F0880S>01F0928S,20260828,15,164,164.33333333333334
2026-08-28 01:20:00,01F0880S,01F0928S,31,164,37,01F0880S>01F0928S,20260828,16,164,163.66666666666666
2026-08-28 01:25:00,01F0880S,01F0928S,31,167,39,01F0880S>01F0928S,20260828,17,167,164.66666666666666
2026-08-28 01:30:00,01F0880S,01F0928S,31,161,31,01F0880S>01F0928S,20260828,18,161,162.33333333333334
2026-08-28 01:35:00,01F0880S,01F0928S,31,164,35,01F0880S>01F0928S,20260828,19,164,164.66666666666666
2026-08-28 01:40:00,01F0880S,01F0928S,31,164,34,01F0880S>01F0928S,20260828,20,164,162.33333333333334
2026-08-28 01:45:00,01F0880S,01F0928S,31,161,40,01F0880S>01F0928S,20260828,21,161,163.66666666666666
2026-08-28 01:50:00,01F0880S,01F0928S,31,164,28,01F0880S>01F0928S,20260828,22,164,164.0
2026-08-28 01:55:00,01F0880S,01F0928S,31,166,32,01F0880S>01F0928S,20260828,23,166,167.33333333333334
2026-08-28 02:00:00,01F0880S,01F0928S,31,160,40,01F0880S>01F0928S,20260828,24,160,162.33333333333334
2026-08-28 02:05:00,01F0880S,01F0928S,31,161,26,01F0880S>01F0928S,20260828,25,161,165.33333333333334
2026-08-28 02:10:00,01F0880S,01F0928S,31,165,25,01F0880S>01F0928S,20260828,26,165,161.33333333333334
2026-08-28 02:15:00,01F0880S,01F0928S,31,165,22,01F0880S>01F0928S,20260828,27,165,167.33333333333334
2026-08-28 02:20:00,01F0880S,01F0928S,31,161,27,01F0880S>01F0928S,20260828,28,161,163.33333333333334
2026-08-28 02:25:00,01F0880S,01F0928S,31,168,25,01F0880S>01F0928S,20260828,29,168,168.66666666666666
2026-08-28 02:30:00,01F0880S,01F0928S,31,162,24,01F0880S>01F0928S,20260828,30,162,168.0
2026-08-28 02:35:00,01F0880S,01F0928S,31,162,11,01F0880S>01F0928S,20260828,31,162,163.0
2026-08-28 02:40:00,01F0880S,01F0928S,31,164,21,01F0880S>01F0928S,20260828,32,164,163.0
2026-08-28 02:45:00,01F0880S,01F0928S,31,162,29,01F0880S>01F0928S,20260828,33,162,164.66666666666666
2026-08-28 02:50:00,01F0880S,01F0928S,31,164,19,01F0880S>01F0928S,20260828,34,164,164.66666666666666
2026-08-28 02:55:00,01F0880S,01F0928S,31,163,19,01F0880S>01F0928S,20260828,35,163,162.0
2026-08-28 03:00:00,01F0880S,01F0928S,31,165,31,01F0880S>01F0928S,20260828,36,165,165.33333333333334
2026-08-28 03:05:00,01F0880S,01F0928S,31,170,17,01F0880S>01F0928S,20260828,37,170,167.33333333333334
2026-08-28 03:10:00,01F0880S,01F0928S,31,166,16,01F0880S>01F0928S,20260828,38,166,163.0
2026-08-28 03:15:00,01F0880S,01F0928S,31,168,8,01F0880S>01F0928S,20260828,39,168,169.66666666666666
2026-08-28 03:20:00,01F0880S,01F0928S,31,161,18,01F0880S>01F0928S,20260828,40,161,167.0
2026-08-28 03:25:00,01F0880S,01F0928S,31,164,16,01F0880S>01F0928S,20260828,41,164,163.66666666666666
2026-08-28 03:30:00,01F0880S,01F0928S,31,166,12,01F0880S>01F0928S,20260828,42,166,164.0
2026-08-28 03:35:00,01F0880S,01F0928S,31,175,5,01F0880S>01F0928S,20260828,43,175,169.33333333333334
2026-08-28 03:40:00,01F0880S,01F0928S,31,168,18,01F0880S>01F0928S,20260828,44,168,165.66666666666666
2026-08-28 03:45:00,01F0880S,01F0928S,31,175,16,01F0880S>01F0928S,20260828,45,175,168.0
2026-08-28 03:50:00,01F0880S,01F0928S,31,168,18,01F0880S>01F0928S,20260828,46,168,166.66666666666666
2026-08-28 03:55:00,01F0880S,01F0928S,31,167,19,01F0880S>01F0928S,20260828,47,167,163.0
2026-08-28 04:00:00,01F0880S,01F0928S,31,172,14,01F0880S>01F0928S,20260828,48,172,167.0
2026-08-28 04:05:00,01F0880S,01F0928S,31,169,19,01F0880S>01F0928S,20260828,49,169,166.0
2026-08-28 04:10:00,01F0880S,01F0928S,31,170,10,01F0880S>01F0928S,20260828,50,170,168.33333333333334
2026-08-28 04:15:00,01F0880S,01F0928S,31,164,17,01F0880S>01F0928S,20260828,51,164,168.0
2026-08-28 04:20:00,01F0880S,01F0928S,31,165,15,01F0880S>01F0928S,20260828,52,165,163.0
2026-08-28 04:25:00,01F0880S,01F0928S,31,170,21,01F0880S>01F0928S,20260828,53,170,168.0
2026-08-28 04:30:00,01F0880S,01F0928S,31,157,21,01F0880S>01F0928S,20260828,54,157,163.33333333333334
2026-08-28 04:35:00,01F0880S,01F0928S,31,160,20,01F0880S>01F0928S,20260828,55,160,165.66666666666666
2026-08-28 04:40:00,01F0880S,01F0928S,31,178,21,01F0880S>01F0928S,20260828,56,178,167.0
2026-08-28 04:45:00,01F0880S,01F0928S,31,167,16,01F0880S>01F0928S,20260828,57,167,166.33333333333334
2026-08-28 04:50:00,01F0880S,01F0928S,31,170,19,01F0880S>01F0928S,20260828,58,170,169.0
2026-08-28 04:55:00,01F0880S,01F0928S,31,165,33,01F0880S>01F0928S,20260828,59,165,165.33333333333334
2026-08-28 05:00:00,01F0880S,01F0928S,31,170,24,01F0880S>01F0928S,20260828,60,170,166.0
2026-08-28 05:05:00,01F0880S,01F0928S,31,173,30,01F0880S>01F0928S,20260828,61,173,168.66666666666666
2026-08-28 05:10:00,01F0880S,01F0928S,31,165,33,01F0880S>01F0928S,20260828,62,165,164.33333333333334
2026-08-28 05:15:00,01F0880S,01F0928S,31,165,44,01F0880S>01F0928S,20260828,63,165,167.0
2026-08-28 05:20:00,01F0880S,01F0928S,31,168,35,01F0880S>01F0928S,20260828,64,168,166.0
2026-08-28 05:25:00,01F0880S,01F0928S,31,167,46,01F0880S>01F0928S,20260828,65,167,165.0
2026-08-28 05:30:00,01F0880S,01F0928S,31,165,29,01F0880S>01F0928S,20260828,66,165,164.0
2026-08-28 05:35:00,01F0880S,01F0928S,31,165,53,01F0880S>01F0928S,20260828,67,165,165.33333333333334
2026-08-28 05:40:00,01F0880S,01F0928S,31,166,63,01F0880S>01F0928S,20260828,68,166,164.33333333333334
2026-08-28 05:45:00,01F0880S,01F0928S,31,166,61,01F0880S>01F0928S,20260828,69,166,168.0
2026-08-28 05:50:00,01F0880S,01F0928S,31,168,74,01F0880S>01F0928S,20260828,70,168,164.33333333333334
2026-08-28 05:55:00,01F0880S,01F0928S,31,170,57,01F0880S>01F0928S,20260828,71,170,167.0
2026-08-28 06:00:00,01F0880S,01F0928S,31,166,92,01F0880S>01F0928S,20260828,72,166,165.66666666666666
2026-08-28 06:05:00,01F0880S,01F0928S,31,168,92,01F0880S>01F0928S,20260828,73,168,168.0
2026-08-28 06:10:00,01F0880S,01F0928S,31,168,117,01F0880S>01F0928S,20260828,74,168,166.66666666666666
2026-08-28 06:15:00,01F0880S,01F0928S,31,170,121,01F0880S>01F0928S,20260828,75,170,172.66666666666666
2026-08-28 06:20:00,01F0880S,01F0928S,31,168,134,01F0880S>01F0928S,20260828,76,168,174.0
2026-08-28 06:25:00,01F0880S,01F0928S,31,178,162,01F0880S>01F0928S,20260828,77,178,179.33333333333334
2026-08-28 06:30:00,01F0880S,01F0928S,31,190,191,01F0880S>01F0928S,20260828,78,190,188.0
2026-08-28 06:35:00,01F0880S,01F0928S,31,187,193,01F0880S>01F0928S,20260828,79,187,186.33333333333334
2026-08-28 06:40:00,01F0880S,01F0928S,31,197,224,01F0880S>01F0928S,20260828,80,197,198.0
2026-08-28 06:45:00,01F0880S,01F0928S,31,197,230,01F0880S>01F0928S,20260828,81,197,216.33333333333334
2026-08-28 06:50:00,01F0880S,01F0928S,31,194,258,01F0880S>01F0928S,20260828,82,194,219.66666666666666
2026-08-28 06:55:00,01F0880S,01F0928S,31,200,244,01F0880S>01F0928S,20260828,83,200,224.66666666666666
2026-08-28 07:00:00,01F0880S,01F0928S,31,202,235,01F0880S>01F0928S,20260828,84,202,235.66666666666666
2026-08-28 07:05:00,01F0880S,01F0928S,31,215,272,01F0880S>01F0928S,20260828,85,215,249.33333333333334
2026-08-28 07:10:00,01F0880S,01F0928S,31,214,240,01F0880S>01F0928S,20260828,86,214,266.6666666666667
2026-08-28 07:15:00,01F0880S,01F0928S,31,224,272,01F0880S>01F0928S,20260828,87,224,281.6666666666667
2026-08-28 07:20:00,01F0880S,01F0928S,31,248,264,01F0880S>01F0928S,20260828,88,248,303.6666666666667
2026-08-28 07:25:00,01F0880S,01F0928S,31,251,268,01F0880S>01F0928S,20260828,89,251,310.6666666666667
2026-08-28 07:30:00,01F0880S,01F0928S,31,233,274,01F0880S>01F0928S,20260828,90,233,295.3333333333333
2026-08-28 07:35:00,01F0880S,01F0928S,31,233,239,01F0880S>01F0928S,20260828,91,233,289.3333333333333
2026-08-28 07:40:00,01F0880S,01F0928S,31,268,268,01F0880S>01F0928S,20260828,92,268,305.6666666666667
2026-08-28 07:45:00,01F0880S,01F0928S,31,236,269,01F0880S>01F0928S,20260828,93,236,299.6666666666667
2026-08-28 07:50:00,01F0880S,01F0928S,31,226,238,01F0880S>01F0928S,20260828,94,226,287.6666666666667
2026-08-28 07:55:00,01F0880S,01F0928S,31,217,245,01F0880S>01F0928S,20260828,95,217,280.0
2026-08-28 08:00:00,01F0880S,01F0928S,31,227,249,01F0880S>01F0928S,20260828,96,227,274.3333333333333
2026-08-28 08:05:00,01F0880S,01F0928S,31,242,250,01F0880S>01F0928S,20260828,97,242,257.3333333333333
2026-08-28 08:10:00,01F0880S,01F0928S,31,237,234,01F0880S>01F0928S,20260828,98,237,240.0
2026-08-28 08:15:00,01F0880S,01F0928S,31,232,232,01F0880S>01F0928S,20260828,99,232,245.0
2026-08-28 08:20:00,01F0880S,01F0928S,31,219,220,01F0880S>01F0928S,20260828,100,219,233.66666666666666
2026-08-28 08:25:00,01F0880S,01F0928S,31,210,242,01F0880S>01F0928S,20260828,101,210,231.33333333333334
2026-08-28 08:30:00,01F0880S,01F0928S,31,198,238,01F0880S>01F0928S,20260828,102,198,225.0
2026-08-28 08:35:00,01F0880S,01F0928S,31,192,205,01F0880S>01F0928S,20260828,103,192,216.66666666666666
2026-08-28 08:40:00,01F0880S,01F0928S,31,205,221,01F0880S>01F0928S,20260828,104,205,219.0
2026-08-28 08:45:00,01F0880S,01F0928S,31,216,202,01F0880S>01F0928S,20260828,105,216,217.33333333333334
2026-08-28 08:50:00,01F0880S,01F0928S,31,199,222,01F0880S>01F0928S,20260828,106,199,218.66666666666666
2026-08-28 08:55:00,01F0880S,01F0928S,31,189,202,01F0880S>01F0928S,20260828,107,189,216.0
2026-08-28 09:00:00,01F0880S,01F0928S,31,204,202,01F0880S>01F0928S,20260828,108,204,216.0
2026-08-28 09:05:00,01F0880S,01F0928S,31,218,208,01F0880S>01F0928S,20260828,109,218,230.66666666666666
2026-08-28 09:10:00,01F0880S,01F0928S,31,239,206,01F0880S>01F0928S,20260828,110,239,231.66666666666666
2026-08-28 09:15:00,01F0880S,01F0928S,31,250,193,01F0880S>01F0928S,20260828,111,250,233.33333333333334
2026-08-28 09:20:00,01F0880S,01F0928S,31,269,192,01F0880S>01F0928S,20260828,112,269,242.33333333333334
2026-08-28 09:25:00,01F0880S,01F0928S,31,281,224,01F0880S>01F0928S,20260828,113,281,247.66666666666666
2026-08-28 09:30:00,01F0880S,01F0928S,31,262,200,01F0880S>01F0928S,20260828,114,262,243.33333333333334
2026-08-28 09:35:00,01F0880S,01F0928S,31,261,185,01F0880S>01F0928S,20260828,115,261,253.33333333333334
2026-08-28 09:40:00,01F0880S,01F0928S,31,272,217,01F0880S>01F0928S,20260828,116,272,262.0
2026-08-28 09:45:00,01F0880S,01F0928S,31,276,223,01F0880S>01F0928S,20260828,117,276,259.0
2026-08-28 09:50:00,01F0880S,01F0928S,31,273,194,01F0880S>01F0928S,20260828,118,273,255.33333333333334
2026-08-28 09:55:00,01F0880S,01F0928S,31,272,202,01F0880S>01F0928S,20260828,119,272,253.0
2026-08-28 10:00:00,01F0880S,01F0928S,31,270,183,01F0880S>01F0928S,20260828,120,270,252.0
2026-08-28 10:05:00,01F0880S,01F0928S,31,271,195,01F0880S>01F0928S,20260828,121,271,255.0
2026-08-28 10:10:00,01F0880S,01F0928S,31,283,188,01F0880S>01F0928S,20260828,122,283,268.0
2026-08-28 10:15:00,01F0880S,01F0928S,31,317,172,01F0880S>01F0928S,20260828,123,317,290.6666666666667
2026-08-28 10:20:00,01F0880S,01F0928S,31,343,185,01F0880S>01F0928S,20260828,124,343,327.3333333333333
2026-08-28 10:25:00,01F0880S,01F0928S,31,378,185,01F0880S>01F0928S,20260828,125,378,352.6666666666667
2026-08-28 10:30:00,01F0880S,01F0928S,31,405,159,01F0880S>01F0928S,20260828,126,405,381.3333333333333
2026-08-28 10:35:00,01F0880S,01F0928S,31,446,183,01F0880S>01F0928S,20260828,127,446,400.6666666666667
2026-08-28 10:40:00,01F0880S,01F0928S,31,446,204,01F0880S>01F0928S,20260828,128,446,394.3333333333333
2026-08-28 10:45:00,01F0880S,01F0928S,31,435,198,01F0880S>01F0928S,20260828,129,435,397.3333333333333
2026-08-28 10:50:00,01F0880S,01F0928S,31,382,230,01F0880S>01F0928S,20260828,130,382,384.3333333333333
2026-08-28 10:55:00,01F0880S,01F0928S,31,340,219,01F0880S>01F0928S,20260828,131,340,331.3333333333333
2026-08-28 11:00:00,01F0880S,01F0928S,31,306,211,01F0880S>01F0928S,20260828,132,306,277.0
2026-08-28 11:05:00,01F0880S,01F0928S,31,304,216,01F0880S>01F0928S,20260828,133,304,269.3333333333333
2026-08-28 11:10:00,01F0880S,01F0928S,31,282,217,01F0880S>01F0928S,20260828,134,282,254.66666666666666
2026-08-28 11:15:00,01F0880S,01F0928S,31,259,212,01F0880S>01F0928S,20260828,135,259,252.33333333333334
2026-08-28 11:20:00,01F0880S,01F0928S,31,241,216,01F0880S>01F0928S,20260828,136,241,247.66666666666666
2026-08-28 11:25:00,01F0880S,01F0928S,31,234,222,01F0880S>01F0928S,20260828,137,234,245.33333333333334
2026-08-28 11:30:00,01F0880S,01F0928S,31,216,210,01F0880S>01F0928S,20260828,138,216,232.33333333333334
2026-08-28 11:35:00,01F0880S,01F0928S,31,198,201,01F0880S>01F0928S,20260828,139,198,223.0
2026-08-28 11:40:00,01F0880S,01F0928S,31,189,187,01F0880S>01F0928S,20260828,140,189,220.0
2026-08-28 11:45:00,01F0880S,01F0928S,31,203,203,01F0880S>01F0928S,20260828,141,203,287.3333333333333
2026-08-28 11:50:00,01F0880S,01F0928S,31,177,144,01F0880S>01F0928S,20260828,142,177,272.3333333333333
2026-08-28 11:55:00,01F0880S,01F0928S,31,187,171,01F0880S>01F0928S,20260828,143,187,206.66666666666666
2026-08-28 12:00:00,01F0880S,01F0928S,31,208,168,01F0880S>01F0928S,20260828,144,208,215.66666666666666
2026-08-28 12:05:00,01F0880S,01F0928S,31,186,205,01F0880S>01F0928S,20260828,145,186,207.0
2026-08-28 12:10:00,01F0880S,01F0928S,31,177,160,01F0880S>01F0928S,20260828,146,177,199.66666666666666
2026-08-28 12:15:00,01F0880S,01F0928S,31,191,204,01F0880S>01F0928S,20260828,147,191,215.0
2026-08-28 12:20:00,01F0880S,01F0928S,31,187,185,01F0880S>01F0928S,20260828,148,187,212.66666666666666
2026-08-28 12:25:00,01F0880S,01F0928S,31,210,194,01F0880S>01F0928S,20260828,149,210,216.66666666666666
2026-08-28 12:30:00,01F0880S,01F0928S,31,229,176,01F0880S>01F0928S,20260828,150,229,214.0
2026-08-28 12:35:00,01F0880S,01F0928S,31,231,182,01F0880S>01F0928S,20260828,151,231,198.0
2026-08-28 12:40:00,01F0880S,01F0928S,31,224,206,01F0880S>01F0928S,20260828,152,224,195.66666666666666
2026-08-28 12:45:00,01F0880S,01F0928S,31,242,177,01F0880S>01F0928S,20260828,153,242,202.33333333333334
2026-08-28 12:50:00,01F0880S,01F0928S,31,216,163,01F0880S>01F0928S,20260828,154,216,193.0
2026-08-28 12:55:00,01F0880S,01F0928S,31,174,140,01F0880S>01F0928S,20260828,155,174,180.66666666666666
2026-08-28 13:00:00,01F0880S,01F0928S,31,172,120,01F0880S>01F0928S,20260828,156,172,180.33333333333334
2026-08-28 13:05:00,01F0880S,01F0928S,31,174,112,01F0880S>01F0928S,20260828,157,174,176.66666666666666
2026-08-28 13:10:00,01F0880S,01F0928S,31,177,99,01F0880S>01F0928S,20260828,158,177,184.0
2026-08-28 13:15:00,01F0880S,01F0928S,31,170,85,01F0880S>01F0928S,20260828,159,170,178.0
2026-08-28 13:20:00,01F0880S,01F0928S,31,172,102,01F0880S>01F0928S,20260828,160,172,192.66666666666666
2026-08-28 13:25:00,01F0880S,01F0928S,31,182,144,01F0880S>01F0928S,20260828,161,182,199.33333333333334
2026-08-28 13:30:00,01F0880S,01F0928S,31,182,145,01F0880S>01F0928S,20260828,162,182,197.33333333333334
2026-08-28 13:35:00,01F0880S,01F0928S,31,181,172,01F0880S>01F0928S,20260828,163,181,191.66666666666666
2026-08-28 13:40:00,01F0880S,01F0928S,31,193,199,01F0880S>01F0928S,20260828,164,193,186.33333333333334
2026-08-28 13:45:00,01F0880S,01F0928S,31,199,207,01F0880S>01F0928S,20260828,165,199,192.0
2026-08-28 13:50:00,01F0880S,01F0928S,31,217,224,01F0880S>01F0928S,20260828,166,217,196.33333333333334
2026-08-28 13:55:00,01F0880S,01F0928S,31,255,227,01F0880S>01F0928S,20260828,167,255,209.66666666666666
2026-08-28 14:00:00,01F0880S,01F0928S,31,273,195,01F0880S>01F0928S,20260828,168,273,214.0
2026-08-28 14:05:00,01F0880S,01F0928S,31,317,162,01F0880S>01F0928S,20260828,169,317,226.0
2026-08-28 14:10:00,01F0880S,01F0928S,31,345,185,01F0880S>01F0928S,20260828,170,345,238.66666666666666
2026-08-28 14:15:00,01F0880S,01F0928S,31,376,207,01F0880S>01F0928S,20260828,171,376,246.0
2026-08-28 14:20:00,01F0880S,01F0928S,31,399,196,01F0880S>01F0928S,20260828,172,399,253.66666666666666
2026-08-28 14:25:00,01F0880S,01F0928S,31,417,220,01F0880S>01F0928S,20260828,173,417,262.0
2026-08-28 14:30:00,01F0880S,01F0928S,31,430,202,01F0880S>01F0928S,20260828,174,430,266.3333333333333
2026-08-28 14:35:00,01F0880S,01F0928S,31,407,216,01F0880S>01F0928S,20260828,175,407,252.66666666666666
2026-08-28 14:40:00,01F0880S,01F0928S,31,380,221,01F0880S>01F0928S,20260828,176,380,250.0
2026-08-28 14:45:00,01F0880S,01F0928S,31,353,207,01F0880S>01F0928S,20260828,177,353,238.0
2026-08-28 14:50:00,01F0880S,01F0928S,31,290,236,01F0880S>01F0928S,20260828,178,290,220.66666666666666
2026-08-28 14:55:00,01F0880S,01F0928S,31,219,235,01F0880S>01F0928S,20260828,179,219,192.66666666666666
2026-08-28 15:00:00,01F0880S,01F0928S,31,187,191,01F0880S>01F0928S,20260828,180,187,185.0
2026-08-28 15:05:00,01F0880S,01F0928S,31,185,194,01F0880S>01F0928S,20260828,181,185,184.66666666666666
2026-08-28 15:10:00,01F0880S,01F0928S,31,186,190,01F0880S>01F0928S,20260828,182,186,186.66666666666666
2026-08-28 15:15:00,01F0880S,01F0928S,31,191,187,01F0880S>01F0928S,20260828,183,191,185.33333333333334
2026-08-28 15:20:00,01F0880S,01F0928S,31,192,228,01F0880S>01F0928S,20260828,184,192,185.33333333333334
2026-08-28 15:25:00,01F0880S,01F0928S,31,187,215,01F0880S>01F0928S,20260828,185,187,186.33333333333334
2026-08-28 15:30:00,01F0880S,01F0928S,31,215,222,01F0880S>01F0928S,20260828,186,215,195.66666666666666
2026-08-28 15:35:00,01F0880S,01F0928S,31,226,224,01F0880S>01F0928S,20260828,187,226,201.0
2026-08-28 15:40:00,01F0880S,01F0928S,31,220,246,01F0880S>01F0928S,20260828,188,220,198.66666666666666
2026-08-28 15:45:00,01F0880S,01F0928S,31,231,233,01F0880S>01F0928S,20260828,189,231,198.33333333333334
2026-08-28 15:50:00,01F0880S,01F0928S,31,234,211,01F0880S>01F0928S,20260828,190,234,200.66666666666666
2026-08-28 15:55:00,01F0880S,01F0928S,31,255,239,01F0880S>01F0928S,20260828,191,255,209.0
2026-08-28 16:00:00,01F0880S,01F0928S,31,256,241,01F0880S>01F0928S,20260828,192,256,207.33333333333334
2026-08-28 16:05:00,01F0880S,01F0928S,31,272,250,01F0880S>01F0928S,20260828,193,272,218.0
2026-08-28 16:10:00,01F0880S,01F0928S,31,271,247,01F0880S>01F0928S,20260828,194,271,220.33333333333334
2026-08-28 16:15:00,01F0880S,01F0928S,31,264,261,01F0880S>01F0928S,20260828,195,264,234.0
2026-08-28 16:20:00,01F0880S,01F0928S,31,264,262,01F0880S>01F0928S,20260828,196,264,227.66666666666666
2026-08-28 16:25:00,01F0880S,01F0928S,31,262,241,01F0880S>01F0928S,20260828,197,262,235.66666666666666
2026-08-28 16:30:00,01F0880S,01F0928S,31,264,265,01F0880S>01F0928S,20260828,198,264,233.33333333333334
2026-08-28 16:35:00,01F0880S,01F0928S,31,238,254,01F0880S>01F0928S,20260828,199,238,224.33333333333334
2026-08-28 16:40:00,01F0880S,01F0928S,31,252,253,01F0880S>01F0928S,20260828,200,252,233.0
2026-08-28 16:45:00,01F0880S,01F0928S,31,261,253,01F0880S>01F0928S,20260828,201,261,246.66666666666666
2026-08-28 16:50:00,01F0880S,01F0928S,31,272,272,01F0880S>01F0928S,20260828,202,272,261.6666666666667
2026-08-28 16:55:00,01F0880S,01F0928S,31,269,267,01F0880S>01F0928S,20260828,203,269,266.3333333333333
2026-08-28 17:00:00,01F0880S,01F0928S,31,291,253,01F0880S>01F0928S,20260828,204,291,267.6666666666667
2026-08-28 17:05:00,01F0880S,01F0928S,31,308,216,01F0880S>01F0928S,20260828,205,308,256.3333333333333
2026-08-28 17:10:00,01F0880S,01F0928S,31,340,229,01F0880S>01F0928S,20260828,206,340,245.0
2026-08-28 17:15:00,01F0880S,01F0928S,31,436,194,01F0880S>01F0928S,20260828,207,436,268.6666666666667
2026-08-28 17:20:00,01F0880S,01F0928S,31,513,200,01F0880S>01F0928S,20260828,208,513,302.0
2026-08-28 17:25:00,01F0880S,01F0928S,31,597,211,01F0880S>01F0928S,20260828,209,597,323.0
2026-08-28 17:30:00,01F0880S,01F0928S,31,648,249,01F0880S>01F0928S,20260828,210,648,353.0
2026-08-28 17:35:00,01F0880S,01F0928S,31,675,248,01F0880S>01F0928S,20260828,211,675,373.3333333333333
2026-08-28 17:40:00,01F0880S,01F0928S,31,641,245,01F0880S>01F0928S,20260828,212,641,369.3333333333333
2026-08-28 17:45:00,01F0880S,01F0928S,31,586,220,01F0880S>01F0928S,20260828,213,586,344.6666666666667
2026-08-28 17:50:00,01F0880S,01F0928S,31,472,245,01F0880S>01F0928S,20260828,214,472,308.3333333333333
2026-08-28 17:55:00,01F0880S,01F0928S,31,430,250,01F0880S>01F0928S,20260828,215,430,297.0
2026-08-28 18:00:00,01F0880S,01F0928S,31,421,242,01F0880S>01F0928S,20260828,216,421,294.0
2026-08-28 18:05:00,01F0880S,01F0928S,31,452,194,01F0880S>01F0928S,20260828,217,452,285.6666666666667
2026-08-28 18:10:00,01F0880S,01F0928S,31,460,201,01F0880S>01F0928S,20260828,218,460,290.6666666666667
2026-08-28 18:15:00,01F0880S,01F0928S,31,428,228,01F0880S>01F0928S,20260828,219,428,280.3333333333333
2026-08-28 18:20:00,01F0880S,01F0928S,31,427,213,01F0880S>01F0928S,20260828,220,427,281.6666666666667
2026-08-28 18:25:00,01F0880S,01F0928S,31,425,236,01F0880S>01F0928S,20260828,221,425,281.0
2026-08-28 18:30:00,01F0880S,01F0928S,31,402,254,01F0880S>01F0928S,20260828,222,402,282.0
2026-08-28 18:35:00,01F0880S,01F0928S,31,373,233,01F0880S>01F0928S,20260828,223,373,263.0
2026-08-28 18:40:00,01F0880S,01F0928S,31,337,259,01F0880S>01F0928S,20260828,224,337,241.66666666666666
2026-08-28 18:45:00,01F0880S,01F0928S,31,317,244,01F0880S>01F0928S,20260828,225,317,239.66666666666666
2026-08-28 18:50:00,01F0880S,01F0928S,31,316,253,01F0880S>01F0928S,20260828,226,316,240.0
2026-08-28 18:55:00,01F0880S,01F0928S,31,309,257,01F0880S>01F0928S,20260828,227,309,233.33333333333334
2026-08-28 19:00:00,01F0880S,01F0928S,31,269,267,01F0880S>01F0928S,20260828,228,269,213.33333333333334
2026-08-28 19:05:00,01F0880S,01F0928S,31,219,219,01F0880S>01F0928S,20260828,229,219,195.33333333333334
2026-08-28 19:10:00,01F0880S,01F0928S,31,214,237,01F0880S>01F0928S,20260828,230,214,198.66666666666666
2026-08-28 19:15:00,01F0880S,01F0928S,31,199,198,01F0880S>01F0928S,20260828,231,199,186.0
2026-08-28 19:20:00,01F0880S,01F0928S,31,200,229,01F0880S>01F0928S,20260828,232,200,186.66666666666666
2026-08-28 19:25:00,01F0880S,01F0928S,31,196,187,01F0880S>01F0928S,20260828,233,196,184.66666666666666
2026-08-28 19:30:00,01F0880S,01F0928S,31,215,239,01F0880S>01F0928S,20260828,234,215,187.66666666666666
2026-08-28 19:35:00,01F0880S,01F0928S,31,203,218,01F0880S>01F0928S,20260828,235,203,186.33333333333334
2026-08-28 19:40:00,01F0880S,01F0928S,31,197,232,01F0880S>01F0928S,20260828,236,197,183.0
2026-08-28 19:45:00,01F0880S,01F0928S,31,184,210,01F0880S>01F0928S,20260828,237,184,179.0
2026-08-28 19:50:00,01F0880S,01F0928S,31,224,249,01F0880S>01F0928S,20260828,238,224,195.0
2026-08-28 19:55:00,01F0880S,01F0928S,31,220,263,01F0880S>01F0928S,20260828,239,220,190.33333333333334
2026-08-28 20:00:00,01F0880S,01F0928S,31,195,222,01F0880S>01F0928S,20260828,240,195,183.66666666666666
2026-08-28 20:05:00,01F0880S,01F0928S,31,227,238,01F0880S>01F0928S,20260828,241,227,192.66666666666666
2026-08-28 20:10:00,01F0880S,01F0928S,31,225,242,01F0880S>01F0928S,20260828,242,225,191.33333333333334
2026-08-28 20:15:00,01F0880S,01F0928S,31,220,252,01F0880S>01F0928S,20260828,243,220,190.0
2026-08-28 20:20:00,01F0880S,01F0928S,31,195,210,01F0880S>01F0928S,20260828,244,195,183.66666666666666
2026-08-28 20:25:00,01F0880S,01F0928S,31,196,202,01F0880S>01F0928S,20260828,245,196,184.33333333333334
2026-08-28 20:30:00,01F0880S,01F0928S,31,183,215,01F0880S>01F0928S,20260828,246,183,179.33333333333334
2026-08-28 20:35:00,01F0880S,01F0928S,31,180,207,01F0880S>01F0928S,20260828,247,180,174.33333333333334
2026-08-28 20:40:00,01F0880S,01F0928S,31,178,193,01F0880S>01F0928S,20260828,248,178,175.0
2026-08-28 20:45:00,01F0880S,01F0928S,31,176,195,01F0880S>01F0928S,20260828,249,176,175.33333333333334
2026-08-28 20:50:00,01F0880S,01F0928S,31,181,151,01F0880S>01F0928S,20260828,250,181,179.0
2026-08-28 20:55:00,01F0880S,01F0928S,31,246,254,01F0880S>01F0928S,20260828,251,246,200.0
2026-08-28 21:00:00,01F0880S,01F0928S,31,244,227,01F0880S>01F0928S,20260828,252,244,200.0
2026-08-28 21:05:00,01F0880S,01F0928S,31,232,234,01F0880S>01F0928S,20260828,253,232,198.66666666666666
2026-08-28 21:10:00,01F0880S,01F0928S,31,212,238,01F0880S>01F0928S,20260828,254,212,193.66666666666666
2026-08-28 21:15:00,01F0880S,01F0928S,31,180,192,01F0880S>01F0928S,20260828,255,180,180.33333333333334
2026-08-28 21:20:00,01F0880S,01F0928S,31,180,214,01F0880S>01F0928S,20260828,256,180,177.33333333333334
2026-08-28 21:25:00,01F0880S,01F0928S,31,175,192,01F0880S>01F0928S,20260828,257,175,174.0
2026-08-28 21:30:00,01F0880S,01F0928S,31,181,192,01F0880S>01F0928S,20260828,258,181,177.33333333333334
2026-08-28 21:35:00,01F0880S,01F0928S,31,180,208,01F0880S>01F0928S,20260828,259,180,178.66666666666666
2026-08-28 21:40:00,01F0880S,01F0928S,31,175,191,01F0880S>01F0928S,20260828,260,175,171.66666666666666
2026-08-28 21:45:00,01F0880S,01F0928S,31,173,181,01F0880S>01F0928S,20260828,261,173,173.66666666666666
2026-08-28 21:50:00,01F0880S,01F0928S,31,172,170,01F0880S>01F0928S,20260828,262,172,172.33333333333334
2026-08-28 21:55:00,01F0880S,01F0928S,31,180,191,01F0880S>01F0928S,20260828,263,180,174.66666666666666
2026-08-28 22:00:00,01F0880S,01F0928S,31,179,197,01F0880S>01F0928S,20260828,264,179,174.66666666666666
2026-08-28 22:05:00,01F0880S,01F0928S,31,174,162,01F0880S>01F0928S,20260828,265,174,172.66666666666666
2026-08-28 22:10:00,01F0880S,01F0928S,31,178,188,01F0880S>01F0928S,20260828,266,178,172.33333333333334
2026-08-28 22:15:00,01F0880S,01F0928S,31,175,157,01F0880S>01F0928S,20260828,267,175,169.66666666666666
2026-08-28 22:20:00,01F0880S,01F0928S,31,178,188,01F0880S>01F0928S,20260828,268,178,173.33333333333334
2026-08-28 22:25:00,01F0880S,01F0928S,31,172,169,01F0880S>01F0928S,20260828,269,172,170.33333333333334
2026-08-28 22:30:00,01F0880S,01F0928S,31,173,187,01F0880S>01F0928S,20260828,270,173,167.66666666666666
2026-08-28 22:35:00,01F0880S,01F0928S,31,173,163,01F0880S>01F0928S,20260828,271,173,171.33333333333334
2026-08-28 22:40:00,01F0880S,01F0928S,31,169,145,01F0880S>01F0928S,20260828,272,169,167.0
2026-08-28 22:45:00,01F0880S,01F0928S,31,169,173,01F0880S>01F0928S,20260828,273,169,167.33333333333334
2026-08-28 22:50:00,01F0880S,01F0928S,31,171,146,01F0880S>01F0928S,20260828,274,171,169.66666666666666
2026-08-28 22:55:00,01F0880S,01F0928S,31,167,136,01F0880S>01F0928S,20260828,275,167,167.33333333333334
2026-08-28 23:00:00,01F0880S,01F0928S,31,168,169,01F0880S>01F0928S,20260828,276,168,168.0
2026-08-28 23:05:00,01F0880S,01F0928S,31,164,125,01F0880S>01F0928S,20260828,277,164,166.33333333333334
2026-08-28 23:10:00,01F0880S,01F0928S,31,166,128,01F0880S>01F0928S,20260828,278,166,167.33333333333334
2026-08-28 23:15:00,01F0880S,01F0928S,31,168,114,01F0880S>01F0928S,20260828,279,168,165.33333333333334
2026-08-28 23:20:00,01F0880S,01F0928S,31,166,130,01F0880S>01F0928S,20260828,280,166,165.33333333333334
2026-08-28 23:25:00,01F0880S,01F0928S,31,163,106,01F0880S>01F0928S,20260828,281,163,163.0
2026-08-28 23:30:00,01F0880S,01F0928S,31,167,102,01F0880S>01F0928S,20260828,282,167,166.66666666666666
2026-08-28 23:35:00,01F0880S,01F0928S,31,166,111,01F0880S>01F0928S,20260828,283,166,164.33333333333334
2026-08-28 23:40:00,01F0880S,01F0928S,31,167,90,01F0880S>01F0928S,20260828,284,167,167.33333333333334
2026-08-28 23:45:00,01F0880S,01F0928S,31,168,95,01F0880S>01F0928S,20260828,285,168,165.33333333333334
2026-08-28 23:50:00,01F0880S,01F0928S,31,162,98,01F0880S>01F0928S,20260828,286,162,162.66666666666666
2026-08-28 23:55:00,01F0880S,01F0928S,31,163,109,01F0880S>01F0928S,20260828,287,163,162.0
2026-08-31 00:00:00,01F0880S,01F0928S,31,165,68,01F0880S>01F0928S,20260831,0,165,163.33333333333334
2026-08-31 00:05:00,01F0880S,01F0928S,31,168,78,01F0880S>01F0928S,20260831,1,168,166.33333333333334
2026-08-31 00:10:00,01F0880S,01F0928S,31,165,80,01F0880S>01F0928S,20260831,2,165,166.0
2026-08-31 00:15:00,01F0880S,01F0928S,31,162,78,01F0880S>01F0928S,20260831,3,162,162.66666666666666
2026-08-31 00:20:00,01F0880S,01F0928S,31,161,86,01F0880S>01F0928S,20260831,4,161,163.33333333333334
2026-08-31 00:25:00,01F0880S,01F0928S,31,164,69,01F0880S>01F0928S,20260831,5,164,163.0
2026-08-31 00:30:00,01F0880S,01F0928S,31,163,61,01F0880S>01F0928S,20260831,6,163,162.66666666666666
2026-08-31 00:35:00,01F0880S,01F0928S,31,166,71,01F0880S>01F0928S,20260831,7,166,166.0
2026-08-31 00:40:00,01F0880S,01F0928S,31,162,69,01F0880S>01F0928S,20260831,8,162,162.66666666666666
2026-08-31 00:45:00,01F0880S,01F0928S,31,162,41,01F0880S>01F0928S,20260831,9,162,163.0
2026-08-31 00:50:00,01F0880S,01F0928S,31,163,48,01F0880S>01F0928S,20260831,10,163,161.66666666666666
2026-08-31 00:55:00,01F0880S,01F0928S,31,165,55,01F0880S>01F0928S,20260831,11,165,163.66666666666666
2026-08-31 01:00:00,01F0880S,01F0928S,31,164,39,01F0880S>01F0928S,20260831,12,164,163.33333333333334
2026-08-31 01:05:00,01F0880S,01F0928S,31,162,32,01F0880S>01F0928S,20260831,13,162,165.0
2026-08-31 01:10:00,01F0880S,01F0928S,31,165,38,01F0880S>01F0928S,20260831,14,165,164.66666666666666
2026-08-31 01:15:00,01F0880S,01F0928S,31,163,38,01F0880S>01F0928S,20260831,15,163,164.33333333333334
2026-08-31 01:20:00,01F0880S,01F0928S,31,162,35,01F0880S>01F0928S,20260831,16,162,163.66666666666666
2026-08-31 01:25:00,01F0880S,01F0928S,31,164,37,01F0880S>01F0928S,20260831,17,164,164.66666666666666
2026-08-31 01:30:00,01F0880S,01F0928S,31,164,33,01F0880S>01F0928S,20260831,18,164,162.33333333333334
2026-08-31 01:35:00,01F0880S,01F0928S,31,166,33,01F0880S>01F0928S,20260831,19,166,164.66666666666666
2026-08-31 01:40:00,01F0880S,01F0928S,31,158,29,01F0880S>01F0928S,20260831,20,158,162.33333333333334
2026-08-31 01:45:00,01F0880S,01F0928S,31,169,21,01F0880S>01F0928S,20260831,21,169,163.66666666666666
2026-08-31 01:50:00,01F0880S,01F0928S,31,164,29,01F0880S>01F0928S,20260831,22,164,164.0
2026-08-31 01:55:00,01F0880S,01F0928S,31,168,35,01F0880S>01F0928S,20260831,23,168,167.33333333333334
2026-08-31 02:00:00,01F0880S,01F0928S,31,163,18,01F0880S>01F0928S,20260831,24,163,162.33333333333334
2026-08-31 02:05:00,01F0880S,01F0928S,31,169,35,01F0880S>01F0928S,20260831,25,169,165.33333333333334
2026-08-31 02:10:00,01F0880S,01F0928S,31,164,17,01F0880S>01F0928S,20260831,26,164,161.33333333333334
2026-08-31 02:15:00,01F0880S,01F0928S,31,173,20,01F0880S>01F0928S,20260831,27,173,167.33333333333334
2026-08-31 02:20:00,01F0880S,01F0928S,31,166,17,01F0880S>01F0928S,20260831,28,166,163.33333333333334
2026-08-31 02:25:00,01F0880S,01F0928S,31,165,23,01F0880S>01F0928S,20260831,29,165,168.66666666666666
2026-08-31 02:30:00,01F0880S,01F0928S,31,177,18,01F0880S>01F0928S,20260831,30,177,168.0
2026-08-31 02:35:00,01F0880S,01F0928S,31,164,23,01F0880S>01F0928S,20260831,31,164,163.0
2026-08-31 02:40:00,01F0880S,01F0928S,31,163,20,01F0880S>01F0928S,20260831,32,163,163.0
2026-08-31 02:45:00,01F0880S,01F0928S,31,169,7,01F0880S>01F0928S,20260831,33,169,164.66666666666666
2026-08-31 02:50:00,01F0880S,01F0928S,31,165,19,01F0880S>01F0928S,20260831,34,165,164.66666666666666
2026-08-31 02:55:00,01F0880S,01F0928S,31,158,18,01F0880S>01F0928S,20260831,35,158,162.0
2026-08-31 03:00:00,01F0880S,01F0928S,31,166,22,01F0880S>01F0928S,20260831,36,166,165.33333333333334
2026-08-31 03:05:00,01F0880S,01F0928S,31,163,14,01F0880S>01F0928S,20260831,37,163,167.33333333333334
2026-08-31 03:10:00,01F0880S,01F0928S,31,166,14,01F0880S>01F0928S,20260831,38,166,163.0
2026-08-31 03:15:00,01F0880S,01F0928S,31,171,14,01F0880S>01F0928S,20260831,39,171,169.66666666666666
2026-08-31 03:20:00,01F0880S,01F0928S,31,171,20,01F0880S>01F0928S,20260831,40,171,167.0
2026-08-31 03:25:00,01F0880S,01F0928S,31,171,13,01F0880S>01F0928S,20260831,41,171,163.66666666666666
2026-08-31 03:30:00,01F0880S,01F0928S,31,158,20,01F0880S>01F0928S,20260831,42,158,164.0
2026-08-31 03:35:00,01F0880S,01F0928S,31,167,13,01F0880S>01F0928S,20260831,43,167,169.33333333333334
2026-08-31 03:40:00,01F0880S,01F0928S,31,164,17,01F0880S>01F0928S,20260831,44,164,165.66666666666666
2026-08-31 03:45:00,01F0880S,01F0928S,31,165,11,01F0880S>01F0928S,20260831,45,165,168.0
2026-08-31 03:50:00,01F0880S,01F0928S,31,163,21,01F0880S>01F0928S,20260831,46,163,166.66666666666666
2026-08-31 03:55:00,01F0880S,01F0928S,31,160,7,01F0880S>01F0928S,20260831,47,160,163.0
2026-08-31 04:00:00,01F0880S,01F0928S,31,164,18,01F0880S>01F0928S,20260831,48,164,167.0
2026-08-31 04:05:00,01F0880S,01F0928S,31,161,20,01F0880S>01F0928S,20260831,49,161,166.0
2026-08-31 04:10:00,01F0880S,01F0928S,31,171,14,01F0880S>01F0928S,20260831,50,171,168.33333333333334
2026-08-31 04:15:00,01F0880S,01F0928S,31,175,19,01F0880S>01F0928S,20260831,51,175,168.0
2026-08-31 04:20:00,01F0880S,01F0928S,31,159,28,01F0880S>01F0928S,20260831,52,159,163.0
2026-08-31 04:25:00,01F0880S,01F0928S,31,166,29,01F0880S>01F0928S,20260831,53,166,168.0
2026-08-31 04:30:00,01F0880S,01F0928S,31,168,16,01F0880S>01F0928S,20260831,54,168,163.33333333333334
2026-08-31 04:35:00,01F0880S,01F0928S,31,168,20,01F0880S>01F0928S,20260831,55,168,165.66666666666666
2026-08-31 04:40:00,01F0880S,01F0928S,31,162,24,01F0880S>01F0928S,20260831,56,162,167.0
2026-08-31 04:45:00,01F0880S,01F0928S,31,163,29,01F0880S>01F0928S,20260831,57,163,166.33333333333334
2026-08-31 04:50:00,01F0880S,01F0928S,31,166,38,01F0880S>01F0928S,20260831,58,166,169.0
2026-08-31 04:55:00,01F0880S,01F0928S,31,166,32,01F0880S>01F0928S,20260831,59,166,165.33333333333334
2026-08-31 05:00:00,01F0880S,01F0928S,31,162,35,01F0880S>01F0928S,20260831,60,162,166.0
2026-08-31 05:05:00,01F0880S,01F0928S,31,170,37,01F0880S>01F0928S,20260831,61,170,168.66666666666666
2026-08-31 05:10:00,01F0880S,01F0928S,31,164,42,01F0880S>01F0928S,20260831,62,164,164.33333333333334
2026-08-31 05:15:00,01F0880S,01F0928S,31,168,46,01F0880S>01F0928S,20260831,63,168,167.0
2026-08-31 05:20:00,01F0880S,01F0928S,31,163,54,01F0880S>01F0928S,20260831,64,163,166.0
2026-08-31 05:25:00,01F0880S,01F0928S,31,165,49,01F0880S>01F0928S,20260831,65,165,165.0
2026-08-31 05:30:00,01F0880S,01F0928S,31,161,60,01F0880S>01F0928S,20260831,66,161,164.0
2026-08-31 05:35:00,01F0880S,01F0928S,31,165,79,01F0880S>01F0928S,20260831,67,165,165.33333333333334
2026-08-31 05:40:00,01F0880S,01F0928S,31,163,69,01F0880S>01F0928S,20260831,68,163,164.33333333333334
2026-08-31 05:45:00,01F0880S,01F0928S,31,171,90,01F0880S>01F0928S,20260831,69,171,168.0
2026-08-31 05:50:00,01F0880S,01F0928S,31,162,90,01F0880S>01F0928S,20260831,70,162,164.33333333333334
2026-08-31 05:55:00,01F0880S,01F0928S,31,166,73,01F0880S>01F0928S,20260831,71,166,167.0
2026-08-31 06:00:00,01F0880S,01F0928S,31,165,112,01F0880S>01F0928S,20260831,72,165,165.66666666666666
2026-08-31 06:05:00,01F0880S,01F0928S,31,168,132,01F0880S>01F0928S,20260831,73,168,168.0
2026-08-31 06:10:00,01F0880S,01F0928S,31,165,128,01F0880S>01F0928S,20260831,74,165,166.66666666666666
2026-08-31 06:15:00,01F0880S,01F0928S,31,174,151,01F0880S>01F0928S,20260831,75,174,172.66666666666666
2026-08-31 06:20:00,01F0880S,01F0928S,31,176,174,01F0880S>01F0928S,20260831,76,176,174.0
2026-08-31 06:25:00,01F0880S,01F0928S,31,183,212,01F0880S>01F0928S,20260831,77,183,179.33333333333334
2026-08-31 06:30:00,01F0880S,01F0928S,31,184,200,01F0880S>01F0928S,20260831,78,184,188.0
2026-08-31 06:35:00,01F0880S,01F0928S,31,187,232,01F0880S>01F0928S,20260831,79,187,186.33333333333334
2026-08-31 06:40:00,01F0880S,01F0928S,31,195,229,01F0880S>01F0928S,20260831,80,195,198.0
2026-08-31 06:45:00,01F0880S,01F0928S,31,217,284,01F0880S>01F0928S,20260831,81,217,216.33333333333334
2026-08-31 06:50:00,01F0880S,01F0928S,31,210,262,01F0880S>01F0928S,20260831,82,210,219.66666666666666
2026-08-31 06:55:00,01F0880S,01F0928S,31,220,293,01F0880S>01F0928S,20260831,83,220,224.66666666666666
2026-08-31 07:00:00,01F0880S,01F0928S,31,238,278,01F0880S>01F0928S,20260831,84,238,235.66666666666666
2026-08-31 07:05:00,01F0880S,01F0928S,31,249,263,01F0880S>01F0928S,20260831,85,249,249.33333333333334
2026-08-31 07:10:00,01F0880S,01F0928S,31,282,277,01F0880S>01F0928S,20260831,86,282,266.6666666666667
2026-08-31 07:15:00,01F0880S,01F0928S,31,303,283,01F0880S>01F0928S,20260831,87,303,281.6666666666667
2026-08-31 07:20:00,01F0880S,01F0928S,31,320,269,01F0880S>01F0928S,20260831,88,320,303.6666666666667
2026-08-31 07:25:00,01F0880S,01F0928S,31,322,280,01F0880S>01F0928S,20260831,89,322,310.6666666666667
2026-08-31 07:30:00,01F0880S,01F0928S,31,290,288,01F0880S>01F0928S,20260831,90,290,295.3333333333333
2026-08-31 07:35:00,01F0880S,01F0928S,31,264,274,01F0880S>01F0928S,20260831,91,264,289.3333333333333
2026-08-31 07:40:00,01F0880S,01F0928S,31,290,259,01F0880S>01F0928S,20260831,92,290,305.6666666666667
2026-08-31 07:45:00,01F0880S,01F0928S,31,292,275,01F0880S>01F0928S,20260831,93,292,299.6666666666667
2026-08-31 07:50:00,01F0880S,01F0928S,31,283,293,01F0880S>01F0928S,20260831,94,283,287.6666666666667
2026-08-31 07:55:00,01F0880S,01F0928S,31,263,258,01F0880S>01F0928S,20260831,95,263,280.0
2026-08-31 08:00:00,01F0880S,01F0928S,31,253,267,01F0880S>01F0928S,20260831,96,253,274.3333333333333
2026-08-31 08:05:00,01F0880S,01F0928S,31,209,266,01F0880S>01F0928S,20260831,97,209,257.3333333333333
2026-08-31 08:10:00,01F0880S,01F0928S,31,202,210,01F0880S>01F0928S,20260831,98,202,240.0
2026-08-31 08:15:00,01F0880S,01F0928S,31,223,249,01F0880S>01F0928S,20260831,99,223,245.0
2026-08-31 08:20:00,01F0880S,01F0928S,31,226,233,01F0880S>01F0928S,20260831,100,226,233.66666666666666
2026-08-31 08:25:00,01F0880S,01F0928S,31,228,238,01F0880S>01F0928S,20260831,101,228,231.33333333333334
2026-08-31 08:30:00,01F0880S,01F0928S,31,206,219,01F0880S>01F0928S,20260831,102,206,225.0
2026-08-31 08:35:00,01F0880S,01F0928S,31,196,213,01F0880S>01F0928S,20260831,103,196,216.66666666666666
2026-08-31 08:40:00,01F0880S,01F0928S,31,201,203,01F0880S>01F0928S,20260831,104,201,219.0
2026-08-31 08:45:00,01F0880S,01F0928S,31,189,184,01F0880S>01F0928S,20260831,105,189,217.33333333333334
2026-08-31 08:50:00,01F0880S,01F0928S,31,194,192,01F0880S>01F0928S,20260831,106,194,218.66666666666666
2026-08-31 08:55:00,01F0880S,01F0928S,31,189,185,01F0880S>01F0928S,20260831,107,189,216.0
2026-08-31 09:00:00,01F0880S,01F0928S,31,202,206,01F0880S>01F0928S,20260831,108,202,216.0
2026-08-31 09:05:00,01F0880S,01F0928S,31,242,213,01F0880S>01F0928S,20260831,109,242,230.66666666666666
2026-08-31 09:10:00,01F0880S,01F0928S,31,246,216,01F0880S>01F0928S,20260831,110,246,231.66666666666666
2026-08-31 09:15:00,01F0880S,01F0928S,31,251,218,01F0880S>01F0928S,20260831,111,251,233.33333333333334
2026-08-31 09:20:00,01F0880S,01F0928S,31,255,232,01F0880S>01F0928S,20260831,112,255,242.33333333333334
2026-08-31 09:25:00,01F0880S,01F0928S,31,270,213,01F0880S>01F0928S,20260831,113,270,247.66666666666666
2026-08-31 09:30:00,01F0880S,01F0928S,31,262,234,01F0880S>01F0928S,20260831,114,262,243.33333333333334
2026-08-31 09:35:00,01F0880S,01F0928S,31,271,209,01F0880S>01F0928S,20260831,115,271,253.33333333333334
2026-08-31 09:40:00,01F0880S,01F0928S,31,281,201,01F0880S>01F0928S,20260831,116,281,262.0
2026-08-31 09:45:00,01F0880S,01F0928S,31,297,190,01F0880S>01F0928S,20260831,117,297,259.0
2026-08-31 09:50:00,01F0880S,01F0928S,31,295,206,01F0880S>01F0928S,20260831,118,295,255.33333333333334
2026-08-31 09:55:00,01F0880S,01F0928S,31,289,200,01F0880S>01F0928S,20260831,119,289,253.0
2026-08-31 10:00:00,01F0880S,01F0928S,31,275,217,01F0880S>01F0928S,20260831,120,275,252.0
2026-08-31 10:05:00,01F0880S,01F0928S,31,278,184,01F0880S>01F0928S,20260831,121,278,255.0
2026-08-31 10:10:00,01F0880S,01F0928S,31,279,168,01F0880S>01F0928S,20260831,122,279,268.0
2026-08-31 10:15:00,01F0880S,01F0928S,31,258,165,01F0880S>01F0928S,20260831,123,258,290.6666666666667
2026-08-31 10:20:00,01F0880S,01F0928S,31,268,169,01F0880S>01F0928S,20260831,124,268,327.3333333333333
2026-08-31 10:25:00,01F0880S,01F0928S,31,242,163,01F0880S>01F0928S,20260831,125,242,352.6666666666667
2026-08-31 10:30:00,01F0880S,01F0928S,31,242,170,01F0880S>01F0928S,20260831,126,242,381.3333333333333
2026-08-31 10:35:00,01F0880S,01F0928S,31,240,161,01F0880S>01F0928S,20260831,127,240,400.6666666666667
2026-08-31 10:40:00,01F0880S,01F0928S,31,246,155,01F0880S>01F0928S,20260831,128,246,394.3333333333333
2026-08-31 10:45:00,01F0880S,01F0928S,31,259,158,01F0880S>01F0928S,20260831,129,259,397.3333333333333
2026-08-31 10:50:00,01F0880S,01F0928S,31,241,158,01F0880S>01F0928S,20260831,130,241,384.3333333333333
2026-08-31 10:55:00,01F0880S,01F0928S,31,238,153,01F0880S>01F0928S,20260831,131,238,331.3333333333333
2026-08-31 11:00:00,01F0880S,01F0928S,31,238,152,01F0880S>01F0928S,20260831,132,238,277.0
2026-08-31 11:05:00,01F0880S,01F0928S,31,244,158,01F0880S>01F0928S,20260831,133,244,269.3333333333333
2026-08-31 11:10:00,01F0880S,01F0928S,31,242,157,01F0880S>01F0928S,20260831,134,242,254.66666666666666
2026-08-31 11:15:00,01F0880S,01F0928S,31,244,179,01F0880S>01F0928S,20260831,135,244,252.33333333333334
2026-08-31 11:20:00,01F0880S,01F0928S,31,245,172,01F0880S>01F0928S,20260831,136,245,247.66666666666666
2026-08-31 11:25:00,01F0880S,01F0928S,31,241,162,01F0880S>01F0928S,20260831,137,241,245.33333333333334
2026-08-31 11:30:00,01F0880S,01F0928S,31,235,163,01F0880S>01F0928S,20260831,138,235,232.33333333333334
2026-08-31 11:35:00,01F0880S,01F0928S,31,222,156,01F0880S>01F0928S,20260831,139,222,223.0
2026-08-31 11:40:00,01F0880S,01F0928S,31,220,155,01F0880S>01F0928S,20260831,140,220,220.0
2026-08-31 11:45:00,01F0880S,01F0928S,31,187,178,01F0880S>01F0928S,20260831,141,187,287.3333333333333
2026-08-31 11:50:00,01F0880S,01F0928S,31,186,186,01F0880S>01F0928S,20260831,142,186,272.3333333333333
2026-08-31 11:55:00,01F0880S,01F0928S,31,179,156,01F0880S>01F0928S,20260831,143,179,206.66666666666666
2026-08-31 12:00:00,01F0880S,01F0928S,31,186,164,01F0880S>01F0928S,20260831,144,186,215.66666666666666
2026-08-31 12:05:00,01F0880S,01F0928S,31,178,150,01F0880S>01F0928S,20260831,145,178,207.0
2026-08-31 12:10:00,01F0880S,01F0928S,31,178,149,01F0880S>01F0928S,20260831,146,178,199.66666666666666
2026-08-31 12:15:00,01F0880S,01F0928S,31,177,162,01F0880S>01F0928S,20260831,147,177,215.0
2026-08-31 12:20:00,01F0880S,01F0928S,31,181,160,01F0880S>01F0928S,20260831,148,181,212.66666666666666
2026-08-31 12:25:00,01F0880S,01F0928S,31,186,183,01F0880S>01F0928S,20260831,149,186,216.66666666666666
2026-08-31 12:30:00,01F0880S,01F0928S,31,181,153,01F0880S>01F0928S,20260831,150,181,214.0
2026-08-31 12:35:00,01F0880S,01F0928S,31,181,191,01F0880S>01F0928S,20260831,151,181,198.0
2026-08-31 12:40:00,01F0880S,01F0928S,31,185,186,01F0880S>01F0928S,20260831,152,185,195.66666666666666
2026-08-31 12:45:00,01F0880S,01F0928S,31,181,151,01F0880S>01F0928S,20260831,153,181,202.33333333333334
2026-08-31 12:50:00,01F0880S,01F0928S,31,180,182,01F0880S>01F0928S,20260831,154,180,193.0
2026-08-31 12:55:00,01F0880S,01F0928S,31,178,167,01F0880S>01F0928S,20260831,155,178,180.66666666666666
2026-08-31 13:00:00,01F0880S,01F0928S,31,187,168,01F0880S>01F0928S,20260831,156,187,180.33333333333334
2026-08-31 13:05:00,01F0880S,01F0928S,31,174,145,01F0880S>01F0928S,20260831,157,174,176.66666666666666
2026-08-31 13:10:00,01F0880S,01F0928S,31,187,185,01F0880S>01F0928S,20260831,158,187,184.0
2026-08-31 13:15:00,01F0880S,01F0928S,31,185,141,01F0880S>01F0928S,20260831,159,185,178.0
2026-08-31 13:20:00,01F0880S,01F0928S,31,217,156,01F0880S>01F0928S,20260831,160,217,192.66666666666666
2026-08-31 13:25:00,01F0880S,01F0928S,31,234,177,01F0880S>01F0928S,20260831,161,234,199.33333333333334
2026-08-31 13:30:00,01F0880S,01F0928S,31,227,155,01F0880S>01F0928S,20260831,162,227,197.33333333333334
2026-08-31 13:35:00,01F0880S,01F0928S,31,217,178,01F0880S>01F0928S,20260831,163,217,191.66666666666666
2026-08-31 13:40:00,01F0880S,01F0928S,31,183,164,01F0880S>01F0928S,20260831,164,183,186.33333333333334
2026-08-31 13:45:00,01F0880S,01F0928S,31,187,188,01F0880S>01F0928S,20260831,165,187,192.0
2026-08-31 13:50:00,01F0880S,01F0928S,31,184,144,01F0880S>01F0928S,20260831,166,184,196.33333333333334
2026-08-31 13:55:00,01F0880S,01F0928S,31,190,172,01F0880S>01F0928S,20260831,167,190,209.66666666666666
2026-08-31 14:00:00,01F0880S,01F0928S,31,180,148,01F0880S>01F0928S,20260831,168,180,214.0
2026-08-31 14:05:00,01F0880S,01F0928S,31,178,135,01F0880S>01F0928S,20260831,169,178,226.0
2026-08-31 14:10:00,01F0880S,01F0928S,31,186,178,01F0880S>01F0928S,20260831,170,186,238.66666666666666
2026-08-31 14:15:00,01F0880S,01F0928S,31,180,133,01F0880S>01F0928S,20260831,171,180,246.0
2026-08-31 14:20:00,01F0880S,01F0928S,31,182,173,01F0880S>01F0928S,20260831,172,182,253.66666666666666
2026-08-31 14:25:00,01F0880S,01F0928S,31,183,141,01F0880S>01F0928S,20260831,173,183,262.0
2026-08-31 14:30:00,01F0880S,01F0928S,31,187,163,01F0880S>01F0928S,20260831,174,187,266.3333333333333
2026-08-31 14:35:00,01F0880S,01F0928S,31,177,156,01F0880S>01F0928S,20260831,175,177,252.66666666666666
2026-08-31 14:40:00,01F0880S,01F0928S,31,185,196,01F0880S>01F0928S,20260831,176,185,250.0
2026-08-31 14:45:00,01F0880S,01F0928S,31,182,161,01F0880S>01F0928S,20260831,177,182,238.0
2026-08-31 14:50:00,01F0880S,01F0928S,31,188,183,01F0880S>01F0928S,20260831,178,188,220.66666666666666
2026-08-31 14:55:00,01F0880S,01F0928S,31,179,176,01F0880S>01F0928S,20260831,179,179,192.66666666666666
2026-08-31 15:00:00,01F0880S,01F0928S,31,185,167,01F0880S>01F0928S,20260831,180,185,185.0
2026-08-31 15:05:00,01F0880S,01F0928S,31,187,192,01F0880S>01F0928S,20260831,181,187,184.66666666666666
2026-08-31 15:10:00,01F0880S,01F0928S,31,188,174,01F0880S>01F0928S,20260831,182,188,186.66666666666666
2026-08-31 15:15:00,01F0880S,01F0928S,31,191,191,01F0880S>01F0928S,20260831,183,191,185.33333333333334
2026-08-31 15:20:00,01F0880S,01F0928S,31,182,180,01F0880S>01F0928S,20260831,184,182,185.33333333333334
2026-08-31 15:25:00,01F0880S,01F0928S,31,186,180,01F0880S>01F0928S,20260831,185,186,186.33333333333334
2026-08-31 15:30:00,01F0880S,01F0928S,31,190,148,01F0880S>01F0928S,20260831,186,190,195.66666666666666
2026-08-31 15:35:00,01F0880S,01F0928S,31,196,181,01F0880S>01F0928S,20260831,187,196,201.0
2026-08-31 15:40:00,01F0880S,01F0928S,31,189,186,01F0880S>01F0928S,20260831,188,189,198.66666666666666
2026-08-31 15:45:00,01F0880S,01F0928S,31,186,177,01F0880S>01F0928S,20260831,189,186,198.33333333333334
2026-08-31 15:50:00,01F0880S,01F0928S,31,186,188,01F0880S>01F0928S,20260831,190,186,200.66666666666666
2026-08-31 15:55:00,01F0880S,01F0928S,31,192,206,01F0880S>01F0928S,20260831,191,192,209.0
2026-08-31 16:00:00,01F0880S,01F0928S,31,185,174,01F0880S>01F0928S,20260831,192,185,207.33333333333334
2026-08-31 16:05:00,01F0880S,01F0928S,31,192,171,01F0880S>01F0928S,20260831,193,192,218.0
2026-08-31 16:10:00,01F0880S,01F0928S,31,204,195,01F0880S>01F0928S,20260831,194,204,220.33333333333334
2026-08-31 16:15:00,01F0880S,01F0928S,31,233,195,01F0880S>01F0928S,20260831,195,233,234.0
2026-08-31 16:20:00,01F0880S,01F0928S,31,228,184,01F0880S>01F0928S,20260831,196,228,227.66666666666666
2026-08-31 16:25:00,01F0880S,01F0928S,31,256,184,01F0880S>01F0928S,20260831,197,256,235.66666666666666
2026-08-31 16:30:00,01F0880S,01F0928S,31,251,182,01F0880S>01F0928S,20260831,198,251,233.33333333333334
2026-08-31 16:35:00,01F0880S,01F0928S,31,255,186,01F0880S>01F0928S,20260831,199,255,224.33333333333334
2026-08-31 16:40:00,01F0880S,01F0928S,31,254,182,01F0880S>01F0928S,20260831,200,254,233.0
2026-08-31 16:45:00,01F0880S,01F0928S,31,264,212,01F0880S>01F0928S,20260831,201,264,246.66666666666666
2026-08-31 16:50:00,01F0880S,01F0928S,31,279,227,01F0880S>01F0928S,20260831,202,279,261.6666666666667
2026-08-31 16:55:00,01F0880S,01F0928S,31,290,233,01F0880S>01F0928S,20260831,203,290,266.3333333333333
2026-08-31 17:00:00,01F0880S,01F0928S,31,261,236,01F0880S>01F0928S,20260831,204,261,267.6666666666667
2026-08-31 17:05:00,01F0880S,01F0928S,31,216,215,01F0880S>01F0928S,20260831,205,216,256.3333333333333
2026-08-31 17:10:00,01F0880S,01F0928S,31,192,192,01F0880S>01F0928S,20260831,206,192,245.0
2026-08-31 17:15:00,01F0880S,01F0928S,31,192,189,01F0880S>01F0928S,20260831,207,192,268.6666666666667
2026-08-31 17:20:00,01F0880S,01F0928S,31,195,181,01F0880S>01F0928S,20260831,208,195,302.0
2026-08-31 17:25:00,01F0880S,01F0928S,31,191,179,01F0880S>01F0928S,20260831,209,191,323.0
2026-08-31 17:30:00,01F0880S,01F0928S,31,219,200,01F0880S>01F0928S,20260831,210,219,353.0
2026-08-31 17:35:00,01F0880S,01F0928S,31,249,223,01F0880S>01F0928S,20260831,211,249,373.3333333333333
2026-08-31 17:40:00,01F0880S,01F0928S,31,269,241,01F0880S>01F0928S,20260831,212,269,369.3333333333333
2026-08-31 17:45:00,01F0880S,01F0928S,31,263,242,01F0880S>01F0928S,20260831,213,263,344.6666666666667
2026-08-31 17:50:00,01F0880S,01F0928S,31,266,214,01F0880S>01F0928S,20260831,214,266,308.3333333333333
2026-08-31 17:55:00,01F0880S,01F0928S,31,270,213,01F0880S>01F0928S,20260831,215,270,297.0
2026-08-31 18:00:00,01F0880S,01F0928S,31,253,245,01F0880S>01F0928S,20260831,216,253,294.0
2026-08-31 18:05:00,01F0880S,01F0928S,31,214,194,01F0880S>01F0928S,20260831,217,214,285.6666666666667
2026-08-31 18:10:00,01F0880S,01F0928S,31,206,208,01F0880S>01F0928S,20260831,218,206,290.6666666666667
2026-08-31 18:15:00,01F0880S,01F0928S,31,220,185,01F0880S>01F0928S,20260831,219,220,280.3333333333333
2026-08-31 18:20:00,01F0880S,01F0928S,31,219,217,01F0880S>01F0928S,20260831,220,219,281.6666666666667
2026-08-31 18:25:00,01F0880S,01F0928S,31,216,170,01F0880S>01F0928S,20260831,221,216,281.0
2026-08-31 18:30:00,01F0880S,01F0928S,31,249,182,01F0880S>01F0928S,20260831,222,249,282.0
2026-08-31 18:35:00,01F0880S,01F0928S,31,218,216,01F0880S>01F0928S,20260831,223,218,263.0
2026-08-31 18:40:00,01F0880S,01F0928S,31,195,159,01F0880S>01F0928S,20260831,224,195,241.66666666666666
2026-08-31 18:45:00,01F0880S,01F0928S,31,214,231,01F0880S>01F0928S,20260831,225,214,239.66666666666666
2026-08-31 18:50:00,01F0880S,01F0928S,31,223,191,01F0880S>01F0928S,20260831,226,223,240.0
2026-08-31 18:55:00,01F0880S,01F0928S,31,204,171,01F0880S>01F0928S,20260831,227,204,233.33333333333334
2026-08-31 19:00:00,01F0880S,01F0928S,31,184,175,01F0880S>01F0928S,20260831,228,184,213.33333333333334
2026-08-31 19:05:00,01F0880S,01F0928S,31,188,159,01F0880S>01F0928S,20260831,229,188,195.33333333333334
2026-08-31 19:10:00,01F0880S,01F0928S,31,202,159,01F0880S>01F0928S,20260831,230,202,198.66666666666666
2026-08-31 19:15:00,01F0880S,01F0928S,31,178,193,01F0880S>01F0928S,20260831,231,178,186.0
2026-08-31 19:20:00,01F0880S,01F0928S,31,183,141,01F0880S>01F0928S,20260831,232,183,186.66666666666666
2026-08-31 19:25:00,01F0880S,01F0928S,31,177,145,01F0880S>01F0928S,20260831,233,177,184.66666666666666
2026-08-31 19:30:00,01F0880S,01F0928S,31,174,158,01F0880S>01F0928S,20260831,234,174,187.66666666666666
2026-08-31 19:35:00,01F0880S,01F0928S,31,182,151,01F0880S>01F0928S,20260831,235,182,186.33333333333334
2026-08-31 19:40:00,01F0880S,01F0928S,31,175,138,01F0880S>01F0928S,20260831,236,175,183.0
2026-08-31 19:45:00,01F0880S,01F0928S,31,181,171,01F0880S>01F0928S,20260831,237,181,179.0
2026-08-31 19:50:00,01F0880S,01F0928S,31,182,167,01F0880S>01F0928S,20260831,238,182,195.0
2026-08-31 19:55:00,01F0880S,01F0928S,31,179,157,01F0880S>01F0928S,20260831,239,179,190.33333333333334
2026-08-31 20:00:00,01F0880S,01F0928S,31,178,156,01F0880S>01F0928S,20260831,240,178,183.66666666666666
2026-08-31 20:05:00,01F0880S,01F0928S,31,176,151,01F0880S>01F0928S,20260831,241,176,192.66666666666666
2026-08-31 20:10:00,01F0880S,01F0928S,31,174,140,01F0880S>01F0928S,20260831,242,174,191.33333333333334
2026-08-31 20:15:00,01F0880S,01F0928S,31,174,141,01F0880S>01F0928S,20260831,243,174,190.0
2026-08-31 20:20:00,01F0880S,01F0928S,31,179,152,01F0880S>01F0928S,20260831,244,179,183.66666666666666
2026-08-31 20:25:00,01F0880S,01F0928S,31,178,121,01F0880S>01F0928S,20260831,245,178,184.33333333333334
2026-08-31 20:30:00,01F0880S,01F0928S,31,175,145,01F0880S>01F0928S,20260831,246,175,179.33333333333334
2026-08-31 20:35:00,01F0880S,01F0928S,31,173,105,01F0880S>01F0928S,20260831,247,173,174.33333333333334
2026-08-31 20:40:00,01F0880S,01F0928S,31,176,134,01F0880S>01F0928S,20260831,248,176,175.0
2026-08-31 20:45:00,01F0880S,01F0928S,31,174,116,01F0880S>01F0928S,20260831,249,174,175.33333333333334
2026-08-31 20:50:00,01F0880S,01F0928S,31,184,115,01F0880S>01F0928S,20260831,250,184,179.0
2026-08-31 20:55:00,01F0880S,01F0928S,31,181,128,01F0880S>01F0928S,20260831,251,181,200.0
2026-08-31 21:00:00,01F0880S,01F0928S,31,181,119,01F0880S>01F0928S,20260831,252,181,200.0
2026-08-31 21:05:00,01F0880S,01F0928S,31,189,102,01F0880S>01F0928S,20260831,253,189,198.66666666666666
2026-08-31 21:10:00,01F0880S,01F0928S,31,198,118,01F0880S>01F0928S,20260831,254,198,193.66666666666666
2026-08-31 21:15:00,01F0880S,01F0928S,31,190,128,01F0880S>01F0928S,20260831,255,190,180.33333333333334
2026-08-31 21:20:00,01F0880S,01F0928S,31,182,122,01F0880S>01F0928S,20260831,256,182,177.33333333333334
2026-08-31 21:25:00,01F0880S,01F0928S,31,173,91,01F0880S>01F0928S,20260831,257,173,174.0
2026-08-31 21:30:00,01F0880S,01F0928S,31,181,96,01F0880S>01F0928S,20260831,258,181,177.33333333333334
2026-08-31 21:35:00,01F0880S,01F0928S,31,188,120,01F0880S>01F0928S,20260831,259,188,178.66666666666666
2026-08-31 21:40:00,01F0880S,01F0928S,31,172,95,01F0880S>01F0928S,20260831,260,172,171.66666666666666
2026-08-31 21:45:00,01F0880S,01F0928S,31,180,126,01F0880S>01F0928S,20260831,261,180,173.66666666666666
2026-08-31 21:50:00,01F0880S,01F0928S,31,177,103,01F0880S>01F0928S,20260831,262,177,172.33333333333334
2026-08-31 21:55:00,01F0880S,01F0928S,31,177,90,01F0880S>01F0928S,20260831,263,177,174.66666666666666
2026-08-31 22:00:00,01F0880S,01F0928S,31,175,107,01F0880S>01F0928S,20260831,264,175,174.66666666666666
2026-08-31 22:05:00,01F0880S,01F0928S,31,173,88,01F0880S>01F0928S,20260831,265,173,172.66666666666666
2026-08-31 22:10:00,01F0880S,01F0928S,31,169,97,01F0880S>01F0928S,20260831,266,169,172.33333333333334
2026-08-31 22:15:00,01F0880S,01F0928S,31,168,84,01F0880S>01F0928S,20260831,267,168,169.66666666666666
2026-08-31 22:20:00,01F0880S,01F0928S,31,167,79,01F0880S>01F0928S,20260831,268,167,173.33333333333334
2026-08-31 22:25:00,01F0880S,01F0928S,31,168,94,01F0880S>01F0928S,20260831,269,168,170.33333333333334
2026-08-31 22:30:00,01F0880S,01F0928S,31,163,63,01F0880S>01F0928S,20260831,270,163,167.66666666666666
2026-08-31 22:35:00,01F0880S,01F0928S,31,171,85,01F0880S>01F0928S,20260831,271,171,171.33333333333334
2026-08-31 22:40:00,01F0880S,01F0928S,31,167,80,01F0880S>01F0928S,20260831,272,167,167.0
2026-08-31 22:45:00,01F0880S,01F0928S,31,167,90,01F0880S>01F0928S,20260831,273,167,167.33333333333334
2026-08-31 22:50:00,01F0880S,01F0928S,31,171,71,01F0880S>01F0928S,20260831,274,171,169.66666666666666
2026-08-31 22:55:00,01F0880S,01F0928S,31,170,84,01F0880S>01F0928S,20260831,275,170,167.33333333333334
2026-08-31 23:00:00,01F0880S,01F0928S,31,169,80,01F0880S>01F0928S,20260831,276,169,168.0
2026-08-31 23:05:00,01F0880S,01F0928S,31,167,72,01F0880S>01F0928S,20260831,277,167,166.33333333333334
2026-08-31 23:10:00,01F0880S,01F0928S,31,168,58,01F0880S>01F0928S,20260831,278,168,167.33333333333334
2026-08-31 23:15:00,01F0880S,01F0928S,31,163,75,01F0880S>01F0928S,20260831,279,163,165.33333333333334
2026-08-31 23:20:00,01F0880S,01F0928S,31,166,71,01F0880S>01F0928S,20260831,280,166,165.33333333333334
2026-08-31 23:25:00,01F0880S,01F0928S,31,162,64,01F0880S>01F0928S,20260831,281,162,163.0
2026-08-31 23:30:00,01F0880S,01F0928S,31,168,60,01F0880S>01F0928S,20260831,282,168,166.66666666666666
2026-08-31 23:35:00,01F0880S,01F0928S,31,163,64,01F0880S>01F0928S,20260831,283,163,164.33333333333334
2026-08-31 23:40:00,01F0880S,01F0928S,31,167,69,01F0880S>01F0928S,20260831,284,167,167.33333333333334
2026-08-31 23:45:00,01F0880S,01F0928S,31,167,53,01F0880S>01F0928S,20260831,285,167,165.33333333333334
2026-08-31 23:50:00,01F0880S,01F0928S,31,163,63,01F0880S>01F0928S,20260831,286,163,162.66666666666666
2026-08-31 23:55:00,01F0880S,01F0928S,31,161,52,01F0880S>01F0928S,20260831,287,161,162.0
2026-09-01 00:00:00,01F0880S,01F0928S,31,165,50,01F0880S>01F0928S,20260901,0,165,163.33333333333334
2026-09-01 00:05:00,01F0880S,01F0928S,31,168,48,01F0880S>01F0928S,20260901,1,168,166.33333333333334
2026-09-01 00:10:00,01F0880S,01F0928S,31,163,48,01F0880S>01F0928S,20260901,2,163,166.0
2026-09-01 00:15:00,01F0880S,01F0928S,31,167,44,01F0880S>01F0928S,20260901,3,167,162.66666666666666
2026-09-01 00:20:00,01F0880S,01F0928S,31,166,43,01F0880S>01F0928S,20260901,4,166,163.33333333333334
2026-09-01 00:25:00,01F0880S,01F0928S,31,164,61,01F0880S>01F0928S,20260901,5,164,163.0
2026-09-01 00:30:00,01F0880S,01F0928S,31,165,43,01F0880S>01F0928S,20260901,6,165,162.66666666666666
2026-09-01 00:35:00,01F0880S,01F0928S,31,164,58,01F0880S>01F0928S,20260901,7,164,166.0
2026-09-01 00:40:00,01F0880S,01F0928S,31,164,39,01F0880S>01F0928S,20260901,8,164,162.66666666666666
2026-09-01 00:45:00,01F0880S,01F0928S,31,163,48,01F0880S>01F0928S,20260901,9,163,163.0
2026-09-01 00:50:00,01F0880S,01F0928S,31,165,49,01F0880S>01F0928S,20260901,10,165,161.66666666666666
2026-09-01 00:55:00,01F0880S,01F0928S,31,165,43,01F0880S>01F0928S,20260901,11,165,163.66666666666666
2026-09-01 01:00:00,01F0880S,01F0928S,31,167,30,01F0880S>01F0928S,20260901,12,167,163.33333333333334
2026-09-01 01:05:00,01F0880S,01F0928S,31,162,43,01F0880S>01F0928S,20260901,13,162,165.0
2026-09-01 01:10:00,01F0880S,01F0928S,31,162,29,01F0880S>01F0928S,20260901,14,162,164.66666666666666
2026-09-01 01:15:00,01F0880S,01F0928S,31,164,28,01F0880S>01F0928S,20260901,15,164,164.33333333333334
2026-09-01 01:20:00,01F0880S,01F0928S,31,169,33,01F0880S>01F0928S,20260901,16,169,163.66666666666666
2026-09-01 01:25:00,01F0880S,01F0928S,31,165,23,01F0880S>01F0928S,20260901,17,165,164.66666666666666
2026-09-01 01:30:00,01F0880S,01F0928S,31,167,33,01F0880S>01F0928S,20260901,18,167,162.33333333333334
2026-09-01 01:35:00,01F0880S,01F0928S,31,162,39,01F0880S>01F0928S,20260901,19,162,164.66666666666666
2026-09-01 01:40:00,01F0880S,01F0928S,31,166,25,01F0880S>01F0928S,20260901,20,166,162.33333333333334
2026-09-01 01:45:00,01F0880S,01F0928S,31,169,19,01F0880S>01F0928S,20260901,21,169,163.66666666666666
2026-09-01 01:50:00,01F0880S,01F0928S,31,163,27,01F0880S>01F0928S,20260901,22,163,164.0
2026-09-01 01:55:00,01F0880S,01F0928S,31,164,23,01F0880S>01F0928S,20260901,23,164,167.33333333333334
2026-09-01 02:00:00,01F0880S,01F0928S,31,160,29,01F0880S>01F0928S,20260901,24,160,162.33333333333334
2026-09-01 02:05:00,01F0880S,01F0928S,31,169,28,01F0880S>01F0928S,20260901,25,169,165.33333333333334
2026-09-01 02:10:00,01F0880S,01F0928S,31,162,32,01F0880S>01F0928S,20260901,26,162,161.33333333333334
2026-09-01 02:15:00,01F0880S,01F0928S,31,165,23,01F0880S>01F0928S,20260901,27,165,167.33333333333334
2026-09-01 02:20:00,01F0880S,01F0928S,31,166,15,01F0880S>01F0928S,20260901,28,166,163.33333333333334
2026-09-01 02:25:00,01F0880S,01F0928S,31,160,18,01F0880S>01F0928S,20260901,29,160,168.66666666666666
2026-09-01 02:30:00,01F0880S,01F0928S,31,173,14,01F0880S>01F0928S,20260901,30,173,168.0
2026-09-01 02:35:00,01F0880S,01F0928S,31,171,7,01F0880S>01F0928S,20260901,31,171,163.0
2026-09-01 02:40:00,01F0880S,01F0928S,31,159,15,01F0880S>01F0928S,20260901,32,159,163.0
2026-09-01 02:45:00,01F0880S,01F0928S,31,164,9,01F0880S>01F0928S,20260901,33,164,164.66666666666666
2026-09-01 02:50:00,01F0880S,01F0928S,31,169,16,01F0880S>01F0928S,20260901,34,169,164.66666666666666
2026-09-01 02:55:00,01F0880S,01F0928S,31,161,18,01F0880S>01F0928S,20260901,35,161,162.0
2026-09-01 03:00:00,01F0880S,01F0928S,31,168,10,01F0880S>01F0928S,20260901,36,168,165.33333333333334
2026-09-01 03:05:00,01F0880S,01F0928S,31,165,9,01F0880S>01F0928S,20260901,37,165,167.33333333333334
2026-09-01 03:10:00,01F0880S,01F0928S,31,161,17,01F0880S>01F0928S,20260901,38,161,163.0
2026-09-01 03:15:00,01F0880S,01F0928S,31,173,6,01F0880S>01F0928S,20260901,39,173,169.66666666666666
2026-09-01 03:20:00,01F0880S,01F0928S,31,173,18,01F0880S>01F0928S,20260901,40,173,167.0
2026-09-01 03:25:00,01F0880S,01F0928S,31,159,15,01F0880S>01F0928S,20260901,41,159,163.66666666666666
2026-09-01 03:30:00,01F0880S,01F0928S,31,161,23,01F0880S>01F0928S,20260901,42,161,164.0
2026-09-01 03:35:00,01F0880S,01F0928S,31,162,17,01F0880S>01F0928S,20260901,43,162,169.33333333333334
2026-09-01 03:40:00,01F0880S,01F0928S,31,160,10,01F0880S>01F0928S,20260901,44,160,165.66666666666666
2026-09-01 03:45:00,01F0880S,01F0928S,31,165,12,01F0880S>01F0928S,20260901,45,165,168.0
2026-09-01 03:50:00,01F0880S,01F0928S,31,165,13,01F0880S>01F0928S,20260901,46,165,166.66666666666666
2026-09-01 03:55:00,01F0880S,01F0928S,31,166,20,01F0880S>01F0928S,20260901,47,166,163.0
2026-09-01 04:00:00,01F0880S,01F0928S,31,167,12,01F0880S>01F0928S,20260901,48,167,167.0
2026-09-01 04:05:00,01F0880S,01F0928S,31,172,25,01F0880S>01F0928S,20260901,49,172,166.0
2026-09-01 04:10:00,01F0880S,01F0928S,31,166,11,01F0880S>01F0928S,20260901,50,166,168.33333333333334
2026-09-01 04:15:00,01F0880S,01F0928S,31,169,19,01F0880S>01F0928S,20260901,51,169,168.0
2026-09-01 04:20:00,01F0880S,01F0928S,31,164,18,01F0880S>01F0928S,20260901,52,164,163.0
2026-09-01 04:25:00,01F0880S,01F0928S,31,162,12,01F0880S>01F0928S,20260901,53,162,168.0
2026-09-01 04:30:00,01F0880S,01F0928S,31,163,21,01F0880S>01F0928S,20260901,54,163,163.33333333333334
2026-09-01 04:35:00,01F0880S,01F0928S,31,160,13,01F0880S>01F0928S,20260901,55,160,165.66666666666666
2026-09-01 04:40:00,01F0880S,01F0928S,31,167,18,01F0880S>01F0928S,20260901,56,167,167.0
2026-09-01 04:45:00,01F0880S,01F0928S,31,164,23,01F0880S>01F0928S,20260901,57,164,166.33333333333334
2026-09-01 04:50:00,01F0880S,01F0928S,31,164,26,01F0880S>01F0928S,20260901,58,164,169.0
2026-09-01 04:55:00,01F0880S,01F0928S,31,164,9,01F0880S>01F0928S,20260901,59,164,165.33333333333334
2026-09-01 05:00:00,01F0880S,01F0928S,31,170,25,01F0880S>01F0928S,20260901,60,170,166.0
2026-09-01 05:05:00,01F0880S,01F0928S,31,163,30,01F0880S>01F0928S,20260901,61,163,168.66666666666666
2026-09-01 05:10:00,01F0880S,01F0928S,31,161,31,01F0880S>01F0928S,20260901,62,161,164.33333333333334
2026-09-01 05:15:00,01F0880S,01F0928S,31,170,21,01F0880S>01F0928S,20260901,63,170,167.0
2026-09-01 05:20:00,01F0880S,01F0928S,31,165,40,01F0880S>01F0928S,20260901,64,165,166.0
2026-09-01 05:25:00,01F0880S,01F0928S,31,168,35,01F0880S>01F0928S,20260901,65,168,165.0
2026-09-01 05:30:00,01F0880S,01F0928S,31,166,53,01F0880S>01F0928S,20260901,66,166,164.0
2026-09-01 05:35:00,01F0880S,01F0928S,31,165,42,01F0880S>01F0928S,20260901,67,165,165.33333333333334
2026-09-01 05:40:00,01F0880S,01F0928S,31,164,59,01F0880S>01F0928S,20260901,68,164,164.33333333333334
2026-09-01 05:45:00,01F0880S,01F0928S,31,163,62,01F0880S>01F0928S,20260901,69,163,168.0
2026-09-01 05:50:00,01F0880S,01F0928S,31,167,77,01F0880S>01F0928S,20260901,70,167,164.33333333333334
2026-09-01 05:55:00,01F0880S,01F0928S,31,165,73,01F0880S>01F0928S,20260901,71,165,167.0
2026-09-01 06:00:00,01F0880S,01F0928S,31,167,106,01F0880S>01F0928S,20260901,72,167,165.66666666666666
2026-09-01 06:05:00,01F0880S,01F0928S,31,168,91,01F0880S>01F0928S,20260901,73,168,168.0
2026-09-01 06:10:00,01F0880S,01F0928S,31,166,115,01F0880S>01F0928S,20260901,74,166,166.66666666666666
2026-09-01 06:15:00,01F0880S,01F0928S,31,175,152,01F0880S>01F0928S,20260901,75,175,172.66666666666666
2026-09-01 06:20:00,01F0880S,01F0928S,31,175,153,01F0880S>01F0928S,20260901,76,175,174.0
2026-09-01 06:25:00,01F0880S,01F0928S,31,179,169,01F0880S>01F0928S,20260901,77,179,179.33333333333334
2026-09-01 06:30:00,01F0880S,01F0928S,31,181,153,01F0880S>01F0928S,20260901,78,181,188.0
2026-09-01 06:35:00,01F0880S,01F0928S,31,190,194,01F0880S>01F0928S,20260901,79,190,186.33333333333334
2026-09-01 06:40:00,01F0880S,01F0928S,31,194,224,01F0880S>01F0928S,20260901,80,194,198.0
2026-09-01 06:45:00,01F0880S,01F0928S,31,205,233,01F0880S>01F0928S,20260901,81,205,216.33333333333334
2026-09-01 06:50:00,01F0880S,01F0928S,31,206,275,01F0880S>01F0928S,20260901,82,206,219.66666666666666
2026-09-01 06:55:00,01F0880S,01F0928S,31,224,250,01F0880S>01F0928S,20260901,83,224,224.66666666666666
2026-09-01 07:00:00,01F0880S,01F0928S,31,231,271,01F0880S>01F0928S,20260901,84,231,235.66666666666666
2026-09-01 07:05:00,01F0880S,01F0928S,31,248,261,01F0880S>01F0928S,20260901,85,248,249.33333333333334
2026-09-01 07:10:00,01F0880S,01F0928S,31,251,266,01F0880S>01F0928S,20260901,86,251,266.6666666666667
2026-09-01 07:15:00,01F0880S,01F0928S,31,250,254,01F0880S>01F0928S,20260901,87,250,281.6666666666667
2026-09-01 07:20:00,01F0880S,01F0928S,31,257,268,01F0880S>01F0928S,20260901,88,257,303.6666666666667
2026-09-01 07:25:00,01F0880S,01F0928S,31,281,273,01F0880S>01F0928S,20260901,89,281,310.6666666666667
2026-09-01 07:30:00,01F0880S,01F0928S,31,304,262,01F0880S>01F0928S,20260901,90,304,295.3333333333333
2026-09-01 07:35:00,01F0880S,01F0928S,31,312,279,01F0880S>01F0928S,20260901,91,312,289.3333333333333
2026-09-01 07:40:00,01F0880S,01F0928S,31,299,253,01F0880S>01F0928S,20260901,92,299,305.6666666666667
2026-09-01 07:45:00,01F0880S,01F0928S,31,331,266,01F0880S>01F0928S,20260901,93,331,299.6666666666667
2026-09-01 07:50:00,01F0880S,01F0928S,31,304,273,01F0880S>01F0928S,20260901,94,304,287.6666666666667
2026-09-01 07:55:00,01F0880S,01F0928S,31,268,246,01F0880S>01F0928S,20260901,95,268,280.0
2026-09-01 08:00:00,01F0880S,01F0928S,31,254,254,01F0880S>01F0928S,20260901,96,254,274.3333333333333
2026-09-01 08:05:00,01F0880S,01F0928S,31,222,265,01F0880S>01F0928S,20260901,97,222,257.3333333333333
2026-09-01 08:10:00,01F0880S,01F0928S,31,203,235,01F0880S>01F0928S,20260901,98,203,240.0
2026-09-01 08:15:00,01F0880S,01F0928S,31,208,205,01F0880S>01F0928S,20260901,99,208,245.0
2026-09-01 08:20:00,01F0880S,01F0928S,31,217,236,01F0880S>01F0928S,20260901,100,217,233.66666666666666
2026-09-01 08:25:00,01F0880S,01F0928S,31,216,226,01F0880S>01F0928S,20260901,101,216,231.33333333333334
2026-09-01 08:30:00,01F0880S,01F0928S,31,229,227,01F0880S>01F0928S,20260901,102,229,225.0
2026-09-01 08:35:00,01F0880S,01F0928S,31,245,228,01F0880S>01F0928S,20260901,103,245,216.66666666666666
2026-09-01 08:40:00,01F0880S,01F0928S,31,259,216,01F0880S>01F0928S,20260901,104,259,219.0
2026-09-01 08:45:00,01F0880S,01F0928S,31,233,242,01F0880S>01F0928S,20260901,105,233,217.33333333333334
2026-09-01 08:50:00,01F0880S,01F0928S,31,250,220,01F0880S>01F0928S,20260901,106,250,218.66666666666666
2026-09-01 08:55:00,01F0880S,01F0928S,31,247,229,01F0880S>01F0928S,20260901,107,247,216.0
2026-09-01 09:00:00,01F0880S,01F0928S,31,262,198,01F0880S>01F0928S,20260901,108,262,216.0
2026-09-01 09:05:00,01F0880S,01F0928S,31,262,208,01F0880S>01F0928S,20260901,109,262,230.66666666666666
2026-09-01 09:10:00,01F0880S,01F0928S,31,244,200,01F0880S>01F0928S,20260901,110,244,231.66666666666666
2026-09-01 09:15:00,01F0880S,01F0928S,31,260,173,01F0880S>01F0928S,20260901,111,260,233.33333333333334
2026-09-01 09:20:00,01F0880S,01F0928S,31,274,191,01F0880S>01F0928S,20260901,112,274,242.33333333333334
2026-09-01 09:25:00,01F0880S,01F0928S,31,235,226,01F0880S>01F0928S,20260901,113,235,247.66666666666666
2026-09-01 09:30:00,01F0880S,01F0928S,31,209,212,01F0880S>01F0928S,20260901,114,209,243.33333333333334
2026-09-01 09:35:00,01F0880S,01F0928S,31,200,173,01F0880S>01F0928S,20260901,115,200,253.33333333333334
2026-09-01 09:40:00,01F0880S,01F0928S,31,216,199,01F0880S>01F0928S,20260901,116,216,262.0
2026-09-01 09:45:00,01F0880S,01F0928S,31,202,168,01F0880S>01F0928S,20260901,117,202,259.0
2026-09-01 09:50:00,01F0880S,01F0928S,31,205,205,01F0880S>01F0928S,20260901,118,205,255.33333333333334
2026-09-01 09:55:00,01F0880S,01F0928S,31,196,163,01F0880S>01F0928S,20260901,119,196,253.0
2026-09-01 10:00:00,01F0880S,01F0928S,31,208,177,01F0880S>01F0928S,20260901,120,208,252.0
2026-09-01 10:05:00,01F0880S,01F0928S,31,230,153,01F0880S>01F0928S,20260901,121,230,255.0
2026-09-01 10:10:00,01F0880S,01F0928S,31,229,186,01F0880S>01F0928S,20260901,122,229,268.0
2026-09-01 10:15:00,01F0880S,01F0928S,31,246,163,01F0880S>01F0928S,20260901,123,246,290.6666666666667
2026-09-01 10:20:00,01F0880S,01F0928S,31,235,165,01F0880S>01F0928S,20260901,124,235,327.3333333333333
2026-09-01 10:25:00,01F0880S,01F0928S,31,249,155,01F0880S>01F0928S,20260901,125,249,352.6666666666667
2026-09-01 10:30:00,01F0880S,01F0928S,31,242,161,01F0880S>01F0928S,20260901,126,242,381.3333333333333
2026-09-01 10:35:00,01F0880S,01F0928S,31,250,154,01F0880S>01F0928S,20260901,127,250,400.6666666666667
2026-09-01 10:40:00,01F0880S,01F0928S,31,235,170,01F0880S>01F0928S,20260901,128,235,394.3333333333333
2026-09-01 10:45:00,01F0880S,01F0928S,31,238,158,01F0880S>01F0928S,20260901,129,238,397.3333333333333
2026-09-01 10:50:00,01F0880S,01F0928S,31,219,172,01F0880S>01F0928S,20260901,130,219,384.3333333333333
2026-09-01 10:55:00,01F0880S,01F0928S,31,187,143,01F0880S>01F0928S,20260901,131,187,331.3333333333333
2026-09-01 11:00:00,01F0880S,01F0928S,31,180,135,01F0880S>01F0928S,20260901,132,180,277.0
2026-09-01 11:05:00,01F0880S,01F0928S,31,181,135,01F0880S>01F0928S,20260901,133,181,269.3333333333333
2026-09-01 11:10:00,01F0880S,01F0928S,31,181,138,01F0880S>01F0928S,20260901,134,181,254.66666666666666
2026-09-01 11:15:00,01F0880S,01F0928S,31,183,134,01F0880S>01F0928S,20260901,135,183,252.33333333333334
2026-09-01 11:20:00,01F0880S,01F0928S,31,184,154,01F0880S>01F0928S,20260901,136,184,247.66666666666666
2026-09-01 11:25:00,01F0880S,01F0928S,31,190,161,01F0880S>01F0928S,20260901,137,190,245.33333333333334
2026-09-01 11:30:00,01F0880S,01F0928S,31,223,169,01F0880S>01F0928S,20260901,138,223,232.33333333333334
2026-09-01 11:35:00,01F0880S,01F0928S,31,244,168,01F0880S>01F0928S,20260901,139,244,223.0
2026-09-01 11:40:00,01F0880S,01F0928S,31,231,157,01F0880S>01F0928S,20260901,140,231,220.0
2026-09-01 11:45:00,01F0880S,01F0928S,31,250,158,01F0880S>01F0928S,20260901,141,250,287.3333333333333
2026-09-01 11:50:00,01F0880S,01F0928S,31,233,143,01F0880S>01F0928S,20260901,142,233,272.3333333333333
2026-09-01 11:55:00,01F0880S,01F0928S,31,239,134,01F0880S>01F0928S,20260901,143,239,206.66666666666666
2026-09-01 12:00:00,01F0880S,01F0928S,31,241,166,01F0880S>01F0928S,20260901,144,241,215.66666666666666
2026-09-01 12:05:00,01F0880S,01F0928S,31,201,150,01F0880S>01F0928S,20260901,145,201,207.0
2026-09-01 12:10:00,01F0880S,01F0928S,31,180,123,01F0880S>01F0928S,20260901,146,180,199.66666666666666
2026-09-01 12:15:00,01F0880S,01F0928S,31,182,132,01F0880S>01F0928S,20260901,147,182,215.0
2026-09-01 12:20:00,01F0880S,01F0928S,31,181,122,01F0880S>01F0928S,20260901,148,181,212.66666666666666
2026-09-01 12:25:00,01F0880S,01F0928S,31,178,142,01F0880S>01F0928S,20260901,149,178,216.66666666666666
2026-09-01 12:30:00,01F0880S,01F0928S,31,181,143,01F0880S>01F0928S,20260901,150,181,214.0
2026-09-01 12:35:00,01F0880S,01F0928S,31,191,126,01F0880S>01F0928S,20260901,151,191,198.0
2026-09-01 12:40:00,01F0880S,01F0928S,31,194,165,01F0880S>01F0928S,20260901,152,194,195.66666666666666
2026-09-01 12:45:00,01F0880S,01F0928S,31,189,140,01F0880S>01F0928S,20260901,153,189,202.33333333333334
2026-09-01 12:50:00,01F0880S,01F0928S,31,187,140,01F0880S>01F0928S,20260901,154,187,193.0
2026-09-01 12:55:00,01F0880S,01F0928S,31,194,152,01F0880S>01F0928S,20260901,155,194,180.66666666666666
2026-09-01 13:00:00,01F0880S,01F0928S,31,195,163,01F0880S>01F0928S,20260901,156,195,180.33333333333334
2026-09-01 13:05:00,01F0880S,01F0928S,31,196,151,01F0880S>01F0928S,20260901,157,196,176.66666666666666
2026-09-01 13:10:00,01F0880S,01F0928S,31,185,145,01F0880S>01F0928S,20260901,158,185,184.0
2026-09-01 13:15:00,01F0880S,01F0928S,31,194,151,01F0880S>01F0928S,20260901,159,194,178.0
2026-09-01 13:20:00,01F0880S,01F0928S,31,194,161,01F0880S>01F0928S,20260901,160,194,192.66666666666666
2026-09-01 13:25:00,01F0880S,01F0928S,31,202,168,01F0880S>01F0928S,20260901,161,202,199.33333333333334
2026-09-01 13:30:00,01F0880S,01F0928S,31,184,123,01F0880S>01F0928S,20260901,162,184,197.33333333333334
2026-09-01 13:35:00,01F0880S,01F0928S,31,185,128,01F0880S>01F0928S,20260901,163,185,191.66666666666666
2026-09-01 13:40:00,01F0880S,01F0928S,31,185,134,01F0880S>01F0928S,20260901,164,185,186.33333333333334
2026-09-01 13:45:00,01F0880S,01F0928S,31,178,128,01F0880S>01F0928S,20260901,165,178,192.0
2026-09-01 13:50:00,01F0880S,01F0928S,31,185,121,01F0880S>01F0928S,20260901,166,185,196.33333333333334
2026-09-01 13:55:00,01F0880S,01F0928S,31,181,104,01F0880S>01F0928S,20260901,167,181,209.66666666666666
2026-09-01 14:00:00,01F0880S,01F0928S,31,200,125,01F0880S>01F0928S,20260901,168,200,214.0
2026-09-01 14:05:00,01F0880S,01F0928S,31,187,95,01F0880S>01F0928S,20260901,169,187,226.0
2026-09-01 14:10:00,01F0880S,01F0928S,31,194,120,01F0880S>01F0928S,20260901,170,194,238.66666666666666
2026-09-01 14:15:00,01F0880S,01F0928S,31,273,90,01F0880S>01F0928S,20260901,171,273,246.0
2026-09-01 14:20:00,01F0880S,01F0928S,31,364,104,01F0880S>01F0928S,20260901,172,364,253.66666666666666
2026-09-01 14:25:00,01F0880S,01F0928S,31,405,114,01F0880S>01F0928S,20260901,173,405,262.0
2026-09-01 14:30:00,01F0880S,01F0928S,31,374,130,01F0880S>01F0928S,20260901,174,374,266.3333333333333
2026-09-01 14:35:00,01F0880S,01F0928S,31,376,142,01F0880S>01F0928S,20260901,175,376,252.66666666666666
2026-09-01 14:40:00,01F0880S,01F0928S,31,371,126,01F0880S>01F0928S,20260901,176,371,250.0
2026-09-01 14:45:00,01F0880S,01F0928S,31,373,139,01F0880S>01F0928S,20260901,177,373,238.0
2026-09-01 14:50:00,01F0880S,01F0928S,31,376,154,01F0880S>01F0928S,20260901,178,376,220.66666666666666
2026-09-01 14:55:00,01F0880S,01F0928S,31,382,133,01F0880S>01F0928S,20260901,179,382,192.66666666666666
2026-09-01 15:00:00,01F0880S,01F0928S,31,449,130,01F0880S>01F0928S,20260901,180,449,185.0
2026-09-01 15:05:00,01F0880S,01F0928S,31,434,134,01F0880S>01F0928S,20260901,181,434,184.66666666666666
2026-09-01 15:10:00,01F0880S,01F0928S,31,445,149,01F0880S>01F0928S,20260901,182,445,186.66666666666666
2026-09-01 15:15:00,01F0880S,01F0928S,31,446,152,01F0880S>01F0928S,20260901,183,446,185.33333333333334
2026-09-01 15:20:00,01F0880S,01F0928S,31,467,158,01F0880S>01F0928S,20260901,184,467,185.33333333333334
2026-09-01 15:25:00,01F0880S,01F0928S,31,477,154,01F0880S>01F0928S,20260901,185,477,186.33333333333334
2026-09-01 15:30:00,01F0880S,01F0928S,31,477,143,01F0880S>01F0928S,20260901,186,477,195.66666666666666
2026-09-01 15:35:00,01F0880S,01F0928S,31,481,144,01F0880S>01F0928S,20260901,187,481,201.0
2026-09-01 15:40:00,01F0880S,01F0928S,31,464,159,01F0880S>01F0928S,20260901,188,464,198.66666666666666
2026-09-01 15:45:00,01F0880S,01F0928S,31,460,155,01F0880S>01F0928S,20260901,189,460,198.33333333333334
2026-09-01 15:50:00,01F0880S,01F0928S,31,461,154,01F0880S>01F0928S,20260901,190,461,200.66666666666666
2026-09-01 15:55:00,01F0880S,01F0928S,31,409,164,01F0880S>01F0928S,20260901,191,409,209.0
2026-09-01 16:00:00,01F0880S,01F0928S,31,367,177,01F0880S>01F0928S,20260901,192,367,207.33333333333334
2026-09-01 16:05:00,01F0880S,01F0928S,31,344,175,01F0880S>01F0928S,20260901,193,344,218.0
2026-09-01 16:10:00,01F0880S,01F0928S,31,287,218,01F0880S>01F0928S,20260901,194,287,220.33333333333334
2026-09-01 16:15:00,01F0880S,01F0928S,31,213,205,01F0880S>01F0928S,20260901,195,213,234.0
2026-09-01 16:20:00,01F0880S,01F0928S,31,202,181,01F0880S>01F0928S,20260901,196,202,227.66666666666666
2026-09-01 16:25:00,01F0880S,01F0928S,31,209,186,01F0880S>01F0928S,20260901,197,209,235.66666666666666
2026-09-01 16:30:00,01F0880S,01F0928S,31,225,153,01F0880S>01F0928S,20260901,198,225,233.33333333333334
2026-09-01 16:35:00,01F0880S,01F0928S,31,220,191,01F0880S>01F0928S,20260901,199,220,224.33333333333334
2026-09-01 16:40:00,01F0880S,01F0928S,31,209,174,01F0880S>01F0928S,20260901,200,209,233.0
2026-09-01 16:45:00,01F0880S,01F0928S,31,212,179,01F0880S>01F0928S,20260901,201,212,246.66666666666666
2026-09-01 16:50:00,01F0880S,01F0928S,31,243,207,01F0880S>01F0928S,20260901,202,243,261.6666666666667
2026-09-01 16:55:00,01F0880S,01F0928S,31,230,186,01F0880S>01F0928S,20260901,203,230,266.3333333333333
2026-09-01 17:00:00,01F0880S,01F0928S,31,217,189,01F0880S>01F0928S,20260901,204,217,267.6666666666667
2026-09-01 17:05:00,01F0880S,01F0928S,31,228,174,01F0880S>01F0928S,20260901,205,228,256.3333333333333
2026-09-01 17:10:00,01F0880S,01F0928S,31,243,156,01F0880S>01F0928S,20260901,206,243,245.0
2026-09-01 17:15:00,01F0880S,01F0928S,31,258,232,01F0880S>01F0928S,20260901,207,258,268.6666666666667
2026-09-01 17:20:00,01F0880S,01F0928S,31,228,209,01F0880S>01F0928S,20260901,208,228,302.0
2026-09-01 17:25:00,01F0880S,01F0928S,31,220,202,01F0880S>01F0928S,20260901,209,220,323.0
2026-09-01 17:30:00,01F0880S,01F0928S,31,222,193,01F0880S>01F0928S,20260901,210,222,353.0
2026-09-01 17:35:00,01F0880S,01F0928S,31,242,168,01F0880S>01F0928S,20260901,211,242,373.3333333333333
2026-09-01 17:40:00,01F0880S,01F0928S,31,244,204,01F0880S>01F0928S,20260901,212,244,369.3333333333333
2026-09-01 17:45:00,01F0880S,01F0928S,31,256,193,01F0880S>01F0928S,20260901,213,256,344.6666666666667
2026-09-01 17:50:00,01F0880S,01F0928S,31,284,185,01F0880S>01F0928S,20260901,214,284,308.3333333333333
2026-09-01 17:55:00,01F0880S,01F0928S,31,305,177,01F0880S>01F0928S,20260901,215,305,297.0
2026-09-01 18:00:00,01F0880S,01F0928S,31,352,160,01F0880S>01F0928S,20260901,216,352,294.0
2026-09-01 18:05:00,01F0880S,01F0928S,31,361,184,01F0880S>01F0928S,20260901,217,361,285.6666666666667
2026-09-01 18:10:00,01F0880S,01F0928S,31,369,187,01F0880S>01F0928S,20260901,218,369,290.6666666666667
2026-09-01 18:15:00,01F0880S,01F0928S,31,356,209,01F0880S>01F0928S,20260901,219,356,280.3333333333333
2026-09-01 18:20:00,01F0880S,01F0928S,31,321,174,01F0880S>01F0928S,20260901,220,321,281.6666666666667
2026-09-01 18:25:00,01F0880S,01F0928S,31,324,182,01F0880S>01F0928S,20260901,221,324,281.0
2026-09-01 18:30:00,01F0880S,01F0928S,31,323,196,01F0880S>01F0928S,20260901,222,323,282.0
2026-09-01 18:35:00,01F0880S,01F0928S,31,276,242,01F0880S>01F0928S,20260901,223,276,263.0
2026-09-01 18:40:00,01F0880S,01F0928S,31,208,167,01F0880S>01F0928S,20260901,224,208,241.66666666666666
2026-09-01 18:45:00,01F0880S,01F0928S,31,202,180,01F0880S>01F0928S,20260901,225,202,239.66666666666666
2026-09-01 18:50:00,01F0880S,01F0928S,31,202,136,01F0880S>01F0928S,20260901,226,202,240.0
2026-09-01 18:55:00,01F0880S,01F0928S,31,201,178,01F0880S>01F0928S,20260901,227,201,233.33333333333334
2026-09-01 19:00:00,01F0880S,01F0928S,31,182,118,01F0880S>01F0928S,20260901,228,182,213.33333333333334
2026-09-01 19:05:00,01F0880S,01F0928S,31,197,143,01F0880S>01F0928S,20260901,229,197,195.33333333333334
2026-09-01 19:10:00,01F0880S,01F0928S,31,197,166,01F0880S>01F0928S,20260901,230,197,198.66666666666666
2026-09-01 19:15:00,01F0880S,01F0928S,31,185,152,01F0880S>01F0928S,20260901,231,185,186.0
2026-09-01 19:20:00,01F0880S,01F0928S,31,185,151,01F0880S>01F0928S,20260901,232,185,186.66666666666666
2026-09-01 19:25:00,01F0880S,01F0928S,31,180,123,01F0880S>01F0928S,20260901,233,180,184.66666666666666
2026-09-01 19:30:00,01F0880S,01F0928S,31,192,173,01F0880S>01F0928S,20260901,234,192,187.66666666666666
2026-09-01 19:35:00,01F0880S,01F0928S,31,178,138,01F0880S>01F0928S,20260901,235,178,186.33333333333334
2026-09-01 19:40:00,01F0880S,01F0928S,31,174,133,01F0880S>01F0928S,20260901,236,174,183.0
2026-09-01 19:45:00,01F0880S,01F0928S,31,180,152,01F0880S>01F0928S,20260901,237,180,179.0
2026-09-01 19:50:00,01F0880S,01F0928S,31,180,159,01F0880S>01F0928S,20260901,238,180,195.0
2026-09-01 19:55:00,01F0880S,01F0928S,31,178,135,01F0880S>01F0928S,20260901,239,178,190.33333333333334
2026-09-01 20:00:00,01F0880S,01F0928S,31,180,136,01F0880S>01F0928S,20260901,240,180,183.66666666666666
2026-09-01 20:05:00,01F0880S,01F0928S,31,179,140,01F0880S>01F0928S,20260901,241,179,192.66666666666666
2026-09-01 20:10:00,01F0880S,01F0928S,31,174,126,01F0880S>01F0928S,20260901,242,174,191.33333333333334
2026-09-01 20:15:00,01F0880S,01F0928S,31,177,138,01F0880S>01F0928S,20260901,243,177,190.0
2026-09-01 20:20:00,01F0880S,01F0928S,31,183,134,01F0880S>01F0928S,20260901,244,183,183.66666666666666
2026-09-01 20:25:00,01F0880S,01F0928S,31,178,121,01F0880S>01F0928S,20260901,245,178,184.33333333333334
2026-09-01 20:30:00,01F0880S,01F0928S,31,177,111,01F0880S>01F0928S,20260901,246,177,179.33333333333334
2026-09-01 20:35:00,01F0880S,01F0928S,31,173,86,01F0880S>01F0928S,20260901,247,173,174.33333333333334
2026-09-01 20:40:00,01F0880S,01F0928S,31,171,108,01F0880S>01F0928S,20260901,248,171,175.0
2026-09-01 20:45:00,01F0880S,01F0928S,31,175,114,01F0880S>01F0928S,20260901,249,175,175.33333333333334
2026-09-01 20:50:00,01F0880S,01F0928S,31,171,115,01F0880S>01F0928S,20260901,250,171,179.0
2026-09-01 20:55:00,01F0880S,01F0928S,31,173,111,01F0880S>01F0928S,20260901,251,173,200.0
2026-09-01 21:00:00,01F0880S,01F0928S,31,175,125,01F0880S>01F0928S,20260901,252,175,200.0
2026-09-01 21:05:00,01F0880S,01F0928S,31,172,104,01F0880S>01F0928S,20260901,253,172,198.66666666666666
2026-09-01 21:10:00,01F0880S,01F0928S,31,170,87,01F0880S>01F0928S,20260901,254,170,193.66666666666666
2026-09-01 21:15:00,01F0880S,01F0928S,31,172,96,01F0880S>01F0928S,20260901,255,172,180.33333333333334
2026-09-01 21:20:00,01F0880S,01F0928S,31,176,110,01F0880S>01F0928S,20260901,256,176,177.33333333333334
2026-09-01 21:25:00,01F0880S,01F0928S,31,172,106,01F0880S>01F0928S,20260901,257,172,174.0
2026-09-01 21:30:00,01F0880S,01F0928S,31,168,100,01F0880S>01F0928S,20260901,258,168,177.33333333333334
2026-09-01 21:35:00,01F0880S,01F0928S,31,171,94,01F0880S>01F0928S,20260901,259,171,178.66666666666666
2026-09-01 21:40:00,01F0880S,01F0928S,31,169,95,01F0880S>01F0928S,20260901,260,169,171.66666666666666
2026-09-01 21:45:00,01F0880S,01F0928S,31,172,110,01F0880S>01F0928S,20260901,261,172,173.66666666666666
2026-09-01 21:50:00,01F0880S,01F0928S,31,172,96,01F0880S>01F0928S,20260901,262,172,172.33333333333334
2026-09-01 21:55:00,01F0880S,01F0928S,31,170,97,01F0880S>01F0928S,20260901,263,170,174.66666666666666
2026-09-01 22:00:00,01F0880S,01F0928S,31,169,95,01F0880S>01F0928S,20260901,264,169,174.66666666666666
2026-09-01 22:05:00,01F0880S,01F0928S,31,173,95,01F0880S>01F0928S,20260901,265,173,172.66666666666666
2026-09-01 22:10:00,01F0880S,01F0928S,31,170,93,01F0880S>01F0928S,20260901,266,170,172.33333333333334
2026-09-01 22:15:00,01F0880S,01F0928S,31,168,85,01F0880S>01F0928S,20260901,267,168,169.66666666666666
2026-09-01 22:20:00,01F0880S,01F0928S,31,165,81,01F0880S>01F0928S,20260901,268,165,173.33333333333334
2026-09-01 22:25:00,01F0880S,01F0928S,31,166,79,01F0880S>01F0928S,20260901,269,166,170.33333333333334
2026-09-01 22:30:00,01F0880S,01F0928S,31,167,76,01F0880S>01F0928S,20260901,270,167,167.66666666666666
2026-09-01 22:35:00,01F0880S,01F0928S,31,162,64,01F0880S>01F0928S,20260901,271,162,171.33333333333334
2026-09-01 22:40:00,01F0880S,01F0928S,31,165,70,01F0880S>01F0928S,20260901,272,165,167.0
2026-09-01 22:45:00,01F0880S,01F0928S,31,165,59,01F0880S>01F0928S,20260901,273,165,167.33333333333334
2026-09-01 22:50:00,01F0880S,01F0928S,31,165,72,01F0880S>01F0928S,20260901,274,165,169.66666666666666
2026-09-01 22:55:00,01F0880S,01F0928S,31,164,69,01F0880S>01F0928S,20260901,275,164,167.33333333333334
2026-09-01 23:00:00,01F0880S,01F0928S,31,168,77,01F0880S>01F0928S,20260901,276,168,168.0
2026-09-01 23:05:00,01F0880S,01F0928S,31,164,57,01F0880S>01F0928S,20260901,277,164,166.33333333333334
2026-09-01 23:10:00,01F0880S,01F0928S,31,167,74,01F0880S>01F0928S,20260901,278,167,167.33333333333334
2026-09-01 23:15:00,01F0880S,01F0928S,31,162,78,01F0880S>01F0928S,20260901,279,162,165.33333333333334
2026-09-01 23:20:00,01F0880S,01F0928S,31,166,72,01F0880S>01F0928S,20260901,280,166,165.33333333333334
2026-09-01 23:25:00,01F0880S,01F0928S,31,165,46,01F0880S>01F0928S,20260901,281,165,163.0
2026-09-01 23:30:00,01F0880S,01F0928S,31,165,50,01F0880S>01F0928S,20260901,282,165,166.66666666666666
2026-09-01 23:35:00,01F0880S,01F0928S,31,162,47,01F0880S>01F0928S,20260901,283,162,164.33333333333334
2026-09-01 23:40:00,01F0880S,01F0928S,31,161,52,01F0880S>01F0928S,20260901,284,161,167.33333333333334
2026-09-01 23:45:00,01F0880S,01F0928S,31,163,46,01F0880S>01F0928S,20260901,285,163,165.33333333333334
2026-09-01 23:50:00,01F0880S,01F0928S,31,162,48,01F0880S>01F0928S,20260901,286,162,162.66666666666666
2026-09-01 23:55:00,01F0880S,01F0928S,31,164,42,01F0880S>01F0928S,20260901,287,164,162.0
2026-09-02 00:00:00,01F0880S,01F0928S,31,160,49,01F0880S>01F0928S,20260902,0,160,163.33333333333334
2026-09-02 00:05:00,01F0880S,01F0928S,31,162,46,01F0880S>01F0928S,20260902,1,162,166.33333333333334
2026-09-02 00:10:00,01F0880S,01F0928S,31,163,51,01F0880S>01F0928S,20260902,2,163,166.0
2026-09-02 00:15:00,01F0880S,01F0928S,31,165,43,01F0880S>01F0928S,20260902,3,165,162.66666666666666
2026-09-02 00:20:00,01F0880S,01F0928S,31,165,38,01F0880S>01F0928S,20260902,4,165,163.33333333333334
2026-09-02 00:25:00,01F0880S,01F0928S,31,160,38,01F0880S>01F0928S,20260902,5,160,163.0
2026-09-02 00:30:00,01F0880S,01F0928S,31,166,33,01F0880S>01F0928S,20260902,6,166,162.66666666666666
2026-09-02 00:35:00,01F0880S,01F0928S,31,160,38,01F0880S>01F0928S,20260902,7,160,166.0
2026-09-02 00:40:00,01F0880S,01F0928S,31,165,39,01F0880S>01F0928S,20260902,8,165,162.66666666666666
2026-09-02 00:45:00,01F0880S,01F0928S,31,163,26,01F0880S>01F0928S,20260902,9,163,163.0
2026-09-02 00:50:00,01F0880S,01F0928S,31,163,30,01F0880S>01F0928S,20260902,10,163,161.66666666666666
2026-09-02 00:55:00,01F0880S,01F0928S,31,161,38,01F0880S>01F0928S,20260902,11,161,163.66666666666666
2026-09-02 01:00:00,01F0880S,01F0928S,31,164,40,01F0880S>01F0928S,20260902,12,164,163.33333333333334
2026-09-02 01:05:00,01F0880S,01F0928S,31,163,30,01F0880S>01F0928S,20260902,13,163,165.0
2026-09-02 01:10:00,01F0880S,01F0928S,31,161,40,01F0880S>01F0928S,20260902,14,161,164.66666666666666
2026-09-02 01:15:00,01F0880S,01F0928S,31,162,29,01F0880S>01F0928S,20260902,15,162,164.33333333333334
2026-09-02 01:20:00,01F0880S,01F0928S,31,168,23,01F0880S>01F0928S,20260902,16,168,163.66666666666666
2026-09-02 01:25:00,01F0880S,01F0928S,31,162,23,01F0880S>01F0928S,20260902,17,162,164.66666666666666
2026-09-02 01:30:00,01F0880S,01F0928S,31,163,29,01F0880S>01F0928S,20260902,18,163,162.33333333333334
2026-09-02 01:35:00,01F0880S,01F0928S,31,163,27,01F0880S>01F0928S,20260902,19,163,164.66666666666666
2026-09-02 01:40:00,01F0880S,01F0928S,31,162,29,01F0880S>01F0928S,20260902,20,162,162.33333333333334
2026-09-02 01:45:00,01F0880S,01F0928S,31,160,29,01F0880S>01F0928S,20260902,21,160,163.66666666666666
2026-09-02 01:50:00,01F0880S,01F0928S,31,161,12,01F0880S>01F0928S,20260902,22,161,164.0
2026-09-02 01:55:00,01F0880S,01F0928S,31,160,27,01F0880S>01F0928S,20260902,23,160,167.33333333333334
2026-09-02 02:00:00,01F0880S,01F0928S,31,162,27,01F0880S>01F0928S,20260902,24,162,162.33333333333334
2026-09-02 02:05:00,01F0880S,01F0928S,31,166,22,01F0880S>01F0928S,20260902,25,166,165.33333333333334
2026-09-02 02:10:00,01F0880S,01F0928S,31,164,18,01F0880S>01F0928S,20260902,26,164,161.33333333333334
2026-09-02 02:15:00,01F0880S,01F0928S,31,162,20,01F0880S>01F0928S,20260902,27,162,167.33333333333334
2026-09-02 02:20:00,01F0880S,01F0928S,31,162,15,01F0880S>01F0928S,20260902,28,162,163.33333333333334
2026-09-02 02:25:00,01F0880S,01F0928S,31,161,12,01F0880S>01F0928S,20260902,29,161,168.66666666666666
2026-09-02 02:30:00,01F0880S,01F0928S,31,161,16,01F0880S>01F0928S,20260902,30,161,168.0
2026-09-02 02:35:00,01F0880S,01F0928S,31,163,11,01F0880S>01F0928S,20260902,31,163,163.0
2026-09-02 02:40:00,01F0880S,01F0928S,31,160,14,01F0880S>01F0928S,20260902,32,160,163.0
2026-09-02 02:45:00,01F0880S,01F0928S,31,165,18,01F0880S>01F0928S,20260902,33,165,164.66666666666666
2026-09-02 02:50:00,01F0880S,01F0928S,31,165,14,01F0880S>01F0928S,20260902,34,165,164.66666666666666
2026-09-02 02:55:00,01F0880S,01F0928S,31,163,12,01F0880S>01F0928S,20260902,35,163,162.0
2026-09-02 03:00:00,01F0880S,01F0928S,31,166,12,01F0880S>01F0928S,20260902,36,166,165.33333333333334
2026-09-02 03:05:00,01F0880S,01F0928S,31,163,8,01F0880S>01F0928S,20260902,37,163,167.33333333333334
2026-09-02 03:10:00,01F0880S,01F0928S,31,166,11,01F0880S>01F0928S,20260902,38,166,163.0
2026-09-02 03:15:00,01F0880S,01F0928S,31,167,14,01F0880S>01F0928S,20260902,39,167,169.66666666666666
2026-09-02 03:20:00,01F0880S,01F0928S,31,158,8,01F0880S>01F0928S,20260902,40,158,167.0
2026-09-02 03:25:00,01F0880S,01F0928S,31,172,11,01F0880S>01F0928S,20260902,41,172,163.66666666666666
2026-09-02 03:30:00,01F0880S,01F0928S,31,162,15,01F0880S>01F0928S,20260902,42,162,164.0
2026-09-02 03:35:00,01F0880S,01F0928S,31,164,19,01F0880S>01F0928S,20260902,43,164,169.33333333333334
2026-09-02 03:40:00,01F0880S,01F0928S,31,167,14,01F0880S>01F0928S,20260902,44,167,165.66666666666666
2026-09-02 03:45:00,01F0880S,01F0928S,31,175,9,01F0880S>01F0928S,20260902,45,175,168.0
2026-09-02 03:50:00,01F0880S,01F0928S,31,158,15,01F0880S>01F0928S,20260902,46,158,166.66666666666666
2026-09-02 03:55:00,01F0880S,01F0928S,31,162,11,01F0880S>01F0928S,20260902,47,162,163.0
2026-09-02 04:00:00,01F0880S,01F0928S,31,167,12,01F0880S>01F0928S,20260902,48,167,167.0
2026-09-02 04:05:00,01F0880S,01F0928S,31,170,17,01F0880S>01F0928S,20260902,49,170,166.0
2026-09-02 04:10:00,01F0880S,01F0928S,31,164,13,01F0880S>01F0928S,20260902,50,164,168.33333333333334
2026-09-02 04:15:00,01F0880S,01F0928S,31,167,14,01F0880S>01F0928S,20260902,51,167,168.0
2026-09-02 04:20:00,01F0880S,01F0928S,31,166,24,01F0880S>01F0928S,20260902,52,166,163.0
2026-09-02 04:25:00,01F0880S,01F0928S,31,165,20,01F0880S>01F0928S,20260902,53,165,168.0
2026-09-02 04:30:00,01F0880S,01F0928S,31,164,23,01F0880S>01F0928S,20260902,54,164,163.33333333333334
2026-09-02 04:35:00,01F0880S,01F0928S,31,174,14,01F0880S>01F0928S,20260902,55,174,165.66666666666666
2026-09-02 04:40:00,01F0880S,01F0928S,31,167,33,01F0880S>01F0928S,20260902,56,167,167.0
2026-09-02 04:45:00,01F0880S,01F0928S,31,169,15,01F0880S>01F0928S,20260902,57,169,166.33333333333334
2026-09-02 04:50:00,01F0880S,01F0928S,31,164,24,01F0880S>01F0928S,20260902,58,164,169.0
2026-09-02 04:55:00,01F0880S,01F0928S,31,161,29,01F0880S>01F0928S,20260902,59,161,165.33333333333334
2026-09-02 05:00:00,01F0880S,01F0928S,31,171,26,01F0880S>01F0928S,20260902,60,171,166.0
2026-09-02 05:05:00,01F0880S,01F0928S,31,168,35,01F0880S>01F0928S,20260902,61,168,168.66666666666666
2026-09-02 05:10:00,01F0880S,01F0928S,31,164,27,01F0880S>01F0928S,20260902,62,164,164.33333333333334
2026-09-02 05:15:00,01F0880S,01F0928S,31,162,42,01F0880S>01F0928S,20260902,63,162,167.0
2026-09-02 05:20:00,01F0880S,01F0928S,31,165,32,01F0880S>01F0928S,20260902,64,165,166.0
2026-09-02 05:25:00,01F0880S,01F0928S,31,165,30,01F0880S>01F0928S,20260902,65,165,165.0
2026-09-02 05:30:00,01F0880S,01F0928S,31,171,47,01F0880S>01F0928S,20260902,66,171,164.0
2026-09-02 05:35:00,01F0880S,01F0928S,31,164,51,01F0880S>01F0928S,20260902,67,164,165.33333333333334
2026-09-02 05:40:00,01F0880S,01F0928S,31,161,62,01F0880S>01F0928S,20260902,68,161,164.33333333333334
2026-09-02 05:45:00,01F0880S,01F0928S,31,169,54,01F0880S>01F0928S,20260902,69,169,168.0
2026-09-02 05:50:00,01F0880S,01F0928S,31,168,69,01F0880S>01F0928S,20260902,70,168,164.33333333333334
2026-09-02 05:55:00,01F0880S,01F0928S,31,165,79,01F0880S>01F0928S,20260902,71,165,167.0
2026-09-02 06:00:00,01F0880S,01F0928S,31,168,95,01F0880S>01F0928S,20260902,72,168,165.66666666666666
2026-09-02 06:05:00,01F0880S,01F0928S,31,169,104,01F0880S>01F0928S,20260902,73,169,168.0
2026-09-02 06:10:00,01F0880S,01F0928S,31,170,116,01F0880S>01F0928S,20260902,74,170,166.66666666666666
2026-09-02 06:15:00,01F0880S,01F0928S,31,174,138,01F0880S>01F0928S,20260902,75,174,172.66666666666666
2026-09-02 06:20:00,01F0880S,01F0928S,31,179,128,01F0880S>01F0928S,20260902,76,179,174.0
2026-09-02 06:25:00,01F0880S,01F0928S,31,181,177,01F0880S>01F0928S,20260902,77,181,179.33333333333334
2026-09-02 06:30:00,01F0880S,01F0928S,31,187,175,01F0880S>01F0928S,20260902,78,187,188.0
2026-09-02 06:35:00,01F0880S,01F0928S,31,189,199,01F0880S>01F0928S,20260902,79,189,186.33333333333334
2026-09-02 06:40:00,01F0880S,01F0928S,31,203,213,01F0880S>01F0928S,20260902,80,203,198.0
2026-09-02 06:45:00,01F0880S,01F0928S,31,202,201,01F0880S>01F0928S,20260902,81,202,216.33333333333334
2026-09-02 06:50:00,01F0880S,01F0928S,31,208,230,01F0880S>01F0928S,20260902,82,208,219.66666666666666
2026-09-02 06:55:00,01F0880S,01F0928S,31,212,255,01F0880S>01F0928S,20260902,83,212,224.66666666666666
2026-09-02 07:00:00,01F0880S,01F0928S,31,220,268,01F0880S>01F0928S,20260902,84,220,235.66666666666666
2026-09-02 07:05:00,01F0880S,01F0928S,31,232,234,01F0880S>01F0928S,20260902,85,232,249.33333333333334
2026-09-02 07:10:00,01F0880S,01F0928S,31,295,201,01F0880S>01F0928S,20260902,86,295,266.6666666666667
2026-09-02 07:15:00,01F0880S,01F0928S,31,380,256,01F0880S>01F0928S,20260902,87,380,281.6666666666667
2026-09-02 07:20:00,01F0880S,01F0928S,31,376,260,01F0880S>01F0928S,20260902,88,376,303.6666666666667
2026-09-02 07:25:00,01F0880S,01F0928S,31,392,249,01F0880S>01F0928S,20260902,89,392,310.6666666666667
2026-09-02 07:30:00,01F0880S,01F0928S,31,410,285,01F0880S>01F0928S,20260902,90,410,295.3333333333333
2026-09-02 07:35:00,01F0880S,01F0928S,31,406,268,01F0880S>01F0928S,20260902,91,406,289.3333333333333
2026-09-02 07:40:00,01F0880S,01F0928S,31,380,256,01F0880S>01F0928S,20260902,92,380,305.6666666666667
2026-09-02 07:45:00,01F0880S,01F0928S,31,356,229,01F0880S>01F0928S,20260902,93,356,299.6666666666667
2026-09-02 07:50:00,01F0880S,01F0928S,31,385,240,01F0880S>01F0928S,20260902,94,385,287.6666666666667
2026-09-02 07:55:00,01F0880S,01F0928S,31,404,252,01F0880S>01F0928S,20260902,95,404,280.0
2026-09-02 08:00:00,01F0880S,01F0928S,31,387,251,01F0880S>01F0928S,20260902,96,387,274.3333333333333
2026-09-02 08:05:00,01F0880S,01F0928S,31,366,242,01F0880S>01F0928S,20260902,97,366,257.3333333333333
2026-09-02 08:10:00,01F0880S,01F0928S,31,388,232,01F0880S>01F0928S,20260902,98,388,240.0
2026-09-02 08:15:00,01F0880S,01F0928S,31,342,269,01F0880S>01F0928S,20260902,99,342,245.0
2026-09-02 08:20:00,01F0880S,01F0928S,31,300,233,01F0880S>01F0928S,20260902,100,300,233.66666666666666
2026-09-02 08:25:00,01F0880S,01F0928S,31,288,209,01F0880S>01F0928S,20260902,101,288,231.33333333333334
2026-09-02 08:30:00,01F0880S,01F0928S,31,288,214,01F0880S>01F0928S,20260902,102,288,225.0
2026-09-02 08:35:00,01F0880S,01F0928S,31,282,210,01F0880S>01F0928S,20260902,103,282,216.66666666666666
2026-09-02 08:40:00,01F0880S,01F0928S,31,295,212,01F0880S>01F0928S,20260902,104,295,219.0
2026-09-02 08:45:00,01F0880S,01F0928S,31,310,189,01F0880S>01F0928S,20260902,105,310,217.33333333333334
2026-09-02 08:50:00,01F0880S,01F0928S,31,312,227,01F0880S>01F0928S,20260902,106,312,218.66666666666666
2026-09-02 08:55:00,01F0880S,01F0928S,31,310,198,01F0880S>01F0928S,20260902,107,310,216.0
2026-09-02 09:00:00,01F0880S,01F0928S,31,323,197,01F0880S>01F0928S,20260902,108,323,216.0
2026-09-02 09:05:00,01F0880S,01F0928S,31,329,202,01F0880S>01F0928S,20260902,109,329,230.66666666666666
2026-09-02 09:10:00,01F0880S,01F0928S,31,311,189,01F0880S>01F0928S,20260902,110,311,231.66666666666666
2026-09-02 09:15:00,01F0880S,01F0928S,31,304,189,01F0880S>01F0928S,20260902,111,304,233.33333333333334
2026-09-02 09:20:00,01F0880S,01F0928S,31,330,184,01F0880S>01F0928S,20260902,112,330,242.33333333333334
2026-09-02 09:25:00,01F0880S,01F0928S,31,327,218,01F0880S>01F0928S,20260902,113,327,247.66666666666666
2026-09-02 09:30:00,01F0880S,01F0928S,31,309,209,01F0880S>01F0928S,20260902,114,309,243.33333333333334
2026-09-02 09:35:00,01F0880S,01F0928S,31,297,192,01F0880S>01F0928S,20260902,115,297,253.33333333333334
2026-09-02 09:40:00,01F0880S,01F0928S,31,284,214,01F0880S>01F0928S,20260902,116,284,262.0
2026-09-02 09:45:00,01F0880S,01F0928S,31,299,176,01F0880S>01F0928S,20260902,117,299,259.0
2026-09-02 09:50:00,01F0880S,01F0928S,31,281,205,01F0880S>01F0928S,20260902,118,281,255.33333333333334
2026-09-02 09:55:00,01F0880S,01F0928S,31,265,187,01F0880S>01F0928S,20260902,119,265,253.0
2026-09-02 10:00:00,01F0880S,01F0928S,31,258,206,01F0880S>01F0928S,20260902,120,258,252.0
2026-09-02 10:05:00,01F0880S,01F0928S,31,251,193,01F0880S>01F0928S,20260902,121,251,255.0
2026-09-02 10:10:00,01F0880S,01F0928S,31,265,167,01F0880S>01F0928S,20260902,122,265,268.0
2026-09-02 10:15:00,01F0880S,01F0928S,31,265,176,01F0880S>01F0928S,20260902,123,265,290.6666666666667
2026-09-02 10:20:00,01F0880S,01F0928S,31,252,196,01F0880S>01F0928S,20260902,124,252,327.3333333333333
2026-09-02 10:25:00,01F0880S,01F0928S,31,248,178,01F0880S>01F0928S,20260902,125,248,352.6666666666667
2026-09-02 10:30:00,01F0880S,01F0928S,31,239,220,01F0880S>01F0928S,20260902,126,239,381.3333333333333
2026-09-02 10:35:00,01F0880S,01F0928S,31,236,177,01F0880S>01F0928S,20260902,127,236,400.6666666666667
2026-09-02 10:40:00,01F0880S,01F0928S,31,230,188,01F0880S>01F0928S,20260902,128,230,394.3333333333333
2026-09-02 10:45:00,01F0880S,01F0928S,31,182,182,01F0880S>01F0928S,20260902,129,182,397.3333333333333
2026-09-02 10:50:00,01F0880S,01F0928S,31,179,160,01F0880S>01F0928S,20260902,130,179,384.3333333333333
2026-09-02 10:55:00,01F0880S,01F0928S,31,185,174,01F0880S>01F0928S,20260902,131,185,331.3333333333333
2026-09-02 11:00:00,01F0880S,01F0928S,31,183,150,01F0880S>01F0928S,20260902,132,183,277.0
2026-09-02 11:05:00,01F0880S,01F0928S,31,186,172,01F0880S>01F0928S,20260902,133,186,269.3333333333333
2026-09-02 11:10:00,01F0880S,01F0928S,31,185,161,01F0880S>01F0928S,20260902,134,185,254.66666666666666
2026-09-02 11:15:00,01F0880S,01F0928S,31,177,132,01F0880S>01F0928S,20260902,135,177,252.33333333333334
2026-09-02 11:20:00,01F0880S,01F0928S,31,182,159,01F0880S>01F0928S,20260902,136,182,247.66666666666666
2026-09-02 11:25:00,01F0880S,01F0928S,31,179,157,01F0880S>01F0928S,20260902,137,179,245.33333333333334
2026-09-02 11:30:00,01F0880S,01F0928S,31,180,160,01F0880S>01F0928S,20260902,138,180,232.33333333333334
2026-09-02 11:35:00,01F0880S,01F0928S,31,179,153,01F0880S>01F0928S,20260902,139,179,223.0
2026-09-02 11:40:00,01F0880S,01F0928S,31,182,177,01F0880S>01F0928S,20260902,140,182,220.0
2026-09-02 11:45:00,01F0880S,01F0928S,31,184,131,01F0880S>01F0928S,20260902,141,184,287.3333333333333
2026-09-02 11:50:00,01F0880S,01F0928S,31,184,149,01F0880S>01F0928S,20260902,142,184,272.3333333333333
2026-09-02 11:55:00,01F0880S,01F0928S,31,181,160,01F0880S>01F0928S,20260902,143,181,206.66666666666666
2026-09-02 12:00:00,01F0880S,01F0928S,31,179,139,01F0880S>01F0928S,20260902,144,179,215.66666666666666
2026-09-02 12:05:00,01F0880S,01F0928S,31,183,132,01F0880S>01F0928S,20260902,145,183,207.0
2026-09-02 12:10:00,01F0880S,01F0928S,31,178,149,01F0880S>01F0928S,20260902,146,178,199.66666666666666
2026-09-02 12:15:00,01F0880S,01F0928S,31,179,146,01F0880S>01F0928S,20260902,147,179,215.0
2026-09-02 12:20:00,01F0880S,01F0928S,31,187,185,01F0880S>01F0928S,20260902,148,187,212.66666666666666
2026-09-02 12:25:00,01F0880S,01F0928S,31,176,131,01F0880S>01F0928S,20260902,149,176,216.66666666666666
2026-09-02 12:30:00,01F0880S,01F0928S,31,180,138,01F0880S>01F0928S,20260902,150,180,214.0
2026-09-02 12:35:00,01F0880S,01F0928S,31,189,182,01F0880S>01F0928S,20260902,151,189,198.0
2026-09-02 12:40:00,01F0880S,01F0928S,31,180,152,01F0880S>01F0928S,20260902,152,180,195.66666666666666
2026-09-02 12:45:00,01F0880S,01F0928S,31,186,168,01F0880S>01F0928S,20260902,153,186,202.33333333333334
2026-09-02 12:50:00,01F0880S,01F0928S,31,185,155,01F0880S>01F0928S,20260902,154,185,193.0
2026-09-02 12:55:00,01F0880S,01F0928S,31,179,175,01F0880S>01F0928S,20260902,155,179,180.66666666666666
2026-09-02 13:00:00,01F0880S,01F0928S,31,180,180,01F0880S>01F0928S,20260902,156,180,180.33333333333334
2026-09-02 13:05:00,01F0880S,01F0928S,31,187,171,01F0880S>01F0928S,20260902,157,187,176.66666666666666
2026-09-02 13:10:00,01F0880S,01F0928S,31,189,191,01F0880S>01F0928S,20260902,158,189,184.0
2026-09-02 13:15:00,01F0880S,01F0928S,31,180,124,01F0880S>01F0928S,20260902,159,180,178.0
2026-09-02 13:20:00,01F0880S,01F0928S,31,187,176,01F0880S>01F0928S,20260902,160,187,192.66666666666666
2026-09-02 13:25:00,01F0880S,01F0928S,31,194,158,01F0880S>01F0928S,20260902,161,194,199.33333333333334
2026-09-02 13:30:00,01F0880S,01F0928S,31,200,173,01F0880S>01F0928S,20260902,162,200,197.33333333333334
2026-09-02 13:35:00,01F0880S,01F0928S,31,193,164,01F0880S>01F0928S,20260902,163,193,191.66666666666666
2026-09-02 13:40:00,01F0880S,01F0928S,31,198,168,01F0880S>01F0928S,20260902,164,198,186.33333333333334
2026-09-02 13:45:00,01F0880S,01F0928S,31,185,158,01F0880S>01F0928S,20260902,165,185,192.0
2026-09-02 13:50:00,01F0880S,01F0928S,31,183,150,01F0880S>01F0928S,20260902,166,183,196.33333333333334
2026-09-02 13:55:00,01F0880S,01F0928S,31,185,153,01F0880S>01F0928S,20260902,167,185,209.66666666666666
2026-09-02 14:00:00,01F0880S,01F0928S,31,185,158,01F0880S>01F0928S,20260902,168,185,214.0
2026-09-02 14:05:00,01F0880S,01F0928S,31,189,137,01F0880S>01F0928S,20260902,169,189,226.0
2026-09-02 14:10:00,01F0880S,01F0928S,31,189,160,01F0880S>01F0928S,20260902,170,189,238.66666666666666
2026-09-02 14:15:00,01F0880S,01F0928S,31,200,152,01F0880S>01F0928S,20260902,171,200,246.0
2026-09-02 14:20:00,01F0880S,01F0928S,31,194,170,01F0880S>01F0928S,20260902,172,194,253.66666666666666
2026-09-02 14:25:00,01F0880S,01F0928S,31,188,118,01F0880S>01F0928S,20260902,173,188,262.0
2026-09-02 14:30:00,01F0880S,01F0928S,31,195,133,01F0880S>01F0928S,20260902,174,195,266.3333333333333
2026-09-02 14:35:00,01F0880S,01F0928S,31,190,174,01F0880S>01F0928S,20260902,175,190,252.66666666666666
2026-09-02 14:40:00,01F0880S,01F0928S,31,195,171,01F0880S>01F0928S,20260902,176,195,250.0
2026-09-02 14:45:00,01F0880S,01F0928S,31,207,198,01F0880S>01F0928S,20260902,177,207,238.0
2026-09-02 14:50:00,01F0880S,01F0928S,31,191,156,01F0880S>01F0928S,20260902,178,191,220.66666666666666
2026-09-02 14:55:00,01F0880S,01F0928S,31,190,156,01F0880S>01F0928S,20260902,179,190,192.66666666666666
2026-09-02 15:00:00,01F0880S,01F0928S,31,178,162,01F0880S>01F0928S,20260902,180,178,185.0
2026-09-02 15:05:00,01F0880S,01F0928S,31,184,143,01F0880S>01F0928S,20260902,181,184,184.66666666666666
2026-09-02 15:10:00,01F0880S,01F0928S,31,179,154,01F0880S>01F0928S,20260902,182,179,186.66666666666666
2026-09-02 15:15:00,01F0880S,01F0928S,31,183,166,01F0880S>01F0928S,20260902,183,183,185.33333333333334
2026-09-02 15:20:00,01F0880S,01F0928S,31,176,128,01F0880S>01F0928S,20260902,184,176,185.33333333333334
2026-09-02 15:25:00,01F0880S,01F0928S,31,181,164,01F0880S>01F0928S,20260902,185,181,186.33333333333334
2026-09-02 15:30:00,01F0880S,01F0928S,31,185,167,01F0880S>01F0928S,20260902,186,185,195.66666666666666
2026-09-02 15:35:00,01F0880S,01F0928S,31,177,151,01F0880S>01F0928S,20260902,187,177,201.0
2026-09-02 15:40:00,01F0880S,01F0928S,31,189,178,01F0880S>01F0928S,20260902,188,189,198.66666666666666
2026-09-02 15:45:00,01F0880S,01F0928S,31,184,158,01F0880S>01F0928S,20260902,189,184,198.33333333333334
2026-09-02 15:50:00,01F0880S,01F0928S,31,181,178,01F0880S>01F0928S,20260902,190,181,200.66666666666666
2026-09-02 15:55:00,01F0880S,01F0928S,31,183,149,01F0880S>01F0928S,20260902,191,183,209.0
2026-09-02 16:00:00,01F0880S,01F0928S,31,192,157,01F0880S>01F0928S,20260902,192,192,207.33333333333334
2026-09-02 16:05:00,01F0880S,01F0928S,31,194,163,01F0880S>01F0928S,20260902,193,194,218.0
2026-09-02 16:10:00,01F0880S,01F0928S,31,182,152,01F0880S>01F0928S,20260902,194,182,220.33333333333334
2026-09-02 16:15:00,01F0880S,01F0928S,31,208,191,01F0880S>01F0928S,20260902,195,208,234.0
2026-09-02 16:20:00,01F0880S,01F0928S,31,222,167,01F0880S>01F0928S,20260902,196,222,227.66666666666666
2026-09-02 16:25:00,01F0880S,01F0928S,31,256,182,01F0880S>01F0928S,20260902,197,256,235.66666666666666
2026-09-02 16:30:00,01F0880S,01F0928S,31,262,179,01F0880S>01F0928S,20260902,198,262,233.33333333333334
2026-09-02 16:35:00,01F0880S,01F0928S,31,269,169,01F0880S>01F0928S,20260902,199,269,224.33333333333334
2026-09-02 16:40:00,01F0880S,01F0928S,31,260,184,01F0880S>01F0928S,20260902,200,260,233.0
2026-09-02 16:45:00,01F0880S,01F0928S,31,251,205,01F0880S>01F0928S,20260902,201,251,246.66666666666666
2026-09-02 16:50:00,01F0880S,01F0928S,31,243,176,01F0880S>01F0928S,20260902,202,243,261.6666666666667
2026-09-02 16:55:00,01F0880S,01F0928S,31,254,166,01F0880S>01F0928S,20260902,203,254,266.3333333333333
2026-09-02 17:00:00,01F0880S,01F0928S,31,254,180,01F0880S>01F0928S,20260902,204,254,267.6666666666667
2026-09-02 17:05:00,01F0880S,01F0928S,31,267,201,01F0880S>01F0928S,20260902,205,267,256.3333333333333
2026-09-02 17:10:00,01F0880S,01F0928S,31,274,230,01F0880S>01F0928S,20260902,206,274,245.0
2026-09-02 17:15:00,01F0880S,01F0928S,31,275,266,01F0880S>01F0928S,20260902,207,275,268.6666666666667
2026-09-02 17:20:00,01F0880S,01F0928S,31,272,258,01F0880S>01F0928S,20260902,208,272,302.0
2026-09-02 17:25:00,01F0880S,01F0928S,31,258,275,01F0880S>01F0928S,20260902,209,258,323.0
2026-09-02 17:30:00,01F0880S,01F0928S,31,199,209,01F0880S>01F0928S,20260902,210,199,353.0
2026-09-02 17:35:00,01F0880S,01F0928S,31,191,188,01F0880S>01F0928S,20260902,211,191,373.3333333333333
2026-09-02 17:40:00,01F0880S,01F0928S,31,193,210,01F0880S>01F0928S,20260902,212,193,369.3333333333333
2026-09-02 17:45:00,01F0880S,01F0928S,31,214,218,01F0880S>01F0928S,20260902,213,214,344.6666666666667
2026-09-02 17:50:00,01F0880S,01F0928S,31,192,223,01F0880S>01F0928S,20260902,214,192,308.3333333333333
2026-09-02 17:55:00,01F0880S,01F0928S,31,194,193,01F0880S>01F0928S,20260902,215,194,297.0
2026-09-02 18:00:00,01F0880S,01F0928S,31,192,216,01F0880S>01F0928S,20260902,216,192,294.0
2026-09-02 18:05:00,01F0880S,01F0928S,31,190,213,01F0880S>01F0928S,20260902,217,190,285.6666666666667
2026-09-02 18:10:00,01F0880S,01F0928S,31,190,186,01F0880S>01F0928S,20260902,218,190,290.6666666666667
2026-09-02 18:15:00,01F0880S,01F0928S,31,195,194,01F0880S>01F0928S,20260902,219,195,280.3333333333333
2026-09-02 18:20:00,01F0880S,01F0928S,31,195,196,01F0880S>01F0928S,20260902,220,195,281.6666666666667
2026-09-02 18:25:00,01F0880S,01F0928S,31,217,187,01F0880S>01F0928S,20260902,221,217,281.0
2026-09-02 18:30:00,01F0880S,01F0928S,31,226,219,01F0880S>01F0928S,20260902,222,226,282.0
2026-09-02 18:35:00,01F0880S,01F0928S,31,201,208,01F0880S>01F0928S,20260902,223,201,263.0
2026-09-02 18:40:00,01F0880S,01F0928S,31,186,165,01F0880S>01F0928S,20260902,224,186,241.66666666666666
2026-09-02 18:45:00,01F0880S,01F0928S,31,205,224,01F0880S>01F0928S,20260902,225,205,239.66666666666666
2026-09-02 18:50:00,01F0880S,01F0928S,31,196,195,01F0880S>01F0928S,20260902,226,196,240.0
2026-09-02 18:55:00,01F0880S,01F0928S,31,189,174,01F0880S>01F0928S,20260902,227,189,233.33333333333334
2026-09-02 19:00:00,01F0880S,01F0928S,31,188,177,01F0880S>01F0928S,20260902,228,188,213.33333333333334
2026-09-02 19:05:00,01F0880S,01F0928S,31,190,188,01F0880S>01F0928S,20260902,229,190,195.33333333333334
2026-09-02 19:10:00,01F0880S,01F0928S,31,184,172,01F0880S>01F0928S,20260902,230,184,198.66666666666666
2026-09-02 19:15:00,01F0880S,01F0928S,31,179,177,01F0880S>01F0928S,20260902,231,179,186.0
2026-09-02 19:20:00,01F0880S,01F0928S,31,184,175,01F0880S>01F0928S,20260902,232,184,186.66666666666666
2026-09-02 19:25:00,01F0880S,01F0928S,31,187,155,01F0880S>01F0928S,20260902,233,187,184.66666666666666
2026-09-02 19:30:00,01F0880S,01F0928S,31,186,174,01F0880S>01F0928S,20260902,234,186,187.66666666666666
2026-09-02 19:35:00,01F0880S,01F0928S,31,181,140,01F0880S>01F0928S,20260902,235,181,186.33333333333334
2026-09-02 19:40:00,01F0880S,01F0928S,31,176,178,01F0880S>01F0928S,20260902,236,176,183.0
2026-09-02 19:45:00,01F0880S,01F0928S,31,181,169,01F0880S>01F0928S,20260902,237,181,179.0
2026-09-02 19:50:00,01F0880S,01F0928S,31,173,144,01F0880S>01F0928S,20260902,238,173,195.0
2026-09-02 19:55:00,01F0880S,01F0928S,31,179,152,01F0880S>01F0928S,20260902,239,179,190.33333333333334
2026-09-02 20:00:00,01F0880S,01F0928S,31,177,149,01F0880S>01F0928S,20260902,240,177,183.66666666666666
2026-09-02 20:05:00,01F0880S,01F0928S,31,175,134,01F0880S>01F0928S,20260902,241,175,192.66666666666666
2026-09-02 20:10:00,01F0880S,01F0928S,31,171,120,01F0880S>01F0928S,20260902,242,171,191.33333333333334
2026-09-02 20:15:00,01F0880S,01F0928S,31,174,132,01F0880S>01F0928S,20260902,243,174,190.0
2026-09-02 20:20:00,01F0880S,01F0928S,31,173,136,01F0880S>01F0928S,20260902,244,173,183.66666666666666
2026-09-02 20:25:00,01F0880S,01F0928S,31,174,115,01F0880S>01F0928S,20260902,245,174,184.33333333333334
2026-09-02 20:30:00,01F0880S,01F0928S,31,172,101,01F0880S>01F0928S,20260902,246,172,179.33333333333334
2026-09-02 20:35:00,01F0880S,01F0928S,31,171,113,01F0880S>01F0928S,20260902,247,171,174.33333333333334
2026-09-02 20:40:00,01F0880S,01F0928S,31,171,138,01F0880S>01F0928S,20260902,248,171,175.0
2026-09-02 20:45:00,01F0880S,01F0928S,31,173,143,01F0880S>01F0928S,20260902,249,173,175.33333333333334
2026-09-02 20:50:00,01F0880S,01F0928S,31,178,131,01F0880S>01F0928S,20260902,250,178,179.0
2026-09-02 20:55:00,01F0880S,01F0928S,31,168,99,01F0880S>01F0928S,20260902,251,168,200.0
2026-09-02 21:00:00,01F0880S,01F0928S,31,170,92,01F0880S>01F0928S,20260902,252,170,200.0
2026-09-02 21:05:00,01F0880S,01F0928S,31,169,106,01F0880S>01F0928S,20260902,253,169,198.66666666666666
2026-09-02 21:10:00,01F0880S,01F0928S,31,170,109,01F0880S>01F0928S,20260902,254,170,193.66666666666666
2026-09-02 21:15:00,01F0880S,01F0928S,31,173,105,01F0880S>01F0928S,20260902,255,173,180.33333333333334
2026-09-02 21:20:00,01F0880S,01F0928S,31,168,94,01F0880S>01F0928S,20260902,256,168,177.33333333333334
2026-09-02 21:25:00,01F0880S,01F0928S,31,169,109,01F0880S>01F0928S,20260902,257,169,174.0
2026-09-02 21:30:00,01F0880S,01F0928S,31,167,109,01F0880S>01F0928S,20260902,258,167,177.33333333333334
2026-09-02 21:35:00,01F0880S,01F0928S,31,170,103,01F0880S>01F0928S,20260902,259,170,178.66666666666666
2026-09-02 21:40:00,01F0880S,01F0928S,31,166,100,01F0880S>01F0928S,20260902,260,166,171.66666666666666
2026-09-02 21:45:00,01F0880S,01F0928S,31,171,98,01F0880S>01F0928S,20260902,261,171,173.66666666666666
2026-09-02 21:50:00,01F0880S,01F0928S,31,168,103,01F0880S>01F0928S,20260902,262,168,172.33333333333334
2026-09-02 21:55:00,01F0880S,01F0928S,31,168,87,01F0880S>01F0928S,20260902,263,168,174.66666666666666
2026-09-02 22:00:00,01F0880S,01F0928S,31,167,96,01F0880S>01F0928S,20260902,264,167,174.66666666666666
2026-09-02 22:05:00,01F0880S,01F0928S,31,164,106,01F0880S>01F0928S,20260902,265,164,172.66666666666666
2026-09-02 22:10:00,01F0880S,01F0928S,31,169,97,01F0880S>01F0928S,20260902,266,169,172.33333333333334
2026-09-02 22:15:00,01F0880S,01F0928S,31,174,108,01F0880S>01F0928S,20260902,267,174,169.66666666666666
2026-09-02 22:20:00,01F0880S,01F0928S,31,166,100,01F0880S>01F0928S,20260902,268,166,173.33333333333334
2026-09-02 22:25:00,01F0880S,01F0928S,31,167,84,01F0880S>01F0928S,20260902,269,167,170.33333333333334
2026-09-02 22:30:00,01F0880S,01F0928S,31,170,110,01F0880S>01F0928S,20260902,270,170,167.66666666666666
2026-09-02 22:35:00,01F0880S,01F0928S,31,166,87,01F0880S>01F0928S,20260902,271,166,171.33333333333334
2026-09-02 22:40:00,01F0880S,01F0928S,31,164,68,01F0880S>01F0928S,20260902,272,164,167.0
2026-09-02 22:45:00,01F0880S,01F0928S,31,169,82,01F0880S>01F0928S,20260902,273,169,167.33333333333334
2026-09-02 22:50:00,01F0880S,01F0928S,31,162,74,01F0880S>01F0928S,20260902,274,162,169.66666666666666
2026-09-02 22:55:00,01F0880S,01F0928S,31,166,72,01F0880S>01F0928S,20260902,275,166,167.33333333333334
2026-09-02 23:00:00,01F0880S,01F0928S,31,164,82,01F0880S>01F0928S,20260902,276,164,168.0
2026-09-02 23:05:00,01F0880S,01F0928S,31,164,73,01F0880S>01F0928S,20260902,277,164,166.33333333333334
2026-09-02 23:10:00,01F0880S,01F0928S,31,164,85,01F0880S>01F0928S,20260902,278,164,167.33333333333334
2026-09-02 23:15:00,01F0880S,01F0928S,31,165,76,01F0880S>01F0928S,20260902,279,165,165.33333333333334
2026-09-02 23:20:00,01F0880S,01F0928S,31,164,88,01F0880S>01F0928S,20260902,280,164,165.33333333333334
2026-09-02 23:25:00,01F0880S,01F0928S,31,165,84,01F0880S>01F0928S,20260902,281,165,163.0
2026-09-02 23:30:00,01F0880S,01F0928S,31,164,63,01F0880S>01F0928S,20260902,282,164,166.66666666666666
2026-09-02 23:35:00,01F0880S,01F0928S,31,165,65,01F0880S>01F0928S,20260902,283,165,164.33333333333334
2026-09-02 23:40:00,01F0880S,01F0928S,31,165,58,01F0880S>01F0928S,20260902,284,165,167.33333333333334
2026-09-02 23:45:00,01F0880S,01F0928S,31,163,56,01F0880S>01F0928S,20260902,285,163,165.33333333333334
2026-09-02 23:50:00,01F0880S,01F0928S,31,166,50,01F0880S>01F0928S,20260902,286,166,162.66666666666666
2026-09-02 23:55:00,01F0880S,01F0928S,31,162,44,01F0880S>01F0928S,20260902,287,162,162.0
2026-08-27 00:00:00,01F0928N,01F0880N,31,161,51,01F0928N>01F0880N,20260827,0,161,162.33333333333334
2026-08-27 00:05:00,01F0928N,01F0880N,31,165,40,01F0928N>01F0880N,20260827,1,165,163.66666666666666
2026-08-27 00:10:00,01F0928N,01F0880N,31,165,40,01F0928N>01F0880N,20260827,2,165,163.0
2026-08-27 00:15:00,01F0928N,01F0880N,31,162,50,01F0928N>01F0880N,20260827,3,162,163.66666666666666
2026-08-27 00:20:00,01F0928N,01F0880N,31,166,45,01F0928N>01F0880N,20260827,4,166,165.66666666666666
2026-08-27 00:25:00,01F0928N,01F0880N,31,163,52,01F0928N>01F0880N,20260827,5,163,164.66666666666666
2026-08-27 00:30:00,01F0928N,01F0880N,31,158,22,01F0928N>01F0880N,20260827,6,158,163.0
2026-08-27 00:35:00,01F0928N,01F0880N,31,166,25,01F0928N>01F0880N,20260827,7,166,166.0
2026-08-27 00:40:00,01F0928N,01F0880N,31,167,36,01F0928N>01F0880N,20260827,8,167,166.0
2026-08-27 00:45:00,01F0928N,01F0880N,31,169,34,01F0928N>01F0880N,20260827,9,169,164.66666666666666
2026-08-27 00:50:00,01F0928N,01F0880N,31,163,36,01F0928N>01F0880N,20260827,10,163,162.33333333333334
2026-08-27 00:55:00,01F0928N,01F0880N,31,161,28,01F0928N>01F0880N,20260827,11,161,164.0
2026-08-27 01:00:00,01F0928N,01F0880N,31,167,37,01F0928N>01F0880N,20260827,12,167,166.0
2026-08-27 01:05:00,01F0928N,01F0880N,31,164,23,01F0928N>01F0880N,20260827,13,164,164.66666666666666
2026-08-27 01:10:00,01F0928N,01F0880N,31,173,26,01F0928N>01F0880N,20260827,14,173,167.0
2026-08-27 01:15:00,01F0928N,01F0880N,31,167,31,01F0928N>01F0880N,20260827,15,167,166.66666666666666
2026-08-27 01:20:00,01F0928N,01F0880N,31,168,28,01F0928N>01F0880N,20260827,16,168,164.66666666666666
2026-08-27 01:25:00,01F0928N,01F0880N,31,171,25,01F0928N>01F0880N,20260827,17,171,169.66666666666666
2026-08-27 01:30:00,01F0928N,01F0880N,31,165,21,01F0928N>01F0880N,20260827,18,165,164.33333333333334
2026-08-27 01:35:00,01F0928N,01F0880N,31,165,28,01F0928N>01F0880N,20260827,19,165,162.66666666666666
2026-08-27 01:40:00,01F0928N,01F0880N,31,164,15,01F0928N>01F0880N,20260827,20,164,162.66666666666666
2026-08-27 01:45:00,01F0928N,01F0880N,31,165,20,01F0928N>01F0880N,20260827,21,165,161.66666666666666
2026-08-27 01:50:00,01F0928N,01F0880N,31,166,22,01F0928N>01F0880N,20260827,22,166,164.0
2026-08-27 01:55:00,01F0928N,01F0880N,31,167,32,01F0928N>01F0880N,20260827,23,167,163.66666666666666
2026-08-27 02:00:00,01F0928N,01F0880N,31,168,16,01F0928N>01F0880N,20260827,24,168,164.66666666666666
2026-08-27 02:05:00,01F0928N,01F0880N,31,164,17,01F0928N>01F0880N,20260827,25,164,164.66666666666666
2026-08-27 02:10:00,01F0928N,01F0880N,31,164,21,01F0928N>01F0880N,20260827,26,164,167.33333333333334
2026-08-27 02:15:00,01F0928N,01F0880N,31,169,17,01F0928N>01F0880N,20260827,27,169,165.66666666666666
2026-08-27 02:20:00,01F0928N,01F0880N,31,169,14,01F0928N>01F0880N,20260827,28,169,164.0
2026-08-27 02:25:00,01F0928N,01F0880N,31,169,34,01F0928N>01F0880N,20260827,29,169,166.33333333333334
2026-08-27 02:30:00,01F0928N,01F0880N,31,171,19,01F0928N>01F0880N,20260827,30,171,164.0
2026-08-27 02:35:00,01F0928N,01F0880N,31,160,15,01F0928N>01F0880N,20260827,31,160,162.66666666666666
2026-08-27 02:40:00,01F0928N,01F0880N,31,161,13,01F0928N>01F0880N,20260827,32,161,165.0
2026-08-27 02:45:00,01F0928N,01F0880N,31,162,23,01F0928N>01F0880N,20260827,33,162,164.66666666666666
2026-08-27 02:50:00,01F0928N,01F0880N,31,167,26,01F0928N>01F0880N,20260827,34,167,163.0
2026-08-27 02:55:00,01F0928N,01F0880N,31,161,23,01F0928N>01F0880N,20260827,35,161,161.66666666666666
2026-08-27 03:00:00,01F0928N,01F0880N,31,159,22,01F0928N>01F0880N,20260827,36,159,160.0
2026-08-27 03:05:00,01F0928N,01F0880N,31,165,34,01F0928N>01F0880N,20260827,37,165,161.66666666666666
2026-08-27 03:10:00,01F0928N,01F0880N,31,161,17,01F0928N>01F0880N,20260827,38,161,160.33333333333334
2026-08-27 03:15:00,01F0928N,01F0880N,31,165,24,01F0928N>01F0880N,20260827,39,165,163.66666666666666
2026-08-27 03:20:00,01F0928N,01F0880N,31,161,33,01F0928N>01F0880N,20260827,40,161,159.66666666666666
2026-08-27 03:25:00,01F0928N,01F0880N,31,164,22,01F0928N>01F0880N,20260827,41,164,162.33333333333334
2026-08-27 03:30:00,01F0928N,01F0880N,31,162,32,01F0928N>01F0880N,20260827,42,162,163.0
2026-08-27 03:35:00,01F0928N,01F0880N,31,162,17,01F0928N>01F0880N,20260827,43,162,164.33333333333334
2026-08-27 03:40:00,01F0928N,01F0880N,31,159,28,01F0928N>01F0880N,20260827,44,159,160.0
2026-08-27 03:45:00,01F0928N,01F0880N,31,163,28,01F0928N>01F0880N,20260827,45,163,164.66666666666666
2026-08-27 03:50:00,01F0928N,01F0880N,31,165,20,01F0928N>01F0880N,20260827,46,165,162.0
2026-08-27 03:55:00,01F0928N,01F0880N,31,162,30,01F0928N>01F0880N,20260827,47,162,159.66666666666666
2026-08-27 04:00:00,01F0928N,01F0880N,31,160,33,01F0928N>01F0880N,20260827,48,160,161.33333333333334
2026-08-27 04:05:00,01F0928N,01F0880N,31,161,30,01F0928N>01F0880N,20260827,49,161,160.66666666666666
2026-08-27 04:10:00,01F0928N,01F0880N,31,162,30,01F0928N>01F0880N,20260827,50,162,162.0
2026-08-27 04:15:00,01F0928N,01F0880N,31,162,39,01F0928N>01F0880N,20260827,51,162,161.0
2026-08-27 04:20:00,01F0928N,01F0880N,31,163,42,01F0928N>01F0880N,20260827,52,163,162.66666666666666
2026-08-27 04:25:00,01F0928N,01F0880N,31,161,35,01F0928N>01F0880N,20260827,53,161,163.66666666666666
2026-08-27 04:30:00,01F0928N,01F0880N,31,162,38,01F0928N>01F0880N,20260827,54,162,162.33333333333334
2026-08-27 04:35:00,01F0928N,01F0880N,31,162,30,01F0928N>01F0880N,20260827,55,162,161.66666666666666
2026-08-27 04:40:00,01F0928N,01F0880N,31,164,41,01F0928N>01F0880N,20260827,56,164,165.66666666666666
2026-08-27 04:45:00,01F0928N,01F0880N,31,162,31,01F0928N>01F0880N,20260827,57,162,163.0
2026-08-27 04:50:00,01F0928N,01F0880N,31,164,41,01F0928N>01F0880N,20260827,58,164,162.66666666666666
2026-08-27 04:55:00,01F0928N,01F0880N,31,163,37,01F0928N>01F0880N,20260827,59,163,162.66666666666666
2026-08-27 05:00:00,01F0928N,01F0880N,31,160,55,01F0928N>01F0880N,20260827,60,160,162.33333333333334
2026-08-27 05:05:00,01F0928N,01F0880N,31,165,54,01F0928N>01F0880N,20260827,61,165,164.0
2026-08-27 05:10:00,01F0928N,01F0880N,31,160,36,01F0928N>01F0880N,20260827,62,160,160.66666666666666
2026-08-27 05:15:00,01F0928N,01F0880N,31,163,48,01F0928N>01F0880N,20260827,63,163,162.66666666666666
2026-08-27 05:20:00,01F0928N,01F0880N,31,160,61,01F0928N>01F0880N,20260827,64,160,161.0
2026-08-27 05:25:00,01F0928N,01F0880N,31,162,46,01F0928N>01F0880N,20260827,65,162,162.0
2026-08-27 05:30:00,01F0928N,01F0880N,31,164,44,01F0928N>01F0880N,20260827,66,164,163.0
2026-08-27 05:35:00,01F0928N,01F0880N,31,156,46,01F0928N>01F0880N,20260827,67,156,159.66666666666666
2026-08-27 05:40:00,01F0928N,01F0880N,31,161,70,01F0928N>01F0880N,20260827,68,161,160.33333333333334
2026-08-27 05:45:00,01F0928N,01F0880N,31,159,54,01F0928N>01F0880N,20260827,69,159,160.66666666666666
2026-08-27 05:50:00,01F0928N,01F0880N,31,160,52,01F0928N>01F0880N,20260827,70,160,161.66666666666666
2026-08-27 05:55:00,01F0928N,01F0880N,31,162,67,01F0928N>01F0880N,20260827,71,162,162.0
2026-08-27 06:00:00,01F0928N,01F0880N,31,157,67,01F0928N>01F0880N,20260827,72,157,160.33333333333334
2026-08-27 06:05:00,01F0928N,01F0880N,31,162,97,01F0928N>01F0880N,20260827,73,162,162.33333333333334
2026-08-27 06:10:00,01F0928N,01F0880N,31,160,98,01F0928N>01F0880N,20260827,74,160,163.0
2026-08-27 06:15:00,01F0928N,01F0880N,31,169,96,01F0928N>01F0880N,20260827,75,169,166.33333333333334
2026-08-27 06:20:00,01F0928N,01F0880N,31,164,100,01F0928N>01F0880N,20260827,76,164,166.0
2026-08-27 06:25:00,01F0928N,01F0880N,31,168,122,01F0928N>01F0880N,20260827,77,168,167.33333333333334
2026-08-27 06:30:00,01F0928N,01F0880N,31,167,116,01F0928N>01F0880N,20260827,78,167,168.66666666666666
2026-08-27 06:35:00,01F0928N,01F0880N,31,166,129,01F0928N>01F0880N,20260827,79,166,168.33333333333334
2026-08-27 06:40:00,01F0928N,01F0880N,31,167,166,01F0928N>01F0880N,20260827,80,167,170.0
2026-08-27 06:45:00,01F0928N,01F0880N,31,171,177,01F0928N>01F0880N,20260827,81,171,175.33333333333334
2026-08-27 06:50:00,01F0928N,01F0880N,31,177,192,01F0928N>01F0880N,20260827,82,177,178.66666666666666
2026-08-27 06:55:00,01F0928N,01F0880N,31,178,188,01F0928N>01F0880N,20260827,83,178,181.66666666666666
2026-08-27 07:00:00,01F0928N,01F0880N,31,180,218,01F0928N>01F0880N,20260827,84,180,182.33333333333334
2026-08-27 07:05:00,01F0928N,01F0880N,31,188,183,01F0928N>01F0880N,20260827,85,188,187.0
2026-08-27 07:10:00,01F0928N,01F0880N,31,189,216,01F0928N>01F0880N,20260827,86,189,191.33333333333334
2026-08-27 07:15:00,01F0928N,01F0880N,31,178,181,01F0928N>01F0880N,20260827,87,178,184.0
2026-08-27 07:20:00,01F0928N,01F0880N,31,182,203,01F0928N>01F0880N,20260827,88,182,184.66666666666666
2026-08-27 07:25:00,01F0928N,01F0880N,31,199,233,01F0928N>01F0880N,20260827,89,199,193.0
2026-08-27 07:30:00,01F0928N,01F0880N,31,186,196,01F0928N>01F0880N,20260827,90,186,188.0
2026-08-27 07:35:00,01F0928N,01F0880N,31,181,198,01F0928N>01F0880N,20260827,91,181,185.0
2026-08-27 07:40:00,01F0928N,01F0880N,31,189,204,01F0928N>01F0880N,20260827,92,189,188.0
2026-08-27 07:45:00,01F0928N,01F0880N,31,181,195,01F0928N>01F0880N,20260827,93,181,184.0
2026-08-27 07:50:00,01F0928N,01F0880N,31,190,196,01F0928N>01F0880N,20260827,94,190,192.33333333333334
2026-08-27 07:55:00,01F0928N,01F0880N,31,188,178,01F0928N>01F0880N,20260827,95,188,200.0
2026-08-27 08:00:00,01F0928N,01F0880N,31,182,181,01F0928N>01F0880N,20260827,96,182,198.0
2026-08-27 08:05:00,01F0928N,01F0880N,31,187,187,01F0928N>01F0880N,20260827,97,187,203.33333333333334
2026-08-27 08:10:00,01F0928N,01F0880N,31,178,181,01F0928N>01F0880N,20260827,98,178,199.66666666666666
2026-08-27 08:15:00,01F0928N,01F0880N,31,194,169,01F0928N>01F0880N,20260827,99,194,207.33333333333334
2026-08-27 08:20:00,01F0928N,01F0880N,31,171,138,01F0928N>01F0880N,20260827,100,171,204.0
2026-08-27 08:25:00,01F0928N,01F0880N,31,173,149,01F0928N>01F0880N,20260827,101,173,202.0
2026-08-27 08:30:00,01F0928N,01F0880N,31,175,141,01F0928N>01F0880N,20260827,102,175,204.33333333333334
2026-08-27 08:35:00,01F0928N,01F0880N,31,176,147,01F0928N>01F0880N,20260827,103,176,199.66666666666666
2026-08-27 08:40:00,01F0928N,01F0880N,31,180,146,01F0928N>01F0880N,20260827,104,180,191.66666666666666
2026-08-27 08:45:00,01F0928N,01F0880N,31,178,159,01F0928N>01F0880N,20260827,105,178,202.0
2026-08-27 08:50:00,01F0928N,01F0880N,31,178,150,01F0928N>01F0880N,20260827,106,178,218.0
2026-08-27 08:55:00,01F0928N,01F0880N,31,186,146,01F0928N>01F0880N,20260827,107,186,224.66666666666666
2026-08-27 09:00:00,01F0928N,01F0880N,31,200,150,01F0928N>01F0880N,20260827,108,200,229.66666666666666
2026-08-27 09:05:00,01F0928N,01F0880N,31,233,162,01F0928N>01F0880N,20260827,109,233,236.66666666666666
2026-08-27 09:10:00,01F0928N,01F0880N,31,235,173,01F0928N>01F0880N,20260827,110,235,224.66666666666666
2026-08-27 09:15:00,01F0928N,01F0880N,31,191,180,01F0928N>01F0880N,20260827,111,191,214.66666666666666
2026-08-27 09:20:00,01F0928N,01F0880N,31,185,170,01F0928N>01F0880N,20260827,112,185,208.0
2026-08-27 09:25:00,01F0928N,01F0880N,31,175,145,01F0928N>01F0880N,20260827,113,175,206.0
2026-08-27 09:30:00,01F0928N,01F0880N,31,191,148,01F0928N>01F0880N,20260827,114,191,201.0
2026-08-27 09:35:00,01F0928N,01F0880N,31,182,143,01F0928N>01F0880N,20260827,115,182,196.33333333333334
2026-08-27 09:40:00,01F0928N,01F0880N,31,181,166,01F0928N>01F0880N,20260827,116,181,193.66666666666666
2026-08-27 09:45:00,01F0928N,01F0880N,31,194,150,01F0928N>01F0880N,20260827,117,194,195.0
2026-08-27 09:50:00,01F0928N,01F0880N,31,199,178,01F0928N>01F0880N,20260827,118,199,188.33333333333334
2026-08-27 09:55:00,01F0928N,01F0880N,31,176,148,01F0928N>01F0880N,20260827,119,176,179.66666666666666
2026-08-27 10:00:00,01F0928N,01F0880N,31,181,166,01F0928N>01F0880N,20260827,120,181,183.66666666666666
2026-08-27 10:05:00,01F0928N,01F0880N,31,176,166,01F0928N>01F0880N,20260827,121,176,185.0
2026-08-27 10:10:00,01F0928N,01F0880N,31,173,145,01F0928N>01F0880N,20260827,122,173,184.66666666666666
2026-08-27 10:15:00,01F0928N,01F0880N,31,182,170,01F0928N>01F0880N,20260827,123,182,188.33333333333334
2026-08-27 10:20:00,01F0928N,01F0880N,31,175,149,01F0928N>01F0880N,20260827,124,175,187.66666666666666
2026-08-27 10:25:00,01F0928N,01F0880N,31,189,167,01F0928N>01F0880N,20260827,125,189,186.33333333333334
2026-08-27 10:30:00,01F0928N,01F0880N,31,190,153,01F0928N>01F0880N,20260827,126,190,187.0
2026-08-27 10:35:00,01F0928N,01F0880N,31,186,172,01F0928N>01F0880N,20260827,127,186,185.66666666666666
2026-08-27 10:40:00,01F0928N,01F0880N,31,176,165,01F0928N>01F0880N,20260827,128,176,187.66666666666666
2026-08-27 10:45:00,01F0928N,01F0880N,31,187,181,01F0928N>01F0880N,20260827,129,187,182.66666666666666
2026-08-27 10:50:00,01F0928N,01F0880N,31,177,166,01F0928N>01F0880N,20260827,130,177,184.66666666666666
2026-08-27 10:55:00,01F0928N,01F0880N,31,182,166,01F0928N>01F0880N,20260827,131,182,189.33333333333334
2026-08-27 11:00:00,01F0928N,01F0880N,31,187,166,01F0928N>01F0880N,20260827,132,187,193.66666666666666
2026-08-27 11:05:00,01F0928N,01F0880N,31,181,161,01F0928N>01F0880N,20260827,133,181,188.33333333333334
2026-08-27 11:10:00,01F0928N,01F0880N,31,182,158,01F0928N>01F0880N,20260827,134,182,181.33333333333334
2026-08-27 11:15:00,01F0928N,01F0880N,31,182,177,01F0928N>01F0880N,20260827,135,182,186.66666666666666
2026-08-27 11:20:00,01F0928N,01F0880N,31,181,169,01F0928N>01F0880N,20260827,136,181,183.33333333333334
2026-08-27 11:25:00,01F0928N,01F0880N,31,185,169,01F0928N>01F0880N,20260827,137,185,181.66666666666666
2026-08-27 11:30:00,01F0928N,01F0880N,31,180,153,01F0928N>01F0880N,20260827,138,180,182.66666666666666
2026-08-27 11:35:00,01F0928N,01F0880N,31,180,147,01F0928N>01F0880N,20260827,139,180,181.66666666666666
2026-08-27 11:40:00,01F0928N,01F0880N,31,187,151,01F0928N>01F0880N,20260827,140,187,186.0
2026-08-27 11:45:00,01F0928N,01F0880N,31,188,169,01F0928N>01F0880N,20260827,141,188,184.66666666666666
2026-08-27 11:50:00,01F0928N,01F0880N,31,178,155,01F0928N>01F0880N,20260827,142,178,178.33333333333334
2026-08-27 11:55:00,01F0928N,01F0880N,31,184,159,01F0928N>01F0880N,20260827,143,184,185.0
2026-08-27 12:00:00,01F0928N,01F0880N,31,177,146,01F0928N>01F0880N,20260827,144,177,181.33333333333334
2026-08-27 12:05:00,01F0928N,01F0880N,31,175,131,01F0928N>01F0880N,20260827,145,175,181.66666666666666
2026-08-27 12:10:00,01F0928N,01F0880N,31,177,179,01F0928N>01F0880N,20260827,146,177,181.66666666666666
2026-08-27 12:15:00,01F0928N,01F0880N,31,185,174,01F0928N>01F0880N,20260827,147,185,182.33333333333334
2026-08-27 12:20:00,01F0928N,01F0880N,31,195,183,01F0928N>01F0880N,20260827,148,195,188.0
2026-08-27 12:25:00,01F0928N,01F0880N,31,184,188,01F0928N>01F0880N,20260827,149,184,188.0
2026-08-27 12:30:00,01F0928N,01F0880N,31,178,157,01F0928N>01F0880N,20260827,150,178,190.66666666666666
2026-08-27 12:35:00,01F0928N,01F0880N,31,184,163,01F0928N>01F0880N,20260827,151,184,191.66666666666666
2026-08-27 12:40:00,01F0928N,01F0880N,31,179,182,01F0928N>01F0880N,20260827,152,179,184.33333333333334
2026-08-27 12:45:00,01F0928N,01F0880N,31,178,168,01F0928N>01F0880N,20260827,153,178,184.33333333333334
2026-08-27 12:50:00,01F0928N,01F0880N,31,174,154,01F0928N>01F0880N,20260827,154,174,178.66666666666666
2026-08-27 12:55:00,01F0928N,01F0880N,31,183,161,01F0928N>01F0880N,20260827,155,183,183.0
2026-08-27 13:00:00,01F0928N,01F0880N,31,180,164,01F0928N>01F0880N,20260827,156,180,181.33333333333334
2026-08-27 13:05:00,01F0928N,01F0880N,31,184,163,01F0928N>01F0880N,20260827,157,184,186.0
2026-08-27 13:10:00,01F0928N,01F0880N,31,179,73,01F0928N>01F0880N,20260827,158,179,185.33333333333334
2026-08-27 13:15:00,01F0928N,01F0880N,31,177,121,01F0928N>01F0880N,20260827,159,177,186.0
2026-08-27 13:20:00,01F0928N,01F0880N,31,204,181,01F0928N>01F0880N,20260827,160,204,190.66666666666666
2026-08-27 13:25:00,01F0928N,01F0880N,31,206,195,01F0928N>01F0880N,20260827,161,206,193.33333333333334
2026-08-27 13:30:00,01F0928N,01F0880N,31,205,162,01F0928N>01F0880N,20260827,162,205,199.33333333333334
2026-08-27 13:35:00,01F0928N,01F0880N,31,203,185,01F0928N>01F0880N,20260827,163,203,197.33333333333334
2026-08-27 13:40:00,01F0928N,01F0880N,31,213,191,01F0928N>01F0880N,20260827,164,213,200.66666666666666
2026-08-27 13:45:00,01F0928N,01F0880N,31,200,169,01F0928N>01F0880N,20260827,165,200,193.0
2026-08-27 13:50:00,01F0928N,01F0880N,31,202,170,01F0928N>01F0880N,20260827,166,202,196.33333333333334
2026-08-27 13:55:00,01F0928N,01F0880N,31,200,174,01F0928N>01F0880N,20260827,167,200,194.66666666666666
2026-08-27 14:00:00,01F0928N,01F0880N,31,203,191,01F0928N>01F0880N,20260827,168,203,194.0
2026-08-27 14:05:00,01F0928N,01F0880N,31,210,196,01F0928N>01F0880N,20260827,169,210,202.33333333333334
2026-08-27 14:10:00,01F0928N,01F0880N,31,200,188,01F0928N>01F0880N,20260827,170,200,198.0
2026-08-27 14:15:00,01F0928N,01F0880N,31,202,193,01F0928N>01F0880N,20260827,171,202,193.33333333333334
2026-08-27 14:20:00,01F0928N,01F0880N,31,186,195,01F0928N>01F0880N,20260827,172,186,190.66666666666666
2026-08-27 14:25:00,01F0928N,01F0880N,31,194,178,01F0928N>01F0880N,20260827,173,194,197.66666666666666
2026-08-27 14:30:00,01F0928N,01F0880N,31,207,203,01F0928N>01F0880N,20260827,174,207,200.0
2026-08-27 14:35:00,01F0928N,01F0880N,31,206,187,01F0928N>01F0880N,20260827,175,206,194.0
2026-08-27 14:40:00,01F0928N,01F0880N,31,212,192,01F0928N>01F0880N,20260827,176,212,203.33333333333334
2026-08-27 14:45:00,01F0928N,01F0880N,31,209,170,01F0928N>01F0880N,20260827,177,209,202.0
2026-08-27 14:50:00,01F0928N,01F0880N,31,203,184,01F0928N>01F0880N,20260827,178,203,205.0
2026-08-27 14:55:00,01F0928N,01F0880N,31,205,202,01F0928N>01F0880N,20260827,179,205,210.0
2026-08-27 15:00:00,01F0928N,01F0880N,31,198,179,01F0928N>01F0880N,20260827,180,198,207.66666666666666
2026-08-27 15:05:00,01F0928N,01F0880N,31,201,190,01F0928N>01F0880N,20260827,181,201,205.33333333333334
2026-08-27 15:10:00,01F0928N,01F0880N,31,202,228,01F0928N>01F0880N,20260827,182,202,206.0
2026-08-27 15:15:00,01F0928N,01F0880N,31,195,187,01F0928N>01F0880N,20260827,183,195,206.0
2026-08-27 15:20:00,01F0928N,01F0880N,31,198,194,01F0928N>01F0880N,20260827,184,198,202.66666666666666
2026-08-27 15:25:00,01F0928N,01F0880N,31,207,210,01F0928N>01F0880N,20260827,185,207,203.66666666666666
2026-08-27 15:30:00,01F0928N,01F0880N,31,204,198,01F0928N>01F0880N,20260827,186,204,193.66666666666666
2026-08-27 15:35:00,01F0928N,01F0880N,31,203,220,01F0928N>01F0880N,20260827,187,203,192.66666666666666
2026-08-27 15:40:00,01F0928N,01F0880N,31,199,206,01F0928N>01F0880N,20260827,188,199,201.66666666666666
2026-08-27 15:45:00,01F0928N,01F0880N,31,200,195,01F0928N>01F0880N,20260827,189,200,206.66666666666666
2026-08-27 15:50:00,01F0928N,01F0880N,31,205,217,01F0928N>01F0880N,20260827,190,205,211.33333333333334
2026-08-27 15:55:00,01F0928N,01F0880N,31,212,208,01F0928N>01F0880N,20260827,191,212,212.66666666666666
2026-08-27 16:00:00,01F0928N,01F0880N,31,207,213,01F0928N>01F0880N,20260827,192,207,208.33333333333334
2026-08-27 16:05:00,01F0928N,01F0880N,31,205,255,01F0928N>01F0880N,20260827,193,205,204.33333333333334
2026-08-27 16:10:00,01F0928N,01F0880N,31,200,224,01F0928N>01F0880N,20260827,194,200,211.33333333333334
2026-08-27 16:15:00,01F0928N,01F0880N,31,207,229,01F0928N>01F0880N,20260827,195,207,219.0
2026-08-27 16:20:00,01F0928N,01F0880N,31,211,252,01F0928N>01F0880N,20260827,196,211,213.0
2026-08-27 16:25:00,01F0928N,01F0880N,31,210,232,01F0928N>01F0880N,20260827,197,210,211.66666666666666
2026-08-27 16:30:00,01F0928N,01F0880N,31,212,231,01F0928N>01F0880N,20260827,198,212,219.0
2026-08-27 16:35:00,01F0928N,01F0880N,31,224,232,01F0928N>01F0880N,20260827,199,224,225.0
2026-08-27 16:40:00,01F0928N,01F0880N,31,221,267,01F0928N>01F0880N,20260827,200,221,218.0
2026-08-27 16:45:00,01F0928N,01F0880N,31,212,249,01F0928N>01F0880N,20260827,201,212,209.0
2026-08-27 16:50:00,01F0928N,01F0880N,31,196,256,01F0928N>01F0880N,20260827,202,196,220.0
2026-08-27 16:55:00,01F0928N,01F0880N,31,198,236,01F0928N>01F0880N,20260827,203,198,220.0
2026-08-27 17:00:00,01F0928N,01F0880N,31,203,248,01F0928N>01F0880N,20260827,204,203,207.66666666666666
2026-08-27 17:05:00,01F0928N,01F0880N,31,205,245,01F0928N>01F0880N,20260827,205,205,210.0
2026-08-27 17:10:00,01F0928N,01F0880N,31,201,260,01F0928N>01F0880N,20260827,206,201,203.33333333333334
2026-08-27 17:15:00,01F0928N,01F0880N,31,198,262,01F0928N>01F0880N,20260827,207,198,202.66666666666666
2026-08-27 17:20:00,01F0928N,01F0880N,31,205,241,01F0928N>01F0880N,20260827,208,205,205.33333333333334
2026-08-27 17:25:00,01F0928N,01F0880N,31,206,248,01F0928N>01F0880N,20260827,209,206,205.66666666666666
2026-08-27 17:30:00,01F0928N,01F0880N,31,202,231,01F0928N>01F0880N,20260827,210,202,202.0
2026-08-27 17:35:00,01F0928N,01F0880N,31,194,233,01F0928N>01F0880N,20260827,211,194,205.0
2026-08-27 17:40:00,01F0928N,01F0880N,31,201,233,01F0928N>01F0880N,20260827,212,201,204.66666666666666
2026-08-27 17:45:00,01F0928N,01F0880N,31,197,232,01F0928N>01F0880N,20260827,213,197,202.33333333333334
2026-08-27 17:50:00,01F0928N,01F0880N,31,204,254,01F0928N>01F0880N,20260827,214,204,208.66666666666666
2026-08-27 17:55:00,01F0928N,01F0880N,31,200,231,01F0928N>01F0880N,20260827,215,200,209.33333333333334
2026-08-27 18:00:00,01F0928N,01F0880N,31,205,243,01F0928N>01F0880N,20260827,216,205,222.0
2026-08-27 18:05:00,01F0928N,01F0880N,31,208,214,01F0928N>01F0880N,20260827,217,208,228.0
2026-08-27 18:10:00,01F0928N,01F0880N,31,208,234,01F0928N>01F0880N,20260827,218,208,222.66666666666666
2026-08-27 18:15:00,01F0928N,01F0880N,31,205,231,01F0928N>01F0880N,20260827,219,205,215.0
2026-08-27 18:20:00,01F0928N,01F0880N,31,210,235,01F0928N>01F0880N,20260827,220,210,214.66666666666666
2026-08-27 18:25:00,01F0928N,01F0880N,31,207,221,01F0928N>01F0880N,20260827,221,207,217.0
2026-08-27 18:30:00,01F0928N,01F0880N,31,203,228,01F0928N>01F0880N,20260827,222,203,215.33333333333334
2026-08-27 18:35:00,01F0928N,01F0880N,31,210,201,01F0928N>01F0880N,20260827,223,210,214.33333333333334
2026-08-27 18:40:00,01F0928N,01F0880N,31,216,217,01F0928N>01F0880N,20260827,224,216,216.0
2026-08-27 18:45:00,01F0928N,01F0880N,31,216,205,01F0928N>01F0880N,20260827,225,216,218.66666666666666
2026-08-27 18:50:00,01F0928N,01F0880N,31,215,214,01F0928N>01F0880N,20260827,226,215,216.66666666666666
2026-08-27 18:55:00,01F0928N,01F0880N,31,206,208,01F0928N>01F0880N,20260827,227,206,215.66666666666666
2026-08-27 19:00:00,01F0928N,01F0880N,31,197,215,01F0928N>01F0880N,20260827,228,197,215.66666666666666
2026-08-27 19:05:00,01F0928N,01F0880N,31,198,203,01F0928N>01F0880N,20260827,229,198,209.33333333333334
2026-08-27 19:10:00,01F0928N,01F0880N,31,208,227,01F0928N>01F0880N,20260827,230,208,203.33333333333334
2026-08-27 19:15:00,01F0928N,01F0880N,31,202,231,01F0928N>01F0880N,20260827,231,202,203.0
2026-08-27 19:20:00,01F0928N,01F0880N,31,206,232,01F0928N>01F0880N,20260827,232,206,210.0
2026-08-27 19:25:00,01F0928N,01F0880N,31,203,196,01F0928N>01F0880N,20260827,233,203,203.33333333333334
2026-08-27 19:30:00,01F0928N,01F0880N,31,197,230,01F0928N>01F0880N,20260827,234,197,200.66666666666666
2026-08-27 19:35:00,01F0928N,01F0880N,31,199,201,01F0928N>01F0880N,20260827,235,199,203.66666666666666
2026-08-27 19:40:00,01F0928N,01F0880N,31,203,219,01F0928N>01F0880N,20260827,236,203,196.33333333333334
2026-08-27 19:45:00,01F0928N,01F0880N,31,203,217,01F0928N>01F0880N,20260827,237,203,195.66666666666666
2026-08-27 19:50:00,01F0928N,01F0880N,31,204,218,01F0928N>01F0880N,20260827,238,204,197.0
2026-08-27 19:55:00,01F0928N,01F0880N,31,206,223,01F0928N>01F0880N,20260827,239,206,196.66666666666666
2026-08-27 20:00:00,01F0928N,01F0880N,31,192,206,01F0928N>01F0880N,20260827,240,192,190.66666666666666
2026-08-27 20:05:00,01F0928N,01F0880N,31,181,174,01F0928N>01F0880N,20260827,241,181,187.33333333333334
2026-08-27 20:10:00,01F0928N,01F0880N,31,191,169,01F0928N>01F0880N,20260827,242,191,187.33333333333334
2026-08-27 20:15:00,01F0928N,01F0880N,31,180,176,01F0928N>01F0880N,20260827,243,180,184.0
2026-08-27 20:20:00,01F0928N,01F0880N,31,183,192,01F0928N>01F0880N,20260827,244,183,185.66666666666666
2026-08-27 20:25:00,01F0928N,01F0880N,31,183,170,01F0928N>01F0880N,20260827,245,183,181.0
2026-08-27 20:30:00,01F0928N,01F0880N,31,177,167,01F0928N>01F0880N,20260827,246,177,180.0
2026-08-27 20:35:00,01F0928N,01F0880N,31,180,163,01F0928N>01F0880N,20260827,247,180,184.0
2026-08-27 20:40:00,01F0928N,01F0880N,31,176,188,01F0928N>01F0880N,20260827,248,176,178.33333333333334
2026-08-27 20:45:00,01F0928N,01F0880N,31,178,149,01F0928N>01F0880N,20260827,249,178,179.0
2026-08-27 20:50:00,01F0928N,01F0880N,31,173,156,01F0928N>01F0880N,20260827,250,173,179.33333333333334
2026-08-27 20:55:00,01F0928N,01F0880N,31,175,139,01F0928N>01F0880N,20260827,251,175,178.66666666666666
2026-08-27 21:00:00,01F0928N,01F0880N,31,175,169,01F0928N>01F0880N,20260827,252,175,181.0
2026-08-27 21:05:00,01F0928N,01F0880N,31,170,158,01F0928N>01F0880N,20260827,253,170,177.33333333333334
2026-08-27 21:10:00,01F0928N,01F0880N,31,173,162,01F0928N>01F0880N,20260827,254,173,176.66666666666666
2026-08-27 21:15:00,01F0928N,01F0880N,31,169,142,01F0928N>01F0880N,20260827,255,169,178.33333333333334
2026-08-27 21:20:00,01F0928N,01F0880N,31,172,149,01F0928N>01F0880N,20260827,256,172,180.0
2026-08-27 21:25:00,01F0928N,01F0880N,31,173,156,01F0928N>01F0880N,20260827,257,173,178.66666666666666
2026-08-27 21:30:00,01F0928N,01F0880N,31,175,140,01F0928N>01F0880N,20260827,258,175,176.66666666666666
2026-08-27 21:35:00,01F0928N,01F0880N,31,171,136,01F0928N>01F0880N,20260827,259,171,173.66666666666666
2026-08-27 21:40:00,01F0928N,01F0880N,31,167,118,01F0928N>01F0880N,20260827,260,167,172.0
2026-08-27 21:45:00,01F0928N,01F0880N,31,170,110,01F0928N>01F0880N,20260827,261,170,174.0
2026-08-27 21:50:00,01F0928N,01F0880N,31,166,143,01F0928N>01F0880N,20260827,262,166,170.33333333333334
2026-08-27 21:55:00,01F0928N,01F0880N,31,172,121,01F0928N>01F0880N,20260827,263,172,174.33333333333334
2026-08-27 22:00:00,01F0928N,01F0880N,31,175,118,01F0928N>01F0880N,20260827,264,175,176.0
2026-08-27 22:05:00,01F0928N,01F0880N,31,166,94,01F0928N>01F0880N,20260827,265,166,170.0
2026-08-27 22:10:00,01F0928N,01F0880N,31,168,126,01F0928N>01F0880N,20260827,266,168,170.33333333333334
2026-08-27 22:15:00,01F0928N,01F0880N,31,167,128,01F0928N>01F0880N,20260827,267,167,168.66666666666666
2026-08-27 22:20:00,01F0928N,01F0880N,31,169,111,01F0928N>01F0880N,20260827,268,169,172.33333333333334
2026-08-27 22:25:00,01F0928N,01F0880N,31,167,99,01F0928N>01F0880N,20260827,269,167,169.33333333333334
2026-08-27 22:30:00,01F0928N,01F0880N,31,168,118,01F0928N>01F0880N,20260827,270,168,168.0
2026-08-27 22:35:00,01F0928N,01F0880N,31,164,67,01F0928N>01F0880N,20260827,271,164,167.33333333333334
2026-08-27 22:40:00,01F0928N,01F0880N,31,167,86,01F0928N>01F0880N,20260827,272,167,168.66666666666666
2026-08-27 22:45:00,01F0928N,01F0880N,31,163,70,01F0928N>01F0880N,20260827,273,163,165.66666666666666
2026-08-27 22:50:00,01F0928N,01F0880N,31,167,78,01F0928N>01F0880N,20260827,274,167,169.0
2026-08-27 22:55:00,01F0928N,01F0880N,31,169,63,01F0928N>01F0880N,20260827,275,169,168.66666666666666
2026-08-27 23:00:00,01F0928N,01F0880N,31,166,63,01F0928N>01F0880N,20260827,276,166,168.33333333333334
2026-08-27 23:05:00,01F0928N,01F0880N,31,162,50,01F0928N>01F0880N,20260827,277,162,164.33333333333334
2026-08-27 23:10:00,01F0928N,01F0880N,31,165,64,01F0928N>01F0880N,20260827,278,165,167.33333333333334
2026-08-27 23:15:00,01F0928N,01F0880N,31,167,45,01F0928N>01F0880N,20260827,279,167,166.33333333333334
2026-08-27 23:20:00,01F0928N,01F0880N,31,168,58,01F0928N>01F0880N,20260827,280,168,167.33333333333334
2026-08-27 23:25:00,01F0928N,01F0880N,31,163,55,01F0928N>01F0880N,20260827,281,163,165.33333333333334
2026-08-27 23:30:00,01F0928N,01F0880N,31,164,47,01F0928N>01F0880N,20260827,282,164,165.33333333333334
2026-08-27 23:35:00,01F0928N,01F0880N,31,164,43,01F0928N>01F0880N,20260827,283,164,163.66666666666666
2026-08-27 23:40:00,01F0928N,01F0880N,31,165,62,01F0928N>01F0880N,20260827,284,165,165.33333333333334
2026-08-27 23:45:00,01F0928N,01F0880N,31,162,44,01F0928N>01F0880N,20260827,285,162,162.0
2026-08-27 23:50:00,01F0928N,01F0880N,31,167,42,01F0928N>01F0880N,20260827,286,167,166.66666666666666
2026-08-27 23:55:00,01F0928N,01F0880N,31,168,43,01F0928N>01F0880N,20260827,287,168,166.33333333333334
2026-08-28 00:00:00,01F0928N,01F0880N,31,164,42,01F0928N>01F0880N,20260828,0,164,162.33333333333334
2026-08-28 00:05:00,01F0928N,01F0880N,31,162,40,01F0928N>01F0880N,20260828,1,162,163.66666666666666
2026-08-28 00:10:00,01F0928N,01F0880N,31,163,37,01F0928N>01F0880N,20260828,2,163,163.0
2026-08-28 00:15:00,01F0928N,01F0880N,31,167,56,01F0928N>01F0880N,20260828,3,167,163.66666666666666
2026-08-28 00:20:00,01F0928N,01F0880N,31,170,44,01F0928N>01F0880N,20260828,4,170,165.66666666666666
2026-08-28 00:25:00,01F0928N,01F0880N,31,163,24,01F0928N>01F0880N,20260828,5,163,164.66666666666666
2026-08-28 00:30:00,01F0928N,01F0880N,31,167,41,01F0928N>01F0880N,20260828,6,167,163.0
2026-08-28 00:35:00,01F0928N,01F0880N,31,167,38,01F0928N>01F0880N,20260828,7,167,166.0
2026-08-28 00:40:00,01F0928N,01F0880N,31,167,25,01F0928N>01F0880N,20260828,8,167,166.0
2026-08-28 00:45:00,01F0928N,01F0880N,31,162,31,01F0928N>01F0880N,20260828,9,162,164.66666666666666
2026-08-28 00:50:00,01F0928N,01F0880N,31,163,42,01F0928N>01F0880N,20260828,10,163,162.33333333333334
2026-08-28 00:55:00,01F0928N,01F0880N,31,168,32,01F0928N>01F0880N,20260828,11,168,164.0
2026-08-28 01:00:00,01F0928N,01F0880N,31,165,26,01F0928N>01F0880N,20260828,12,165,166.0
2026-08-28 01:05:00,01F0928N,01F0880N,31,163,26,01F0928N>01F0880N,20260828,13,163,164.66666666666666
2026-08-28 01:10:00,01F0928N,01F0880N,31,164,20,01F0928N>01F0880N,20260828,14,164,167.0
2026-08-28 01:15:00,01F0928N,01F0880N,31,171,23,01F0928N>01F0880N,20260828,15,171,166.66666666666666
2026-08-28 01:20:00,01F0928N,01F0880N,31,164,18,01F0928N>01F0880N,20260828,16,164,164.66666666666666
2026-08-28 01:25:00,01F0928N,01F0880N,31,168,23,01F0928N>01F0880N,20260828,17,168,169.66666666666666
2026-08-28 01:30:00,01F0928N,01F0880N,31,159,23,01F0928N>01F0880N,20260828,18,159,164.33333333333334
2026-08-28 01:35:00,01F0928N,01F0880N,31,160,22,01F0928N>01F0880N,20260828,19,160,162.66666666666666
2026-08-28 01:40:00,01F0928N,01F0880N,31,161,29,01F0928N>01F0880N,20260828,20,161,162.66666666666666
2026-08-28 01:45:00,01F0928N,01F0880N,31,162,17,01F0928N>01F0880N,20260828,21,162,161.66666666666666
2026-08-28 01:50:00,01F0928N,01F0880N,31,166,23,01F0928N>01F0880N,20260828,22,166,164.0
2026-08-28 01:55:00,01F0928N,01F0880N,31,164,18,01F0928N>01F0880N,20260828,23,164,163.66666666666666
2026-08-28 02:00:00,01F0928N,01F0880N,31,165,14,01F0928N>01F0880N,20260828,24,165,164.66666666666666
2026-08-28 02:05:00,01F0928N,01F0880N,31,167,23,01F0928N>01F0880N,20260828,25,167,164.66666666666666
2026-08-28 02:10:00,01F0928N,01F0880N,31,172,28,01F0928N>01F0880N,20260828,26,172,167.33333333333334
2026-08-28 02:15:00,01F0928N,01F0880N,31,163,18,01F0928N>01F0880N,20260828,27,163,165.66666666666666
2026-08-28 02:20:00,01F0928N,01F0880N,31,162,20,01F0928N>01F0880N,20260828,28,162,164.0
2026-08-28 02:25:00,01F0928N,01F0880N,31,163,18,01F0928N>01F0880N,20260828,29,163,166.33333333333334
2026-08-28 02:30:00,01F0928N,01F0880N,31,162,18,01F0928N>01F0880N,20260828,30,162,164.0
2026-08-28 02:35:00,01F0928N,01F0880N,31,164,28,01F0928N>01F0880N,20260828,31,164,162.66666666666666
2026-08-28 02:40:00,01F0928N,01F0880N,31,170,16,01F0928N>01F0880N,20260828,32,170,165.0
2026-08-28 02:45:00,01F0928N,01F0880N,31,163,18,01F0928N>01F0880N,20260828,33,163,164.66666666666666
2026-08-28 02:50:00,01F0928N,01F0880N,31,163,16,01F0928N>01F0880N,20260828,34,163,163.0
2026-08-28 02:55:00,01F0928N,01F0880N,31,161,36,01F0928N>01F0880N,20260828,35,161,161.66666666666666
2026-08-28 03:00:00,01F0928N,01F0880N,31,164,28,01F0928N>01F0880N,20260828,36,164,160.0
2026-08-28 03:05:00,01F0928N,01F0880N,31,159,18,01F0928N>01F0880N,20260828,37,159,161.66666666666666
2026-08-28 03:10:00,01F0928N,01F0880N,31,158,21,01F0928N>01F0880N,20260828,38,158,160.33333333333334
2026-08-28 03:15:00,01F0928N,01F0880N,31,165,24,01F0928N>01F0880N,20260828,39,165,163.66666666666666
2026-08-28 03:20:00,01F0928N,01F0880N,31,159,36,01F0928N>01F0880N,20260828,40,159,159.66666666666666
2026-08-28 03:25:00,01F0928N,01F0880N,31,160,33,01F0928N>01F0880N,20260828,41,160,162.33333333333334
2026-08-28 03:30:00,01F0928N,01F0880N,31,162,28,01F0928N>01F0880N,20260828,42,162,163.0
2026-08-28 03:35:00,01F0928N,01F0880N,31,164,42,01F0928N>01F0880N,20260828,43,164,164.33333333333334
2026-08-28 03:40:00,01F0928N,01F0880N,31,165,28,01F0928N>01F0880N,20260828,44,165,160.0
2026-08-28 03:45:00,01F0928N,01F0880N,31,164,28,01F0928N>01F0880N,20260828,45,164,164.66666666666666
2026-08-28 03:50:00,01F0928N,01F0880N,31,160,34,01F0928N>01F0880N,20260828,46,160,162.0
2026-08-28 03:55:00,01F0928N,01F0880N,31,160,34,01F0928N>01F0880N,20260828,47,160,159.66666666666666
2026-08-28 04:00:00,01F0928N,01F0880N,31,162,40,01F0928N>01F0880N,20260828,48,162,161.33333333333334
2026-08-28 04:05:00,01F0928N,01F0880N,31,161,33,01F0928N>01F0880N,20260828,49,161,160.66666666666666
2026-08-28 04:10:00,01F0928N,01F0880N,31,162,60,01F0928N>01F0880N,20260828,50,162,162.0
2026-08-28 04:15:00,01F0928N,01F0880N,31,160,39,01F0928N>01F0880N,20260828,51,160,161.0
2026-08-28 04:20:00,01F0928N,01F0880N,31,160,38,01F0928N>01F0880N,20260828,52,160,162.66666666666666
2026-08-28 04:25:00,01F0928N,01F0880N,31,164,30,01F0928N>01F0880N,20260828,53,164,163.66666666666666
2026-08-28 04:30:00,01F0928N,01F0880N,31,160,40,01F0928N>01F0880N,20260828,54,160,162.33333333333334
2026-08-28 04:35:00,01F0928N,01F0880N,31,163,42,01F0928N>01F0880N,20260828,55,163,161.66666666666666
2026-08-28 04:40:00,01F0928N,01F0880N,31,164,47,01F0928N>01F0880N,20260828,56,164,165.66666666666666
2026-08-28 04:45:00,01F0928N,01F0880N,31,166,40,01F0928N>01F0880N,20260828,57,166,163.0
2026-08-28 04:50:00,01F0928N,01F0880N,31,162,44,01F0928N>01F0880N,20260828,58,162,162.66666666666666
2026-08-28 04:55:00,01F0928N,01F0880N,31,164,49,01F0928N>01F0880N,20260828,59,164,162.66666666666666
2026-08-28 05:00:00,01F0928N,01F0880N,31,163,43,01F0928N>01F0880N,20260828,60,163,162.33333333333334
2026-08-28 05:05:00,01F0928N,01F0880N,31,163,48,01F0928N>01F0880N,20260828,61,163,164.0
2026-08-28 05:10:00,01F0928N,01F0880N,31,160,47,01F0928N>01F0880N,20260828,62,160,160.66666666666666
2026-08-28 05:15:00,01F0928N,01F0880N,31,161,44,01F0928N>01F0880N,20260828,63,161,162.66666666666666
2026-08-28 05:20:00,01F0928N,01F0880N,31,160,47,01F0928N>01F0880N,20260828,64,160,161.0
2026-08-28 05:25:00,01F0928N,01F0880N,31,160,50,01F0928N>01F0880N,20260828,65,160,162.0
2026-08-28 05:30:00,01F0928N,01F0880N,31,162,44,01F0928N>01F0880N,20260828,66,162,163.0
2026-08-28 05:35:00,01F0928N,01F0880N,31,161,51,01F0928N>01F0880N,20260828,67,161,159.66666666666666
2026-08-28 05:40:00,01F0928N,01F0880N,31,159,52,01F0928N>01F0880N,20260828,68,159,160.33333333333334
2026-08-28 05:45:00,01F0928N,01F0880N,31,164,69,01F0928N>01F0880N,20260828,69,164,160.66666666666666
2026-08-28 05:50:00,01F0928N,01F0880N,31,163,54,01F0928N>01F0880N,20260828,70,163,161.66666666666666
2026-08-28 05:55:00,01F0928N,01F0880N,31,160,65,01F0928N>01F0880N,20260828,71,160,162.0
2026-08-28 06:00:00,01F0928N,01F0880N,31,162,96,01F0928N>01F0880N,20260828,72,162,160.33333333333334
2026-08-28 06:05:00,01F0928N,01F0880N,31,163,114,01F0928N>01F0880N,20260828,73,163,162.33333333333334
2026-08-28 06:10:00,01F0928N,01F0880N,31,161,115,01F0928N>01F0880N,20260828,74,161,163.0
2026-08-28 06:15:00,01F0928N,01F0880N,31,163,86,01F0928N>01F0880N,20260828,75,163,166.33333333333334
2026-08-28 06:20:00,01F0928N,01F0880N,31,161,113,01F0928N>01F0880N,20260828,76,161,166.0
2026-08-28 06:25:00,01F0928N,01F0880N,31,165,137,01F0928N>01F0880N,20260828,77,165,167.33333333333334
2026-08-28 06:30:00,01F0928N,01F0880N,31,167,136,01F0928N>01F0880N,20260828,78,167,168.66666666666666
2026-08-28 06:35:00,01F0928N,01F0880N,31,168,165,01F0928N>01F0880N,20260828,79,168,168.33333333333334
2026-08-28 06:40:00,01F0928N,01F0880N,31,170,155,01F0928N>01F0880N,20260828,80,170,170.0
2026-08-28 06:45:00,01F0928N,01F0880N,31,174,163,01F0928N>01F0880N,20260828,81,174,175.33333333333334
2026-08-28 06:50:00,01F0928N,01F0880N,31,173,166,01F0928N>01F0880N,20260828,82,173,178.66666666666666
2026-08-28 06:55:00,01F0928N,01F0880N,31,187,201,01F0928N>01F0880N,20260828,83,187,181.66666666666666
2026-08-28 07:00:00,01F0928N,01F0880N,31,178,186,01F0928N>01F0880N,20260828,84,178,182.33333333333334
2026-08-28 07:05:00,01F0928N,01F0880N,31,178,201,01F0928N>01F0880N,20260828,85,178,187.0
2026-08-28 07:10:00,01F0928N,01F0880N,31,185,189,01F0928N>01F0880N,20260828,86,185,191.33333333333334
2026-08-28 07:15:00,01F0928N,01F0880N,31,181,165,01F0928N>01F0880N,20260828,87,181,184.0
2026-08-28 07:20:00,01F0928N,01F0880N,31,183,218,01F0928N>01F0880N,20260828,88,183,184.66666666666666
2026-08-28 07:25:00,01F0928N,01F0880N,31,188,207,01F0928N>01F0880N,20260828,89,188,193.0
2026-08-28 07:30:00,01F0928N,01F0880N,31,183,200,01F0928N>01F0880N,20260828,90,183,188.0
2026-08-28 07:35:00,01F0928N,01F0880N,31,181,195,01F0928N>01F0880N,20260828,91,181,185.0
2026-08-28 07:40:00,01F0928N,01F0880N,31,182,215,01F0928N>01F0880N,20260828,92,182,188.0
2026-08-28 07:45:00,01F0928N,01F0880N,31,180,189,01F0928N>01F0880N,20260828,93,180,184.0
2026-08-28 07:50:00,01F0928N,01F0880N,31,180,166,01F0928N>01F0880N,20260828,94,180,192.33333333333334
2026-08-28 07:55:00,01F0928N,01F0880N,31,182,191,01F0928N>01F0880N,20260828,95,182,200.0
2026-08-28 08:00:00,01F0928N,01F0880N,31,172,129,01F0928N>01F0880N,20260828,96,172,198.0
2026-08-28 08:05:00,01F0928N,01F0880N,31,178,188,01F0928N>01F0880N,20260828,97,178,203.33333333333334
2026-08-28 08:10:00,01F0928N,01F0880N,31,172,166,01F0928N>01F0880N,20260828,98,172,199.66666666666666
2026-08-28 08:15:00,01F0928N,01F0880N,31,182,174,01F0928N>01F0880N,20260828,99,182,207.33333333333334
2026-08-28 08:20:00,01F0928N,01F0880N,31,184,147,01F0928N>01F0880N,20260828,100,184,204.0
2026-08-28 08:25:00,01F0928N,01F0880N,31,178,165,01F0928N>01F0880N,20260828,101,178,202.0
2026-08-28 08:30:00,01F0928N,01F0880N,31,196,163,01F0928N>01F0880N,20260828,102,196,204.33333333333334
2026-08-28 08:35:00,01F0928N,01F0880N,31,184,167,01F0928N>01F0880N,20260828,103,184,199.66666666666666
2026-08-28 08:40:00,01F0928N,01F0880N,31,194,156,01F0928N>01F0880N,20260828,104,194,191.66666666666666
2026-08-28 08:45:00,01F0928N,01F0880N,31,219,160,01F0928N>01F0880N,20260828,105,219,202.0
2026-08-28 08:50:00,01F0928N,01F0880N,31,252,168,01F0928N>01F0880N,20260828,106,252,218.0
2026-08-28 08:55:00,01F0928N,01F0880N,31,252,173,01F0928N>01F0880N,20260828,107,252,224.66666666666666
2026-08-28 09:00:00,01F0928N,01F0880N,31,236,191,01F0928N>01F0880N,20260828,108,236,229.66666666666666
2026-08-28 09:05:00,01F0928N,01F0880N,31,211,182,01F0928N>01F0880N,20260828,109,211,236.66666666666666
2026-08-28 09:10:00,01F0928N,01F0880N,31,175,168,01F0928N>01F0880N,20260828,110,175,224.66666666666666
2026-08-28 09:15:00,01F0928N,01F0880N,31,181,133,01F0928N>01F0880N,20260828,111,181,214.66666666666666
2026-08-28 09:20:00,01F0928N,01F0880N,31,181,164,01F0928N>01F0880N,20260828,112,181,208.0
2026-08-28 09:25:00,01F0928N,01F0880N,31,176,181,01F0928N>01F0880N,20260828,113,176,206.0
2026-08-28 09:30:00,01F0928N,01F0880N,31,187,151,01F0928N>01F0880N,20260828,114,187,201.0
2026-08-28 09:35:00,01F0928N,01F0880N,31,180,165,01F0928N>01F0880N,20260828,115,180,196.33333333333334
2026-08-28 09:40:00,01F0928N,01F0880N,31,188,180,01F0928N>01F0880N,20260828,116,188,193.66666666666666
2026-08-28 09:45:00,01F0928N,01F0880N,31,188,159,01F0928N>01F0880N,20260828,117,188,195.0
2026-08-28 09:50:00,01F0928N,01F0880N,31,180,168,01F0928N>01F0880N,20260828,118,180,188.33333333333334
2026-08-28 09:55:00,01F0928N,01F0880N,31,180,174,01F0928N>01F0880N,20260828,119,180,179.66666666666666
2026-08-28 10:00:00,01F0928N,01F0880N,31,184,166,01F0928N>01F0880N,20260828,120,184,183.66666666666666
2026-08-28 10:05:00,01F0928N,01F0880N,31,185,164,01F0928N>01F0880N,20260828,121,185,185.0
2026-08-28 10:10:00,01F0928N,01F0880N,31,195,198,01F0928N>01F0880N,20260828,122,195,184.66666666666666
2026-08-28 10:15:00,01F0928N,01F0880N,31,195,182,01F0928N>01F0880N,20260828,123,195,188.33333333333334
2026-08-28 10:20:00,01F0928N,01F0880N,31,205,180,01F0928N>01F0880N,20260828,124,205,187.66666666666666
2026-08-28 10:25:00,01F0928N,01F0880N,31,182,166,01F0928N>01F0880N,20260828,125,182,186.33333333333334
2026-08-28 10:30:00,01F0928N,01F0880N,31,182,173,01F0928N>01F0880N,20260828,126,182,187.0
2026-08-28 10:35:00,01F0928N,01F0880N,31,178,161,01F0928N>01F0880N,20260828,127,178,185.66666666666666
2026-08-28 10:40:00,01F0928N,01F0880N,31,186,183,01F0928N>01F0880N,20260828,128,186,187.66666666666666
2026-08-28 10:45:00,01F0928N,01F0880N,31,177,155,01F0928N>01F0880N,20260828,129,177,182.66666666666666
2026-08-28 10:50:00,01F0928N,01F0880N,31,190,179,01F0928N>01F0880N,20260828,130,190,184.66666666666666
2026-08-28 10:55:00,01F0928N,01F0880N,31,203,180,01F0928N>01F0880N,20260828,131,203,189.33333333333334
2026-08-28 11:00:00,01F0928N,01F0880N,31,213,168,01F0928N>01F0880N,20260828,132,213,193.66666666666666
2026-08-28 11:05:00,01F0928N,01F0880N,31,204,176,01F0928N>01F0880N,20260828,133,204,188.33333333333334
2026-08-28 11:10:00,01F0928N,01F0880N,31,182,176,01F0928N>01F0880N,20260828,134,182,181.33333333333334
2026-08-28 11:15:00,01F0928N,01F0880N,31,187,182,01F0928N>01F0880N,20260828,135,187,186.66666666666666
2026-08-28 11:20:00,01F0928N,01F0880N,31,181,176,01F0928N>01F0880N,20260828,136,181,183.33333333333334
2026-08-28 11:25:00,01F0928N,01F0880N,31,181,168,01F0928N>01F0880N,20260828,137,181,181.66666666666666
2026-08-28 11:30:00,01F0928N,01F0880N,31,187,193,01F0928N>01F0880N,20260828,138,187,182.66666666666666
2026-08-28 11:35:00,01F0928N,01F0880N,31,182,182,01F0928N>01F0880N,20260828,139,182,181.66666666666666
2026-08-28 11:40:00,01F0928N,01F0880N,31,185,173,01F0928N>01F0880N,20260828,140,185,186.0
2026-08-28 11:45:00,01F0928N,01F0880N,31,189,190,01F0928N>01F0880N,20260828,141,189,184.66666666666666
2026-08-28 11:50:00,01F0928N,01F0880N,31,186,137,01F0928N>01F0880N,20260828,142,186,178.33333333333334
2026-08-28 11:55:00,01F0928N,01F0880N,31,185,178,01F0928N>01F0880N,20260828,143,185,185.0
2026-08-28 12:00:00,01F0928N,01F0880N,31,191,190,01F0928N>01F0880N,20260828,144,191,181.33333333333334
2026-08-28 12:05:00,01F0928N,01F0880N,31,190,182,01F0928N>01F0880N,20260828,145,190,181.66666666666666
2026-08-28 12:10:00,01F0928N,01F0880N,31,187,187,01F0928N>01F0880N,20260828,146,187,181.66666666666666
2026-08-28 12:15:00,01F0928N,01F0880N,31,181,191,01F0928N>01F0880N,20260828,147,181,182.33333333333334
2026-08-28 12:20:00,01F0928N,01F0880N,31,188,195,01F0928N>01F0880N,20260828,148,188,188.0
2026-08-28 12:25:00,01F0928N,01F0880N,31,203,180,01F0928N>01F0880N,20260828,149,203,188.0
2026-08-28 12:30:00,01F0928N,01F0880N,31,218,197,01F0928N>01F0880N,20260828,150,218,190.66666666666666
2026-08-28 12:35:00,01F0928N,01F0880N,31,201,183,01F0928N>01F0880N,20260828,151,201,191.66666666666666
2026-08-28 12:40:00,01F0928N,01F0880N,31,200,214,01F0928N>01F0880N,20260828,152,200,184.33333333333334
2026-08-28 12:45:00,01F0928N,01F0880N,31,199,192,01F0928N>01F0880N,20260828,153,199,184.33333333333334
2026-08-28 12:50:00,01F0928N,01F0880N,31,183,217,01F0928N>01F0880N,20260828,154,183,178.66666666666666
2026-08-28 12:55:00,01F0928N,01F0880N,31,177,179,01F0928N>01F0880N,20260828,155,177,183.0
2026-08-28 13:00:00,01F0928N,01F0880N,31,181,214,01F0928N>01F0880N,20260828,156,181,181.33333333333334
2026-08-28 13:05:00,01F0928N,01F0880N,31,195,182,01F0928N>01F0880N,20260828,157,195,186.0
2026-08-28 13:10:00,01F0928N,01F0880N,31,198,203,01F0928N>01F0880N,20260828,158,198,185.33333333333334
2026-08-28 13:15:00,01F0928N,01F0880N,31,202,198,01F0928N>01F0880N,20260828,159,202,186.0
2026-08-28 13:20:00,01F0928N,01F0880N,31,189,204,01F0928N>01F0880N,20260828,160,189,190.66666666666666
2026-08-28 13:25:00,01F0928N,01F0880N,31,195,190,01F0928N>01F0880N,20260828,161,195,193.33333333333334
2026-08-28 13:30:00,01F0928N,01F0880N,31,204,187,01F0928N>01F0880N,20260828,162,204,199.33333333333334
2026-08-28 13:35:00,01F0928N,01F0880N,31,209,182,01F0928N>01F0880N,20260828,163,209,197.33333333333334
2026-08-28 13:40:00,01F0928N,01F0880N,31,205,197,01F0928N>01F0880N,20260828,164,205,200.66666666666666
2026-08-28 13:45:00,01F0928N,01F0880N,31,197,178,01F0928N>01F0880N,20260828,165,197,193.0
2026-08-28 13:50:00,01F0928N,01F0880N,31,205,179,01F0928N>01F0880N,20260828,166,205,196.33333333333334
2026-08-28 13:55:00,01F0928N,01F0880N,31,194,216,01F0928N>01F0880N,20260828,167,194,194.66666666666666
2026-08-28 14:00:00,01F0928N,01F0880N,31,202,161,01F0928N>01F0880N,20260828,168,202,194.0
2026-08-28 14:05:00,01F0928N,01F0880N,31,210,202,01F0928N>01F0880N,20260828,169,210,202.33333333333334
2026-08-28 14:10:00,01F0928N,01F0880N,31,206,212,01F0928N>01F0880N,20260828,170,206,198.0
2026-08-28 14:15:00,01F0928N,01F0880N,31,193,199,01F0928N>01F0880N,20260828,171,193,193.33333333333334
2026-08-28 14:20:00,01F0928N,01F0880N,31,202,202,01F0928N>01F0880N,20260828,172,202,190.66666666666666
2026-08-28 14:25:00,01F0928N,01F0880N,31,213,195,01F0928N>01F0880N,20260828,173,213,197.66666666666666
2026-08-28 14:30:00,01F0928N,01F0880N,31,210,167,01F0928N>01F0880N,20260828,174,210,200.0
2026-08-28 14:35:00,01F0928N,01F0880N,31,196,198,01F0928N>01F0880N,20260828,175,196,194.0
2026-08-28 14:40:00,01F0928N,01F0880N,31,203,193,01F0928N>01F0880N,20260828,176,203,203.33333333333334
2026-08-28 14:45:00,01F0928N,01F0880N,31,198,200,01F0928N>01F0880N,20260828,177,198,202.0
2026-08-28 14:50:00,01F0928N,01F0880N,31,202,210,01F0928N>01F0880N,20260828,178,202,205.0
2026-08-28 14:55:00,01F0928N,01F0880N,31,201,189,01F0928N>01F0880N,20260828,179,201,210.0
2026-08-28 15:00:00,01F0928N,01F0880N,31,212,188,01F0928N>01F0880N,20260828,180,212,207.66666666666666
2026-08-28 15:05:00,01F0928N,01F0880N,31,216,202,01F0928N>01F0880N,20260828,181,216,205.33333333333334
2026-08-28 15:10:00,01F0928N,01F0880N,31,215,221,01F0928N>01F0880N,20260828,182,215,206.0
2026-08-28 15:15:00,01F0928N,01F0880N,31,210,198,01F0928N>01F0880N,20260828,183,210,206.0
2026-08-28 15:20:00,01F0928N,01F0880N,31,200,224,01F0928N>01F0880N,20260828,184,200,202.66666666666666
2026-08-28 15:25:00,01F0928N,01F0880N,31,208,207,01F0928N>01F0880N,20260828,185,208,203.66666666666666
2026-08-28 15:30:00,01F0928N,01F0880N,31,204,218,01F0928N>01F0880N,20260828,186,204,193.66666666666666
2026-08-28 15:35:00,01F0928N,01F0880N,31,199,217,01F0928N>01F0880N,20260828,187,199,192.66666666666666
2026-08-28 15:40:00,01F0928N,01F0880N,31,204,221,01F0928N>01F0880N,20260828,188,204,201.66666666666666
2026-08-28 15:45:00,01F0928N,01F0880N,31,201,228,01F0928N>01F0880N,20260828,189,201,206.66666666666666
2026-08-28 15:50:00,01F0928N,01F0880N,31,200,216,01F0928N>01F0880N,20260828,190,200,211.33333333333334
2026-08-28 15:55:00,01F0928N,01F0880N,31,211,231,01F0928N>01F0880N,20260828,191,211,212.66666666666666
2026-08-28 16:00:00,01F0928N,01F0880N,31,217,236,01F0928N>01F0880N,20260828,192,217,208.33333333333334
2026-08-28 16:05:00,01F0928N,01F0880N,31,201,234,01F0928N>01F0880N,20260828,193,201,204.33333333333334
2026-08-28 16:10:00,01F0928N,01F0880N,31,207,252,01F0928N>01F0880N,20260828,194,207,211.33333333333334
2026-08-28 16:15:00,01F0928N,01F0880N,31,211,246,01F0928N>01F0880N,20260828,195,211,219.0
2026-08-28 16:20:00,01F0928N,01F0880N,31,208,252,01F0928N>01F0880N,20260828,196,208,213.0
2026-08-28 16:25:00,01F0928N,01F0880N,31,217,264,01F0928N>01F0880N,20260828,197,217,211.66666666666666
2026-08-28 16:30:00,01F0928N,01F0880N,31,211,263,01F0928N>01F0880N,20260828,198,211,219.0
2026-08-28 16:35:00,01F0928N,01F0880N,31,211,250,01F0928N>01F0880N,20260828,199,211,225.0
2026-08-28 16:40:00,01F0928N,01F0880N,31,206,251,01F0928N>01F0880N,20260828,200,206,218.0
2026-08-28 16:45:00,01F0928N,01F0880N,31,204,254,01F0928N>01F0880N,20260828,201,204,209.0
2026-08-28 16:50:00,01F0928N,01F0880N,31,250,217,01F0928N>01F0880N,20260828,202,250,220.0
2026-08-28 16:55:00,01F0928N,01F0880N,31,243,263,01F0928N>01F0880N,20260828,203,243,220.0
2026-08-28 17:00:00,01F0928N,01F0880N,31,211,261,01F0928N>01F0880N,20260828,204,211,207.66666666666666
2026-08-28 17:05:00,01F0928N,01F0880N,31,207,235,01F0928N>01F0880N,20260828,205,207,210.0
2026-08-28 17:10:00,01F0928N,01F0880N,31,200,242,01F0928N>01F0880N,20260828,206,200,203.33333333333334
2026-08-28 17:15:00,01F0928N,01F0880N,31,197,265,01F0928N>01F0880N,20260828,207,197,202.66666666666666
2026-08-28 17:20:00,01F0928N,01F0880N,31,194,232,01F0928N>01F0880N,20260828,208,194,205.33333333333334
2026-08-28 17:25:00,01F0928N,01F0880N,31,195,235,01F0928N>01F0880N,20260828,209,195,205.66666666666666
2026-08-28 17:30:00,01F0928N,01F0880N,31,196,226,01F0928N>01F0880N,20260828,210,196,202.0
2026-08-28 17:35:00,01F0928N,01F0880N,31,203,235,01F0928N>01F0880N,20260828,211,203,205.0
2026-08-28 17:40:00,01F0928N,01F0880N,31,209,223,01F0928N>01F0880N,20260828,212,209,204.66666666666666
2026-08-28 17:45:00,01F0928N,01F0880N,31,199,223,01F0928N>01F0880N,20260828,213,199,202.33333333333334
2026-08-28 17:50:00,01F0928N,01F0880N,31,208,258,01F0928N>01F0880N,20260828,214,208,208.66666666666666
2026-08-28 17:55:00,01F0928N,01F0880N,31,200,262,01F0928N>01F0880N,20260828,215,200,209.33333333333334
2026-08-28 18:00:00,01F0928N,01F0880N,31,219,223,01F0928N>01F0880N,20260828,216,219,222.0
2026-08-28 18:05:00,01F0928N,01F0880N,31,232,246,01F0928N>01F0880N,20260828,217,232,228.0
2026-08-28 18:10:00,01F0928N,01F0880N,31,220,221,01F0928N>01F0880N,20260828,218,220,222.66666666666666
2026-08-28 18:15:00,01F0928N,01F0880N,31,204,256,01F0928N>01F0880N,20260828,219,204,215.0
2026-08-28 18:20:00,01F0928N,01F0880N,31,200,208,01F0928N>01F0880N,20260828,220,200,214.66666666666666
2026-08-28 18:25:00,01F0928N,01F0880N,31,207,239,01F0928N>01F0880N,20260828,221,207,217.0
2026-08-28 18:30:00,01F0928N,01F0880N,31,208,226,01F0928N>01F0880N,20260828,222,208,215.33333333333334
2026-08-28 18:35:00,01F0928N,01F0880N,31,210,226,01F0928N>01F0880N,20260828,223,210,214.33333333333334
2026-08-28 18:40:00,01F0928N,01F0880N,31,215,238,01F0928N>01F0880N,20260828,224,215,216.0
2026-08-28 18:45:00,01F0928N,01F0880N,31,209,232,01F0928N>01F0880N,20260828,225,209,218.66666666666666
2026-08-28 18:50:00,01F0928N,01F0880N,31,205,215,01F0928N>01F0880N,20260828,226,205,216.66666666666666
2026-08-28 18:55:00,01F0928N,01F0880N,31,211,232,01F0928N>01F0880N,20260828,227,211,215.66666666666666
2026-08-28 19:00:00,01F0928N,01F0880N,31,217,235,01F0928N>01F0880N,20260828,228,217,215.66666666666666
2026-08-28 19:05:00,01F0928N,01F0880N,31,212,250,01F0928N>01F0880N,20260828,229,212,209.33333333333334
2026-08-28 19:10:00,01F0928N,01F0880N,31,201,239,01F0928N>01F0880N,20260828,230,201,203.33333333333334
2026-08-28 19:15:00,01F0928N,01F0880N,31,200,209,01F0928N>01F0880N,20260828,231,200,203.0
2026-08-28 19:20:00,01F0928N,01F0880N,31,211,228,01F0928N>01F0880N,20260828,232,211,210.0
2026-08-28 19:25:00,01F0928N,01F0880N,31,198,227,01F0928N>01F0880N,20260828,233,198,203.33333333333334
2026-08-28 19:30:00,01F0928N,01F0880N,31,206,218,01F0928N>01F0880N,20260828,234,206,200.66666666666666
2026-08-28 19:35:00,01F0928N,01F0880N,31,204,249,01F0928N>01F0880N,20260828,235,204,203.66666666666666
2026-08-28 19:40:00,01F0928N,01F0880N,31,199,238,01F0928N>01F0880N,20260828,236,199,196.33333333333334
2026-08-28 19:45:00,01F0928N,01F0880N,31,203,230,01F0928N>01F0880N,20260828,237,203,195.66666666666666
2026-08-28 19:50:00,01F0928N,01F0880N,31,201,219,01F0928N>01F0880N,20260828,238,201,197.0
2026-08-28 19:55:00,01F0928N,01F0880N,31,199,228,01F0928N>01F0880N,20260828,239,199,196.66666666666666
2026-08-28 20:00:00,01F0928N,01F0880N,31,202,228,01F0928N>01F0880N,20260828,240,202,190.66666666666666
2026-08-28 20:05:00,01F0928N,01F0880N,31,193,228,01F0928N>01F0880N,20260828,241,193,187.33333333333334
2026-08-28 20:10:00,01F0928N,01F0880N,31,184,219,01F0928N>01F0880N,20260828,242,184,187.33333333333334
2026-08-28 20:15:00,01F0928N,01F0880N,31,187,203,01F0928N>01F0880N,20260828,243,187,184.0
2026-08-28 20:20:00,01F0928N,01F0880N,31,183,199,01F0928N>01F0880N,20260828,244,183,185.66666666666666
2026-08-28 20:25:00,01F0928N,01F0880N,31,179,226,01F0928N>01F0880N,20260828,245,179,181.0
2026-08-28 20:30:00,01F0928N,01F0880N,31,183,209,01F0928N>01F0880N,20260828,246,183,180.0
2026-08-28 20:35:00,01F0928N,01F0880N,31,185,212,01F0928N>01F0880N,20260828,247,185,184.0
2026-08-28 20:40:00,01F0928N,01F0880N,31,177,199,01F0928N>01F0880N,20260828,248,177,178.33333333333334
2026-08-28 20:45:00,01F0928N,01F0880N,31,181,214,01F0928N>01F0880N,20260828,249,181,179.0
2026-08-28 20:50:00,01F0928N,01F0880N,31,182,217,01F0928N>01F0880N,20260828,250,182,179.33333333333334
2026-08-28 20:55:00,01F0928N,01F0880N,31,181,210,01F0928N>01F0880N,20260828,251,181,178.66666666666666
2026-08-28 21:00:00,01F0928N,01F0880N,31,187,222,01F0928N>01F0880N,20260828,252,187,181.0
2026-08-28 21:05:00,01F0928N,01F0880N,31,180,173,01F0928N>01F0880N,20260828,253,180,177.33333333333334
2026-08-28 21:10:00,01F0928N,01F0880N,31,180,209,01F0928N>01F0880N,20260828,254,180,176.66666666666666
2026-08-28 21:15:00,01F0928N,01F0880N,31,177,187,01F0928N>01F0880N,20260828,255,177,178.33333333333334
2026-08-28 21:20:00,01F0928N,01F0880N,31,184,215,01F0928N>01F0880N,20260828,256,184,180.0
2026-08-28 21:25:00,01F0928N,01F0880N,31,177,166,01F0928N>01F0880N,20260828,257,177,178.66666666666666
2026-08-28 21:30:00,01F0928N,01F0880N,31,176,184,01F0928N>01F0880N,20260828,258,176,176.66666666666666
2026-08-28 21:35:00,01F0928N,01F0880N,31,177,190,01F0928N>01F0880N,20260828,259,177,173.66666666666666
2026-08-28 21:40:00,01F0928N,01F0880N,31,175,185,01F0928N>01F0880N,20260828,260,175,172.0
2026-08-28 21:45:00,01F0928N,01F0880N,31,179,185,01F0928N>01F0880N,20260828,261,179,174.0
2026-08-28 21:50:00,01F0928N,01F0880N,31,174,189,01F0928N>01F0880N,20260828,262,174,170.33333333333334
2026-08-28 21:55:00,01F0928N,01F0880N,31,177,160,01F0928N>01F0880N,20260828,263,177,174.33333333333334
2026-08-28 22:00:00,01F0928N,01F0880N,31,176,169,01F0928N>01F0880N,20260828,264,176,176.0
2026-08-28 22:05:00,01F0928N,01F0880N,31,174,146,01F0928N>01F0880N,20260828,265,174,170.0
2026-08-28 22:10:00,01F0928N,01F0880N,31,174,176,01F0928N>01F0880N,20260828,266,174,170.33333333333334
2026-08-28 22:15:00,01F0928N,01F0880N,31,170,148,01F0928N>01F0880N,20260828,267,170,168.66666666666666
2026-08-28 22:20:00,01F0928N,01F0880N,31,177,128,01F0928N>01F0880N,20260828,268,177,172.33333333333334
2026-08-28 22:25:00,01F0928N,01F0880N,31,171,157,01F0928N>01F0880N,20260828,269,171,169.33333333333334
2026-08-28 22:30:00,01F0928N,01F0880N,31,171,140,01F0928N>01F0880N,20260828,270,171,168.0
2026-08-28 22:35:00,01F0928N,01F0880N,31,174,159,01F0928N>01F0880N,20260828,271,174,167.33333333333334
2026-08-28 22:40:00,01F0928N,01F0880N,31,169,118,01F0928N>01F0880N,20260828,272,169,168.66666666666666
2026-08-28 22:45:00,01F0928N,01F0880N,31,171,141,01F0928N>01F0880N,20260828,273,171,165.66666666666666
2026-08-28 22:50:00,01F0928N,01F0880N,31,169,134,01F0928N>01F0880N,20260828,274,169,169.0
2026-08-28 22:55:00,01F0928N,01F0880N,31,169,116,01F0928N>01F0880N,20260828,275,169,168.66666666666666
2026-08-28 23:00:00,01F0928N,01F0880N,31,171,130,01F0928N>01F0880N,20260828,276,171,168.33333333333334
2026-08-28 23:05:00,01F0928N,01F0880N,31,166,106,01F0928N>01F0880N,20260828,277,166,164.33333333333334
2026-08-28 23:10:00,01F0928N,01F0880N,31,170,124,01F0928N>01F0880N,20260828,278,170,167.33333333333334
2026-08-28 23:15:00,01F0928N,01F0880N,31,167,114,01F0928N>01F0880N,20260828,279,167,166.33333333333334
2026-08-28 23:20:00,01F0928N,01F0880N,31,166,95,01F0928N>01F0880N,20260828,280,166,167.33333333333334
2026-08-28 23:25:00,01F0928N,01F0880N,31,170,90,01F0928N>01F0880N,20260828,281,170,165.33333333333334
2026-08-28 23:30:00,01F0928N,01F0880N,31,167,97,01F0928N>01F0880N,20260828,282,167,165.33333333333334
2026-08-28 23:35:00,01F0928N,01F0880N,31,164,74,01F0928N>01F0880N,20260828,283,164,163.66666666666666
2026-08-28 23:40:00,01F0928N,01F0880N,31,162,75,01F0928N>01F0880N,20260828,284,162,165.33333333333334
2026-08-28 23:45:00,01F0928N,01F0880N,31,161,86,01F0928N>01F0880N,20260828,285,161,162.0
2026-08-28 23:50:00,01F0928N,01F0880N,31,163,77,01F0928N>01F0880N,20260828,286,163,166.66666666666666
2026-08-28 23:55:00,01F0928N,01F0880N,31,166,86,01F0928N>01F0880N,20260828,287,166,166.33333333333334
2026-08-31 00:00:00,01F0928N,01F0880N,31,162,95,01F0928N>01F0880N,20260831,0,162,162.33333333333334
2026-08-31 00:05:00,01F0928N,01F0880N,31,164,93,01F0928N>01F0880N,20260831,1,164,163.66666666666666
2026-08-31 00:10:00,01F0928N,01F0880N,31,161,77,01F0928N>01F0880N,20260831,2,161,163.0
2026-08-31 00:15:00,01F0928N,01F0880N,31,162,58,01F0928N>01F0880N,20260831,3,162,163.66666666666666
2026-08-31 00:20:00,01F0928N,01F0880N,31,161,69,01F0928N>01F0880N,20260831,4,161,165.66666666666666
2026-08-31 00:25:00,01F0928N,01F0880N,31,168,63,01F0928N>01F0880N,20260831,5,168,164.66666666666666
2026-08-31 00:30:00,01F0928N,01F0880N,31,164,37,01F0928N>01F0880N,20260831,6,164,163.0
2026-08-31 00:35:00,01F0928N,01F0880N,31,165,57,01F0928N>01F0880N,20260831,7,165,166.0
2026-08-31 00:40:00,01F0928N,01F0880N,31,164,62,01F0928N>01F0880N,20260831,8,164,166.0
2026-08-31 00:45:00,01F0928N,01F0880N,31,163,66,01F0928N>01F0880N,20260831,9,163,164.66666666666666
2026-08-31 00:50:00,01F0928N,01F0880N,31,161,51,01F0928N>01F0880N,20260831,10,161,162.33333333333334
2026-08-31 00:55:00,01F0928N,01F0880N,31,163,55,01F0928N>01F0880N,20260831,11,163,164.0
2026-08-31 01:00:00,01F0928N,01F0880N,31,166,54,01F0928N>01F0880N,20260831,12,166,166.0
2026-08-31 01:05:00,01F0928N,01F0880N,31,167,44,01F0928N>01F0880N,20260831,13,167,164.66666666666666
2026-08-31 01:10:00,01F0928N,01F0880N,31,164,33,01F0928N>01F0880N,20260831,14,164,167.0
2026-08-31 01:15:00,01F0928N,01F0880N,31,162,55,01F0928N>01F0880N,20260831,15,162,166.66666666666666
2026-08-31 01:20:00,01F0928N,01F0880N,31,162,44,01F0928N>01F0880N,20260831,16,162,164.66666666666666
2026-08-31 01:25:00,01F0928N,01F0880N,31,170,39,01F0928N>01F0880N,20260831,17,170,169.66666666666666
2026-08-31 01:30:00,01F0928N,01F0880N,31,169,30,01F0928N>01F0880N,20260831,18,169,164.33333333333334
2026-08-31 01:35:00,01F0928N,01F0880N,31,163,27,01F0928N>01F0880N,20260831,19,163,162.66666666666666
2026-08-31 01:40:00,01F0928N,01F0880N,31,163,38,01F0928N>01F0880N,20260831,20,163,162.66666666666666
2026-08-31 01:45:00,01F0928N,01F0880N,31,158,24,01F0928N>01F0880N,20260831,21,158,161.66666666666666
2026-08-31 01:50:00,01F0928N,01F0880N,31,160,27,01F0928N>01F0880N,20260831,22,160,164.0
2026-08-31 01:55:00,01F0928N,01F0880N,31,160,35,01F0928N>01F0880N,20260831,23,160,163.66666666666666
2026-08-31 02:00:00,01F0928N,01F0880N,31,161,23,01F0928N>01F0880N,20260831,24,161,164.66666666666666
2026-08-31 02:05:00,01F0928N,01F0880N,31,163,24,01F0928N>01F0880N,20260831,25,163,164.66666666666666
2026-08-31 02:10:00,01F0928N,01F0880N,31,166,20,01F0928N>01F0880N,20260831,26,166,167.33333333333334
2026-08-31 02:15:00,01F0928N,01F0880N,31,165,24,01F0928N>01F0880N,20260831,27,165,165.66666666666666
2026-08-31 02:20:00,01F0928N,01F0880N,31,161,22,01F0928N>01F0880N,20260831,28,161,164.0
2026-08-31 02:25:00,01F0928N,01F0880N,31,167,22,01F0928N>01F0880N,20260831,29,167,166.33333333333334
2026-08-31 02:30:00,01F0928N,01F0880N,31,159,26,01F0928N>01F0880N,20260831,30,159,164.0
2026-08-31 02:35:00,01F0928N,01F0880N,31,164,21,01F0928N>01F0880N,20260831,31,164,162.66666666666666
2026-08-31 02:40:00,01F0928N,01F0880N,31,164,24,01F0928N>01F0880N,20260831,32,164,165.0
2026-08-31 02:45:00,01F0928N,01F0880N,31,169,26,01F0928N>01F0880N,20260831,33,169,164.66666666666666
2026-08-31 02:50:00,01F0928N,01F0880N,31,159,22,01F0928N>01F0880N,20260831,34,159,163.0
2026-08-31 02:55:00,01F0928N,01F0880N,31,163,35,01F0928N>01F0880N,20260831,35,163,161.66666666666666
2026-08-31 03:00:00,01F0928N,01F0880N,31,157,37,01F0928N>01F0880N,20260831,36,157,160.0
2026-08-31 03:05:00,01F0928N,01F0880N,31,161,40,01F0928N>01F0880N,20260831,37,161,161.66666666666666
2026-08-31 03:10:00,01F0928N,01F0880N,31,162,25,01F0928N>01F0880N,20260831,38,162,160.33333333333334
2026-08-31 03:15:00,01F0928N,01F0880N,31,161,23,01F0928N>01F0880N,20260831,39,161,163.66666666666666
2026-08-31 03:20:00,01F0928N,01F0880N,31,159,24,01F0928N>01F0880N,20260831,40,159,159.66666666666666
2026-08-31 03:25:00,01F0928N,01F0880N,31,163,16,01F0928N>01F0880N,20260831,41,163,162.33333333333334
2026-08-31 03:30:00,01F0928N,01F0880N,31,165,25,01F0928N>01F0880N,20260831,42,165,163.0
2026-08-31 03:35:00,01F0928N,01F0880N,31,167,24,01F0928N>01F0880N,20260831,43,167,164.33333333333334
2026-08-31 03:40:00,01F0928N,01F0880N,31,156,26,01F0928N>01F0880N,20260831,44,156,160.0
2026-08-31 03:45:00,01F0928N,01F0880N,31,167,23,01F0928N>01F0880N,20260831,45,167,164.66666666666666
2026-08-31 03:50:00,01F0928N,01F0880N,31,161,24,01F0928N>01F0880N,20260831,46,161,162.0
2026-08-31 03:55:00,01F0928N,01F0880N,31,157,39,01F0928N>01F0880N,20260831,47,157,159.66666666666666
2026-08-31 04:00:00,01F0928N,01F0880N,31,162,38,01F0928N>01F0880N,20260831,48,162,161.33333333333334
2026-08-31 04:05:00,01F0928N,01F0880N,31,160,33,01F0928N>01F0880N,20260831,49,160,160.66666666666666
2026-08-31 04:10:00,01F0928N,01F0880N,31,162,34,01F0928N>01F0880N,20260831,50,162,162.0
2026-08-31 04:15:00,01F0928N,01F0880N,31,161,32,01F0928N>01F0880N,20260831,51,161,161.0
2026-08-31 04:20:00,01F0928N,01F0880N,31,165,39,01F0928N>01F0880N,20260831,52,165,162.66666666666666
2026-08-31 04:25:00,01F0928N,01F0880N,31,166,45,01F0928N>01F0880N,20260831,53,166,163.66666666666666
2026-08-31 04:30:00,01F0928N,01F0880N,31,165,35,01F0928N>01F0880N,20260831,54,165,162.33333333333334
2026-08-31 04:35:00,01F0928N,01F0880N,31,160,52,01F0928N>01F0880N,20260831,55,160,161.66666666666666
2026-08-31 04:40:00,01F0928N,01F0880N,31,169,32,01F0928N>01F0880N,20260831,56,169,165.66666666666666
2026-08-31 04:45:00,01F0928N,01F0880N,31,161,33,01F0928N>01F0880N,20260831,57,161,163.0
2026-08-31 04:50:00,01F0928N,01F0880N,31,162,46,01F0928N>01F0880N,20260831,58,162,162.66666666666666
2026-08-31 04:55:00,01F0928N,01F0880N,31,161,36,01F0928N>01F0880N,20260831,59,161,162.66666666666666
2026-08-31 05:00:00,01F0928N,01F0880N,31,164,58,01F0928N>01F0880N,20260831,60,164,162.33333333333334
2026-08-31 05:05:00,01F0928N,01F0880N,31,164,57,01F0928N>01F0880N,20260831,61,164,164.0
2026-08-31 05:10:00,01F0928N,01F0880N,31,162,45,01F0928N>01F0880N,20260831,62,162,160.66666666666666
2026-08-31 05:15:00,01F0928N,01F0880N,31,164,73,01F0928N>01F0880N,20260831,63,164,162.66666666666666
2026-08-31 05:20:00,01F0928N,01F0880N,31,163,76,01F0928N>01F0880N,20260831,64,163,161.0
2026-08-31 05:25:00,01F0928N,01F0880N,31,164,79,01F0928N>01F0880N,20260831,65,164,162.0
2026-08-31 05:30:00,01F0928N,01F0880N,31,163,97,01F0928N>01F0880N,20260831,66,163,163.0
2026-08-31 05:35:00,01F0928N,01F0880N,31,162,77,01F0928N>01F0880N,20260831,67,162,159.66666666666666
2026-08-31 05:40:00,01F0928N,01F0880N,31,161,89,01F0928N>01F0880N,20260831,68,161,160.33333333333334
2026-08-31 05:45:00,01F0928N,01F0880N,31,159,92,01F0928N>01F0880N,20260831,69,159,160.66666666666666
2026-08-31 05:50:00,01F0928N,01F0880N,31,162,101,01F0928N>01F0880N,20260831,70,162,161.66666666666666
2026-08-31 05:55:00,01F0928N,01F0880N,31,164,117,01F0928N>01F0880N,20260831,71,164,162.0
2026-08-31 06:00:00,01F0928N,01F0880N,31,162,124,01F0928N>01F0880N,20260831,72,162,160.33333333333334
2026-08-31 06:05:00,01F0928N,01F0880N,31,162,131,01F0928N>01F0880N,20260831,73,162,162.33333333333334
2026-08-31 06:10:00,01F0928N,01F0880N,31,168,150,01F0928N>01F0880N,20260831,74,168,163.0
2026-08-31 06:15:00,01F0928N,01F0880N,31,167,158,01F0928N>01F0880N,20260831,75,167,166.33333333333334
2026-08-31 06:20:00,01F0928N,01F0880N,31,173,174,01F0928N>01F0880N,20260831,76,173,166.0
2026-08-31 06:25:00,01F0928N,01F0880N,31,169,196,01F0928N>01F0880N,20260831,77,169,167.33333333333334
2026-08-31 06:30:00,01F0928N,01F0880N,31,172,212,01F0928N>01F0880N,20260831,78,172,168.66666666666666
2026-08-31 06:35:00,01F0928N,01F0880N,31,171,196,01F0928N>01F0880N,20260831,79,171,168.33333333333334
2026-08-31 06:40:00,01F0928N,01F0880N,31,173,189,01F0928N>01F0880N,20260831,80,173,170.0
2026-08-31 06:45:00,01F0928N,01F0880N,31,181,189,01F0928N>01F0880N,20260831,81,181,175.33333333333334
2026-08-31 06:50:00,01F0928N,01F0880N,31,186,226,01F0928N>01F0880N,20260831,82,186,178.66666666666666
2026-08-31 06:55:00,01F0928N,01F0880N,31,180,214,01F0928N>01F0880N,20260831,83,180,181.66666666666666
2026-08-31 07:00:00,01F0928N,01F0880N,31,189,220,01F0928N>01F0880N,20260831,84,189,182.33333333333334
2026-08-31 07:05:00,01F0928N,01F0880N,31,195,250,01F0928N>01F0880N,20260831,85,195,187.0
2026-08-31 07:10:00,01F0928N,01F0880N,31,200,239,01F0928N>01F0880N,20260831,86,200,191.33333333333334
2026-08-31 07:15:00,01F0928N,01F0880N,31,193,212,01F0928N>01F0880N,20260831,87,193,184.0
2026-08-31 07:20:00,01F0928N,01F0880N,31,189,231,01F0928N>01F0880N,20260831,88,189,184.66666666666666
2026-08-31 07:25:00,01F0928N,01F0880N,31,192,229,01F0928N>01F0880N,20260831,89,192,193.0
2026-08-31 07:30:00,01F0928N,01F0880N,31,195,224,01F0928N>01F0880N,20260831,90,195,188.0
2026-08-31 07:35:00,01F0928N,01F0880N,31,193,222,01F0928N>01F0880N,20260831,91,193,185.0
2026-08-31 07:40:00,01F0928N,01F0880N,31,193,200,01F0928N>01F0880N,20260831,92,193,188.0
2026-08-31 07:45:00,01F0928N,01F0880N,31,191,189,01F0928N>01F0880N,20260831,93,191,184.0
2026-08-31 07:50:00,01F0928N,01F0880N,31,207,182,01F0928N>01F0880N,20260831,94,207,192.33333333333334
2026-08-31 07:55:00,01F0928N,01F0880N,31,230,179,01F0928N>01F0880N,20260831,95,230,200.0
2026-08-31 08:00:00,01F0928N,01F0880N,31,240,163,01F0928N>01F0880N,20260831,96,240,198.0
2026-08-31 08:05:00,01F0928N,01F0880N,31,245,162,01F0928N>01F0880N,20260831,97,245,203.33333333333334
2026-08-31 08:10:00,01F0928N,01F0880N,31,249,186,01F0928N>01F0880N,20260831,98,249,199.66666666666666
2026-08-31 08:15:00,01F0928N,01F0880N,31,246,156,01F0928N>01F0880N,20260831,99,246,207.33333333333334
2026-08-31 08:20:00,01F0928N,01F0880N,31,257,167,01F0928N>01F0880N,20260831,100,257,204.0
2026-08-31 08:25:00,01F0928N,01F0880N,31,255,164,01F0928N>01F0880N,20260831,101,255,202.0
2026-08-31 08:30:00,01F0928N,01F0880N,31,242,157,01F0928N>01F0880N,20260831,102,242,204.33333333333334
2026-08-31 08:35:00,01F0928N,01F0880N,31,239,179,01F0928N>01F0880N,20260831,103,239,199.66666666666666
2026-08-31 08:40:00,01F0928N,01F0880N,31,201,163,01F0928N>01F0880N,20260831,104,201,191.66666666666666
2026-08-31 08:45:00,01F0928N,01F0880N,31,209,152,01F0928N>01F0880N,20260831,105,209,202.0
2026-08-31 08:50:00,01F0928N,01F0880N,31,224,159,01F0928N>01F0880N,20260831,106,224,218.0
2026-08-31 08:55:00,01F0928N,01F0880N,31,236,167,01F0928N>01F0880N,20260831,107,236,224.66666666666666
2026-08-31 09:00:00,01F0928N,01F0880N,31,253,149,01F0928N>01F0880N,20260831,108,253,229.66666666666666
2026-08-31 09:05:00,01F0928N,01F0880N,31,266,156,01F0928N>01F0880N,20260831,109,266,236.66666666666666
2026-08-31 09:10:00,01F0928N,01F0880N,31,264,148,01F0928N>01F0880N,20260831,110,264,224.66666666666666
2026-08-31 09:15:00,01F0928N,01F0880N,31,272,159,01F0928N>01F0880N,20260831,111,272,214.66666666666666
2026-08-31 09:20:00,01F0928N,01F0880N,31,258,162,01F0928N>01F0880N,20260831,112,258,208.0
2026-08-31 09:25:00,01F0928N,01F0880N,31,267,158,01F0928N>01F0880N,20260831,113,267,206.0
2026-08-31 09:30:00,01F0928N,01F0880N,31,225,175,01F0928N>01F0880N,20260831,114,225,201.0
2026-08-31 09:35:00,01F0928N,01F0880N,31,227,184,01F0928N>01F0880N,20260831,115,227,196.33333333333334
2026-08-31 09:40:00,01F0928N,01F0880N,31,212,188,01F0928N>01F0880N,20260831,116,212,193.66666666666666
2026-08-31 09:45:00,01F0928N,01F0880N,31,203,196,01F0928N>01F0880N,20260831,117,203,195.0
2026-08-31 09:50:00,01F0928N,01F0880N,31,186,188,01F0928N>01F0880N,20260831,118,186,188.33333333333334
2026-08-31 09:55:00,01F0928N,01F0880N,31,183,153,01F0928N>01F0880N,20260831,119,183,179.66666666666666
2026-08-31 10:00:00,01F0928N,01F0880N,31,186,146,01F0928N>01F0880N,20260831,120,186,183.66666666666666
2026-08-31 10:05:00,01F0928N,01F0880N,31,194,187,01F0928N>01F0880N,20260831,121,194,185.0
2026-08-31 10:10:00,01F0928N,01F0880N,31,186,164,01F0928N>01F0880N,20260831,122,186,184.66666666666666
2026-08-31 10:15:00,01F0928N,01F0880N,31,188,173,01F0928N>01F0880N,20260831,123,188,188.33333333333334
2026-08-31 10:20:00,01F0928N,01F0880N,31,183,150,01F0928N>01F0880N,20260831,124,183,187.66666666666666
2026-08-31 10:25:00,01F0928N,01F0880N,31,188,165,01F0928N>01F0880N,20260831,125,188,186.33333333333334
2026-08-31 10:30:00,01F0928N,01F0880N,31,189,175,01F0928N>01F0880N,20260831,126,189,187.0
2026-08-31 10:35:00,01F0928N,01F0880N,31,193,165,01F0928N>01F0880N,20260831,127,193,185.66666666666666
2026-08-31 10:40:00,01F0928N,01F0880N,31,201,160,01F0928N>01F0880N,20260831,128,201,187.66666666666666
2026-08-31 10:45:00,01F0928N,01F0880N,31,184,139,01F0928N>01F0880N,20260831,129,184,182.66666666666666
2026-08-31 10:50:00,01F0928N,01F0880N,31,187,176,01F0928N>01F0880N,20260831,130,187,184.66666666666666
2026-08-31 10:55:00,01F0928N,01F0880N,31,183,157,01F0928N>01F0880N,20260831,131,183,189.33333333333334
2026-08-31 11:00:00,01F0928N,01F0880N,31,181,177,01F0928N>01F0880N,20260831,132,181,193.66666666666666
2026-08-31 11:05:00,01F0928N,01F0880N,31,180,168,01F0928N>01F0880N,20260831,133,180,188.33333333333334
2026-08-31 11:10:00,01F0928N,01F0880N,31,180,164,01F0928N>01F0880N,20260831,134,180,181.33333333333334
2026-08-31 11:15:00,01F0928N,01F0880N,31,191,175,01F0928N>01F0880N,20260831,135,191,186.66666666666666
2026-08-31 11:20:00,01F0928N,01F0880N,31,188,171,01F0928N>01F0880N,20260831,136,188,183.33333333333334
2026-08-31 11:25:00,01F0928N,01F0880N,31,179,145,01F0928N>01F0880N,20260831,137,179,181.66666666666666
2026-08-31 11:30:00,01F0928N,01F0880N,31,181,181,01F0928N>01F0880N,20260831,138,181,182.66666666666666
2026-08-31 11:35:00,01F0928N,01F0880N,31,183,146,01F0928N>01F0880N,20260831,139,183,181.66666666666666
2026-08-31 11:40:00,01F0928N,01F0880N,31,186,159,01F0928N>01F0880N,20260831,140,186,186.0
2026-08-31 11:45:00,01F0928N,01F0880N,31,177,181,01F0928N>01F0880N,20260831,141,177,184.66666666666666
2026-08-31 11:50:00,01F0928N,01F0880N,31,171,151,01F0928N>01F0880N,20260831,142,171,178.33333333333334
2026-08-31 11:55:00,01F0928N,01F0880N,31,186,157,01F0928N>01F0880N,20260831,143,186,185.0
2026-08-31 12:00:00,01F0928N,01F0880N,31,176,167,01F0928N>01F0880N,20260831,144,176,181.33333333333334
2026-08-31 12:05:00,01F0928N,01F0880N,31,180,172,01F0928N>01F0880N,20260831,145,180,181.66666666666666
2026-08-31 12:10:00,01F0928N,01F0880N,31,181,160,01F0928N>01F0880N,20260831,146,181,181.66666666666666
2026-08-31 12:15:00,01F0928N,01F0880N,31,181,191,01F0928N>01F0880N,20260831,147,181,182.33333333333334
2026-08-31 12:20:00,01F0928N,01F0880N,31,181,187,01F0928N>01F0880N,20260831,148,181,188.0
2026-08-31 12:25:00,01F0928N,01F0880N,31,177,182,01F0928N>01F0880N,20260831,149,177,188.0
2026-08-31 12:30:00,01F0928N,01F0880N,31,176,164,01F0928N>01F0880N,20260831,150,176,190.66666666666666
2026-08-31 12:35:00,01F0928N,01F0880N,31,190,160,01F0928N>01F0880N,20260831,151,190,191.66666666666666
2026-08-31 12:40:00,01F0928N,01F0880N,31,174,158,01F0928N>01F0880N,20260831,152,174,184.33333333333334
2026-08-31 12:45:00,01F0928N,01F0880N,31,176,197,01F0928N>01F0880N,20260831,153,176,184.33333333333334
2026-08-31 12:50:00,01F0928N,01F0880N,31,179,157,01F0928N>01F0880N,20260831,154,179,178.66666666666666
2026-08-31 12:55:00,01F0928N,01F0880N,31,189,197,01F0928N>01F0880N,20260831,155,189,183.0
2026-08-31 13:00:00,01F0928N,01F0880N,31,183,166,01F0928N>01F0880N,20260831,156,183,181.33333333333334
2026-08-31 13:05:00,01F0928N,01F0880N,31,179,183,01F0928N>01F0880N,20260831,157,179,186.0
2026-08-31 13:10:00,01F0928N,01F0880N,31,179,187,01F0928N>01F0880N,20260831,158,179,185.33333333333334
2026-08-31 13:15:00,01F0928N,01F0880N,31,179,173,01F0928N>01F0880N,20260831,159,179,186.0
2026-08-31 13:20:00,01F0928N,01F0880N,31,179,175,01F0928N>01F0880N,20260831,160,179,190.66666666666666
2026-08-31 13:25:00,01F0928N,01F0880N,31,179,178,01F0928N>01F0880N,20260831,161,179,193.33333333333334
2026-08-31 13:30:00,01F0928N,01F0880N,31,189,195,01F0928N>01F0880N,20260831,162,189,199.33333333333334
2026-08-31 13:35:00,01F0928N,01F0880N,31,180,162,01F0928N>01F0880N,20260831,163,180,197.33333333333334
2026-08-31 13:40:00,01F0928N,01F0880N,31,184,183,01F0928N>01F0880N,20260831,164,184,200.66666666666666
2026-08-31 13:45:00,01F0928N,01F0880N,31,182,174,01F0928N>01F0880N,20260831,165,182,193.0
2026-08-31 13:50:00,01F0928N,01F0880N,31,182,170,01F0928N>01F0880N,20260831,166,182,196.33333333333334
2026-08-31 13:55:00,01F0928N,01F0880N,31,190,209,01F0928N>01F0880N,20260831,167,190,194.66666666666666
2026-08-31 14:00:00,01F0928N,01F0880N,31,177,165,01F0928N>01F0880N,20260831,168,177,194.0
2026-08-31 14:05:00,01F0928N,01F0880N,31,187,172,01F0928N>01F0880N,20260831,169,187,202.33333333333334
2026-08-31 14:10:00,01F0928N,01F0880N,31,188,190,01F0928N>01F0880N,20260831,170,188,198.0
2026-08-31 14:15:00,01F0928N,01F0880N,31,185,197,01F0928N>01F0880N,20260831,171,185,193.33333333333334
2026-08-31 14:20:00,01F0928N,01F0880N,31,184,188,01F0928N>01F0880N,20260831,172,184,190.66666666666666
2026-08-31 14:25:00,01F0928N,01F0880N,31,186,185,01F0928N>01F0880N,20260831,173,186,197.66666666666666
2026-08-31 14:30:00,01F0928N,01F0880N,31,183,191,01F0928N>01F0880N,20260831,174,183,200.0
2026-08-31 14:35:00,01F0928N,01F0880N,31,180,176,01F0928N>01F0880N,20260831,175,180,194.0
2026-08-31 14:40:00,01F0928N,01F0880N,31,195,187,01F0928N>01F0880N,20260831,176,195,203.33333333333334
2026-08-31 14:45:00,01F0928N,01F0880N,31,199,186,01F0928N>01F0880N,20260831,177,199,202.0
2026-08-31 14:50:00,01F0928N,01F0880N,31,210,191,01F0928N>01F0880N,20260831,178,210,205.0
2026-08-31 14:55:00,01F0928N,01F0880N,31,224,188,01F0928N>01F0880N,20260831,179,224,210.0
2026-08-31 15:00:00,01F0928N,01F0880N,31,213,207,01F0928N>01F0880N,20260831,180,213,207.66666666666666
2026-08-31 15:05:00,01F0928N,01F0880N,31,199,207,01F0928N>01F0880N,20260831,181,199,205.33333333333334
2026-08-31 15:10:00,01F0928N,01F0880N,31,201,208,01F0928N>01F0880N,20260831,182,201,206.0
2026-08-31 15:15:00,01F0928N,01F0880N,31,213,187,01F0928N>01F0880N,20260831,183,213,206.0
2026-08-31 15:20:00,01F0928N,01F0880N,31,210,229,01F0928N>01F0880N,20260831,184,210,202.66666666666666
2026-08-31 15:25:00,01F0928N,01F0880N,31,196,172,01F0928N>01F0880N,20260831,185,196,203.66666666666666
2026-08-31 15:30:00,01F0928N,01F0880N,31,173,148,01F0928N>01F0880N,20260831,186,173,193.66666666666666
2026-08-31 15:35:00,01F0928N,01F0880N,31,176,123,01F0928N>01F0880N,20260831,187,176,192.66666666666666
2026-08-31 15:40:00,01F0928N,01F0880N,31,202,209,01F0928N>01F0880N,20260831,188,202,201.66666666666666
2026-08-31 15:45:00,01F0928N,01F0880N,31,219,189,01F0928N>01F0880N,20260831,189,219,206.66666666666666
2026-08-31 15:50:00,01F0928N,01F0880N,31,229,178,01F0928N>01F0880N,20260831,190,229,211.33333333333334
2026-08-31 15:55:00,01F0928N,01F0880N,31,215,204,01F0928N>01F0880N,20260831,191,215,212.66666666666666
2026-08-31 16:00:00,01F0928N,01F0880N,31,201,210,01F0928N>01F0880N,20260831,192,201,208.33333333333334
2026-08-31 16:05:00,01F0928N,01F0880N,31,207,211,01F0928N>01F0880N,20260831,193,207,204.33333333333334
2026-08-31 16:10:00,01F0928N,01F0880N,31,227,205,01F0928N>01F0880N,20260831,194,227,211.33333333333334
2026-08-31 16:15:00,01F0928N,01F0880N,31,239,227,01F0928N>01F0880N,20260831,195,239,219.0
2026-08-31 16:20:00,01F0928N,01F0880N,31,220,253,01F0928N>01F0880N,20260831,196,220,213.0
2026-08-31 16:25:00,01F0928N,01F0880N,31,208,238,01F0928N>01F0880N,20260831,197,208,211.66666666666666
2026-08-31 16:30:00,01F0928N,01F0880N,31,234,243,01F0928N>01F0880N,20260831,198,234,219.0
2026-08-31 16:35:00,01F0928N,01F0880N,31,240,239,01F0928N>01F0880N,20260831,199,240,225.0
2026-08-31 16:40:00,01F0928N,01F0880N,31,227,251,01F0928N>01F0880N,20260831,200,227,218.0
2026-08-31 16:45:00,01F0928N,01F0880N,31,211,232,01F0928N>01F0880N,20260831,201,211,209.0
2026-08-31 16:50:00,01F0928N,01F0880N,31,214,263,01F0928N>01F0880N,20260831,202,214,220.0
2026-08-31 16:55:00,01F0928N,01F0880N,31,219,249,01F0928N>01F0880N,20260831,203,219,220.0
2026-08-31 17:00:00,01F0928N,01F0880N,31,209,232,01F0928N>01F0880N,20260831,204,209,207.66666666666666
2026-08-31 17:05:00,01F0928N,01F0880N,31,218,206,01F0928N>01F0880N,20260831,205,218,210.0
2026-08-31 17:10:00,01F0928N,01F0880N,31,209,224,01F0928N>01F0880N,20260831,206,209,203.33333333333334
2026-08-31 17:15:00,01F0928N,01F0880N,31,213,253,01F0928N>01F0880N,20260831,207,213,202.66666666666666
2026-08-31 17:20:00,01F0928N,01F0880N,31,217,236,01F0928N>01F0880N,20260831,208,217,205.33333333333334
2026-08-31 17:25:00,01F0928N,01F0880N,31,216,247,01F0928N>01F0880N,20260831,209,216,205.66666666666666
2026-08-31 17:30:00,01F0928N,01F0880N,31,208,221,01F0928N>01F0880N,20260831,210,208,202.0
2026-08-31 17:35:00,01F0928N,01F0880N,31,218,243,01F0928N>01F0880N,20260831,211,218,205.0
2026-08-31 17:40:00,01F0928N,01F0880N,31,204,219,01F0928N>01F0880N,20260831,212,204,204.66666666666666
2026-08-31 17:45:00,01F0928N,01F0880N,31,211,198,01F0928N>01F0880N,20260831,213,211,202.33333333333334
2026-08-31 17:50:00,01F0928N,01F0880N,31,214,230,01F0928N>01F0880N,20260831,214,214,208.66666666666666
2026-08-31 17:55:00,01F0928N,01F0880N,31,228,201,01F0928N>01F0880N,20260831,215,228,209.33333333333334
2026-08-31 18:00:00,01F0928N,01F0880N,31,242,210,01F0928N>01F0880N,20260831,216,242,222.0
2026-08-31 18:05:00,01F0928N,01F0880N,31,244,198,01F0928N>01F0880N,20260831,217,244,228.0
2026-08-31 18:10:00,01F0928N,01F0880N,31,240,194,01F0928N>01F0880N,20260831,218,240,222.66666666666666
2026-08-31 18:15:00,01F0928N,01F0880N,31,236,211,01F0928N>01F0880N,20260831,219,236,215.0
2026-08-31 18:20:00,01F0928N,01F0880N,31,234,189,01F0928N>01F0880N,20260831,220,234,214.66666666666666
2026-08-31 18:25:00,01F0928N,01F0880N,31,237,201,01F0928N>01F0880N,20260831,221,237,217.0
2026-08-31 18:30:00,01F0928N,01F0880N,31,235,197,01F0928N>01F0880N,20260831,222,235,215.33333333333334
2026-08-31 18:35:00,01F0928N,01F0880N,31,223,233,01F0928N>01F0880N,20260831,223,223,214.33333333333334
2026-08-31 18:40:00,01F0928N,01F0880N,31,217,190,01F0928N>01F0880N,20260831,224,217,216.0
2026-08-31 18:45:00,01F0928N,01F0880N,31,231,200,01F0928N>01F0880N,20260831,225,231,218.66666666666666
2026-08-31 18:50:00,01F0928N,01F0880N,31,230,202,01F0928N>01F0880N,20260831,226,230,216.66666666666666
2026-08-31 18:55:00,01F0928N,01F0880N,31,230,207,01F0928N>01F0880N,20260831,227,230,215.66666666666666
2026-08-31 19:00:00,01F0928N,01F0880N,31,233,220,01F0928N>01F0880N,20260831,228,233,215.66666666666666
2026-08-31 19:05:00,01F0928N,01F0880N,31,218,233,01F0928N>01F0880N,20260831,229,218,209.33333333333334
2026-08-31 19:10:00,01F0928N,01F0880N,31,201,221,01F0928N>01F0880N,20260831,230,201,203.33333333333334
2026-08-31 19:15:00,01F0928N,01F0880N,31,207,186,01F0928N>01F0880N,20260831,231,207,203.0
2026-08-31 19:20:00,01F0928N,01F0880N,31,213,212,01F0928N>01F0880N,20260831,232,213,210.0
2026-08-31 19:25:00,01F0928N,01F0880N,31,209,201,01F0928N>01F0880N,20260831,233,209,203.33333333333334
2026-08-31 19:30:00,01F0928N,01F0880N,31,199,200,01F0928N>01F0880N,20260831,234,199,200.66666666666666
2026-08-31 19:35:00,01F0928N,01F0880N,31,208,227,01F0928N>01F0880N,20260831,235,208,203.66666666666666
2026-08-31 19:40:00,01F0928N,01F0880N,31,187,192,01F0928N>01F0880N,20260831,236,187,196.33333333333334
2026-08-31 19:45:00,01F0928N,01F0880N,31,181,195,01F0928N>01F0880N,20260831,237,181,195.66666666666666
2026-08-31 19:50:00,01F0928N,01F0880N,31,186,222,01F0928N>01F0880N,20260831,238,186,197.0
2026-08-31 19:55:00,01F0928N,01F0880N,31,185,190,01F0928N>01F0880N,20260831,239,185,196.66666666666666
2026-08-31 20:00:00,01F0928N,01F0880N,31,178,182,01F0928N>01F0880N,20260831,240,178,190.66666666666666
2026-08-31 20:05:00,01F0928N,01F0880N,31,188,169,01F0928N>01F0880N,20260831,241,188,187.33333333333334
2026-08-31 20:10:00,01F0928N,01F0880N,31,187,181,01F0928N>01F0880N,20260831,242,187,187.33333333333334
2026-08-31 20:15:00,01F0928N,01F0880N,31,185,162,01F0928N>01F0880N,20260831,243,185,184.0
2026-08-31 20:20:00,01F0928N,01F0880N,31,191,183,01F0928N>01F0880N,20260831,244,191,185.66666666666666
2026-08-31 20:25:00,01F0928N,01F0880N,31,181,158,01F0928N>01F0880N,20260831,245,181,181.0
2026-08-31 20:30:00,01F0928N,01F0880N,31,180,166,01F0928N>01F0880N,20260831,246,180,180.0
2026-08-31 20:35:00,01F0928N,01F0880N,31,187,173,01F0928N>01F0880N,20260831,247,187,184.0
2026-08-31 20:40:00,01F0928N,01F0880N,31,182,180,01F0928N>01F0880N,20260831,248,182,178.33333333333334
2026-08-31 20:45:00,01F0928N,01F0880N,31,178,164,01F0928N>01F0880N,20260831,249,178,179.0
2026-08-31 20:50:00,01F0928N,01F0880N,31,183,164,01F0928N>01F0880N,20260831,250,183,179.33333333333334
2026-08-31 20:55:00,01F0928N,01F0880N,31,180,129,01F0928N>01F0880N,20260831,251,180,178.66666666666666
2026-08-31 21:00:00,01F0928N,01F0880N,31,181,130,01F0928N>01F0880N,20260831,252,181,181.0
2026-08-31 21:05:00,01F0928N,01F0880N,31,182,161,01F0928N>01F0880N,20260831,253,182,177.33333333333334
2026-08-31 21:10:00,01F0928N,01F0880N,31,177,132,01F0928N>01F0880N,20260831,254,177,176.66666666666666
2026-08-31 21:15:00,01F0928N,01F0880N,31,189,141,01F0928N>01F0880N,20260831,255,189,178.33333333333334
2026-08-31 21:20:00,01F0928N,01F0880N,31,184,156,01F0928N>01F0880N,20260831,256,184,180.0
2026-08-31 21:25:00,01F0928N,01F0880N,31,186,131,01F0928N>01F0880N,20260831,257,186,178.66666666666666
2026-08-31 21:30:00,01F0928N,01F0880N,31,179,124,01F0928N>01F0880N,20260831,258,179,176.66666666666666
2026-08-31 21:35:00,01F0928N,01F0880N,31,173,128,01F0928N>01F0880N,20260831,259,173,173.66666666666666
2026-08-31 21:40:00,01F0928N,01F0880N,31,174,125,01F0928N>01F0880N,20260831,260,174,172.0
2026-08-31 21:45:00,01F0928N,01F0880N,31,173,117,01F0928N>01F0880N,20260831,261,173,174.0
2026-08-31 21:50:00,01F0928N,01F0880N,31,171,109,01F0928N>01F0880N,20260831,262,171,170.33333333333334
2026-08-31 21:55:00,01F0928N,01F0880N,31,174,112,01F0928N>01F0880N,20260831,263,174,174.33333333333334
2026-08-31 22:00:00,01F0928N,01F0880N,31,177,120,01F0928N>01F0880N,20260831,264,177,176.0
2026-08-31 22:05:00,01F0928N,01F0880N,31,170,118,01F0928N>01F0880N,20260831,265,170,170.0
2026-08-31 22:10:00,01F0928N,01F0880N,31,169,117,01F0928N>01F0880N,20260831,266,169,170.33333333333334
2026-08-31 22:15:00,01F0928N,01F0880N,31,169,109,01F0928N>01F0880N,20260831,267,169,168.66666666666666
2026-08-31 22:20:00,01F0928N,01F0880N,31,171,123,01F0928N>01F0880N,20260831,268,171,172.33333333333334
2026-08-31 22:25:00,01F0928N,01F0880N,31,170,103,01F0928N>01F0880N,20260831,269,170,169.33333333333334
2026-08-31 22:30:00,01F0928N,01F0880N,31,165,79,01F0928N>01F0880N,20260831,270,165,168.0
2026-08-31 22:35:00,01F0928N,01F0880N,31,164,81,01F0928N>01F0880N,20260831,271,164,167.33333333333334
2026-08-31 22:40:00,01F0928N,01F0880N,31,170,73,01F0928N>01F0880N,20260831,272,170,168.66666666666666
2026-08-31 22:45:00,01F0928N,01F0880N,31,163,79,01F0928N>01F0880N,20260831,273,163,165.66666666666666
2026-08-31 22:50:00,01F0928N,01F0880N,31,171,81,01F0928N>01F0880N,20260831,274,171,169.0
2026-08-31 22:55:00,01F0928N,01F0880N,31,168,64,01F0928N>01F0880N,20260831,275,168,168.66666666666666
2026-08-31 23:00:00,01F0928N,01F0880N,31,168,72,01F0928N>01F0880N,20260831,276,168,168.33333333333334
2026-08-31 23:05:00,01F0928N,01F0880N,31,165,79,01F0928N>01F0880N,20260831,277,165,164.33333333333334
2026-08-31 23:10:00,01F0928N,01F0880N,31,167,64,01F0928N>01F0880N,20260831,278,167,167.33333333333334
2026-08-31 23:15:00,01F0928N,01F0880N,31,165,56,01F0928N>01F0880N,20260831,279,165,166.33333333333334
2026-08-31 23:20:00,01F0928N,01F0880N,31,168,74,01F0928N>01F0880N,20260831,280,168,167.33333333333334
2026-08-31 23:25:00,01F0928N,01F0880N,31,163,48,01F0928N>01F0880N,20260831,281,163,165.33333333333334
2026-08-31 23:30:00,01F0928N,01F0880N,31,165,53,01F0928N>01F0880N,20260831,282,165,165.33333333333334
2026-08-31 23:35:00,01F0928N,01F0880N,31,163,52,01F0928N>01F0880N,20260831,283,163,163.66666666666666
2026-08-31 23:40:00,01F0928N,01F0880N,31,169,51,01F0928N>01F0880N,20260831,284,169,165.33333333333334
2026-08-31 23:45:00,01F0928N,01F0880N,31,163,48,01F0928N>01F0880N,20260831,285,163,162.0
2026-08-31 23:50:00,01F0928N,01F0880N,31,170,41,01F0928N>01F0880N,20260831,286,170,166.66666666666666
2026-08-31 23:55:00,01F0928N,01F0880N,31,165,47,01F0928N>01F0880N,20260831,287,165,166.33333333333334
2026-09-01 00:00:00,01F0928N,01F0880N,31,163,43,01F0928N>01F0880N,20260901,0,163,162.33333333333334
2026-09-01 00:05:00,01F0928N,01F0880N,31,165,44,01F0928N>01F0880N,20260901,1,165,163.66666666666666
2026-09-01 00:10:00,01F0928N,01F0880N,31,165,35,01F0928N>01F0880N,20260901,2,165,163.0
2026-09-01 00:15:00,01F0928N,01F0880N,31,161,40,01F0928N>01F0880N,20260901,3,161,163.66666666666666
2026-09-01 00:20:00,01F0928N,01F0880N,31,163,25,01F0928N>01F0880N,20260901,4,163,165.66666666666666
2026-09-01 00:25:00,01F0928N,01F0880N,31,166,37,01F0928N>01F0880N,20260901,5,166,164.66666666666666
2026-09-01 00:30:00,01F0928N,01F0880N,31,166,39,01F0928N>01F0880N,20260901,6,166,163.0
2026-09-01 00:35:00,01F0928N,01F0880N,31,168,33,01F0928N>01F0880N,20260901,7,168,166.0
2026-09-01 00:40:00,01F0928N,01F0880N,31,166,41,01F0928N>01F0880N,20260901,8,166,166.0
2026-09-01 00:45:00,01F0928N,01F0880N,31,163,25,01F0928N>01F0880N,20260901,9,163,164.66666666666666
2026-09-01 00:50:00,01F0928N,01F0880N,31,159,30,01F0928N>01F0880N,20260901,10,159,162.33333333333334
2026-09-01 00:55:00,01F0928N,01F0880N,31,166,43,01F0928N>01F0880N,20260901,11,166,164.0
2026-09-01 01:00:00,01F0928N,01F0880N,31,163,35,01F0928N>01F0880N,20260901,12,163,166.0
2026-09-01 01:05:00,01F0928N,01F0880N,31,165,25,01F0928N>01F0880N,20260901,13,165,164.66666666666666
2026-09-01 01:10:00,01F0928N,01F0880N,31,174,24,01F0928N>01F0880N,20260901,14,174,167.0
2026-09-01 01:15:00,01F0928N,01F0880N,31,168,36,01F0928N>01F0880N,20260901,15,168,166.66666666666666
2026-09-01 01:20:00,01F0928N,01F0880N,31,167,26,01F0928N>01F0880N,20260901,16,167,164.66666666666666
2026-09-01 01:25:00,01F0928N,01F0880N,31,172,21,01F0928N>01F0880N,20260901,17,172,169.66666666666666
2026-09-01 01:30:00,01F0928N,01F0880N,31,166,21,01F0928N>01F0880N,20260901,18,166,164.33333333333334
2026-09-01 01:35:00,01F0928N,01F0880N,31,168,24,01F0928N>01F0880N,20260901,19,168,162.66666666666666
2026-09-01 01:40:00,01F0928N,01F0880N,31,161,24,01F0928N>01F0880N,20260901,20,161,162.66666666666666
2026-09-01 01:45:00,01F0928N,01F0880N,31,170,14,01F0928N>01F0880N,20260901,21,170,161.66666666666666
2026-09-01 01:50:00,01F0928N,01F0880N,31,165,21,01F0928N>01F0880N,20260901,22,165,164.0
2026-09-01 01:55:00,01F0928N,01F0880N,31,163,22,01F0928N>01F0880N,20260901,23,163,163.66666666666666
2026-09-01 02:00:00,01F0928N,01F0880N,31,165,19,01F0928N>01F0880N,20260901,24,165,164.66666666666666
2026-09-01 02:05:00,01F0928N,01F0880N,31,163,31,01F0928N>01F0880N,20260901,25,163,164.66666666666666
2026-09-01 02:10:00,01F0928N,01F0880N,31,165,13,01F0928N>01F0880N,20260901,26,165,167.33333333333334
2026-09-01 02:15:00,01F0928N,01F0880N,31,163,24,01F0928N>01F0880N,20260901,27,163,165.66666666666666
2026-09-01 02:20:00,01F0928N,01F0880N,31,164,17,01F0928N>01F0880N,20260901,28,164,164.0
2026-09-01 02:25:00,01F0928N,01F0880N,31,167,24,01F0928N>01F0880N,20260901,29,167,166.33333333333334
2026-09-01 02:30:00,01F0928N,01F0880N,31,162,22,01F0928N>01F0880N,20260901,30,162,164.0
2026-09-01 02:35:00,01F0928N,01F0880N,31,166,16,01F0928N>01F0880N,20260901,31,166,162.66666666666666
2026-09-01 02:40:00,01F0928N,01F0880N,31,174,14,01F0928N>01F0880N,20260901,32,174,165.0
2026-09-01 02:45:00,01F0928N,01F0880N,31,159,29,01F0928N>01F0880N,20260901,33,159,164.66666666666666
2026-09-01 02:50:00,01F0928N,01F0880N,31,164,21,01F0928N>01F0880N,20260901,34,164,163.0
2026-09-01 02:55:00,01F0928N,01F0880N,31,163,25,01F0928N>01F0880N,20260901,35,163,161.66666666666666
2026-09-01 03:00:00,01F0928N,01F0880N,31,163,26,01F0928N>01F0880N,20260901,36,163,160.0
2026-09-01 03:05:00,01F0928N,01F0880N,31,165,26,01F0928N>01F0880N,20260901,37,165,161.66666666666666
2026-09-01 03:10:00,01F0928N,01F0880N,31,159,27,01F0928N>01F0880N,20260901,38,159,160.33333333333334
2026-09-01 03:15:00,01F0928N,01F0880N,31,159,26,01F0928N>01F0880N,20260901,39,159,163.66666666666666
2026-09-01 03:20:00,01F0928N,01F0880N,31,160,25,01F0928N>01F0880N,20260901,40,160,159.66666666666666
2026-09-01 03:25:00,01F0928N,01F0880N,31,163,22,01F0928N>01F0880N,20260901,41,163,162.33333333333334
2026-09-01 03:30:00,01F0928N,01F0880N,31,166,21,01F0928N>01F0880N,20260901,42,166,163.0
2026-09-01 03:35:00,01F0928N,01F0880N,31,164,23,01F0928N>01F0880N,20260901,43,164,164.33333333333334
2026-09-01 03:40:00,01F0928N,01F0880N,31,161,21,01F0928N>01F0880N,20260901,44,161,160.0
2026-09-01 03:45:00,01F0928N,01F0880N,31,162,37,01F0928N>01F0880N,20260901,45,162,164.66666666666666
2026-09-01 03:50:00,01F0928N,01F0880N,31,165,38,01F0928N>01F0880N,20260901,46,165,162.0
2026-09-01 03:55:00,01F0928N,01F0880N,31,162,30,01F0928N>01F0880N,20260901,47,162,159.66666666666666
2026-09-01 04:00:00,01F0928N,01F0880N,31,160,28,01F0928N>01F0880N,20260901,48,160,161.33333333333334
2026-09-01 04:05:00,01F0928N,01F0880N,31,165,24,01F0928N>01F0880N,20260901,49,165,160.66666666666666
2026-09-01 04:10:00,01F0928N,01F0880N,31,164,32,01F0928N>01F0880N,20260901,50,164,162.0
2026-09-01 04:15:00,01F0928N,01F0880N,31,161,32,01F0928N>01F0880N,20260901,51,161,161.0
2026-09-01 04:20:00,01F0928N,01F0880N,31,161,32,01F0928N>01F0880N,20260901,52,161,162.66666666666666
2026-09-01 04:25:00,01F0928N,01F0880N,31,159,32,01F0928N>01F0880N,20260901,53,159,163.66666666666666
2026-09-01 04:30:00,01F0928N,01F0880N,31,164,40,01F0928N>01F0880N,20260901,54,164,162.33333333333334
2026-09-01 04:35:00,01F0928N,01F0880N,31,166,41,01F0928N>01F0880N,20260901,55,166,161.66666666666666
2026-09-01 04:40:00,01F0928N,01F0880N,31,163,44,01F0928N>01F0880N,20260901,56,163,165.66666666666666
2026-09-01 04:45:00,01F0928N,01F0880N,31,168,39,01F0928N>01F0880N,20260901,57,168,163.0
2026-09-01 04:50:00,01F0928N,01F0880N,31,165,37,01F0928N>01F0880N,20260901,58,165,162.66666666666666
2026-09-01 04:55:00,01F0928N,01F0880N,31,165,49,01F0928N>01F0880N,20260901,59,165,162.66666666666666
2026-09-01 05:00:00,01F0928N,01F0880N,31,159,48,01F0928N>01F0880N,20260901,60,159,162.33333333333334
2026-09-01 05:05:00,01F0928N,01F0880N,31,162,46,01F0928N>01F0880N,20260901,61,162,164.0
2026-09-01 05:10:00,01F0928N,01F0880N,31,164,53,01F0928N>01F0880N,20260901,62,164,160.66666666666666
2026-09-01 05:15:00,01F0928N,01F0880N,31,159,44,01F0928N>01F0880N,20260901,63,159,162.66666666666666
2026-09-01 05:20:00,01F0928N,01F0880N,31,161,47,01F0928N>01F0880N,20260901,64,161,161.0
2026-09-01 05:25:00,01F0928N,01F0880N,31,159,49,01F0928N>01F0880N,20260901,65,159,162.0
2026-09-01 05:30:00,01F0928N,01F0880N,31,166,70,01F0928N>01F0880N,20260901,66,166,163.0
2026-09-01 05:35:00,01F0928N,01F0880N,31,163,54,01F0928N>01F0880N,20260901,67,163,159.66666666666666
2026-09-01 05:40:00,01F0928N,01F0880N,31,162,64,01F0928N>01F0880N,20260901,68,162,160.33333333333334
2026-09-01 05:45:00,01F0928N,01F0880N,31,166,65,01F0928N>01F0880N,20260901,69,166,160.66666666666666
2026-09-01 05:50:00,01F0928N,01F0880N,31,159,63,01F0928N>01F0880N,20260901,70,159,161.66666666666666
2026-09-01 05:55:00,01F0928N,01F0880N,31,162,82,01F0928N>01F0880N,20260901,71,162,162.0
2026-09-01 06:00:00,01F0928N,01F0880N,31,160,111,01F0928N>01F0880N,20260901,72,160,160.33333333333334
2026-09-01 06:05:00,01F0928N,01F0880N,31,166,92,01F0928N>01F0880N,20260901,73,166,162.33333333333334
2026-09-01 06:10:00,01F0928N,01F0880N,31,161,102,01F0928N>01F0880N,20260901,74,161,163.0
2026-09-01 06:15:00,01F0928N,01F0880N,31,166,113,01F0928N>01F0880N,20260901,75,166,166.33333333333334
2026-09-01 06:20:00,01F0928N,01F0880N,31,166,143,01F0928N>01F0880N,20260901,76,166,166.0
2026-09-01 06:25:00,01F0928N,01F0880N,31,167,149,01F0928N>01F0880N,20260901,77,167,167.33333333333334
2026-09-01 06:30:00,01F0928N,01F0880N,31,167,145,01F0928N>01F0880N,20260901,78,167,168.66666666666666
2026-09-01 06:35:00,01F0928N,01F0880N,31,169,171,01F0928N>01F0880N,20260901,79,169,168.33333333333334
2026-09-01 06:40:00,01F0928N,01F0880N,31,175,170,01F0928N>01F0880N,20260901,80,175,170.0
2026-09-01 06:45:00,01F0928N,01F0880N,31,173,179,01F0928N>01F0880N,20260901,81,173,175.33333333333334
2026-09-01 06:50:00,01F0928N,01F0880N,31,175,171,01F0928N>01F0880N,20260901,82,175,178.66666666666666
2026-09-01 06:55:00,01F0928N,01F0880N,31,177,186,01F0928N>01F0880N,20260901,83,177,181.66666666666666
2026-09-01 07:00:00,01F0928N,01F0880N,31,199,173,01F0928N>01F0880N,20260901,84,199,182.33333333333334
2026-09-01 07:05:00,01F0928N,01F0880N,31,227,204,01F0928N>01F0880N,20260901,85,227,187.0
2026-09-01 07:10:00,01F0928N,01F0880N,31,189,213,01F0928N>01F0880N,20260901,86,189,191.33333333333334
2026-09-01 07:15:00,01F0928N,01F0880N,31,181,195,01F0928N>01F0880N,20260901,87,181,184.0
2026-09-01 07:20:00,01F0928N,01F0880N,31,184,218,01F0928N>01F0880N,20260901,88,184,184.66666666666666
2026-09-01 07:25:00,01F0928N,01F0880N,31,195,223,01F0928N>01F0880N,20260901,89,195,193.0
2026-09-01 07:30:00,01F0928N,01F0880N,31,178,205,01F0928N>01F0880N,20260901,90,178,188.0
2026-09-01 07:35:00,01F0928N,01F0880N,31,184,222,01F0928N>01F0880N,20260901,91,184,185.0
2026-09-01 07:40:00,01F0928N,01F0880N,31,179,200,01F0928N>01F0880N,20260901,92,179,188.0
2026-09-01 07:45:00,01F0928N,01F0880N,31,200,201,01F0928N>01F0880N,20260901,93,200,184.0
2026-09-01 07:50:00,01F0928N,01F0880N,31,179,188,01F0928N>01F0880N,20260901,94,179,192.33333333333334
2026-09-01 07:55:00,01F0928N,01F0880N,31,188,186,01F0928N>01F0880N,20260901,95,188,200.0
2026-09-01 08:00:00,01F0928N,01F0880N,31,187,153,01F0928N>01F0880N,20260901,96,187,198.0
2026-09-01 08:05:00,01F0928N,01F0880N,31,188,185,01F0928N>01F0880N,20260901,97,188,203.33333333333334
2026-09-01 08:10:00,01F0928N,01F0880N,31,209,155,01F0928N>01F0880N,20260901,98,209,199.66666666666666
2026-09-01 08:15:00,01F0928N,01F0880N,31,240,165,01F0928N>01F0880N,20260901,99,240,207.33333333333334
2026-09-01 08:20:00,01F0928N,01F0880N,31,229,189,01F0928N>01F0880N,20260901,100,229,204.0
2026-09-01 08:25:00,01F0928N,01F0880N,31,207,155,01F0928N>01F0880N,20260901,101,207,202.0
2026-09-01 08:30:00,01F0928N,01F0880N,31,202,162,01F0928N>01F0880N,20260901,102,202,204.33333333333334
2026-09-01 08:35:00,01F0928N,01F0880N,31,198,152,01F0928N>01F0880N,20260901,103,198,199.66666666666666
2026-09-01 08:40:00,01F0928N,01F0880N,31,194,163,01F0928N>01F0880N,20260901,104,194,191.66666666666666
2026-09-01 08:45:00,01F0928N,01F0880N,31,198,180,01F0928N>01F0880N,20260901,105,198,202.0
2026-09-01 08:50:00,01F0928N,01F0880N,31,180,140,01F0928N>01F0880N,20260901,106,180,218.0
2026-09-01 08:55:00,01F0928N,01F0880N,31,180,136,01F0928N>01F0880N,20260901,107,180,224.66666666666666
2026-09-01 09:00:00,01F0928N,01F0880N,31,190,153,01F0928N>01F0880N,20260901,108,190,229.66666666666666
2026-09-01 09:05:00,01F0928N,01F0880N,31,204,157,01F0928N>01F0880N,20260901,109,204,236.66666666666666
2026-09-01 09:10:00,01F0928N,01F0880N,31,206,147,01F0928N>01F0880N,20260901,110,206,224.66666666666666
2026-09-01 09:15:00,01F0928N,01F0880N,31,227,149,01F0928N>01F0880N,20260901,111,227,214.66666666666666
2026-09-01 09:20:00,01F0928N,01F0880N,31,230,183,01F0928N>01F0880N,20260901,112,230,208.0
2026-09-01 09:25:00,01F0928N,01F0880N,31,234,171,01F0928N>01F0880N,20260901,113,234,206.0
2026-09-01 09:30:00,01F0928N,01F0880N,31,230,197,01F0928N>01F0880N,20260901,114,230,201.0
2026-09-01 09:35:00,01F0928N,01F0880N,31,225,163,01F0928N>01F0880N,20260901,115,225,196.33333333333334
2026-09-01 09:40:00,01F0928N,01F0880N,31,227,159,01F0928N>01F0880N,20260901,116,227,193.66666666666666
2026-09-01 09:45:00,01F0928N,01F0880N,31,277,118,01F0928N>01F0880N,20260901,117,277,195.0
2026-09-01 09:50:00,01F0928N,01F0880N,31,344,118,01F0928N>01F0880N,20260901,118,344,188.33333333333334
2026-09-01 09:55:00,01F0928N,01F0880N,31,451,140,01F0928N>01F0880N,20260901,119,451,179.66666666666666
2026-09-01 10:00:00,01F0928N,01F0880N,31,506,150,01F0928N>01F0880N,20260901,120,506,183.66666666666666
2026-09-01 10:05:00,01F0928N,01F0880N,31,508,168,01F0928N>01F0880N,20260901,121,508,185.0
2026-09-01 10:10:00,01F0928N,01F0880N,31,464,188,01F0928N>01F0880N,20260901,122,464,184.66666666666666
2026-09-01 10:15:00,01F0928N,01F0880N,31,438,156,01F0928N>01F0880N,20260901,123,438,188.33333333333334
2026-09-01 10:20:00,01F0928N,01F0880N,31,421,167,01F0928N>01F0880N,20260901,124,421,187.66666666666666
2026-09-01 10:25:00,01F0928N,01F0880N,31,382,174,01F0928N>01F0880N,20260901,125,382,186.33333333333334
2026-09-01 10:30:00,01F0928N,01F0880N,31,335,150,01F0928N>01F0880N,20260901,126,335,187.0
2026-09-01 10:35:00,01F0928N,01F0880N,31,296,185,01F0928N>01F0880N,20260901,127,296,185.66666666666666
2026-09-01 10:40:00,01F0928N,01F0880N,31,263,169,01F0928N>01F0880N,20260901,128,263,187.66666666666666
2026-09-01 10:45:00,01F0928N,01F0880N,31,197,156,01F0928N>01F0880N,20260901,129,197,182.66666666666666
2026-09-01 10:50:00,01F0928N,01F0880N,31,176,143,01F0928N>01F0880N,20260901,130,176,184.66666666666666
2026-09-01 10:55:00,01F0928N,01F0880N,31,180,152,01F0928N>01F0880N,20260901,131,180,189.33333333333334
2026-09-01 11:00:00,01F0928N,01F0880N,31,176,140,01F0928N>01F0880N,20260901,132,176,193.66666666666666
2026-09-01 11:05:00,01F0928N,01F0880N,31,175,127,01F0928N>01F0880N,20260901,133,175,188.33333333333334
2026-09-01 11:10:00,01F0928N,01F0880N,31,175,150,01F0928N>01F0880N,20260901,134,175,181.33333333333334
2026-09-01 11:15:00,01F0928N,01F0880N,31,178,141,01F0928N>01F0880N,20260901,135,178,186.66666666666666
2026-09-01 11:20:00,01F0928N,01F0880N,31,174,128,01F0928N>01F0880N,20260901,136,174,183.33333333333334
2026-09-01 11:25:00,01F0928N,01F0880N,31,181,148,01F0928N>01F0880N,20260901,137,181,181.66666666666666
2026-09-01 11:30:00,01F0928N,01F0880N,31,173,124,01F0928N>01F0880N,20260901,138,173,182.66666666666666
2026-09-01 11:35:00,01F0928N,01F0880N,31,179,159,01F0928N>01F0880N,20260901,139,179,181.66666666666666
2026-09-01 11:40:00,01F0928N,01F0880N,31,178,147,01F0928N>01F0880N,20260901,140,178,186.0
2026-09-01 11:45:00,01F0928N,01F0880N,31,192,151,01F0928N>01F0880N,20260901,141,192,184.66666666666666
2026-09-01 11:50:00,01F0928N,01F0880N,31,192,142,01F0928N>01F0880N,20260901,142,192,178.33333333333334
2026-09-01 11:55:00,01F0928N,01F0880N,31,187,155,01F0928N>01F0880N,20260901,143,187,185.0
2026-09-01 12:00:00,01F0928N,01F0880N,31,184,151,01F0928N>01F0880N,20260901,144,184,181.33333333333334
2026-09-01 12:05:00,01F0928N,01F0880N,31,180,152,01F0928N>01F0880N,20260901,145,180,181.66666666666666
2026-09-01 12:10:00,01F0928N,01F0880N,31,182,142,01F0928N>01F0880N,20260901,146,182,181.66666666666666
2026-09-01 12:15:00,01F0928N,01F0880N,31,181,193,01F0928N>01F0880N,20260901,147,181,182.33333333333334
2026-09-01 12:20:00,01F0928N,01F0880N,31,184,162,01F0928N>01F0880N,20260901,148,184,188.0
2026-09-01 12:25:00,01F0928N,01F0880N,31,185,165,01F0928N>01F0880N,20260901,149,185,188.0
2026-09-01 12:30:00,01F0928N,01F0880N,31,178,161,01F0928N>01F0880N,20260901,150,178,190.66666666666666
2026-09-01 12:35:00,01F0928N,01F0880N,31,185,146,01F0928N>01F0880N,20260901,151,185,191.66666666666666
2026-09-01 12:40:00,01F0928N,01F0880N,31,184,185,01F0928N>01F0880N,20260901,152,184,184.33333333333334
2026-09-01 12:45:00,01F0928N,01F0880N,31,187,167,01F0928N>01F0880N,20260901,153,187,184.33333333333334
2026-09-01 12:50:00,01F0928N,01F0880N,31,185,156,01F0928N>01F0880N,20260901,154,185,178.66666666666666
2026-09-01 12:55:00,01F0928N,01F0880N,31,213,170,01F0928N>01F0880N,20260901,155,213,183.0
2026-09-01 13:00:00,01F0928N,01F0880N,31,209,167,01F0928N>01F0880N,20260901,156,209,181.33333333333334
2026-09-01 13:05:00,01F0928N,01F0880N,31,196,178,01F0928N>01F0880N,20260901,157,196,186.0
2026-09-01 13:10:00,01F0928N,01F0880N,31,181,129,01F0928N>01F0880N,20260901,158,181,185.33333333333334
2026-09-01 13:15:00,01F0928N,01F0880N,31,183,178,01F0928N>01F0880N,20260901,159,183,186.0
2026-09-01 13:20:00,01F0928N,01F0880N,31,191,164,01F0928N>01F0880N,20260901,160,191,190.66666666666666
2026-09-01 13:25:00,01F0928N,01F0880N,31,190,161,01F0928N>01F0880N,20260901,161,190,193.33333333333334
2026-09-01 13:30:00,01F0928N,01F0880N,31,187,162,01F0928N>01F0880N,20260901,162,187,199.33333333333334
2026-09-01 13:35:00,01F0928N,01F0880N,31,184,191,01F0928N>01F0880N,20260901,163,184,197.33333333333334
2026-09-01 13:40:00,01F0928N,01F0880N,31,199,139,01F0928N>01F0880N,20260901,164,199,200.66666666666666
2026-09-01 13:45:00,01F0928N,01F0880N,31,214,171,01F0928N>01F0880N,20260901,165,214,193.0
2026-09-01 13:50:00,01F0928N,01F0880N,31,211,129,01F0928N>01F0880N,20260901,166,211,196.33333333333334
2026-09-01 13:55:00,01F0928N,01F0880N,31,208,151,01F0928N>01F0880N,20260901,167,208,194.66666666666666
2026-09-01 14:00:00,01F0928N,01F0880N,31,187,126,01F0928N>01F0880N,20260901,168,187,194.0
2026-09-01 14:05:00,01F0928N,01F0880N,31,182,127,01F0928N>01F0880N,20260901,169,182,202.33333333333334
2026-09-01 14:10:00,01F0928N,01F0880N,31,193,126,01F0928N>01F0880N,20260901,170,193,198.0
2026-09-01 14:15:00,01F0928N,01F0880N,31,197,156,01F0928N>01F0880N,20260901,171,197,193.33333333333334
2026-09-01 14:20:00,01F0928N,01F0880N,31,197,114,01F0928N>01F0880N,20260901,172,197,190.66666666666666
2026-09-01 14:25:00,01F0928N,01F0880N,31,220,131,01F0928N>01F0880N,20260901,173,220,197.66666666666666
2026-09-01 14:30:00,01F0928N,01F0880N,31,225,153,01F0928N>01F0880N,20260901,174,225,200.0
2026-09-01 14:35:00,01F0928N,01F0880N,31,234,133,01F0928N>01F0880N,20260901,175,234,194.0
2026-09-01 14:40:00,01F0928N,01F0880N,31,246,137,01F0928N>01F0880N,20260901,176,246,203.33333333333334
2026-09-01 14:45:00,01F0928N,01F0880N,31,242,129,01F0928N>01F0880N,20260901,177,242,202.0
2026-09-01 14:50:00,01F0928N,01F0880N,31,255,134,01F0928N>01F0880N,20260901,178,255,205.0
2026-09-01 14:55:00,01F0928N,01F0880N,31,245,170,01F0928N>01F0880N,20260901,179,245,210.0
2026-09-01 15:00:00,01F0928N,01F0880N,31,240,148,01F0928N>01F0880N,20260901,180,240,207.66666666666666
2026-09-01 15:05:00,01F0928N,01F0880N,31,232,150,01F0928N>01F0880N,20260901,181,232,205.33333333333334
2026-09-01 15:10:00,01F0928N,01F0880N,31,228,157,01F0928N>01F0880N,20260901,182,228,206.0
2026-09-01 15:15:00,01F0928N,01F0880N,31,225,183,01F0928N>01F0880N,20260901,183,225,206.0
2026-09-01 15:20:00,01F0928N,01F0880N,31,223,164,01F0928N>01F0880N,20260901,184,223,202.66666666666666
2026-09-01 15:25:00,01F0928N,01F0880N,31,220,166,01F0928N>01F0880N,20260901,185,220,203.66666666666666
2026-09-01 15:30:00,01F0928N,01F0880N,31,219,151,01F0928N>01F0880N,20260901,186,219,193.66666666666666
2026-09-01 15:35:00,01F0928N,01F0880N,31,224,154,01F0928N>01F0880N,20260901,187,224,192.66666666666666
2026-09-01 15:40:00,01F0928N,01F0880N,31,219,171,01F0928N>01F0880N,20260901,188,219,201.66666666666666
2026-09-01 15:45:00,01F0928N,01F0880N,31,221,163,01F0928N>01F0880N,20260901,189,221,206.66666666666666
2026-09-01 15:50:00,01F0928N,01F0880N,31,236,163,01F0928N>01F0880N,20260901,190,236,211.33333333333334
2026-09-01 15:55:00,01F0928N,01F0880N,31,240,163,01F0928N>01F0880N,20260901,191,240,212.66666666666666
2026-09-01 16:00:00,01F0928N,01F0880N,31,218,166,01F0928N>01F0880N,20260901,192,218,208.33333333333334
2026-09-01 16:05:00,01F0928N,01F0880N,31,225,202,01F0928N>01F0880N,20260901,193,225,204.33333333333334
2026-09-01 16:10:00,01F0928N,01F0880N,31,241,180,01F0928N>01F0880N,20260901,194,241,211.33333333333334
2026-09-01 16:15:00,01F0928N,01F0880N,31,249,208,01F0928N>01F0880N,20260901,195,249,219.0
2026-09-01 16:20:00,01F0928N,01F0880N,31,252,186,01F0928N>01F0880N,20260901,196,252,213.0
2026-09-01 16:25:00,01F0928N,01F0880N,31,240,207,01F0928N>01F0880N,20260901,197,240,211.66666666666666
2026-09-01 16:30:00,01F0928N,01F0880N,31,224,216,01F0928N>01F0880N,20260901,198,224,219.0
2026-09-01 16:35:00,01F0928N,01F0880N,31,231,185,01F0928N>01F0880N,20260901,199,231,225.0
2026-09-01 16:40:00,01F0928N,01F0880N,31,248,208,01F0928N>01F0880N,20260901,200,248,218.0
2026-09-01 16:45:00,01F0928N,01F0880N,31,242,196,01F0928N>01F0880N,20260901,201,242,209.0
2026-09-01 16:50:00,01F0928N,01F0880N,31,234,225,01F0928N>01F0880N,20260901,202,234,220.0
2026-09-01 16:55:00,01F0928N,01F0880N,31,226,210,01F0928N>01F0880N,20260901,203,226,220.0
2026-09-01 17:00:00,01F0928N,01F0880N,31,240,202,01F0928N>01F0880N,20260901,204,240,207.66666666666666
2026-09-01 17:05:00,01F0928N,01F0880N,31,232,189,01F0928N>01F0880N,20260901,205,232,210.0
2026-09-01 17:10:00,01F0928N,01F0880N,31,250,208,01F0928N>01F0880N,20260901,206,250,203.33333333333334
2026-09-01 17:15:00,01F0928N,01F0880N,31,237,218,01F0928N>01F0880N,20260901,207,237,202.66666666666666
2026-09-01 17:20:00,01F0928N,01F0880N,31,218,218,01F0928N>01F0880N,20260901,208,218,205.33333333333334
2026-09-01 17:25:00,01F0928N,01F0880N,31,193,162,01F0928N>01F0880N,20260901,209,193,205.66666666666666
2026-09-01 17:30:00,01F0928N,01F0880N,31,183,163,01F0928N>01F0880N,20260901,210,183,202.0
2026-09-01 17:35:00,01F0928N,01F0880N,31,193,158,01F0928N>01F0880N,20260901,211,193,205.0
2026-09-01 17:40:00,01F0928N,01F0880N,31,213,194,01F0928N>01F0880N,20260901,212,213,204.66666666666666
2026-09-01 17:45:00,01F0928N,01F0880N,31,205,223,01F0928N>01F0880N,20260901,213,205,202.33333333333334
2026-09-01 17:50:00,01F0928N,01F0880N,31,212,211,01F0928N>01F0880N,20260901,214,212,208.66666666666666
2026-09-01 17:55:00,01F0928N,01F0880N,31,219,173,01F0928N>01F0880N,20260901,215,219,209.33333333333334
2026-09-01 18:00:00,01F0928N,01F0880N,31,223,225,01F0928N>01F0880N,20260901,216,223,222.0
2026-09-01 18:05:00,01F0928N,01F0880N,31,231,199,01F0928N>01F0880N,20260901,217,231,228.0
2026-09-01 18:10:00,01F0928N,01F0880N,31,216,205,01F0928N>01F0880N,20260901,218,216,222.66666666666666
2026-09-01 18:15:00,01F0928N,01F0880N,31,209,195,01F0928N>01F0880N,20260901,219,209,215.0
2026-09-01 18:20:00,01F0928N,01F0880N,31,216,183,01F0928N>01F0880N,20260901,220,216,214.66666666666666
2026-09-01 18:25:00,01F0928N,01F0880N,31,217,202,01F0928N>01F0880N,20260901,221,217,217.0
2026-09-01 18:30:00,01F0928N,01F0880N,31,229,185,01F0928N>01F0880N,20260901,222,229,215.33333333333334
2026-09-01 18:35:00,01F0928N,01F0880N,31,216,200,01F0928N>01F0880N,20260901,223,216,214.33333333333334
2026-09-01 18:40:00,01F0928N,01F0880N,31,213,201,01F0928N>01F0880N,20260901,224,213,216.0
2026-09-01 18:45:00,01F0928N,01F0880N,31,211,209,01F0928N>01F0880N,20260901,225,211,218.66666666666666
2026-09-01 18:50:00,01F0928N,01F0880N,31,203,208,01F0928N>01F0880N,20260901,226,203,216.66666666666666
2026-09-01 18:55:00,01F0928N,01F0880N,31,204,192,01F0928N>01F0880N,20260901,227,204,215.66666666666666
2026-09-01 19:00:00,01F0928N,01F0880N,31,210,188,01F0928N>01F0880N,20260901,228,210,215.66666666666666
2026-09-01 19:05:00,01F0928N,01F0880N,31,229,177,01F0928N>01F0880N,20260901,229,229,209.33333333333334
2026-09-01 19:10:00,01F0928N,01F0880N,31,248,196,01F0928N>01F0880N,20260901,230,248,203.33333333333334
2026-09-01 19:15:00,01F0928N,01F0880N,31,231,180,01F0928N>01F0880N,20260901,231,231,203.0
2026-09-01 19:20:00,01F0928N,01F0880N,31,240,195,01F0928N>01F0880N,20260901,232,240,210.0
2026-09-01 19:25:00,01F0928N,01F0880N,31,222,168,01F0928N>01F0880N,20260901,233,222,203.33333333333334
2026-09-01 19:30:00,01F0928N,01F0880N,31,233,195,01F0928N>01F0880N,20260901,234,233,200.66666666666666
2026-09-01 19:35:00,01F0928N,01F0880N,31,225,207,01F0928N>01F0880N,20260901,235,225,203.66666666666666
2026-09-01 19:40:00,01F0928N,01F0880N,31,218,213,01F0928N>01F0880N,20260901,236,218,196.33333333333334
2026-09-01 19:45:00,01F0928N,01F0880N,31,223,201,01F0928N>01F0880N,20260901,237,223,195.66666666666666
2026-09-01 19:50:00,01F0928N,01F0880N,31,220,189,01F0928N>01F0880N,20260901,238,220,197.0
2026-09-01 19:55:00,01F0928N,01F0880N,31,216,216,01F0928N>01F0880N,20260901,239,216,196.66666666666666
2026-09-01 20:00:00,01F0928N,01F0880N,31,204,175,01F0928N>01F0880N,20260901,240,204,190.66666666666666
2026-09-01 20:05:00,01F0928N,01F0880N,31,223,175,01F0928N>01F0880N,20260901,241,223,187.33333333333334
2026-09-01 20:10:00,01F0928N,01F0880N,31,203,120,01F0928N>01F0880N,20260901,242,203,187.33333333333334
2026-09-01 20:15:00,01F0928N,01F0880N,31,201,173,01F0928N>01F0880N,20260901,243,201,184.0
2026-09-01 20:20:00,01F0928N,01F0880N,31,191,156,01F0928N>01F0880N,20260901,244,191,185.66666666666666
2026-09-01 20:25:00,01F0928N,01F0880N,31,207,165,01F0928N>01F0880N,20260901,245,207,181.0
2026-09-01 20:30:00,01F0928N,01F0880N,31,203,168,01F0928N>01F0880N,20260901,246,203,180.0
2026-09-01 20:35:00,01F0928N,01F0880N,31,195,163,01F0928N>01F0880N,20260901,247,195,184.0
2026-09-01 20:40:00,01F0928N,01F0880N,31,198,153,01F0928N>01F0880N,20260901,248,198,178.33333333333334
2026-09-01 20:45:00,01F0928N,01F0880N,31,185,134,01F0928N>01F0880N,20260901,249,185,179.0
2026-09-01 20:50:00,01F0928N,01F0880N,31,173,133,01F0928N>01F0880N,20260901,250,173,179.33333333333334
2026-09-01 20:55:00,01F0928N,01F0880N,31,172,133,01F0928N>01F0880N,20260901,251,172,178.66666666666666
2026-09-01 21:00:00,01F0928N,01F0880N,31,173,124,01F0928N>01F0880N,20260901,252,173,181.0
2026-09-01 21:05:00,01F0928N,01F0880N,31,169,137,01F0928N>01F0880N,20260901,253,169,177.33333333333334
2026-09-01 21:10:00,01F0928N,01F0880N,31,174,110,01F0928N>01F0880N,20260901,254,174,176.66666666666666
2026-09-01 21:15:00,01F0928N,01F0880N,31,168,102,01F0928N>01F0880N,20260901,255,168,178.33333333333334
2026-09-01 21:20:00,01F0928N,01F0880N,31,174,125,01F0928N>01F0880N,20260901,256,174,180.0
2026-09-01 21:25:00,01F0928N,01F0880N,31,175,135,01F0928N>01F0880N,20260901,257,175,178.66666666666666
2026-09-01 21:30:00,01F0928N,01F0880N,31,174,128,01F0928N>01F0880N,20260901,258,174,176.66666666666666
2026-09-01 21:35:00,01F0928N,01F0880N,31,170,104,01F0928N>01F0880N,20260901,259,170,173.66666666666666
2026-09-01 21:40:00,01F0928N,01F0880N,31,176,129,01F0928N>01F0880N,20260901,260,176,172.0
2026-09-01 21:45:00,01F0928N,01F0880N,31,166,120,01F0928N>01F0880N,20260901,261,166,174.0
2026-09-01 21:50:00,01F0928N,01F0880N,31,174,102,01F0928N>01F0880N,20260901,262,174,170.33333333333334
2026-09-01 21:55:00,01F0928N,01F0880N,31,174,107,01F0928N>01F0880N,20260901,263,174,174.33333333333334
2026-09-01 22:00:00,01F0928N,01F0880N,31,172,93,01F0928N>01F0880N,20260901,264,172,176.0
2026-09-01 22:05:00,01F0928N,01F0880N,31,170,94,01F0928N>01F0880N,20260901,265,170,170.0
2026-09-01 22:10:00,01F0928N,01F0880N,31,171,81,01F0928N>01F0880N,20260901,266,171,170.33333333333334
2026-09-01 22:15:00,01F0928N,01F0880N,31,171,97,01F0928N>01F0880N,20260901,267,171,168.66666666666666
2026-09-01 22:20:00,01F0928N,01F0880N,31,169,91,01F0928N>01F0880N,20260901,268,169,172.33333333333334
2026-09-01 22:25:00,01F0928N,01F0880N,31,164,86,01F0928N>01F0880N,20260901,269,164,169.33333333333334
2026-09-01 22:30:00,01F0928N,01F0880N,31,165,73,01F0928N>01F0880N,20260901,270,165,168.0
2026-09-01 22:35:00,01F0928N,01F0880N,31,169,83,01F0928N>01F0880N,20260901,271,169,167.33333333333334
2026-09-01 22:40:00,01F0928N,01F0880N,31,166,67,01F0928N>01F0880N,20260901,272,166,168.66666666666666
2026-09-01 22:45:00,01F0928N,01F0880N,31,165,66,01F0928N>01F0880N,20260901,273,165,165.66666666666666
2026-09-01 22:50:00,01F0928N,01F0880N,31,168,89,01F0928N>01F0880N,20260901,274,168,169.0
2026-09-01 22:55:00,01F0928N,01F0880N,31,167,77,01F0928N>01F0880N,20260901,275,167,168.66666666666666
2026-09-01 23:00:00,01F0928N,01F0880N,31,168,73,01F0928N>01F0880N,20260901,276,168,168.33333333333334
2026-09-01 23:05:00,01F0928N,01F0880N,31,165,73,01F0928N>01F0880N,20260901,277,165,164.33333333333334
2026-09-01 23:10:00,01F0928N,01F0880N,31,172,55,01F0928N>01F0880N,20260901,278,172,167.33333333333334
2026-09-01 23:15:00,01F0928N,01F0880N,31,169,58,01F0928N>01F0880N,20260901,279,169,166.33333333333334
2026-09-01 23:20:00,01F0928N,01F0880N,31,168,43,01F0928N>01F0880N,20260901,280,168,167.33333333333334
2026-09-01 23:25:00,01F0928N,01F0880N,31,168,50,01F0928N>01F0880N,20260901,281,168,165.33333333333334
2026-09-01 23:30:00,01F0928N,01F0880N,31,165,47,01F0928N>01F0880N,20260901,282,165,165.33333333333334
2026-09-01 23:35:00,01F0928N,01F0880N,31,168,43,01F0928N>01F0880N,20260901,283,168,163.66666666666666
2026-09-01 23:40:00,01F0928N,01F0880N,31,167,53,01F0928N>01F0880N,20260901,284,167,165.33333333333334
2026-09-01 23:45:00,01F0928N,01F0880N,31,163,60,01F0928N>01F0880N,20260901,285,163,162.0
2026-09-01 23:50:00,01F0928N,01F0880N,31,165,54,01F0928N>01F0880N,20260901,286,165,166.66666666666666
2026-09-01 23:55:00,01F0928N,01F0880N,31,164,41,01F0928N>01F0880N,20260901,287,164,166.33333333333334
2026-09-02 00:00:00,01F0928N,01F0880N,31,163,37,01F0928N>01F0880N,20260902,0,163,162.33333333333334
2026-09-02 00:05:00,01F0928N,01F0880N,31,164,35,01F0928N>01F0880N,20260902,1,164,163.66666666666666
2026-09-02 00:10:00,01F0928N,01F0880N,31,175,23,01F0928N>01F0880N,20260902,2,175,163.0
2026-09-02 00:15:00,01F0928N,01F0880N,31,163,36,01F0928N>01F0880N,20260902,3,163,163.66666666666666
2026-09-02 00:20:00,01F0928N,01F0880N,31,164,24,01F0928N>01F0880N,20260902,4,164,165.66666666666666
2026-09-02 00:25:00,01F0928N,01F0880N,31,165,29,01F0928N>01F0880N,20260902,5,165,164.66666666666666
2026-09-02 00:30:00,01F0928N,01F0880N,31,162,28,01F0928N>01F0880N,20260902,6,162,163.0
2026-09-02 00:35:00,01F0928N,01F0880N,31,164,32,01F0928N>01F0880N,20260902,7,164,166.0
2026-09-02 00:40:00,01F0928N,01F0880N,31,168,34,01F0928N>01F0880N,20260902,8,168,166.0
2026-09-02 00:45:00,01F0928N,01F0880N,31,164,27,01F0928N>01F0880N,20260902,9,164,164.66666666666666
2026-09-02 00:50:00,01F0928N,01F0880N,31,169,31,01F0928N>01F0880N,20260902,10,169,162.33333333333334
2026-09-02 00:55:00,01F0928N,01F0880N,31,163,33,01F0928N>01F0880N,20260902,11,163,164.0
2026-09-02 01:00:00,01F0928N,01F0880N,31,168,27,01F0928N>01F0880N,20260902,12,168,166.0
2026-09-02 01:05:00,01F0928N,01F0880N,31,165,36,01F0928N>01F0880N,20260902,13,165,164.66666666666666
2026-09-02 01:10:00,01F0928N,01F0880N,31,160,13,01F0928N>01F0880N,20260902,14,160,167.0
2026-09-02 01:15:00,01F0928N,01F0880N,31,163,19,01F0928N>01F0880N,20260902,15,163,166.66666666666666
2026-09-02 01:20:00,01F0928N,01F0880N,31,167,30,01F0928N>01F0880N,20260902,16,167,164.66666666666666
2026-09-02 01:25:00,01F0928N,01F0880N,31,175,10,01F0928N>01F0880N,20260902,17,175,169.66666666666666
2026-09-02 01:30:00,01F0928N,01F0880N,31,167,20,01F0928N>01F0880N,20260902,18,167,164.33333333333334
2026-09-02 01:35:00,01F0928N,01F0880N,31,168,20,01F0928N>01F0880N,20260902,19,168,162.66666666666666
2026-09-02 01:40:00,01F0928N,01F0880N,31,171,16,01F0928N>01F0880N,20260902,20,171,162.66666666666666
2026-09-02 01:45:00,01F0928N,01F0880N,31,166,23,01F0928N>01F0880N,20260902,21,166,161.66666666666666
2026-09-02 01:50:00,01F0928N,01F0880N,31,166,21,01F0928N>01F0880N,20260902,22,166,164.0
2026-09-02 01:55:00,01F0928N,01F0880N,31,161,16,01F0928N>01F0880N,20260902,23,161,163.66666666666666
2026-09-02 02:00:00,01F0928N,01F0880N,31,167,19,01F0928N>01F0880N,20260902,24,167,164.66666666666666
2026-09-02 02:05:00,01F0928N,01F0880N,31,158,20,01F0928N>01F0880N,20260902,25,158,164.66666666666666
2026-09-02 02:10:00,01F0928N,01F0880N,31,168,15,01F0928N>01F0880N,20260902,26,168,167.33333333333334
2026-09-02 02:15:00,01F0928N,01F0880N,31,165,17,01F0928N>01F0880N,20260902,27,165,165.66666666666666
2026-09-02 02:20:00,01F0928N,01F0880N,31,173,15,01F0928N>01F0880N,20260902,28,173,164.0
2026-09-02 02:25:00,01F0928N,01F0880N,31,167,15,01F0928N>01F0880N,20260902,29,167,166.33333333333334
2026-09-02 02:30:00,01F0928N,01F0880N,31,171,18,01F0928N>01F0880N,20260902,30,171,164.0
2026-09-02 02:35:00,01F0928N,01F0880N,31,159,12,01F0928N>01F0880N,20260902,31,159,162.66666666666666
2026-09-02 02:40:00,01F0928N,01F0880N,31,165,13,01F0928N>01F0880N,20260902,32,165,165.0
2026-09-02 02:45:00,01F0928N,01F0880N,31,166,24,01F0928N>01F0880N,20260902,33,166,164.66666666666666
2026-09-02 02:50:00,01F0928N,01F0880N,31,158,22,01F0928N>01F0880N,20260902,34,158,163.0
2026-09-02 02:55:00,01F0928N,01F0880N,31,160,29,01F0928N>01F0880N,20260902,35,160,161.66666666666666
2026-09-02 03:00:00,01F0928N,01F0880N,31,164,14,01F0928N>01F0880N,20260902,36,164,160.0
2026-09-02 03:05:00,01F0928N,01F0880N,31,161,18,01F0928N>01F0880N,20260902,37,161,161.66666666666666
2026-09-02 03:10:00,01F0928N,01F0880N,31,161,20,01F0928N>01F0880N,20260902,38,161,160.33333333333334
2026-09-02 03:15:00,01F0928N,01F0880N,31,165,16,01F0928N>01F0880N,20260902,39,165,163.66666666666666
2026-09-02 03:20:00,01F0928N,01F0880N,31,160,34,01F0928N>01F0880N,20260902,40,160,159.66666666666666
2026-09-02 03:25:00,01F0928N,01F0880N,31,162,26,01F0928N>01F0880N,20260902,41,162,162.33333333333334
2026-09-02 03:30:00,01F0928N,01F0880N,31,161,30,01F0928N>01F0880N,20260902,42,161,163.0
2026-09-02 03:35:00,01F0928N,01F0880N,31,161,27,01F0928N>01F0880N,20260902,43,161,164.33333333333334
2026-09-02 03:40:00,01F0928N,01F0880N,31,160,20,01F0928N>01F0880N,20260902,44,160,160.0
2026-09-02 03:45:00,01F0928N,01F0880N,31,164,30,01F0928N>01F0880N,20260902,45,164,164.66666666666666
2026-09-02 03:50:00,01F0928N,01F0880N,31,163,31,01F0928N>01F0880N,20260902,46,163,162.0
2026-09-02 03:55:00,01F0928N,01F0880N,31,163,29,01F0928N>01F0880N,20260902,47,163,159.66666666666666
2026-09-02 04:00:00,01F0928N,01F0880N,31,163,25,01F0928N>01F0880N,20260902,48,163,161.33333333333334
2026-09-02 04:05:00,01F0928N,01F0880N,31,162,27,01F0928N>01F0880N,20260902,49,162,160.66666666666666
2026-09-02 04:10:00,01F0928N,01F0880N,31,166,34,01F0928N>01F0880N,20260902,50,166,162.0
2026-09-02 04:15:00,01F0928N,01F0880N,31,161,35,01F0928N>01F0880N,20260902,51,161,161.0
2026-09-02 04:20:00,01F0928N,01F0880N,31,163,38,01F0928N>01F0880N,20260902,52,163,162.66666666666666
2026-09-02 04:25:00,01F0928N,01F0880N,31,164,33,01F0928N>01F0880N,20260902,53,164,163.66666666666666
2026-09-02 04:30:00,01F0928N,01F0880N,31,164,27,01F0928N>01F0880N,20260902,54,164,162.33333333333334
2026-09-02 04:35:00,01F0928N,01F0880N,31,161,33,01F0928N>01F0880N,20260902,55,161,161.66666666666666
2026-09-02 04:40:00,01F0928N,01F0880N,31,163,37,01F0928N>01F0880N,20260902,56,163,165.66666666666666
2026-09-02 04:45:00,01F0928N,01F0880N,31,165,38,01F0928N>01F0880N,20260902,57,165,163.0
2026-09-02 04:50:00,01F0928N,01F0880N,31,164,29,01F0928N>01F0880N,20260902,58,164,162.66666666666666
2026-09-02 04:55:00,01F0928N,01F0880N,31,163,43,01F0928N>01F0880N,20260902,59,163,162.66666666666666
2026-09-02 05:00:00,01F0928N,01F0880N,31,165,36,01F0928N>01F0880N,20260902,60,165,162.33333333333334
2026-09-02 05:05:00,01F0928N,01F0880N,31,166,31,01F0928N>01F0880N,20260902,61,166,164.0
2026-09-02 05:10:00,01F0928N,01F0880N,31,165,34,01F0928N>01F0880N,20260902,62,165,160.66666666666666
2026-09-02 05:15:00,01F0928N,01F0880N,31,159,34,01F0928N>01F0880N,20260902,63,159,162.66666666666666
2026-09-02 05:20:00,01F0928N,01F0880N,31,163,52,01F0928N>01F0880N,20260902,64,163,161.0
2026-09-02 05:25:00,01F0928N,01F0880N,31,163,51,01F0928N>01F0880N,20260902,65,163,162.0
2026-09-02 05:30:00,01F0928N,01F0880N,31,163,41,01F0928N>01F0880N,20260902,66,163,163.0
2026-09-02 05:35:00,01F0928N,01F0880N,31,161,46,01F0928N>01F0880N,20260902,67,161,159.66666666666666
2026-09-02 05:40:00,01F0928N,01F0880N,31,162,72,01F0928N>01F0880N,20260902,68,162,160.33333333333334
2026-09-02 05:45:00,01F0928N,01F0880N,31,162,61,01F0928N>01F0880N,20260902,69,162,160.66666666666666
2026-09-02 05:50:00,01F0928N,01F0880N,31,161,51,01F0928N>01F0880N,20260902,70,161,161.66666666666666
2026-09-02 05:55:00,01F0928N,01F0880N,31,162,71,01F0928N>01F0880N,20260902,71,162,162.0
2026-09-02 06:00:00,01F0928N,01F0880N,31,167,83,01F0928N>01F0880N,20260902,72,167,160.33333333333334
2026-09-02 06:05:00,01F0928N,01F0880N,31,164,77,01F0928N>01F0880N,20260902,73,164,162.33333333333334
2026-09-02 06:10:00,01F0928N,01F0880N,31,160,88,01F0928N>01F0880N,20260902,74,160,163.0
2026-09-02 06:15:00,01F0928N,01F0880N,31,165,123,01F0928N>01F0880N,20260902,75,165,166.33333333333334
2026-09-02 06:20:00,01F0928N,01F0880N,31,170,134,01F0928N>01F0880N,20260902,76,170,166.0
2026-09-02 06:25:00,01F0928N,01F0880N,31,173,129,01F0928N>01F0880N,20260902,77,173,167.33333333333334
2026-09-02 06:30:00,01F0928N,01F0880N,31,172,152,01F0928N>01F0880N,20260902,78,172,168.66666666666666
2026-09-02 06:35:00,01F0928N,01F0880N,31,168,137,01F0928N>01F0880N,20260902,79,168,168.33333333333334
2026-09-02 06:40:00,01F0928N,01F0880N,31,174,155,01F0928N>01F0880N,20260902,80,174,170.0
2026-09-02 06:45:00,01F0928N,01F0880N,31,178,178,01F0928N>01F0880N,20260902,81,178,175.33333333333334
2026-09-02 06:50:00,01F0928N,01F0880N,31,174,183,01F0928N>01F0880N,20260902,82,174,178.66666666666666
2026-09-02 06:55:00,01F0928N,01F0880N,31,180,180,01F0928N>01F0880N,20260902,83,180,181.66666666666666
2026-09-02 07:00:00,01F0928N,01F0880N,31,186,205,01F0928N>01F0880N,20260902,84,186,182.33333333333334
2026-09-02 07:05:00,01F0928N,01F0880N,31,186,196,01F0928N>01F0880N,20260902,85,186,187.0
2026-09-02 07:10:00,01F0928N,01F0880N,31,190,216,01F0928N>01F0880N,20260902,86,190,191.33333333333334
2026-09-02 07:15:00,01F0928N,01F0880N,31,187,202,01F0928N>01F0880N,20260902,87,187,184.0
2026-09-02 07:20:00,01F0928N,01F0880N,31,196,214,01F0928N>01F0880N,20260902,88,196,184.66666666666666
2026-09-02 07:25:00,01F0928N,01F0880N,31,210,217,01F0928N>01F0880N,20260902,89,210,193.0
2026-09-02 07:30:00,01F0928N,01F0880N,31,194,230,01F0928N>01F0880N,20260902,90,194,188.0
2026-09-02 07:35:00,01F0928N,01F0880N,31,181,201,01F0928N>01F0880N,20260902,91,181,185.0
2026-09-02 07:40:00,01F0928N,01F0880N,31,179,200,01F0928N>01F0880N,20260902,92,179,188.0
2026-09-02 07:45:00,01F0928N,01F0880N,31,204,222,01F0928N>01F0880N,20260902,93,204,184.0
2026-09-02 07:50:00,01F0928N,01F0880N,31,189,173,01F0928N>01F0880N,20260902,94,189,192.33333333333334
2026-09-02 07:55:00,01F0928N,01F0880N,31,188,179,01F0928N>01F0880N,20260902,95,188,200.0
2026-09-02 08:00:00,01F0928N,01F0880N,31,186,195,01F0928N>01F0880N,20260902,96,186,198.0
2026-09-02 08:05:00,01F0928N,01F0880N,31,185,148,01F0928N>01F0880N,20260902,97,185,203.33333333333334
2026-09-02 08:10:00,01F0928N,01F0880N,31,190,163,01F0928N>01F0880N,20260902,98,190,199.66666666666666
2026-09-02 08:15:00,01F0928N,01F0880N,31,192,186,01F0928N>01F0880N,20260902,99,192,207.33333333333334
2026-09-02 08:20:00,01F0928N,01F0880N,31,178,170,01F0928N>01F0880N,20260902,100,178,204.0
2026-09-02 08:25:00,01F0928N,01F0880N,31,187,167,01F0928N>01F0880N,20260902,101,187,202.0
2026-09-02 08:30:00,01F0928N,01F0880N,31,187,144,01F0928N>01F0880N,20260902,102,187,204.33333333333334
2026-09-02 08:35:00,01F0928N,01F0880N,31,186,148,01F0928N>01F0880N,20260902,103,186,199.66666666666666
2026-09-02 08:40:00,01F0928N,01F0880N,31,207,162,01F0928N>01F0880N,20260902,104,207,191.66666666666666
2026-09-02 08:45:00,01F0928N,01F0880N,31,223,166,01F0928N>01F0880N,20260902,105,223,202.0
2026-09-02 08:50:00,01F0928N,01F0880N,31,235,161,01F0928N>01F0880N,20260902,106,235,218.0
2026-09-02 08:55:00,01F0928N,01F0880N,31,263,161,01F0928N>01F0880N,20260902,107,263,224.66666666666666
2026-09-02 09:00:00,01F0928N,01F0880N,31,239,189,01F0928N>01F0880N,20260902,108,239,229.66666666666666
2026-09-02 09:05:00,01F0928N,01F0880N,31,247,147,01F0928N>01F0880N,20260902,109,247,236.66666666666666
2026-09-02 09:10:00,01F0928N,01F0880N,31,281,157,01F0928N>01F0880N,20260902,110,281,224.66666666666666
2026-09-02 09:15:00,01F0928N,01F0880N,31,292,160,01F0928N>01F0880N,20260902,111,292,214.66666666666666
2026-09-02 09:20:00,01F0928N,01F0880N,31,280,170,01F0928N>01F0880N,20260902,112,280,208.0
2026-09-02 09:25:00,01F0928N,01F0880N,31,255,201,01F0928N>01F0880N,20260902,113,255,206.0
2026-09-02 09:30:00,01F0928N,01F0880N,31,240,207,01F0928N>01F0880N,20260902,114,240,201.0
2026-09-02 09:35:00,01F0928N,01F0880N,31,227,176,01F0928N>01F0880N,20260902,115,227,196.33333333333334
2026-09-02 09:40:00,01F0928N,01F0880N,31,262,145,01F0928N>01F0880N,20260902,116,262,193.66666666666666
2026-09-02 09:45:00,01F0928N,01F0880N,31,297,191,01F0928N>01F0880N,20260902,117,297,195.0
2026-09-02 09:50:00,01F0928N,01F0880N,31,336,168,01F0928N>01F0880N,20260902,118,336,188.33333333333334
2026-09-02 09:55:00,01F0928N,01F0880N,31,356,165,01F0928N>01F0880N,20260902,119,356,179.66666666666666
2026-09-02 10:00:00,01F0928N,01F0880N,31,359,182,01F0928N>01F0880N,20260902,120,359,183.66666666666666
2026-09-02 10:05:00,01F0928N,01F0880N,31,373,171,01F0928N>01F0880N,20260902,121,373,185.0
2026-09-02 10:10:00,01F0928N,01F0880N,31,355,147,01F0928N>01F0880N,20260902,122,355,184.66666666666666
2026-09-02 10:15:00,01F0928N,01F0880N,31,311,162,01F0928N>01F0880N,20260902,123,311,188.33333333333334
2026-09-02 10:20:00,01F0928N,01F0880N,31,211,173,01F0928N>01F0880N,20260902,124,211,187.66666666666666
2026-09-02 10:25:00,01F0928N,01F0880N,31,200,167,01F0928N>01F0880N,20260902,125,200,186.33333333333334
2026-09-02 10:30:00,01F0928N,01F0880N,31,198,140,01F0928N>01F0880N,20260902,126,198,187.0
2026-09-02 10:35:00,01F0928N,01F0880N,31,200,175,01F0928N>01F0880N,20260902,127,200,185.66666666666666
2026-09-02 10:40:00,01F0928N,01F0880N,31,193,159,01F0928N>01F0880N,20260902,128,193,187.66666666666666
2026-09-02 10:45:00,01F0928N,01F0880N,31,184,142,01F0928N>01F0880N,20260902,129,184,182.66666666666666
2026-09-02 10:50:00,01F0928N,01F0880N,31,175,132,01F0928N>01F0880N,20260902,130,175,184.66666666666666
2026-09-02 10:55:00,01F0928N,01F0880N,31,183,156,01F0928N>01F0880N,20260902,131,183,189.33333333333334
2026-09-02 11:00:00,01F0928N,01F0880N,31,175,142,01F0928N>01F0880N,20260902,132,175,193.66666666666666
2026-09-02 11:05:00,01F0928N,01F0880N,31,174,144,01F0928N>01F0880N,20260902,133,174,188.33333333333334
2026-09-02 11:10:00,01F0928N,01F0880N,31,179,128,01F0928N>01F0880N,20260902,134,179,181.33333333333334
2026-09-02 11:15:00,01F0928N,01F0880N,31,185,152,01F0928N>01F0880N,20260902,135,185,186.66666666666666
2026-09-02 11:20:00,01F0928N,01F0880N,31,180,140,01F0928N>01F0880N,20260902,136,180,183.33333333333334
2026-09-02 11:25:00,01F0928N,01F0880N,31,174,169,01F0928N>01F0880N,20260902,137,174,181.66666666666666
2026-09-02 11:30:00,01F0928N,01F0880N,31,172,123,01F0928N>01F0880N,20260902,138,172,182.66666666666666
2026-09-02 11:35:00,01F0928N,01F0880N,31,192,163,01F0928N>01F0880N,20260902,139,192,181.66666666666666
2026-09-02 11:40:00,01F0928N,01F0880N,31,181,146,01F0928N>01F0880N,20260902,140,181,186.0
2026-09-02 11:45:00,01F0928N,01F0880N,31,194,157,01F0928N>01F0880N,20260902,141,194,184.66666666666666
2026-09-02 11:50:00,01F0928N,01F0880N,31,199,166,01F0928N>01F0880N,20260902,142,199,178.33333333333334
2026-09-02 11:55:00,01F0928N,01F0880N,31,174,134,01F0928N>01F0880N,20260902,143,174,185.0
2026-09-02 12:00:00,01F0928N,01F0880N,31,177,128,01F0928N>01F0880N,20260902,144,177,181.33333333333334
2026-09-02 12:05:00,01F0928N,01F0880N,31,176,169,01F0928N>01F0880N,20260902,145,176,181.66666666666666
2026-09-02 12:10:00,01F0928N,01F0880N,31,180,168,01F0928N>01F0880N,20260902,146,180,181.66666666666666
2026-09-02 12:15:00,01F0928N,01F0880N,31,181,151,01F0928N>01F0880N,20260902,147,181,182.33333333333334
2026-09-02 12:20:00,01F0928N,01F0880N,31,178,159,01F0928N>01F0880N,20260902,148,178,188.0
2026-09-02 12:25:00,01F0928N,01F0880N,31,182,174,01F0928N>01F0880N,20260902,149,182,188.0
2026-09-02 12:30:00,01F0928N,01F0880N,31,176,183,01F0928N>01F0880N,20260902,150,176,190.66666666666666
2026-09-02 12:35:00,01F0928N,01F0880N,31,188,160,01F0928N>01F0880N,20260902,151,188,191.66666666666666
2026-09-02 12:40:00,01F0928N,01F0880N,31,183,153,01F0928N>01F0880N,20260902,152,183,184.33333333333334
2026-09-02 12:45:00,01F0928N,01F0880N,31,178,158,01F0928N>01F0880N,20260902,153,178,184.33333333333334
2026-09-02 12:50:00,01F0928N,01F0880N,31,175,163,01F0928N>01F0880N,20260902,154,175,178.66666666666666
2026-09-02 12:55:00,01F0928N,01F0880N,31,176,138,01F0928N>01F0880N,20260902,155,176,183.0
2026-09-02 13:00:00,01F0928N,01F0880N,31,182,134,01F0928N>01F0880N,20260902,156,182,181.33333333333334
2026-09-02 13:05:00,01F0928N,01F0880N,31,175,162,01F0928N>01F0880N,20260902,157,175,186.0
2026-09-02 13:10:00,01F0928N,01F0880N,31,182,132,01F0928N>01F0880N,20260902,158,182,185.33333333333334
2026-09-02 13:15:00,01F0928N,01F0880N,31,176,142,01F0928N>01F0880N,20260902,159,176,186.0
2026-09-02 13:20:00,01F0928N,01F0880N,31,182,170,01F0928N>01F0880N,20260902,160,182,190.66666666666666
2026-09-02 13:25:00,01F0928N,01F0880N,31,182,153,01F0928N>01F0880N,20260902,161,182,193.33333333333334
2026-09-02 13:30:00,01F0928N,01F0880N,31,180,148,01F0928N>01F0880N,20260902,162,180,199.33333333333334
2026-09-02 13:35:00,01F0928N,01F0880N,31,188,172,01F0928N>01F0880N,20260902,163,188,197.33333333333334
2026-09-02 13:40:00,01F0928N,01F0880N,31,190,170,01F0928N>01F0880N,20260902,164,190,200.66666666666666
2026-09-02 13:45:00,01F0928N,01F0880N,31,185,159,01F0928N>01F0880N,20260902,165,185,193.0
2026-09-02 13:50:00,01F0928N,01F0880N,31,183,171,01F0928N>01F0880N,20260902,166,183,196.33333333333334
2026-09-02 13:55:00,01F0928N,01F0880N,31,181,183,01F0928N>01F0880N,20260902,167,181,194.66666666666666
2026-09-02 14:00:00,01F0928N,01F0880N,31,185,148,01F0928N>01F0880N,20260902,168,185,194.0
2026-09-02 14:05:00,01F0928N,01F0880N,31,184,148,01F0928N>01F0880N,20260902,169,184,202.33333333333334
2026-09-02 14:10:00,01F0928N,01F0880N,31,194,178,01F0928N>01F0880N,20260902,170,194,198.0
2026-09-02 14:15:00,01F0928N,01F0880N,31,190,157,01F0928N>01F0880N,20260902,171,190,193.33333333333334
2026-09-02 14:20:00,01F0928N,01F0880N,31,178,151,01F0928N>01F0880N,20260902,172,178,190.66666666666666
2026-09-02 14:25:00,01F0928N,01F0880N,31,183,160,01F0928N>01F0880N,20260902,173,183,197.66666666666666
2026-09-02 14:30:00,01F0928N,01F0880N,31,190,174,01F0928N>01F0880N,20260902,174,190,200.0
2026-09-02 14:35:00,01F0928N,01F0880N,31,187,169,01F0928N>01F0880N,20260902,175,187,194.0
2026-09-02 14:40:00,01F0928N,01F0880N,31,185,167,01F0928N>01F0880N,20260902,176,185,203.33333333333334
2026-09-02 14:45:00,01F0928N,01F0880N,31,184,161,01F0928N>01F0880N,20260902,177,184,202.0
2026-09-02 14:50:00,01F0928N,01F0880N,31,199,185,01F0928N>01F0880N,20260902,178,199,205.0
2026-09-02 14:55:00,01F0928N,01F0880N,31,194,181,01F0928N>01F0880N,20260902,179,194,210.0
2026-09-02 15:00:00,01F0928N,01F0880N,31,188,159,01F0928N>01F0880N,20260902,180,188,207.66666666666666
2026-09-02 15:05:00,01F0928N,01F0880N,31,201,209,01F0928N>01F0880N,20260902,181,201,205.33333333333334
2026-09-02 15:10:00,01F0928N,01F0880N,31,195,200,01F0928N>01F0880N,20260902,182,195,206.0
2026-09-02 15:15:00,01F0928N,01F0880N,31,195,191,01F0928N>01F0880N,20260902,183,195,206.0
2026-09-02 15:20:00,01F0928N,01F0880N,31,192,199,01F0928N>01F0880N,20260902,184,192,202.66666666666666
2026-09-02 15:25:00,01F0928N,01F0880N,31,195,193,01F0928N>01F0880N,20260902,185,195,203.66666666666666
2026-09-02 15:30:00,01F0928N,01F0880N,31,192,176,01F0928N>01F0880N,20260902,186,192,193.66666666666666
2026-09-02 15:35:00,01F0928N,01F0880N,31,197,208,01F0928N>01F0880N,20260902,187,197,192.66666666666666
2026-09-02 15:40:00,01F0928N,01F0880N,31,185,195,01F0928N>01F0880N,20260902,188,185,201.66666666666666
2026-09-02 15:45:00,01F0928N,01F0880N,31,185,177,01F0928N>01F0880N,20260902,189,185,206.66666666666666
2026-09-02 15:50:00,01F0928N,01F0880N,31,197,194,01F0928N>01F0880N,20260902,190,197,211.33333333333334
2026-09-02 15:55:00,01F0928N,01F0880N,31,195,218,01F0928N>01F0880N,20260902,191,195,212.66666666666666
2026-09-02 16:00:00,01F0928N,01F0880N,31,197,184,01F0928N>01F0880N,20260902,192,197,208.33333333333334
2026-09-02 16:05:00,01F0928N,01F0880N,31,201,253,01F0928N>01F0880N,20260902,193,201,204.33333333333334
2026-09-02 16:10:00,01F0928N,01F0880N,31,193,220,01F0928N>01F0880N,20260902,194,193,211.33333333333334
2026-09-02 16:15:00,01F0928N,01F0880N,31,211,216,01F0928N>01F0880N,20260902,195,211,219.0
2026-09-02 16:20:00,01F0928N,01F0880N,31,200,213,01F0928N>01F0880N,20260902,196,200,213.0
2026-09-02 16:25:00,01F0928N,01F0880N,31,227,230,01F0928N>01F0880N,20260902,197,227,211.66666666666666
2026-09-02 16:30:00,01F0928N,01F0880N,31,205,211,01F0928N>01F0880N,20260902,198,205,219.0
2026-09-02 16:35:00,01F0928N,01F0880N,31,207,227,01F0928N>01F0880N,20260902,199,207,225.0
2026-09-02 16:40:00,01F0928N,01F0880N,31,213,246,01F0928N>01F0880N,20260902,200,213,218.0
2026-09-02 16:45:00,01F0928N,01F0880N,31,196,249,01F0928N>01F0880N,20260902,201,196,209.0
2026-09-02 16:50:00,01F0928N,01F0880N,31,194,228,01F0928N>01F0880N,20260902,202,194,220.0
2026-09-02 16:55:00,01F0928N,01F0880N,31,206,266,01F0928N>01F0880N,20260902,203,206,220.0
2026-09-02 17:00:00,01F0928N,01F0880N,31,199,245,01F0928N>01F0880N,20260902,204,199,207.66666666666666
2026-09-02 17:05:00,01F0928N,01F0880N,31,208,215,01F0928N>01F0880N,20260902,205,208,210.0
2026-09-02 17:10:00,01F0928N,01F0880N,31,213,238,01F0928N>01F0880N,20260902,206,213,203.33333333333334
2026-09-02 17:15:00,01F0928N,01F0880N,31,207,227,01F0928N>01F0880N,20260902,207,207,202.66666666666666
2026-09-02 17:20:00,01F0928N,01F0880N,31,205,238,01F0928N>01F0880N,20260902,208,205,205.33333333333334
2026-09-02 17:25:00,01F0928N,01F0880N,31,200,231,01F0928N>01F0880N,20260902,209,200,205.66666666666666
2026-09-02 17:30:00,01F0928N,01F0880N,31,202,208,01F0928N>01F0880N,20260902,210,202,202.0
2026-09-02 17:35:00,01F0928N,01F0880N,31,207,239,01F0928N>01F0880N,20260902,211,207,205.0
2026-09-02 17:40:00,01F0928N,01F0880N,31,198,224,01F0928N>01F0880N,20260902,212,198,204.66666666666666
2026-09-02 17:45:00,01F0928N,01F0880N,31,204,247,01F0928N>01F0880N,20260902,213,204,202.33333333333334
2026-09-02 17:50:00,01F0928N,01F0880N,31,203,244,01F0928N>01F0880N,20260902,214,203,208.66666666666666
2026-09-02 17:55:00,01F0928N,01F0880N,31,197,227,01F0928N>01F0880N,20260902,215,197,209.33333333333334
2026-09-02 18:00:00,01F0928N,01F0880N,31,200,194,01F0928N>01F0880N,20260902,216,200,222.0
2026-09-02 18:05:00,01F0928N,01F0880N,31,220,205,01F0928N>01F0880N,20260902,217,220,228.0
2026-09-02 18:10:00,01F0928N,01F0880N,31,224,193,01F0928N>01F0880N,20260902,218,224,222.66666666666666
2026-09-02 18:15:00,01F0928N,01F0880N,31,232,220,01F0928N>01F0880N,20260902,219,232,215.0
2026-09-02 18:20:00,01F0928N,01F0880N,31,234,198,01F0928N>01F0880N,20260902,220,234,214.66666666666666
2026-09-02 18:25:00,01F0928N,01F0880N,31,234,215,01F0928N>01F0880N,20260902,221,234,217.0
2026-09-02 18:30:00,01F0928N,01F0880N,31,229,184,01F0928N>01F0880N,20260902,222,229,215.33333333333334
2026-09-02 18:35:00,01F0928N,01F0880N,31,224,206,01F0928N>01F0880N,20260902,223,224,214.33333333333334
2026-09-02 18:40:00,01F0928N,01F0880N,31,217,179,01F0928N>01F0880N,20260902,224,217,216.0
2026-09-02 18:45:00,01F0928N,01F0880N,31,222,188,01F0928N>01F0880N,20260902,225,222,218.66666666666666
2026-09-02 18:50:00,01F0928N,01F0880N,31,220,221,01F0928N>01F0880N,20260902,226,220,216.66666666666666
2026-09-02 18:55:00,01F0928N,01F0880N,31,208,190,01F0928N>01F0880N,20260902,227,208,215.66666666666666
2026-09-02 19:00:00,01F0928N,01F0880N,31,210,212,01F0928N>01F0880N,20260902,228,210,215.66666666666666
2026-09-02 19:05:00,01F0928N,01F0880N,31,217,196,01F0928N>01F0880N,20260902,229,217,209.33333333333334
2026-09-02 19:10:00,01F0928N,01F0880N,31,222,199,01F0928N>01F0880N,20260902,230,222,203.33333333333334
2026-09-02 19:15:00,01F0928N,01F0880N,31,226,185,01F0928N>01F0880N,20260902,231,226,203.0
2026-09-02 19:20:00,01F0928N,01F0880N,31,225,210,01F0928N>01F0880N,20260902,232,225,210.0
2026-09-02 19:25:00,01F0928N,01F0880N,31,216,201,01F0928N>01F0880N,20260902,233,216,203.33333333333334
2026-09-02 19:30:00,01F0928N,01F0880N,31,200,242,01F0928N>01F0880N,20260902,234,200,200.66666666666666
2026-09-02 19:35:00,01F0928N,01F0880N,31,178,172,01F0928N>01F0880N,20260902,235,178,203.66666666666666
2026-09-02 19:40:00,01F0928N,01F0880N,31,180,190,01F0928N>01F0880N,20260902,236,180,196.33333333333334
2026-09-02 19:45:00,01F0928N,01F0880N,31,194,195,01F0928N>01F0880N,20260902,237,194,195.66666666666666
2026-09-02 19:50:00,01F0928N,01F0880N,31,190,215,01F0928N>01F0880N,20260902,238,190,197.0
2026-09-02 19:55:00,01F0928N,01F0880N,31,179,191,01F0928N>01F0880N,20260902,239,179,196.66666666666666
2026-09-02 20:00:00,01F0928N,01F0880N,31,185,195,01F0928N>01F0880N,20260902,240,185,190.66666666666666
2026-09-02 20:05:00,01F0928N,01F0880N,31,180,164,01F0928N>01F0880N,20260902,241,180,187.33333333333334
2026-09-02 20:10:00,01F0928N,01F0880N,31,178,166,01F0928N>01F0880N,20260902,242,178,187.33333333333334
2026-09-02 20:15:00,01F0928N,01F0880N,31,175,158,01F0928N>01F0880N,20260902,243,175,184.0
2026-09-02 20:20:00,01F0928N,01F0880N,31,179,170,01F0928N>01F0880N,20260902,244,179,185.66666666666666
2026-09-02 20:25:00,01F0928N,01F0880N,31,176,152,01F0928N>01F0880N,20260902,245,176,181.0
2026-09-02 20:30:00,01F0928N,01F0880N,31,180,138,01F0928N>01F0880N,20260902,246,180,180.0
2026-09-02 20:35:00,01F0928N,01F0880N,31,180,156,01F0928N>01F0880N,20260902,247,180,184.0
2026-09-02 20:40:00,01F0928N,01F0880N,31,175,166,01F0928N>01F0880N,20260902,248,175,178.33333333333334
2026-09-02 20:45:00,01F0928N,01F0880N,31,174,140,01F0928N>01F0880N,20260902,249,174,179.0
2026-09-02 20:50:00,01F0928N,01F0880N,31,174,140,01F0928N>01F0880N,20260902,250,174,179.33333333333334
2026-09-02 20:55:00,01F0928N,01F0880N,31,172,145,01F0928N>01F0880N,20260902,251,172,178.66666666666666
2026-09-02 21:00:00,01F0928N,01F0880N,31,174,131,01F0928N>01F0880N,20260902,252,174,181.0
2026-09-02 21:05:00,01F0928N,01F0880N,31,168,133,01F0928N>01F0880N,20260902,253,168,177.33333333333334
2026-09-02 21:10:00,01F0928N,01F0880N,31,176,134,01F0928N>01F0880N,20260902,254,176,176.66666666666666
2026-09-02 21:15:00,01F0928N,01F0880N,31,168,124,01F0928N>01F0880N,20260902,255,168,178.33333333333334
2026-09-02 21:20:00,01F0928N,01F0880N,31,172,138,01F0928N>01F0880N,20260902,256,172,180.0
2026-09-02 21:25:00,01F0928N,01F0880N,31,172,148,01F0928N>01F0880N,20260902,257,172,178.66666666666666
2026-09-02 21:30:00,01F0928N,01F0880N,31,171,130,01F0928N>01F0880N,20260902,258,171,176.66666666666666
2026-09-02 21:35:00,01F0928N,01F0880N,31,167,126,01F0928N>01F0880N,20260902,259,167,173.66666666666666
2026-09-02 21:40:00,01F0928N,01F0880N,31,169,111,01F0928N>01F0880N,20260902,260,169,172.0
2026-09-02 21:45:00,01F0928N,01F0880N,31,168,96,01F0928N>01F0880N,20260902,261,168,174.0
2026-09-02 21:50:00,01F0928N,01F0880N,31,171,149,01F0928N>01F0880N,20260902,262,171,170.33333333333334
2026-09-02 21:55:00,01F0928N,01F0880N,31,170,102,01F0928N>01F0880N,20260902,263,170,174.33333333333334
2026-09-02 22:00:00,01F0928N,01F0880N,31,166,96,01F0928N>01F0880N,20260902,264,166,176.0
2026-09-02 22:05:00,01F0928N,01F0880N,31,169,96,01F0928N>01F0880N,20260902,265,169,170.0
2026-09-02 22:10:00,01F0928N,01F0880N,31,169,103,01F0928N>01F0880N,20260902,266,169,170.33333333333334
2026-09-02 22:15:00,01F0928N,01F0880N,31,168,117,01F0928N>01F0880N,20260902,267,168,168.66666666666666
2026-09-02 22:20:00,01F0928N,01F0880N,31,168,108,01F0928N>01F0880N,20260902,268,168,172.33333333333334
2026-09-02 22:25:00,01F0928N,01F0880N,31,171,111,01F0928N>01F0880N,20260902,269,171,169.33333333333334
2026-09-02 22:30:00,01F0928N,01F0880N,31,165,76,01F0928N>01F0880N,20260902,270,165,168.0
2026-09-02 22:35:00,01F0928N,01F0880N,31,167,60,01F0928N>01F0880N,20260902,271,167,167.33333333333334
2026-09-02 22:40:00,01F0928N,01F0880N,31,166,91,01F0928N>01F0880N,20260902,272,166,168.66666666666666
2026-09-02 22:45:00,01F0928N,01F0880N,31,167,89,01F0928N>01F0880N,20260902,273,167,165.66666666666666
2026-09-02 22:50:00,01F0928N,01F0880N,31,167,58,01F0928N>01F0880N,20260902,274,167,169.0
2026-09-02 22:55:00,01F0928N,01F0880N,31,166,66,01F0928N>01F0880N,20260902,275,166,168.66666666666666
2026-09-02 23:00:00,01F0928N,01F0880N,31,169,76,01F0928N>01F0880N,20260902,276,169,168.33333333333334
2026-09-02 23:05:00,01F0928N,01F0880N,31,167,62,01F0928N>01F0880N,20260902,277,167,164.33333333333334
2026-09-02 23:10:00,01F0928N,01F0880N,31,162,62,01F0928N>01F0880N,20260902,278,162,167.33333333333334
2026-09-02 23:15:00,01F0928N,01F0880N,31,159,63,01F0928N>01F0880N,20260902,279,159,166.33333333333334
2026-09-02 23:20:00,01F0928N,01F0880N,31,170,62,01F0928N>01F0880N,20260902,280,170,167.33333333333334
2026-09-02 23:25:00,01F0928N,01F0880N,31,162,62,01F0928N>01F0880N,20260902,281,162,165.33333333333334
2026-09-02 23:30:00,01F0928N,01F0880N,31,165,46,01F0928N>01F0880N,20260902,282,165,165.33333333333334
2026-09-02 23:35:00,01F0928N,01F0880N,31,164,53,01F0928N>01F0880N,20260902,283,164,163.66666666666666
2026-09-02 23:40:00,01F0928N,01F0880N,31,166,41,01F0928N>01F0880N,20260902,284,166,165.33333333333334
2026-09-02 23:45:00,01F0928N,01F0880N,31,164,33,01F0928N>01F0880N,20260902,285,164,162.0
2026-09-02 23:50:00,01F0928N,01F0880N,31,164,55,01F0928N>01F0880N,20260902,286,164,166.66666666666666
2026-09-02 23:55:00,01F0928N,01F0880N,31,166,42,01F0928N>01F0880N,20260902,287,166,166.33333333333334
2026-08-27 00:00:00,01F0928S,01F0950S,31,76,48,01F0928S>01F0950S,20260827,0,76,75.66666666666667
2026-08-27 00:05:00,01F0928S,01F0950S,31,76,47,01F0928S>01F0950S,20260827,1,76,75.0
2026-08-27 00:10:00,01F0928S,01F0950S,31,75,38,01F0928S>01F0950S,20260827,2,75,75.33333333333333
2026-08-27 00:15:00,01F0928S,01F0950S,31,74,43,01F0928S>01F0950S,20260827,3,74,76.0
2026-08-27 00:20:00,01F0928S,01F0950S,31,75,39,01F0928S>01F0950S,20260827,4,75,75.0
2026-08-27 00:25:00,01F0928S,01F0950S,31,74,39,01F0928S>01F0950S,20260827,5,74,74.66666666666667
2026-08-27 00:30:00,01F0928S,01F0950S,31,76,43,01F0928S>01F0950S,20260827,6,76,75.66666666666667
2026-08-27 00:35:00,01F0928S,01F0950S,31,75,45,01F0928S>01F0950S,20260827,7,75,76.33333333333333
2026-08-27 00:40:00,01F0928S,01F0950S,31,77,20,01F0928S>01F0950S,20260827,8,77,75.0
2026-08-27 00:45:00,01F0928S,01F0950S,31,74,33,01F0928S>01F0950S,20260827,9,74,75.33333333333333
2026-08-27 00:50:00,01F0928S,01F0950S,31,73,39,01F0928S>01F0950S,20260827,10,73,73.66666666666667
2026-08-27 00:55:00,01F0928S,01F0950S,31,75,37,01F0928S>01F0950S,20260827,11,75,76.66666666666667
2026-08-27 01:00:00,01F0928S,01F0950S,31,76,36,01F0928S>01F0950S,20260827,12,76,75.0
2026-08-27 01:05:00,01F0928S,01F0950S,31,76,28,01F0928S>01F0950S,20260827,13,76,74.33333333333333
2026-08-27 01:10:00,01F0928S,01F0950S,31,76,25,01F0928S>01F0950S,20260827,14,76,75.66666666666667
2026-08-27 01:15:00,01F0928S,01F0950S,31,76,27,01F0928S>01F0950S,20260827,15,76,76.0
2026-08-27 01:20:00,01F0928S,01F0950S,31,76,25,01F0928S>01F0950S,20260827,16,76,75.66666666666667
2026-08-27 01:25:00,01F0928S,01F0950S,31,74,17,01F0928S>01F0950S,20260827,17,74,74.33333333333333
2026-08-27 01:30:00,01F0928S,01F0950S,31,72,20,01F0928S>01F0950S,20260827,18,72,74.33333333333333
2026-08-27 01:35:00,01F0928S,01F0950S,31,76,32,01F0928S>01F0950S,20260827,19,76,74.33333333333333
2026-08-27 01:40:00,01F0928S,01F0950S,31,74,30,01F0928S>01F0950S,20260827,20,74,74.0
2026-08-27 01:45:00,01F0928S,01F0950S,31,75,21,01F0928S>01F0950S,20260827,21,75,73.66666666666667
2026-08-27 01:50:00,01F0928S,01F0950S,31,74,14,01F0928S>01F0950S,20260827,22,74,74.66666666666667
2026-08-27 01:55:00,01F0928S,01F0950S,31,78,22,01F0928S>01F0950S,20260827,23,78,75.33333333333333
2026-08-27 02:00:00,01F0928S,01F0950S,31,76,23,01F0928S>01F0950S,20260827,24,76,74.33333333333333
2026-08-27 02:05:00,01F0928S,01F0950S,31,75,21,01F0928S>01F0950S,20260827,25,75,75.66666666666667
2026-08-27 02:10:00,01F0928S,01F0950S,31,75,17,01F0928S>01F0950S,20260827,26,75,76.33333333333333
2026-08-27 02:15:00,01F0928S,01F0950S,31,74,12,01F0928S>01F0950S,20260827,27,74,74.66666666666667
2026-08-27 02:20:00,01F0928S,01F0950S,31,75,13,01F0928S>01F0950S,20260827,28,75,74.33333333333333
2026-08-27 02:25:00,01F0928S,01F0950S,31,78,15,01F0928S>01F0950S,20260827,29,78,76.66666666666667
2026-08-27 02:30:00,01F0928S,01F0950S,31,76,14,01F0928S>01F0950S,20260827,30,76,75.0
2026-08-27 02:35:00,01F0928S,01F0950S,31,73,17,01F0928S>01F0950S,20260827,31,73,75.0
2026-08-27 02:40:00,01F0928S,01F0950S,31,74,14,01F0928S>01F0950S,20260827,32,74,74.0
2026-08-27 02:45:00,01F0928S,01F0950S,31,75,21,01F0928S>01F0950S,20260827,33,75,75.33333333333333
2026-08-27 02:50:00,01F0928S,01F0950S,31,76,16,01F0928S>01F0950S,20260827,34,76,76.66666666666667
2026-08-27 02:55:00,01F0928S,01F0950S,31,76,16,01F0928S>01F0950S,20260827,35,76,75.0
2026-08-27 03:00:00,01F0928S,01F0950S,31,76,12,01F0928S>01F0950S,20260827,36,76,76.0
2026-08-27 03:05:00,01F0928S,01F0950S,31,75,15,01F0928S>01F0950S,20260827,37,75,77.33333333333333
2026-08-27 03:10:00,01F0928S,01F0950S,31,76,11,01F0928S>01F0950S,20260827,38,76,77.33333333333333
2026-08-27 03:15:00,01F0928S,01F0950S,31,78,17,01F0928S>01F0950S,20260827,39,78,78.33333333333333
2026-08-27 03:20:00,01F0928S,01F0950S,31,80,11,01F0928S>01F0950S,20260827,40,80,78.33333333333333
2026-08-27 03:25:00,01F0928S,01F0950S,31,72,15,01F0928S>01F0950S,20260827,41,72,75.0
2026-08-27 03:30:00,01F0928S,01F0950S,31,75,12,01F0928S>01F0950S,20260827,42,75,74.33333333333333
2026-08-27 03:35:00,01F0928S,01F0950S,31,75,8,01F0928S>01F0950S,20260827,43,75,76.33333333333333
2026-08-27 03:40:00,01F0928S,01F0950S,31,77,11,01F0928S>01F0950S,20260827,44,77,79.66666666666667
2026-08-27 03:45:00,01F0928S,01F0950S,31,77,17,01F0928S>01F0950S,20260827,45,77,76.66666666666667
2026-08-27 03:50:00,01F0928S,01F0950S,31,79,10,01F0928S>01F0950S,20260827,46,79,77.0
2026-08-27 03:55:00,01F0928S,01F0950S,31,76,17,01F0928S>01F0950S,20260827,47,76,75.33333333333333
2026-08-27 04:00:00,01F0928S,01F0950S,31,82,16,01F0928S>01F0950S,20260827,48,82,79.33333333333333
2026-08-27 04:05:00,01F0928S,01F0950S,31,78,14,01F0928S>01F0950S,20260827,49,78,76.66666666666667
2026-08-27 04:10:00,01F0928S,01F0950S,31,74,22,01F0928S>01F0950S,20260827,50,74,75.0
2026-08-27 04:15:00,01F0928S,01F0950S,31,78,19,01F0928S>01F0950S,20260827,51,78,77.33333333333333
2026-08-27 04:20:00,01F0928S,01F0950S,31,77,27,01F0928S>01F0950S,20260827,52,77,77.33333333333333
2026-08-27 04:25:00,01F0928S,01F0950S,31,74,17,01F0928S>01F0950S,20260827,53,74,76.0
2026-08-27 04:30:00,01F0928S,01F0950S,31,77,23,01F0928S>01F0950S,20260827,54,77,76.33333333333333
2026-08-27 04:35:00,01F0928S,01F0950S,31,76,24,01F0928S>01F0950S,20260827,55,76,74.66666666666667
2026-08-27 04:40:00,01F0928S,01F0950S,31,74,24,01F0928S>01F0950S,20260827,56,74,75.33333333333333
2026-08-27 04:45:00,01F0928S,01F0950S,31,77,31,01F0928S>01F0950S,20260827,57,77,76.0
2026-08-27 04:50:00,01F0928S,01F0950S,31,79,27,01F0928S>01F0950S,20260827,58,79,77.33333333333333
2026-08-27 04:55:00,01F0928S,01F0950S,31,77,23,01F0928S>01F0950S,20260827,59,77,77.66666666666667
2026-08-27 05:00:00,01F0928S,01F0950S,31,77,32,01F0928S>01F0950S,20260827,60,77,76.66666666666667
2026-08-27 05:05:00,01F0928S,01F0950S,31,77,29,01F0928S>01F0950S,20260827,61,77,77.0
2026-08-27 05:10:00,01F0928S,01F0950S,31,74,30,01F0928S>01F0950S,20260827,62,74,76.33333333333333
2026-08-27 05:15:00,01F0928S,01F0950S,31,78,46,01F0928S>01F0950S,20260827,63,78,77.66666666666667
2026-08-27 05:20:00,01F0928S,01F0950S,31,77,29,01F0928S>01F0950S,20260827,64,77,77.0
2026-08-27 05:25:00,01F0928S,01F0950S,31,76,49,01F0928S>01F0950S,20260827,65,76,76.0
2026-08-27 05:30:00,01F0928S,01F0950S,31,74,39,01F0928S>01F0950S,20260827,66,74,74.33333333333333
2026-08-27 05:35:00,01F0928S,01F0950S,31,76,44,01F0928S>01F0950S,20260827,67,76,75.66666666666667
2026-08-27 05:40:00,01F0928S,01F0950S,31,75,66,01F0928S>01F0950S,20260827,68,75,75.33333333333333
2026-08-27 05:45:00,01F0928S,01F0950S,31,77,61,01F0928S>01F0950S,20260827,69,77,76.0
2026-08-27 05:50:00,01F0928S,01F0950S,31,76,74,01F0928S>01F0950S,20260827,70,76,75.66666666666667
2026-08-27 05:55:00,01F0928S,01F0950S,31,75,71,01F0928S>01F0950S,20260827,71,75,76.0
2026-08-27 06:00:00,01F0928S,01F0950S,31,76,85,01F0928S>01F0950S,20260827,72,76,75.66666666666667
2026-08-27 06:05:00,01F0928S,01F0950S,31,76,92,01F0928S>01F0950S,20260827,73,76,76.66666666666667
2026-08-27 06:10:00,01F0928S,01F0950S,31,77,86,01F0928S>01F0950S,20260827,74,77,75.66666666666667
2026-08-27 06:15:00,01F0928S,01F0950S,31,79,104,01F0928S>01F0950S,20260827,75,79,78.66666666666667
2026-08-27 06:20:00,01F0928S,01F0950S,31,80,105,01F0928S>01F0950S,20260827,76,80,78.33333333333333
2026-08-27 06:25:00,01F0928S,01F0950S,31,81,110,01F0928S>01F0950S,20260827,77,81,79.66666666666667
2026-08-27 06:30:00,01F0928S,01F0950S,31,83,135,01F0928S>01F0950S,20260827,78,83,82.0
2026-08-27 06:35:00,01F0928S,01F0950S,31,83,134,01F0928S>01F0950S,20260827,79,83,83.0
2026-08-27 06:40:00,01F0928S,01F0950S,31,92,145,01F0928S>01F0950S,20260827,80,92,89.33333333333333
2026-08-27 06:45:00,01F0928S,01F0950S,31,97,149,01F0928S>01F0950S,20260827,81,97,91.0
2026-08-27 06:50:00,01F0928S,01F0950S,31,107,167,01F0928S>01F0950S,20260827,82,107,95.0
2026-08-27 06:55:00,01F0928S,01F0950S,31,94,185,01F0928S>01F0950S,20260827,83,94,88.0
2026-08-27 07:00:00,01F0928S,01F0950S,31,90,146,01F0928S>01F0950S,20260827,84,90,88.0
2026-08-27 07:05:00,01F0928S,01F0950S,31,92,149,01F0928S>01F0950S,20260827,85,92,91.0
2026-08-27 07:10:00,01F0928S,01F0950S,31,88,130,01F0928S>01F0950S,20260827,86,88,89.33333333333333
2026-08-27 07:15:00,01F0928S,01F0950S,31,94,121,01F0928S>01F0950S,20260827,87,94,92.33333333333333
2026-08-27 07:20:00,01F0928S,01F0950S,31,92,127,01F0928S>01F0950S,20260827,88,92,94.33333333333333
2026-08-27 07:25:00,01F0928S,01F0950S,31,93,150,01F0928S>01F0950S,20260827,89,93,96.66666666666667
2026-08-27 07:30:00,01F0928S,01F0950S,31,90,127,01F0928S>01F0950S,20260827,90,90,93.0
2026-08-27 07:35:00,01F0928S,01F0950S,31,93,134,01F0928S>01F0950S,20260827,91,93,94.0
2026-08-27 07:40:00,01F0928S,01F0950S,31,102,143,01F0928S>01F0950S,20260827,92,102,93.66666666666667
2026-08-27 07:45:00,01F0928S,01F0950S,31,98,141,01F0928S>01F0950S,20260827,93,98,93.66666666666667
2026-08-27 07:50:00,01F0928S,01F0950S,31,90,142,01F0928S>01F0950S,20260827,94,90,94.33333333333333
2026-08-27 07:55:00,01F0928S,01F0950S,31,87,135,01F0928S>01F0950S,20260827,95,87,88.0
2026-08-27 08:00:00,01F0928S,01F0950S,31,87,141,01F0928S>01F0950S,20260827,96,87,87.66666666666667
2026-08-27 08:05:00,01F0928S,01F0950S,31,86,143,01F0928S>01F0950S,20260827,97,86,87.0
2026-08-27 08:10:00,01F0928S,01F0950S,31,83,144,01F0928S>01F0950S,20260827,98,83,83.33333333333333
2026-08-27 08:15:00,01F0928S,01F0950S,31,87,119,01F0928S>01F0950S,20260827,99,87,83.0
2026-08-27 08:20:00,01F0928S,01F0950S,31,86,125,01F0928S>01F0950S,20260827,100,86,83.66666666666667
2026-08-27 08:25:00,01F0928S,01F0950S,31,85,129,01F0928S>01F0950S,20260827,101,85,82.66666666666667
2026-08-27 08:30:00,01F0928S,01F0950S,31,84,111,01F0928S>01F0950S,20260827,102,84,82.33333333333333
2026-08-27 08:35:00,01F0928S,01F0950S,31,86,139,01F0928S>01F0950S,20260827,103,86,83.66666666666667
2026-08-27 08:40:00,01F0928S,01F0950S,31,88,127,01F0928S>01F0950S,20260827,104,88,83.0
2026-08-27 08:45:00,01F0928S,01F0950S,31,91,132,01F0928S>01F0950S,20260827,105,91,84.33333333333333
2026-08-27 08:50:00,01F0928S,01F0950S,31,86,136,01F0928S>01F0950S,20260827,106,86,83.66666666666667
2026-08-27 08:55:00,01F0928S,01F0950S,31,88,143,01F0928S>01F0950S,20260827,107,88,84.66666666666667
2026-08-27 09:00:00,01F0928S,01F0950S,31,88,137,01F0928S>01F0950S,20260827,108,88,83.66666666666667
2026-08-27 09:05:00,01F0928S,01F0950S,31,91,125,01F0928S>01F0950S,20260827,109,91,88.33333333333333
2026-08-27 09:10:00,01F0928S,01F0950S,31,87,138,01F0928S>01F0950S,20260827,110,87,87.66666666666667
2026-08-27 09:15:00,01F0928S,01F0950S,31,91,144,01F0928S>01F0950S,20260827,111,91,89.0
2026-08-27 09:20:00,01F0928S,01F0950S,31,88,129,01F0928S>01F0950S,20260827,112,88,88.33333333333333
2026-08-27 09:25:00,01F0928S,01F0950S,31,85,138,01F0928S>01F0950S,20260827,113,85,88.0
2026-08-27 09:30:00,01F0928S,01F0950S,31,83,131,01F0928S>01F0950S,20260827,114,83,89.66666666666667
2026-08-27 09:35:00,01F0928S,01F0950S,31,87,122,01F0928S>01F0950S,20260827,115,87,92.0
2026-08-27 09:40:00,01F0928S,01F0950S,31,94,144,01F0928S>01F0950S,20260827,116,94,90.33333333333333
2026-08-27 09:45:00,01F0928S,01F0950S,31,95,146,01F0928S>01F0950S,20260827,117,95,92.33333333333333
2026-08-27 09:50:00,01F0928S,01F0950S,31,87,135,01F0928S>01F0950S,20260827,118,87,89.33333333333333
2026-08-27 09:55:00,01F0928S,01F0950S,31,85,146,01F0928S>01F0950S,20260827,119,85,88.66666666666667
2026-08-27 10:00:00,01F0928S,01F0950S,31,86,123,01F0928S>01F0950S,20260827,120,86,89.33333333333333
2026-08-27 10:05:00,01F0928S,01F0950S,31,84,127,01F0928S>01F0950S,20260827,121,84,85.66666666666667
2026-08-27 10:10:00,01F0928S,01F0950S,31,101,118,01F0928S>01F0950S,20260827,122,101,92.33333333333333
2026-08-27 10:15:00,01F0928S,01F0950S,31,102,121,01F0928S>01F0950S,20260827,123,102,95.66666666666667
2026-08-27 10:20:00,01F0928S,01F0950S,31,102,109,01F0928S>01F0950S,20260827,124,102,94.0
2026-08-27 10:25:00,01F0928S,01F0950S,31,101,121,01F0928S>01F0950S,20260827,125,101,93.66666666666667
2026-08-27 10:30:00,01F0928S,01F0950S,31,101,118,01F0928S>01F0950S,20260827,126,101,93.0
2026-08-27 10:35:00,01F0928S,01F0950S,31,94,152,01F0928S>01F0950S,20260827,127,94,95.0
2026-08-27 10:40:00,01F0928S,01F0950S,31,94,148,01F0928S>01F0950S,20260827,128,94,89.33333333333333
2026-08-27 10:45:00,01F0928S,01F0950S,31,91,157,01F0928S>01F0950S,20260827,129,91,90.33333333333333
2026-08-27 10:50:00,01F0928S,01F0950S,31,85,134,01F0928S>01F0950S,20260827,130,85,87.0
2026-08-27 10:55:00,01F0928S,01F0950S,31,89,127,01F0928S>01F0950S,20260827,131,89,89.33333333333333
2026-08-27 11:00:00,01F0928S,01F0950S,31,89,144,01F0928S>01F0950S,20260827,132,89,89.0
2026-08-27 11:05:00,01F0928S,01F0950S,31,91,153,01F0928S>01F0950S,20260827,133,91,89.0
2026-08-27 11:10:00,01F0928S,01F0950S,31,86,137,01F0928S>01F0950S,20260827,134,86,87.66666666666667
2026-08-27 11:15:00,01F0928S,01F0950S,31,84,117,01F0928S>01F0950S,20260827,135,84,87.66666666666667
2026-08-27 11:20:00,01F0928S,01F0950S,31,85,113,01F0928S>01F0950S,20260827,136,85,86.0
2026-08-27 11:25:00,01F0928S,01F0950S,31,82,136,01F0928S>01F0950S,20260827,137,82,83.66666666666667
2026-08-27 11:30:00,01F0928S,01F0950S,31,87,125,01F0928S>01F0950S,20260827,138,87,85.0
2026-08-27 11:35:00,01F0928S,01F0950S,31,86,133,01F0928S>01F0950S,20260827,139,86,84.33333333333333
2026-08-27 11:40:00,01F0928S,01F0950S,31,86,108,01F0928S>01F0950S,20260827,140,86,84.66666666666667
2026-08-27 11:45:00,01F0928S,01F0950S,31,85,66,01F0928S>01F0950S,20260827,141,85,84.33333333333333
2026-08-27 11:50:00,01F0928S,01F0950S,31,89,143,01F0928S>01F0950S,20260827,142,89,84.0
2026-08-27 11:55:00,01F0928S,01F0950S,31,84,143,01F0928S>01F0950S,20260827,143,84,81.33333333333333
2026-08-27 12:00:00,01F0928S,01F0950S,31,84,121,01F0928S>01F0950S,20260827,144,84,82.66666666666667
2026-08-27 12:05:00,01F0928S,01F0950S,31,84,143,01F0928S>01F0950S,20260827,145,84,82.0
2026-08-27 12:10:00,01F0928S,01F0950S,31,89,149,01F0928S>01F0950S,20260827,146,89,82.66666666666667
2026-08-27 12:15:00,01F0928S,01F0950S,31,90,141,01F0928S>01F0950S,20260827,147,90,83.66666666666667
2026-08-27 12:20:00,01F0928S,01F0950S,31,89,153,01F0928S>01F0950S,20260827,148,89,83.66666666666667
2026-08-27 12:25:00,01F0928S,01F0950S,31,86,185,01F0928S>01F0950S,20260827,149,86,82.66666666666667
2026-08-27 12:30:00,01F0928S,01F0950S,31,85,158,01F0928S>01F0950S,20260827,150,85,82.0
2026-08-27 12:35:00,01F0928S,01F0950S,31,83,114,01F0928S>01F0950S,20260827,151,83,81.0
2026-08-27 12:40:00,01F0928S,01F0950S,31,80,115,01F0928S>01F0950S,20260827,152,80,81.0
2026-08-27 12:45:00,01F0928S,01F0950S,31,80,107,01F0928S>01F0950S,20260827,153,80,81.33333333333333
2026-08-27 12:50:00,01F0928S,01F0950S,31,80,115,01F0928S>01F0950S,20260827,154,80,79.0
2026-08-27 12:55:00,01F0928S,01F0950S,31,96,115,01F0928S>01F0950S,20260827,155,96,84.66666666666667
2026-08-27 13:00:00,01F0928S,01F0950S,31,103,146,01F0928S>01F0950S,20260827,156,103,87.0
2026-08-27 13:05:00,01F0928S,01F0950S,31,78,109,01F0928S>01F0950S,20260827,157,78,78.66666666666667
2026-08-27 13:10:00,01F0928S,01F0950S,31,83,127,01F0928S>01F0950S,20260827,158,83,81.66666666666667
2026-08-27 13:15:00,01F0928S,01F0950S,31,81,109,01F0928S>01F0950S,20260827,159,81,79.33333333333333
2026-08-27 13:20:00,01F0928S,01F0950S,31,81,130,01F0928S>01F0950S,20260827,160,81,80.0
2026-08-27 13:25:00,01F0928S,01F0950S,31,83,140,01F0928S>01F0950S,20260827,161,83,80.66666666666667
2026-08-27 13:30:00,01F0928S,01F0950S,31,78,96,01F0928S>01F0950S,20260827,162,78,80.0
2026-08-27 13:35:00,01F0928S,01F0950S,31,80,97,01F0928S>01F0950S,20260827,163,80,81.33333333333333
2026-08-27 13:40:00,01F0928S,01F0950S,31,80,128,01F0928S>01F0950S,20260827,164,80,82.0
2026-08-27 13:45:00,01F0928S,01F0950S,31,82,119,01F0928S>01F0950S,20260827,165,82,82.0
2026-08-27 13:50:00,01F0928S,01F0950S,31,82,127,01F0928S>01F0950S,20260827,166,82,83.0
2026-08-27 13:55:00,01F0928S,01F0950S,31,80,127,01F0928S>01F0950S,20260827,167,80,84.33333333333333
2026-08-27 14:00:00,01F0928S,01F0950S,31,81,108,01F0928S>01F0950S,20260827,168,81,85.0
2026-08-27 14:05:00,01F0928S,01F0950S,31,83,119,01F0928S>01F0950S,20260827,169,83,84.0
2026-08-27 14:10:00,01F0928S,01F0950S,31,80,118,01F0928S>01F0950S,20260827,170,80,84.66666666666667
2026-08-27 14:15:00,01F0928S,01F0950S,31,81,125,01F0928S>01F0950S,20260827,171,81,87.66666666666667
2026-08-27 14:20:00,01F0928S,01F0950S,31,79,119,01F0928S>01F0950S,20260827,172,79,86.33333333333333
2026-08-27 14:25:00,01F0928S,01F0950S,31,79,123,01F0928S>01F0950S,20260827,173,79,84.66666666666667
2026-08-27 14:30:00,01F0928S,01F0950S,31,84,117,01F0928S>01F0950S,20260827,174,84,85.66666666666667
2026-08-27 14:35:00,01F0928S,01F0950S,31,79,107,01F0928S>01F0950S,20260827,175,79,84.33333333333333
2026-08-27 14:40:00,01F0928S,01F0950S,31,82,133,01F0928S>01F0950S,20260827,176,82,86.33333333333333
2026-08-27 14:45:00,01F0928S,01F0950S,31,80,140,01F0928S>01F0950S,20260827,177,80,85.0
2026-08-27 14:50:00,01F0928S,01F0950S,31,82,141,01F0928S>01F0950S,20260827,178,82,87.66666666666667
2026-08-27 14:55:00,01F0928S,01F0950S,31,79,137,01F0928S>01F0950S,20260827,179,79,84.0
2026-08-27 15:00:00,01F0928S,01F0950S,31,80,128,01F0928S>01F0950S,20260827,180,80,82.0
2026-08-27 15:05:00,01F0928S,01F0950S,31,82,138,01F0928S>01F0950S,20260827,181,82,82.0
2026-08-27 15:10:00,01F0928S,01F0950S,31,85,152,01F0928S>01F0950S,20260827,182,85,82.66666666666667
2026-08-27 15:15:00,01F0928S,01F0950S,31,80,129,01F0928S>01F0950S,20260827,183,80,82.66666666666667
2026-08-27 15:20:00,01F0928S,01F0950S,31,80,134,01F0928S>01F0950S,20260827,184,80,82.33333333333333
2026-08-27 15:25:00,01F0928S,01F0950S,31,83,164,01F0928S>01F0950S,20260827,185,83,82.33333333333333
2026-08-27 15:30:00,01F0928S,01F0950S,31,81,132,01F0928S>01F0950S,20260827,186,81,84.33333333333333
2026-08-27 15:35:00,01F0928S,01F0950S,31,79,122,01F0928S>01F0950S,20260827,187,79,86.33333333333333
2026-08-27 15:40:00,01F0928S,01F0950S,31,81,132,01F0928S>01F0950S,20260827,188,81,86.33333333333333
2026-08-27 15:45:00,01F0928S,01F0950S,31,81,117,01F0928S>01F0950S,20260827,189,81,84.66666666666667
2026-08-27 15:50:00,01F0928S,01F0950S,31,85,164,01F0928S>01F0950S,20260827,190,85,85.0
2026-08-27 15:55:00,01F0928S,01F0950S,31,79,142,01F0928S>01F0950S,20260827,191,79,84.66666666666667
2026-08-27 16:00:00,01F0928S,01F0950S,31,81,129,01F0928S>01F0950S,20260827,192,81,85.0
2026-08-27 16:05:00,01F0928S,01F0950S,31,81,148,01F0928S>01F0950S,20260827,193,81,85.33333333333333
2026-08-27 16:10:00,01F0928S,01F0950S,31,83,150,01F0928S>01F0950S,20260827,194,83,90.33333333333333
2026-08-27 16:15:00,01F0928S,01F0950S,31,81,111,01F0928S>01F0950S,20260827,195,81,92.33333333333333
2026-08-27 16:20:00,01F0928S,01F0950S,31,93,189,01F0928S>01F0950S,20260827,196,93,101.33333333333333
2026-08-27 16:25:00,01F0928S,01F0950S,31,83,179,01F0928S>01F0950S,20260827,197,83,105.0
2026-08-27 16:30:00,01F0928S,01F0950S,31,85,176,01F0928S>01F0950S,20260827,198,85,102.0
2026-08-27 16:35:00,01F0928S,01F0950S,31,80,147,01F0928S>01F0950S,20260827,199,80,99.0
2026-08-27 16:40:00,01F0928S,01F0950S,31,79,148,01F0928S>01F0950S,20260827,200,79,99.0
2026-08-27 16:45:00,01F0928S,01F0950S,31,82,146,01F0928S>01F0950S,20260827,201,82,104.33333333333333
2026-08-27 16:50:00,01F0928S,01F0950S,31,82,162,01F0928S>01F0950S,20260827,202,82,113.66666666666667
2026-08-27 16:55:00,01F0928S,01F0950S,31,83,145,01F0928S>01F0950S,20260827,203,83,129.0
2026-08-27 17:00:00,01F0928S,01F0950S,31,83,169,01F0928S>01F0950S,20260827,204,83,141.66666666666666
2026-08-27 17:05:00,01F0928S,01F0950S,31,84,157,01F0928S>01F0950S,20260827,205,84,162.33333333333334
2026-08-27 17:10:00,01F0928S,01F0950S,31,86,173,01F0928S>01F0950S,20260827,206,86,180.66666666666666
2026-08-27 17:15:00,01F0928S,01F0950S,31,81,181,01F0928S>01F0950S,20260827,207,81,198.66666666666666
2026-08-27 17:20:00,01F0928S,01F0950S,31,82,160,01F0928S>01F0950S,20260827,208,82,189.0
2026-08-27 17:25:00,01F0928S,01F0950S,31,86,177,01F0928S>01F0950S,20260827,209,86,167.33333333333334
2026-08-27 17:30:00,01F0928S,01F0950S,31,84,173,01F0928S>01F0950S,20260827,210,84,150.66666666666666
2026-08-27 17:35:00,01F0928S,01F0950S,31,84,168,01F0928S>01F0950S,20260827,211,84,153.66666666666666
2026-08-27 17:40:00,01F0928S,01F0950S,31,82,181,01F0928S>01F0950S,20260827,212,82,153.66666666666666
2026-08-27 17:45:00,01F0928S,01F0950S,31,83,190,01F0928S>01F0950S,20260827,213,83,149.0
2026-08-27 17:50:00,01F0928S,01F0950S,31,82,181,01F0928S>01F0950S,20260827,214,82,145.66666666666666
2026-08-27 17:55:00,01F0928S,01F0950S,31,80,194,01F0928S>01F0950S,20260827,215,80,141.66666666666666
2026-08-27 18:00:00,01F0928S,01F0950S,31,83,164,01F0928S>01F0950S,20260827,216,83,138.33333333333334
2026-08-27 18:05:00,01F0928S,01F0950S,31,82,179,01F0928S>01F0950S,20260827,217,82,138.33333333333334
2026-08-27 18:10:00,01F0928S,01F0950S,31,89,169,01F0928S>01F0950S,20260827,218,89,131.66666666666666
2026-08-27 18:15:00,01F0928S,01F0950S,31,88,180,01F0928S>01F0950S,20260827,219,88,114.66666666666667
2026-08-27 18:20:00,01F0928S,01F0950S,31,82,145,01F0928S>01F0950S,20260827,220,82,108.66666666666667
2026-08-27 18:25:00,01F0928S,01F0950S,31,83,173,01F0928S>01F0950S,20260827,221,83,93.66666666666667
2026-08-27 18:30:00,01F0928S,01F0950S,31,85,147,01F0928S>01F0950S,20260827,222,85,96.0
2026-08-27 18:35:00,01F0928S,01F0950S,31,85,155,01F0928S>01F0950S,20260827,223,85,92.66666666666667
2026-08-27 18:40:00,01F0928S,01F0950S,31,88,171,01F0928S>01F0950S,20260827,224,88,95.0
2026-08-27 18:45:00,01F0928S,01F0950S,31,84,155,01F0928S>01F0950S,20260827,225,84,92.66666666666667
2026-08-27 18:50:00,01F0928S,01F0950S,31,85,149,01F0928S>01F0950S,20260827,226,85,92.0
2026-08-27 18:55:00,01F0928S,01F0950S,31,86,138,01F0928S>01F0950S,20260827,227,86,90.33333333333333
2026-08-27 19:00:00,01F0928S,01F0950S,31,79,144,01F0928S>01F0950S,20260827,228,79,89.0
2026-08-27 19:05:00,01F0928S,01F0950S,31,79,142,01F0928S>01F0950S,20260827,229,79,87.66666666666667
2026-08-27 19:10:00,01F0928S,01F0950S,31,81,121,01F0928S>01F0950S,20260827,230,81,95.66666666666667
2026-08-27 19:15:00,01F0928S,01F0950S,31,83,141,01F0928S>01F0950S,20260827,231,83,115.66666666666667
2026-08-27 19:20:00,01F0928S,01F0950S,31,81,138,01F0928S>01F0950S,20260827,232,81,103.0
2026-08-27 19:25:00,01F0928S,01F0950S,31,81,105,01F0928S>01F0950S,20260827,233,81,94.33333333333333
2026-08-27 19:30:00,01F0928S,01F0950S,31,80,128,01F0928S>01F0950S,20260827,234,80,85.66666666666667
2026-08-27 19:35:00,01F0928S,01F0950S,31,78,123,01F0928S>01F0950S,20260827,235,78,87.33333333333333
2026-08-27 19:40:00,01F0928S,01F0950S,31,79,113,01F0928S>01F0950S,20260827,236,79,82.66666666666667
2026-08-27 19:45:00,01F0928S,01F0950S,31,80,130,01F0928S>01F0950S,20260827,237,80,82.0
2026-08-27 19:50:00,01F0928S,01F0950S,31,82,154,01F0928S>01F0950S,20260827,238,82,84.66666666666667
2026-08-27 19:55:00,01F0928S,01F0950S,31,80,131,01F0928S>01F0950S,20260827,239,80,86.0
2026-08-27 20:00:00,01F0928S,01F0950S,31,79,135,01F0928S>01F0950S,20260827,240,79,84.0
2026-08-27 20:05:00,01F0928S,01F0950S,31,80,135,01F0928S>01F0950S,20260827,241,80,83.33333333333333
2026-08-27 20:10:00,01F0928S,01F0950S,31,78,105,01F0928S>01F0950S,20260827,242,78,82.0
2026-08-27 20:15:00,01F0928S,01F0950S,31,80,122,01F0928S>01F0950S,20260827,243,80,83.33333333333333
2026-08-27 20:20:00,01F0928S,01F0950S,31,80,130,01F0928S>01F0950S,20260827,244,80,82.33333333333333
2026-08-27 20:25:00,01F0928S,01F0950S,31,80,122,01F0928S>01F0950S,20260827,245,80,85.66666666666667
2026-08-27 20:30:00,01F0928S,01F0950S,31,79,106,01F0928S>01F0950S,20260827,246,79,81.33333333333333
2026-08-27 20:35:00,01F0928S,01F0950S,31,82,129,01F0928S>01F0950S,20260827,247,82,81.66666666666667
2026-08-27 20:40:00,01F0928S,01F0950S,31,79,116,01F0928S>01F0950S,20260827,248,79,80.33333333333333
2026-08-27 20:45:00,01F0928S,01F0950S,31,78,95,01F0928S>01F0950S,20260827,249,78,80.33333333333333
2026-08-27 20:50:00,01F0928S,01F0950S,31,76,109,01F0928S>01F0950S,20260827,250,76,79.33333333333333
2026-08-27 20:55:00,01F0928S,01F0950S,31,79,96,01F0928S>01F0950S,20260827,251,79,85.66666666666667
2026-08-27 21:00:00,01F0928S,01F0950S,31,77,98,01F0928S>01F0950S,20260827,252,77,86.0
2026-08-27 21:05:00,01F0928S,01F0950S,31,81,109,01F0928S>01F0950S,20260827,253,81,85.33333333333333
2026-08-27 21:10:00,01F0928S,01F0950S,31,78,97,01F0928S>01F0950S,20260827,254,78,85.0
2026-08-27 21:15:00,01F0928S,01F0950S,31,79,107,01F0928S>01F0950S,20260827,255,79,83.0
2026-08-27 21:20:00,01F0928S,01F0950S,31,78,100,01F0928S>01F0950S,20260827,256,78,80.66666666666667
2026-08-27 21:25:00,01F0928S,01F0950S,31,80,121,01F0928S>01F0950S,20260827,257,80,80.33333333333333
2026-08-27 21:30:00,01F0928S,01F0950S,31,78,117,01F0928S>01F0950S,20260827,258,78,79.66666666666667
2026-08-27 21:35:00,01F0928S,01F0950S,31,80,100,01F0928S>01F0950S,20260827,259,80,82.0
2026-08-27 21:40:00,01F0928S,01F0950S,31,76,106,01F0928S>01F0950S,20260827,260,76,79.0
2026-08-27 21:45:00,01F0928S,01F0950S,31,78,103,01F0928S>01F0950S,20260827,261,78,79.33333333333333
2026-08-27 21:50:00,01F0928S,01F0950S,31,77,107,01F0928S>01F0950S,20260827,262,77,79.0
2026-08-27 21:55:00,01F0928S,01F0950S,31,76,99,01F0928S>01F0950S,20260827,263,76,79.0
2026-08-27 22:00:00,01F0928S,01F0950S,31,80,96,01F0928S>01F0950S,20260827,264,80,79.66666666666667
2026-08-27 22:05:00,01F0928S,01F0950S,31,76,71,01F0928S>01F0950S,20260827,265,76,78.33333333333333
2026-08-27 22:10:00,01F0928S,01F0950S,31,77,85,01F0928S>01F0950S,20260827,266,77,78.0
2026-08-27 22:15:00,01F0928S,01F0950S,31,77,71,01F0928S>01F0950S,20260827,267,77,79.66666666666667
2026-08-27 22:20:00,01F0928S,01F0950S,31,76,75,01F0928S>01F0950S,20260827,268,76,78.0
2026-08-27 22:25:00,01F0928S,01F0950S,31,78,77,01F0928S>01F0950S,20260827,269,78,78.66666666666667
2026-08-27 22:30:00,01F0928S,01F0950S,31,76,75,01F0928S>01F0950S,20260827,270,76,76.0
2026-08-27 22:35:00,01F0928S,01F0950S,31,74,69,01F0928S>01F0950S,20260827,271,74,76.66666666666667
2026-08-27 22:40:00,01F0928S,01F0950S,31,77,75,01F0928S>01F0950S,20260827,272,77,78.33333333333333
2026-08-27 22:45:00,01F0928S,01F0950S,31,76,71,01F0928S>01F0950S,20260827,273,76,77.0
2026-08-27 22:50:00,01F0928S,01F0950S,31,76,66,01F0928S>01F0950S,20260827,274,76,77.66666666666667
2026-08-27 22:55:00,01F0928S,01F0950S,31,75,51,01F0928S>01F0950S,20260827,275,75,76.33333333333333
2026-08-27 23:00:00,01F0928S,01F0950S,31,76,59,01F0928S>01F0950S,20260827,276,76,76.0
2026-08-27 23:05:00,01F0928S,01F0950S,31,76,57,01F0928S>01F0950S,20260827,277,76,75.66666666666667
2026-08-27 23:10:00,01F0928S,01F0950S,31,76,77,01F0928S>01F0950S,20260827,278,76,76.66666666666667
2026-08-27 23:15:00,01F0928S,01F0950S,31,76,62,01F0928S>01F0950S,20260827,279,76,76.0
2026-08-27 23:20:00,01F0928S,01F0950S,31,75,67,01F0928S>01F0950S,20260827,280,75,75.33333333333333
2026-08-27 23:25:00,01F0928S,01F0950S,31,76,55,01F0928S>01F0950S,20260827,281,76,75.33333333333333
2026-08-27 23:30:00,01F0928S,01F0950S,31,75,56,01F0928S>01F0950S,20260827,282,75,76.0
2026-08-27 23:35:00,01F0928S,01F0950S,31,77,44,01F0928S>01F0950S,20260827,283,77,77.0
2026-08-27 23:40:00,01F0928S,01F0950S,31,76,32,01F0928S>01F0950S,20260827,284,76,76.0
2026-08-27 23:45:00,01F0928S,01F0950S,31,77,41,01F0928S>01F0950S,20260827,285,77,77.0
2026-08-27 23:50:00,01F0928S,01F0950S,31,75,43,01F0928S>01F0950S,20260827,286,75,75.33333333333333
2026-08-27 23:55:00,01F0928S,01F0950S,31,74,33,01F0928S>01F0950S,20260827,287,74,75.0
2026-08-28 00:00:00,01F0928S,01F0950S,31,76,48,01F0928S>01F0950S,20260828,0,76,75.66666666666667
2026-08-28 00:05:00,01F0928S,01F0950S,31,74,37,01F0928S>01F0950S,20260828,1,74,75.0
2026-08-28 00:10:00,01F0928S,01F0950S,31,77,56,01F0928S>01F0950S,20260828,2,77,75.33333333333333
2026-08-28 00:15:00,01F0928S,01F0950S,31,78,34,01F0928S>01F0950S,20260828,3,78,76.0
2026-08-28 00:20:00,01F0928S,01F0950S,31,75,42,01F0928S>01F0950S,20260828,4,75,75.0
2026-08-28 00:25:00,01F0928S,01F0950S,31,75,41,01F0928S>01F0950S,20260828,5,75,74.66666666666667
2026-08-28 00:30:00,01F0928S,01F0950S,31,75,41,01F0928S>01F0950S,20260828,6,75,75.66666666666667
2026-08-28 00:35:00,01F0928S,01F0950S,31,77,32,01F0928S>01F0950S,20260828,7,77,76.33333333333333
2026-08-28 00:40:00,01F0928S,01F0950S,31,74,35,01F0928S>01F0950S,20260828,8,74,75.0
2026-08-28 00:45:00,01F0928S,01F0950S,31,76,43,01F0928S>01F0950S,20260828,9,76,75.33333333333333
2026-08-28 00:50:00,01F0928S,01F0950S,31,75,29,01F0928S>01F0950S,20260828,10,75,73.66666666666667
2026-08-28 00:55:00,01F0928S,01F0950S,31,76,35,01F0928S>01F0950S,20260828,11,76,76.66666666666667
2026-08-28 01:00:00,01F0928S,01F0950S,31,75,27,01F0928S>01F0950S,20260828,12,75,75.0
2026-08-28 01:05:00,01F0928S,01F0950S,31,74,27,01F0928S>01F0950S,20260828,13,74,74.33333333333333
2026-08-28 01:10:00,01F0928S,01F0950S,31,77,25,01F0928S>01F0950S,20260828,14,77,75.66666666666667
2026-08-28 01:15:00,01F0928S,01F0950S,31,74,25,01F0928S>01F0950S,20260828,15,74,76.0
2026-08-28 01:20:00,01F0928S,01F0950S,31,76,21,01F0928S>01F0950S,20260828,16,76,75.66666666666667
2026-08-28 01:25:00,01F0928S,01F0950S,31,74,29,01F0928S>01F0950S,20260828,17,74,74.33333333333333
2026-08-28 01:30:00,01F0928S,01F0950S,31,75,16,01F0928S>01F0950S,20260828,18,75,74.33333333333333
2026-08-28 01:35:00,01F0928S,01F0950S,31,74,31,01F0928S>01F0950S,20260828,19,74,74.33333333333333
2026-08-28 01:40:00,01F0928S,01F0950S,31,74,24,01F0928S>01F0950S,20260828,20,74,74.0
2026-08-28 01:45:00,01F0928S,01F0950S,31,72,20,01F0928S>01F0950S,20260828,21,72,73.66666666666667
2026-08-28 01:50:00,01F0928S,01F0950S,31,76,27,01F0928S>01F0950S,20260828,22,76,74.66666666666667
2026-08-28 01:55:00,01F0928S,01F0950S,31,75,18,01F0928S>01F0950S,20260828,23,75,75.33333333333333
2026-08-28 02:00:00,01F0928S,01F0950S,31,73,29,01F0928S>01F0950S,20260828,24,73,74.33333333333333
2026-08-28 02:05:00,01F0928S,01F0950S,31,74,24,01F0928S>01F0950S,20260828,25,74,75.66666666666667
2026-08-28 02:10:00,01F0928S,01F0950S,31,75,20,01F0928S>01F0950S,20260828,26,75,76.33333333333333
2026-08-28 02:15:00,01F0928S,01F0950S,31,76,16,01F0928S>01F0950S,20260828,27,76,74.66666666666667
2026-08-28 02:20:00,01F0928S,01F0950S,31,73,18,01F0928S>01F0950S,20260828,28,73,74.33333333333333
2026-08-28 02:25:00,01F0928S,01F0950S,31,76,20,01F0928S>01F0950S,20260828,29,76,76.66666666666667
2026-08-28 02:30:00,01F0928S,01F0950S,31,73,16,01F0928S>01F0950S,20260828,30,73,75.0
2026-08-28 02:35:00,01F0928S,01F0950S,31,72,8,01F0928S>01F0950S,20260828,31,72,75.0
2026-08-28 02:40:00,01F0928S,01F0950S,31,74,14,01F0928S>01F0950S,20260828,32,74,74.0
2026-08-28 02:45:00,01F0928S,01F0950S,31,74,26,01F0928S>01F0950S,20260828,33,74,75.33333333333333
2026-08-28 02:50:00,01F0928S,01F0950S,31,77,16,01F0928S>01F0950S,20260828,34,77,76.66666666666667
2026-08-28 02:55:00,01F0928S,01F0950S,31,73,12,01F0928S>01F0950S,20260828,35,73,75.0
2026-08-28 03:00:00,01F0928S,01F0950S,31,75,21,01F0928S>01F0950S,20260828,36,75,76.0
2026-08-28 03:05:00,01F0928S,01F0950S,31,81,13,01F0928S>01F0950S,20260828,37,81,77.33333333333333
2026-08-28 03:10:00,01F0928S,01F0950S,31,76,15,01F0928S>01F0950S,20260828,38,76,77.33333333333333
2026-08-28 03:15:00,01F0928S,01F0950S,31,82,9,01F0928S>01F0950S,20260828,39,82,78.33333333333333
2026-08-28 03:20:00,01F0928S,01F0950S,31,78,9,01F0928S>01F0950S,20260828,40,78,78.33333333333333
2026-08-28 03:25:00,01F0928S,01F0950S,31,74,13,01F0928S>01F0950S,20260828,41,74,75.0
2026-08-28 03:30:00,01F0928S,01F0950S,31,76,13,01F0928S>01F0950S,20260828,42,76,74.33333333333333
2026-08-28 03:35:00,01F0928S,01F0950S,31,80,7,01F0928S>01F0950S,20260828,43,80,76.33333333333333
2026-08-28 03:40:00,01F0928S,01F0950S,31,80,9,01F0928S>01F0950S,20260828,44,80,79.66666666666667
2026-08-28 03:45:00,01F0928S,01F0950S,31,79,13,01F0928S>01F0950S,20260828,45,79,76.66666666666667
2026-08-28 03:50:00,01F0928S,01F0950S,31,78,18,01F0928S>01F0950S,20260828,46,78,77.0
2026-08-28 03:55:00,01F0928S,01F0950S,31,77,13,01F0928S>01F0950S,20260828,47,77,75.33333333333333
2026-08-28 04:00:00,01F0928S,01F0950S,31,77,15,01F0928S>01F0950S,20260828,48,77,79.33333333333333
2026-08-28 04:05:00,01F0928S,01F0950S,31,77,14,01F0928S>01F0950S,20260828,49,77,76.66666666666667
2026-08-28 04:10:00,01F0928S,01F0950S,31,74,6,01F0928S>01F0950S,20260828,50,74,75.0
2026-08-28 04:15:00,01F0928S,01F0950S,31,76,15,01F0928S>01F0950S,20260828,51,76,77.33333333333333
2026-08-28 04:20:00,01F0928S,01F0950S,31,80,12,01F0928S>01F0950S,20260828,52,80,77.33333333333333
2026-08-28 04:25:00,01F0928S,01F0950S,31,78,18,01F0928S>01F0950S,20260828,53,78,76.0
2026-08-28 04:30:00,01F0928S,01F0950S,31,74,13,01F0928S>01F0950S,20260828,54,74,76.33333333333333
2026-08-28 04:35:00,01F0928S,01F0950S,31,73,21,01F0928S>01F0950S,20260828,55,73,74.66666666666667
2026-08-28 04:40:00,01F0928S,01F0950S,31,76,20,01F0928S>01F0950S,20260828,56,76,75.33333333333333
2026-08-28 04:45:00,01F0928S,01F0950S,31,76,14,01F0928S>01F0950S,20260828,57,76,76.0
2026-08-28 04:50:00,01F0928S,01F0950S,31,76,12,01F0928S>01F0950S,20260828,58,76,77.33333333333333
2026-08-28 04:55:00,01F0928S,01F0950S,31,80,28,01F0928S>01F0950S,20260828,59,80,77.66666666666667
2026-08-28 05:00:00,01F0928S,01F0950S,31,78,19,01F0928S>01F0950S,20260828,60,78,76.66666666666667
2026-08-28 05:05:00,01F0928S,01F0950S,31,77,23,01F0928S>01F0950S,20260828,61,77,77.0
2026-08-28 05:10:00,01F0928S,01F0950S,31,78,33,01F0928S>01F0950S,20260828,62,78,76.33333333333333
2026-08-28 05:15:00,01F0928S,01F0950S,31,78,39,01F0928S>01F0950S,20260828,63,78,77.66666666666667
2026-08-28 05:20:00,01F0928S,01F0950S,31,77,27,01F0928S>01F0950S,20260828,64,77,77.0
2026-08-28 05:25:00,01F0928S,01F0950S,31,78,32,01F0928S>01F0950S,20260828,65,78,76.0
2026-08-28 05:30:00,01F0928S,01F0950S,31,75,28,01F0928S>01F0950S,20260828,66,75,74.33333333333333
2026-08-28 05:35:00,01F0928S,01F0950S,31,76,33,01F0928S>01F0950S,20260828,67,76,75.66666666666667
2026-08-28 05:40:00,01F0928S,01F0950S,31,76,47,01F0928S>01F0950S,20260828,68,76,75.33333333333333
2026-08-28 05:45:00,01F0928S,01F0950S,31,75,46,01F0928S>01F0950S,20260828,69,75,76.0
2026-08-28 05:50:00,01F0928S,01F0950S,31,76,61,01F0928S>01F0950S,20260828,70,76,75.66666666666667
2026-08-28 05:55:00,01F0928S,01F0950S,31,78,37,01F0928S>01F0950S,20260828,71,78,76.0
2026-08-28 06:00:00,01F0928S,01F0950S,31,76,62,01F0928S>01F0950S,20260828,72,76,75.66666666666667
2026-08-28 06:05:00,01F0928S,01F0950S,31,78,63,01F0928S>01F0950S,20260828,73,78,76.66666666666667
2026-08-28 06:10:00,01F0928S,01F0950S,31,74,77,01F0928S>01F0950S,20260828,74,74,75.66666666666667
2026-08-28 06:15:00,01F0928S,01F0950S,31,78,85,01F0928S>01F0950S,20260828,75,78,78.66666666666667
2026-08-28 06:20:00,01F0928S,01F0950S,31,77,81,01F0928S>01F0950S,20260828,76,77,78.33333333333333
2026-08-28 06:25:00,01F0928S,01F0950S,31,79,103,01F0928S>01F0950S,20260828,77,79,79.66666666666667
2026-08-28 06:30:00,01F0928S,01F0950S,31,81,100,01F0928S>01F0950S,20260828,78,81,82.0
2026-08-28 06:35:00,01F0928S,01F0950S,31,84,130,01F0928S>01F0950S,20260828,79,84,83.0
2026-08-28 06:40:00,01F0928S,01F0950S,31,86,125,01F0928S>01F0950S,20260828,80,86,89.33333333333333
2026-08-28 06:45:00,01F0928S,01F0950S,31,86,137,01F0928S>01F0950S,20260828,81,86,91.0
2026-08-28 06:50:00,01F0928S,01F0950S,31,89,145,01F0928S>01F0950S,20260828,82,89,95.0
2026-08-28 06:55:00,01F0928S,01F0950S,31,83,126,01F0928S>01F0950S,20260828,83,83,88.0
2026-08-28 07:00:00,01F0928S,01F0950S,31,84,127,01F0928S>01F0950S,20260828,84,84,88.0
2026-08-28 07:05:00,01F0928S,01F0950S,31,90,129,01F0928S>01F0950S,20260828,85,90,91.0
2026-08-28 07:10:00,01F0928S,01F0950S,31,91,117,01F0928S>01F0950S,20260828,86,91,89.33333333333333
2026-08-28 07:15:00,01F0928S,01F0950S,31,92,136,01F0928S>01F0950S,20260828,87,92,92.33333333333333
2026-08-28 07:20:00,01F0928S,01F0950S,31,97,133,01F0928S>01F0950S,20260828,88,97,94.33333333333333
2026-08-28 07:25:00,01F0928S,01F0950S,31,105,137,01F0928S>01F0950S,20260828,89,105,96.66666666666667
2026-08-28 07:30:00,01F0928S,01F0950S,31,97,129,01F0928S>01F0950S,20260828,90,97,93.0
2026-08-28 07:35:00,01F0928S,01F0950S,31,95,133,01F0928S>01F0950S,20260828,91,95,94.0
2026-08-28 07:40:00,01F0928S,01F0950S,31,89,116,01F0928S>01F0950S,20260828,92,89,93.66666666666667
2026-08-28 07:45:00,01F0928S,01F0950S,31,93,99,01F0928S>01F0950S,20260828,93,93,93.66666666666667
2026-08-28 07:50:00,01F0928S,01F0950S,31,100,134,01F0928S>01F0950S,20260828,94,100,94.33333333333333
2026-08-28 07:55:00,01F0928S,01F0950S,31,89,123,01F0928S>01F0950S,20260828,95,89,88.0
2026-08-28 08:00:00,01F0928S,01F0950S,31,86,112,01F0928S>01F0950S,20260828,96,86,87.66666666666667
2026-08-28 08:05:00,01F0928S,01F0950S,31,87,150,01F0928S>01F0950S,20260828,97,87,87.0
2026-08-28 08:10:00,01F0928S,01F0950S,31,84,142,01F0928S>01F0950S,20260828,98,84,83.33333333333333
2026-08-28 08:15:00,01F0928S,01F0950S,31,83,126,01F0928S>01F0950S,20260828,99,83,83.0
2026-08-28 08:20:00,01F0928S,01F0950S,31,85,133,01F0928S>01F0950S,20260828,100,85,83.66666666666667
2026-08-28 08:25:00,01F0928S,01F0950S,31,82,132,01F0928S>01F0950S,20260828,101,82,82.66666666666667
2026-08-28 08:30:00,01F0928S,01F0950S,31,81,110,01F0928S>01F0950S,20260828,102,81,82.33333333333333
2026-08-28 08:35:00,01F0928S,01F0950S,31,83,126,01F0928S>01F0950S,20260828,103,83,83.66666666666667
2026-08-28 08:40:00,01F0928S,01F0950S,31,81,113,01F0928S>01F0950S,20260828,104,81,83.0
2026-08-28 08:45:00,01F0928S,01F0950S,31,81,142,01F0928S>01F0950S,20260828,105,81,84.33333333333333
2026-08-28 08:50:00,01F0928S,01F0950S,31,83,128,01F0928S>01F0950S,20260828,106,83,83.66666666666667
2026-08-28 08:55:00,01F0928S,01F0950S,31,83,116,01F0928S>01F0950S,20260828,107,83,84.66666666666667
2026-08-28 09:00:00,01F0928S,01F0950S,31,83,115,01F0928S>01F0950S,20260828,108,83,83.66666666666667
2026-08-28 09:05:00,01F0928S,01F0950S,31,88,133,01F0928S>01F0950S,20260828,109,88,88.33333333333333
2026-08-28 09:10:00,01F0928S,01F0950S,31,86,126,01F0928S>01F0950S,20260828,110,86,87.66666666666667
2026-08-28 09:15:00,01F0928S,01F0950S,31,89,137,01F0928S>01F0950S,20260828,111,89,89.0
2026-08-28 09:20:00,01F0928S,01F0950S,31,87,122,01F0928S>01F0950S,20260828,112,87,88.33333333333333
2026-08-28 09:25:00,01F0928S,01F0950S,31,90,146,01F0928S>01F0950S,20260828,113,90,88.0
2026-08-28 09:30:00,01F0928S,01F0950S,31,89,145,01F0928S>01F0950S,20260828,114,89,89.66666666666667
2026-08-28 09:35:00,01F0928S,01F0950S,31,90,144,01F0928S>01F0950S,20260828,115,90,92.0
2026-08-28 09:40:00,01F0928S,01F0950S,31,89,139,01F0928S>01F0950S,20260828,116,89,90.33333333333333
2026-08-28 09:45:00,01F0928S,01F0950S,31,90,150,01F0928S>01F0950S,20260828,117,90,92.33333333333333
2026-08-28 09:50:00,01F0928S,01F0950S,31,90,137,01F0928S>01F0950S,20260828,118,90,89.33333333333333
2026-08-28 09:55:00,01F0928S,01F0950S,31,93,150,01F0928S>01F0950S,20260828,119,93,88.66666666666667
2026-08-28 10:00:00,01F0928S,01F0950S,31,90,142,01F0928S>01F0950S,20260828,120,90,89.33333333333333
2026-08-28 10:05:00,01F0928S,01F0950S,31,87,137,01F0928S>01F0950S,20260828,121,87,85.66666666666667
2026-08-28 10:10:00,01F0928S,01F0950S,31,88,155,01F0928S>01F0950S,20260828,122,88,92.33333333333333
2026-08-28 10:15:00,01F0928S,01F0950S,31,91,150,01F0928S>01F0950S,20260828,123,91,95.66666666666667
2026-08-28 10:20:00,01F0928S,01F0950S,31,90,152,01F0928S>01F0950S,20260828,124,90,94.0
2026-08-28 10:25:00,01F0928S,01F0950S,31,92,151,01F0928S>01F0950S,20260828,125,92,93.66666666666667
2026-08-28 10:30:00,01F0928S,01F0950S,31,88,135,01F0928S>01F0950S,20260828,126,88,93.0
2026-08-28 10:35:00,01F0928S,01F0950S,31,94,159,01F0928S>01F0950S,20260828,127,94,95.0
2026-08-28 10:40:00,01F0928S,01F0950S,31,88,166,01F0928S>01F0950S,20260828,128,88,89.33333333333333
2026-08-28 10:45:00,01F0928S,01F0950S,31,92,163,01F0928S>01F0950S,20260828,129,92,90.33333333333333
2026-08-28 10:50:00,01F0928S,01F0950S,31,92,179,01F0928S>01F0950S,20260828,130,92,87.0
2026-08-28 10:55:00,01F0928S,01F0950S,31,95,176,01F0928S>01F0950S,20260828,131,95,89.33333333333333
2026-08-28 11:00:00,01F0928S,01F0950S,31,92,170,01F0928S>01F0950S,20260828,132,92,89.0
2026-08-28 11:05:00,01F0928S,01F0950S,31,92,172,01F0928S>01F0950S,20260828,133,92,89.0
2026-08-28 11:10:00,01F0928S,01F0950S,31,93,188,01F0928S>01F0950S,20260828,134,93,87.66666666666667
2026-08-28 11:15:00,01F0928S,01F0950S,31,90,168,01F0928S>01F0950S,20260828,135,90,87.66666666666667
2026-08-28 11:20:00,01F0928S,01F0950S,31,89,187,01F0928S>01F0950S,20260828,136,89,86.0
2026-08-28 11:25:00,01F0928S,01F0950S,31,87,188,01F0928S>01F0950S,20260828,137,87,83.66666666666667
2026-08-28 11:30:00,01F0928S,01F0950S,31,86,157,01F0928S>01F0950S,20260828,138,86,85.0
2026-08-28 11:35:00,01F0928S,01F0950S,31,84,161,01F0928S>01F0950S,20260828,139,84,84.33333333333333
2026-08-28 11:40:00,01F0928S,01F0950S,31,86,131,01F0928S>01F0950S,20260828,140,86,84.66666666666667
2026-08-28 11:45:00,01F0928S,01F0950S,31,86,165,01F0928S>01F0950S,20260828,141,86,84.33333333333333
2026-08-28 11:50:00,01F0928S,01F0950S,31,82,138,01F0928S>01F0950S,20260828,142,82,84.0
2026-08-28 11:55:00,01F0928S,01F0950S,31,79,129,01F0928S>01F0950S,20260828,143,79,81.33333333333333
2026-08-28 12:00:00,01F0928S,01F0950S,31,82,143,01F0928S>01F0950S,20260828,144,82,82.66666666666667
2026-08-28 12:05:00,01F0928S,01F0950S,31,82,140,01F0928S>01F0950S,20260828,145,82,82.0
2026-08-28 12:10:00,01F0928S,01F0950S,31,80,146,01F0928S>01F0950S,20260828,146,80,82.66666666666667
2026-08-28 12:15:00,01F0928S,01F0950S,31,81,163,01F0928S>01F0950S,20260828,147,81,83.66666666666667
2026-08-28 12:20:00,01F0928S,01F0950S,31,83,153,01F0928S>01F0950S,20260828,148,83,83.66666666666667
2026-08-28 12:25:00,01F0928S,01F0950S,31,82,158,01F0928S>01F0950S,20260828,149,82,82.66666666666667
2026-08-28 12:30:00,01F0928S,01F0950S,31,81,177,01F0928S>01F0950S,20260828,150,81,82.0
2026-08-28 12:35:00,01F0928S,01F0950S,31,81,125,01F0928S>01F0950S,20260828,151,81,81.0
2026-08-28 12:40:00,01F0928S,01F0950S,31,84,152,01F0928S>01F0950S,20260828,152,84,81.0
2026-08-28 12:45:00,01F0928S,01F0950S,31,83,150,01F0928S>01F0950S,20260828,153,83,81.33333333333333
2026-08-28 12:50:00,01F0928S,01F0950S,31,81,140,01F0928S>01F0950S,20260828,154,81,79.0
2026-08-28 12:55:00,01F0928S,01F0950S,31,77,126,01F0928S>01F0950S,20260828,155,77,84.66666666666667
2026-08-28 13:00:00,01F0928S,01F0950S,31,79,106,01F0928S>01F0950S,20260828,156,79,87.0
2026-08-28 13:05:00,01F0928S,01F0950S,31,80,105,01F0928S>01F0950S,20260828,157,80,78.66666666666667
2026-08-28 13:10:00,01F0928S,01F0950S,31,80,96,01F0928S>01F0950S,20260828,158,80,81.66666666666667
2026-08-28 13:15:00,01F0928S,01F0950S,31,78,91,01F0928S>01F0950S,20260828,159,78,79.33333333333333
2026-08-28 13:20:00,01F0928S,01F0950S,31,78,86,01F0928S>01F0950S,20260828,160,78,80.0
2026-08-28 13:25:00,01F0928S,01F0950S,31,80,90,01F0928S>01F0950S,20260828,161,80,80.66666666666667
2026-08-28 13:30:00,01F0928S,01F0950S,31,82,123,01F0928S>01F0950S,20260828,162,82,80.0
2026-08-28 13:35:00,01F0928S,01F0950S,31,80,141,01F0928S>01F0950S,20260828,163,80,81.33333333333333
2026-08-28 13:40:00,01F0928S,01F0950S,31,86,171,01F0928S>01F0950S,20260828,164,86,82.0
2026-08-28 13:45:00,01F0928S,01F0950S,31,82,162,01F0928S>01F0950S,20260828,165,82,82.0
2026-08-28 13:50:00,01F0928S,01F0950S,31,89,150,01F0928S>01F0950S,20260828,166,89,83.0
2026-08-28 13:55:00,01F0928S,01F0950S,31,92,193,01F0928S>01F0950S,20260828,167,92,84.33333333333333
2026-08-28 14:00:00,01F0928S,01F0950S,31,92,155,01F0928S>01F0950S,20260828,168,92,85.0
2026-08-28 14:05:00,01F0928S,01F0950S,31,91,135,01F0928S>01F0950S,20260828,169,91,84.0
2026-08-28 14:10:00,01F0928S,01F0950S,31,94,161,01F0928S>01F0950S,20260828,170,94,84.66666666666667
2026-08-28 14:15:00,01F0928S,01F0950S,31,102,156,01F0928S>01F0950S,20260828,171,102,87.66666666666667
2026-08-28 14:20:00,01F0928S,01F0950S,31,99,200,01F0928S>01F0950S,20260828,172,99,86.33333333333333
2026-08-28 14:25:00,01F0928S,01F0950S,31,95,186,01F0928S>01F0950S,20260828,173,95,84.66666666666667
2026-08-28 14:30:00,01F0928S,01F0950S,31,92,173,01F0928S>01F0950S,20260828,174,92,85.66666666666667
2026-08-28 14:35:00,01F0928S,01F0950S,31,93,185,01F0928S>01F0950S,20260828,175,93,84.33333333333333
2026-08-28 14:40:00,01F0928S,01F0950S,31,96,185,01F0928S>01F0950S,20260828,176,96,86.33333333333333
2026-08-28 14:45:00,01F0928S,01F0950S,31,95,174,01F0928S>01F0950S,20260828,177,95,85.0
2026-08-28 14:50:00,01F0928S,01F0950S,31,97,197,01F0928S>01F0950S,20260828,178,97,87.66666666666667
2026-08-28 14:55:00,01F0928S,01F0950S,31,94,206,01F0928S>01F0950S,20260828,179,94,84.0
2026-08-28 15:00:00,01F0928S,01F0950S,31,86,182,01F0928S>01F0950S,20260828,180,86,82.0
2026-08-28 15:05:00,01F0928S,01F0950S,31,82,157,01F0928S>01F0950S,20260828,181,82,82.0
2026-08-28 15:10:00,01F0928S,01F0950S,31,81,175,01F0928S>01F0950S,20260828,182,81,82.66666666666667
2026-08-28 15:15:00,01F0928S,01F0950S,31,84,175,01F0928S>01F0950S,20260828,183,84,82.66666666666667
2026-08-28 15:20:00,01F0928S,01F0950S,31,87,181,01F0928S>01F0950S,20260828,184,87,82.33333333333333
2026-08-28 15:25:00,01F0928S,01F0950S,31,83,189,01F0928S>01F0950S,20260828,185,83,82.33333333333333
2026-08-28 15:30:00,01F0928S,01F0950S,31,91,193,01F0928S>01F0950S,20260828,186,91,84.33333333333333
2026-08-28 15:35:00,01F0928S,01F0950S,31,97,192,01F0928S>01F0950S,20260828,187,97,86.33333333333333
2026-08-28 15:40:00,01F0928S,01F0950S,31,93,198,01F0928S>01F0950S,20260828,188,93,86.33333333333333
2026-08-28 15:45:00,01F0928S,01F0950S,31,93,210,01F0928S>01F0950S,20260828,189,93,84.66666666666667
2026-08-28 15:50:00,01F0928S,01F0950S,31,89,201,01F0928S>01F0950S,20260828,190,89,85.0
2026-08-28 15:55:00,01F0928S,01F0950S,31,90,205,01F0928S>01F0950S,20260828,191,90,84.66666666666667
2026-08-28 16:00:00,01F0928S,01F0950S,31,91,206,01F0928S>01F0950S,20260828,192,91,85.0
2026-08-28 16:05:00,01F0928S,01F0950S,31,94,222,01F0928S>01F0950S,20260828,193,94,85.33333333333333
2026-08-28 16:10:00,01F0928S,01F0950S,31,106,199,01F0928S>01F0950S,20260828,194,106,90.33333333333333
2026-08-28 16:15:00,01F0928S,01F0950S,31,112,246,01F0928S>01F0950S,20260828,195,112,92.33333333333333
2026-08-28 16:20:00,01F0928S,01F0950S,31,127,212,01F0928S>01F0950S,20260828,196,127,101.33333333333333
2026-08-28 16:25:00,01F0928S,01F0950S,31,146,241,01F0928S>01F0950S,20260828,197,146,105.0
2026-08-28 16:30:00,01F0928S,01F0950S,31,137,217,01F0928S>01F0950S,20260828,198,137,102.0
2026-08-28 16:35:00,01F0928S,01F0950S,31,132,243,01F0928S>01F0950S,20260828,199,132,99.0
2026-08-28 16:40:00,01F0928S,01F0950S,31,133,224,01F0928S>01F0950S,20260828,200,133,99.0
2026-08-28 16:45:00,01F0928S,01F0950S,31,145,214,01F0928S>01F0950S,20260828,201,145,104.33333333333333
2026-08-28 16:50:00,01F0928S,01F0950S,31,166,200,01F0928S>01F0950S,20260828,202,166,113.66666666666667
2026-08-28 16:55:00,01F0928S,01F0950S,31,211,199,01F0928S>01F0950S,20260828,203,211,129.0
2026-08-28 17:00:00,01F0928S,01F0950S,31,252,215,01F0928S>01F0950S,20260828,204,252,141.66666666666666
2026-08-28 17:05:00,01F0928S,01F0950S,31,312,136,01F0928S>01F0950S,20260828,205,312,162.33333333333334
2026-08-28 17:10:00,01F0928S,01F0950S,31,371,159,01F0928S>01F0950S,20260828,206,371,180.66666666666666
2026-08-28 17:15:00,01F0928S,01F0950S,31,428,160,01F0928S>01F0950S,20260828,207,428,198.66666666666666
2026-08-28 17:20:00,01F0928S,01F0950S,31,400,183,01F0928S>01F0950S,20260828,208,400,189.0
2026-08-28 17:25:00,01F0928S,01F0950S,31,334,209,01F0928S>01F0950S,20260828,209,334,167.33333333333334
2026-08-28 17:30:00,01F0928S,01F0950S,31,286,184,01F0928S>01F0950S,20260828,210,286,150.66666666666666
2026-08-28 17:35:00,01F0928S,01F0950S,31,285,212,01F0928S>01F0950S,20260828,211,285,153.66666666666666
2026-08-28 17:40:00,01F0928S,01F0950S,31,289,209,01F0928S>01F0950S,20260828,212,289,153.66666666666666
2026-08-28 17:45:00,01F0928S,01F0950S,31,275,207,01F0928S>01F0950S,20260828,213,275,149.0
2026-08-28 17:50:00,01F0928S,01F0950S,31,271,207,01F0928S>01F0950S,20260828,214,271,145.66666666666666
2026-08-28 17:55:00,01F0928S,01F0950S,31,259,197,01F0928S>01F0950S,20260828,215,259,141.66666666666666
2026-08-28 18:00:00,01F0928S,01F0950S,31,248,213,01F0928S>01F0950S,20260828,216,248,138.33333333333334
2026-08-28 18:05:00,01F0928S,01F0950S,31,248,207,01F0928S>01F0950S,20260828,217,248,138.33333333333334
2026-08-28 18:10:00,01F0928S,01F0950S,31,220,218,01F0928S>01F0950S,20260828,218,220,131.66666666666666
2026-08-28 18:15:00,01F0928S,01F0950S,31,170,218,01F0928S>01F0950S,20260828,219,170,114.66666666666667
2026-08-28 18:20:00,01F0928S,01F0950S,31,155,215,01F0928S>01F0950S,20260828,220,155,108.66666666666667
2026-08-28 18:25:00,01F0928S,01F0950S,31,110,208,01F0928S>01F0950S,20260828,221,110,93.66666666666667
2026-08-28 18:30:00,01F0928S,01F0950S,31,113,212,01F0928S>01F0950S,20260828,222,113,96.0
2026-08-28 18:35:00,01F0928S,01F0950S,31,107,214,01F0928S>01F0950S,20260828,223,107,92.66666666666667
2026-08-28 18:40:00,01F0928S,01F0950S,31,114,190,01F0928S>01F0950S,20260828,224,114,95.0
2026-08-28 18:45:00,01F0928S,01F0950S,31,107,208,01F0928S>01F0950S,20260828,225,107,92.66666666666667
2026-08-28 18:50:00,01F0928S,01F0950S,31,104,212,01F0928S>01F0950S,20260828,226,104,92.0
2026-08-28 18:55:00,01F0928S,01F0950S,31,102,215,01F0928S>01F0950S,20260828,227,102,90.33333333333333
2026-08-28 19:00:00,01F0928S,01F0950S,31,104,217,01F0928S>01F0950S,20260828,228,104,89.0
2026-08-28 19:05:00,01F0928S,01F0950S,31,103,204,01F0928S>01F0950S,20260828,229,103,87.66666666666667
2026-08-28 19:10:00,01F0928S,01F0950S,31,122,167,01F0928S>01F0950S,20260828,230,122,95.66666666666667
2026-08-28 19:15:00,01F0928S,01F0950S,31,181,205,01F0928S>01F0950S,20260828,231,181,115.66666666666667
2026-08-28 19:20:00,01F0928S,01F0950S,31,148,229,01F0928S>01F0950S,20260828,232,148,103.0
2026-08-28 19:25:00,01F0928S,01F0950S,31,121,205,01F0928S>01F0950S,20260828,233,121,94.33333333333333
2026-08-28 19:30:00,01F0928S,01F0950S,31,98,230,01F0928S>01F0950S,20260828,234,98,85.66666666666667
2026-08-28 19:35:00,01F0928S,01F0950S,31,104,217,01F0928S>01F0950S,20260828,235,104,87.33333333333333
2026-08-28 19:40:00,01F0928S,01F0950S,31,91,224,01F0928S>01F0950S,20260828,236,91,82.66666666666667
2026-08-28 19:45:00,01F0928S,01F0950S,31,84,195,01F0928S>01F0950S,20260828,237,84,82.0
2026-08-28 19:50:00,01F0928S,01F0950S,31,92,212,01F0928S>01F0950S,20260828,238,92,84.66666666666667
2026-08-28 19:55:00,01F0928S,01F0950S,31,97,227,01F0928S>01F0950S,20260828,239,97,86.0
2026-08-28 20:00:00,01F0928S,01F0950S,31,91,210,01F0928S>01F0950S,20260828,240,91,84.0
2026-08-28 20:05:00,01F0928S,01F0950S,31,90,202,01F0928S>01F0950S,20260828,241,90,83.33333333333333
2026-08-28 20:10:00,01F0928S,01F0950S,31,90,212,01F0928S>01F0950S,20260828,242,90,82.0
2026-08-28 20:15:00,01F0928S,01F0950S,31,88,230,01F0928S>01F0950S,20260828,243,88,83.33333333333333
2026-08-28 20:20:00,01F0928S,01F0950S,31,88,201,01F0928S>01F0950S,20260828,244,88,82.33333333333333
2026-08-28 20:25:00,01F0928S,01F0950S,31,95,221,01F0928S>01F0950S,20260828,245,95,85.66666666666667
2026-08-28 20:30:00,01F0928S,01F0950S,31,86,215,01F0928S>01F0950S,20260828,246,86,81.33333333333333
2026-08-28 20:35:00,01F0928S,01F0950S,31,86,198,01F0928S>01F0950S,20260828,247,86,81.66666666666667
2026-08-28 20:40:00,01F0928S,01F0950S,31,84,193,01F0928S>01F0950S,20260828,248,84,80.33333333333333
2026-08-28 20:45:00,01F0928S,01F0950S,31,84,192,01F0928S>01F0950S,20260828,249,84,80.33333333333333
2026-08-28 20:50:00,01F0928S,01F0950S,31,81,170,01F0928S>01F0950S,20260828,250,81,79.33333333333333
2026-08-28 20:55:00,01F0928S,01F0950S,31,98,187,01F0928S>01F0950S,20260828,251,98,85.66666666666667
2026-08-28 21:00:00,01F0928S,01F0950S,31,100,232,01F0928S>01F0950S,20260828,252,100,86.0
2026-08-28 21:05:00,01F0928S,01F0950S,31,96,212,01F0928S>01F0950S,20260828,253,96,85.33333333333333
2026-08-28 21:10:00,01F0928S,01F0950S,31,97,221,01F0928S>01F0950S,20260828,254,97,85.0
2026-08-28 21:15:00,01F0928S,01F0950S,31,90,208,01F0928S>01F0950S,20260828,255,90,83.0
2026-08-28 21:20:00,01F0928S,01F0950S,31,84,187,01F0928S>01F0950S,20260828,256,84,80.66666666666667
2026-08-28 21:25:00,01F0928S,01F0950S,31,82,176,01F0928S>01F0950S,20260828,257,82,80.33333333333333
2026-08-28 21:30:00,01F0928S,01F0950S,31,83,179,01F0928S>01F0950S,20260828,258,83,79.66666666666667
2026-08-28 21:35:00,01F0928S,01F0950S,31,85,186,01F0928S>01F0950S,20260828,259,85,82.0
2026-08-28 21:40:00,01F0928S,01F0950S,31,81,186,01F0928S>01F0950S,20260828,260,81,79.0
2026-08-28 21:45:00,01F0928S,01F0950S,31,81,182,01F0928S>01F0950S,20260828,261,81,79.33333333333333
2026-08-28 21:50:00,01F0928S,01F0950S,31,80,161,01F0928S>01F0950S,20260828,262,80,79.0
2026-08-28 21:55:00,01F0928S,01F0950S,31,83,185,01F0928S>01F0950S,20260828,263,83,79.0
2026-08-28 22:00:00,01F0928S,01F0950S,31,81,164,01F0928S>01F0950S,20260828,264,81,79.66666666666667
2026-08-28 22:05:00,01F0928S,01F0950S,31,81,163,01F0928S>01F0950S,20260828,265,81,78.33333333333333
2026-08-28 22:10:00,01F0928S,01F0950S,31,81,153,01F0928S>01F0950S,20260828,266,81,78.0
2026-08-28 22:15:00,01F0928S,01F0950S,31,84,150,01F0928S>01F0950S,20260828,267,84,79.66666666666667
2026-08-28 22:20:00,01F0928S,01F0950S,31,81,172,01F0928S>01F0950S,20260828,268,81,78.0
2026-08-28 22:25:00,01F0928S,01F0950S,31,81,143,01F0928S>01F0950S,20260828,269,81,78.66666666666667
2026-08-28 22:30:00,01F0928S,01F0950S,31,76,122,01F0928S>01F0950S,20260828,270,76,76.0
2026-08-28 22:35:00,01F0928S,01F0950S,31,80,141,01F0928S>01F0950S,20260828,271,80,76.66666666666667
2026-08-28 22:40:00,01F0928S,01F0950S,31,79,149,01F0928S>01F0950S,20260828,272,79,78.33333333333333
2026-08-28 22:45:00,01F0928S,01F0950S,31,79,148,01F0928S>01F0950S,20260828,273,79,77.0
2026-08-28 22:50:00,01F0928S,01F0950S,31,80,126,01F0928S>01F0950S,20260828,274,80,77.66666666666667
2026-08-28 22:55:00,01F0928S,01F0950S,31,78,112,01F0928S>01F0950S,20260828,275,78,76.33333333333333
2026-08-28 23:00:00,01F0928S,01F0950S,31,76,136,01F0928S>01F0950S,20260828,276,76,76.0
2026-08-28 23:05:00,01F0928S,01F0950S,31,76,104,01F0928S>01F0950S,20260828,277,76,75.66666666666667
2026-08-28 23:10:00,01F0928S,01F0950S,31,77,88,01F0928S>01F0950S,20260828,278,77,76.66666666666667
2026-08-28 23:15:00,01F0928S,01F0950S,31,77,88,01F0928S>01F0950S,20260828,279,77,76.0
2026-08-28 23:20:00,01F0928S,01F0950S,31,77,110,01F0928S>01F0950S,20260828,280,77,75.33333333333333
2026-08-28 23:25:00,01F0928S,01F0950S,31,76,84,01F0928S>01F0950S,20260828,281,76,75.33333333333333
2026-08-28 23:30:00,01F0928S,01F0950S,31,77,78,01F0928S>01F0950S,20260828,282,77,76.0
2026-08-28 23:35:00,01F0928S,01F0950S,31,79,100,01F0928S>01F0950S,20260828,283,79,77.0
2026-08-28 23:40:00,01F0928S,01F0950S,31,76,72,01F0928S>01F0950S,20260828,284,76,76.0
2026-08-28 23:45:00,01F0928S,01F0950S,31,77,62,01F0928S>01F0950S,20260828,285,77,77.0
2026-08-28 23:50:00,01F0928S,01F0950S,31,76,90,01F0928S>01F0950S,20260828,286,76,75.33333333333333
2026-08-28 23:55:00,01F0928S,01F0950S,31,75,83,01F0928S>01F0950S,20260828,287,75,75.0
2026-08-31 00:00:00,01F0928S,01F0950S,31,75,37,01F0928S>01F0950S,20260831,0,75,75.66666666666667
2026-08-31 00:05:00,01F0928S,01F0950S,31,75,58,01F0928S>01F0950S,20260831,1,75,75.0
2026-08-31 00:10:00,01F0928S,01F0950S,31,74,47,01F0928S>01F0950S,20260831,2,74,75.33333333333333
2026-08-31 00:15:00,01F0928S,01F0950S,31,76,65,01F0928S>01F0950S,20260831,3,76,76.0
2026-08-31 00:20:00,01F0928S,01F0950S,31,75,75,01F0928S>01F0950S,20260831,4,75,75.0
2026-08-31 00:25:00,01F0928S,01F0950S,31,75,52,01F0928S>01F0950S,20260831,5,75,74.66666666666667
2026-08-31 00:30:00,01F0928S,01F0950S,31,76,47,01F0928S>01F0950S,20260831,6,76,75.66666666666667
2026-08-31 00:35:00,01F0928S,01F0950S,31,77,52,01F0928S>01F0950S,20260831,7,77,76.33333333333333
2026-08-31 00:40:00,01F0928S,01F0950S,31,74,35,01F0928S>01F0950S,20260831,8,74,75.0
2026-08-31 00:45:00,01F0928S,01F0950S,31,76,41,01F0928S>01F0950S,20260831,9,76,75.33333333333333
2026-08-31 00:50:00,01F0928S,01F0950S,31,73,19,01F0928S>01F0950S,20260831,10,73,73.66666666666667
2026-08-31 00:55:00,01F0928S,01F0950S,31,79,41,01F0928S>01F0950S,20260831,11,79,76.66666666666667
2026-08-31 01:00:00,01F0928S,01F0950S,31,74,28,01F0928S>01F0950S,20260831,12,74,75.0
2026-08-31 01:05:00,01F0928S,01F0950S,31,73,28,01F0928S>01F0950S,20260831,13,73,74.33333333333333
2026-08-31 01:10:00,01F0928S,01F0950S,31,74,23,01F0928S>01F0950S,20260831,14,74,75.66666666666667
2026-08-31 01:15:00,01F0928S,01F0950S,31,78,30,01F0928S>01F0950S,20260831,15,78,76.0
2026-08-31 01:20:00,01F0928S,01F0950S,31,75,15,01F0928S>01F0950S,20260831,16,75,75.66666666666667
2026-08-31 01:25:00,01F0928S,01F0950S,31,75,31,01F0928S>01F0950S,20260831,17,75,74.33333333333333
2026-08-31 01:30:00,01F0928S,01F0950S,31,76,28,01F0928S>01F0950S,20260831,18,76,74.33333333333333
2026-08-31 01:35:00,01F0928S,01F0950S,31,73,23,01F0928S>01F0950S,20260831,19,73,74.33333333333333
2026-08-31 01:40:00,01F0928S,01F0950S,31,74,27,01F0928S>01F0950S,20260831,20,74,74.0
2026-08-31 01:45:00,01F0928S,01F0950S,31,74,16,01F0928S>01F0950S,20260831,21,74,73.66666666666667
2026-08-31 01:50:00,01F0928S,01F0950S,31,74,18,01F0928S>01F0950S,20260831,22,74,74.66666666666667
2026-08-31 01:55:00,01F0928S,01F0950S,31,73,27,01F0928S>01F0950S,20260831,23,73,75.33333333333333
2026-08-31 02:00:00,01F0928S,01F0950S,31,74,14,01F0928S>01F0950S,20260831,24,74,74.33333333333333
2026-08-31 02:05:00,01F0928S,01F0950S,31,78,25,01F0928S>01F0950S,20260831,25,78,75.66666666666667
2026-08-31 02:10:00,01F0928S,01F0950S,31,79,17,01F0928S>01F0950S,20260831,26,79,76.33333333333333
2026-08-31 02:15:00,01F0928S,01F0950S,31,74,16,01F0928S>01F0950S,20260831,27,74,74.66666666666667
2026-08-31 02:20:00,01F0928S,01F0950S,31,75,14,01F0928S>01F0950S,20260831,28,75,74.33333333333333
2026-08-31 02:25:00,01F0928S,01F0950S,31,76,14,01F0928S>01F0950S,20260831,29,76,76.66666666666667
2026-08-31 02:30:00,01F0928S,01F0950S,31,76,11,01F0928S>01F0950S,20260831,30,76,75.0
2026-08-31 02:35:00,01F0928S,01F0950S,31,80,17,01F0928S>01F0950S,20260831,31,80,75.0
2026-08-31 02:40:00,01F0928S,01F0950S,31,74,13,01F0928S>01F0950S,20260831,32,74,74.0
2026-08-31 02:45:00,01F0928S,01F0950S,31,77,9,01F0928S>01F0950S,20260831,33,77,75.33333333333333
2026-08-31 02:50:00,01F0928S,01F0950S,31,77,9,01F0928S>01F0950S,20260831,34,77,76.66666666666667
2026-08-31 02:55:00,01F0928S,01F0950S,31,76,15,01F0928S>01F0950S,20260831,35,76,75.0
2026-08-31 03:00:00,01F0928S,01F0950S,31,77,11,01F0928S>01F0950S,20260831,36,77,76.0
2026-08-31 03:05:00,01F0928S,01F0950S,31,76,11,01F0928S>01F0950S,20260831,37,76,77.33333333333333
2026-08-31 03:10:00,01F0928S,01F0950S,31,80,8,01F0928S>01F0950S,20260831,38,80,77.33333333333333
2026-08-31 03:15:00,01F0928S,01F0950S,31,75,7,01F0928S>01F0950S,20260831,39,75,78.33333333333333
2026-08-31 03:20:00,01F0928S,01F0950S,31,77,11,01F0928S>01F0950S,20260831,40,77,78.33333333333333
2026-08-31 03:25:00,01F0928S,01F0950S,31,79,13,01F0928S>01F0950S,20260831,41,79,75.0
2026-08-31 03:30:00,01F0928S,01F0950S,31,72,19,01F0928S>01F0950S,20260831,42,72,74.33333333333333
2026-08-31 03:35:00,01F0928S,01F0950S,31,74,9,01F0928S>01F0950S,20260831,43,74,76.33333333333333
2026-08-31 03:40:00,01F0928S,01F0950S,31,82,8,01F0928S>01F0950S,20260831,44,82,79.66666666666667
2026-08-31 03:45:00,01F0928S,01F0950S,31,74,12,01F0928S>01F0950S,20260831,45,74,76.66666666666667
2026-08-31 03:50:00,01F0928S,01F0950S,31,74,14,01F0928S>01F0950S,20260831,46,74,77.0
2026-08-31 03:55:00,01F0928S,01F0950S,31,73,11,01F0928S>01F0950S,20260831,47,73,75.33333333333333
2026-08-31 04:00:00,01F0928S,01F0950S,31,79,11,01F0928S>01F0950S,20260831,48,79,79.33333333333333
2026-08-31 04:05:00,01F0928S,01F0950S,31,75,20,01F0928S>01F0950S,20260831,49,75,76.66666666666667
2026-08-31 04:10:00,01F0928S,01F0950S,31,77,12,01F0928S>01F0950S,20260831,50,77,75.0
2026-08-31 04:15:00,01F0928S,01F0950S,31,78,15,01F0928S>01F0950S,20260831,51,78,77.33333333333333
2026-08-31 04:20:00,01F0928S,01F0950S,31,75,18,01F0928S>01F0950S,20260831,52,75,77.33333333333333
2026-08-31 04:25:00,01F0928S,01F0950S,31,76,23,01F0928S>01F0950S,20260831,53,76,76.0
2026-08-31 04:30:00,01F0928S,01F0950S,31,78,28,01F0928S>01F0950S,20260831,54,78,76.33333333333333
2026-08-31 04:35:00,01F0928S,01F0950S,31,75,13,01F0928S>01F0950S,20260831,55,75,74.66666666666667
2026-08-31 04:40:00,01F0928S,01F0950S,31,76,24,01F0928S>01F0950S,20260831,56,76,75.33333333333333
2026-08-31 04:45:00,01F0928S,01F0950S,31,75,22,01F0928S>01F0950S,20260831,57,75,76.0
2026-08-31 04:50:00,01F0928S,01F0950S,31,77,25,01F0928S>01F0950S,20260831,58,77,77.33333333333333
2026-08-31 04:55:00,01F0928S,01F0950S,31,76,25,01F0928S>01F0950S,20260831,59,76,77.66666666666667
2026-08-31 05:00:00,01F0928S,01F0950S,31,75,32,01F0928S>01F0950S,20260831,60,75,76.66666666666667
2026-08-31 05:05:00,01F0928S,01F0950S,31,77,33,01F0928S>01F0950S,20260831,61,77,77.0
2026-08-31 05:10:00,01F0928S,01F0950S,31,77,27,01F0928S>01F0950S,20260831,62,77,76.33333333333333
2026-08-31 05:15:00,01F0928S,01F0950S,31,77,36,01F0928S>01F0950S,20260831,63,77,77.66666666666667
2026-08-31 05:20:00,01F0928S,01F0950S,31,77,47,01F0928S>01F0950S,20260831,64,77,77.0
2026-08-31 05:25:00,01F0928S,01F0950S,31,74,35,01F0928S>01F0950S,20260831,65,74,76.0
2026-08-31 05:30:00,01F0928S,01F0950S,31,74,35,01F0928S>01F0950S,20260831,66,74,74.33333333333333
2026-08-31 05:35:00,01F0928S,01F0950S,31,75,56,01F0928S>01F0950S,20260831,67,75,75.66666666666667
2026-08-31 05:40:00,01F0928S,01F0950S,31,75,66,01F0928S>01F0950S,20260831,68,75,75.33333333333333
2026-08-31 05:45:00,01F0928S,01F0950S,31,76,63,01F0928S>01F0950S,20260831,69,76,76.0
2026-08-31 05:50:00,01F0928S,01F0950S,31,75,59,01F0928S>01F0950S,20260831,70,75,75.66666666666667
2026-08-31 05:55:00,01F0928S,01F0950S,31,75,52,01F0928S>01F0950S,20260831,71,75,76.0
2026-08-31 06:00:00,01F0928S,01F0950S,31,75,72,01F0928S>01F0950S,20260831,72,75,75.66666666666667
2026-08-31 06:05:00,01F0928S,01F0950S,31,76,101,01F0928S>01F0950S,20260831,73,76,76.66666666666667
2026-08-31 06:10:00,01F0928S,01F0950S,31,76,93,01F0928S>01F0950S,20260831,74,76,75.66666666666667
2026-08-31 06:15:00,01F0928S,01F0950S,31,79,104,01F0928S>01F0950S,20260831,75,79,78.66666666666667
2026-08-31 06:20:00,01F0928S,01F0950S,31,78,116,01F0928S>01F0950S,20260831,76,78,78.33333333333333
2026-08-31 06:25:00,01F0928S,01F0950S,31,79,148,01F0928S>01F0950S,20260831,77,79,79.66666666666667
2026-08-31 06:30:00,01F0928S,01F0950S,31,82,141,01F0928S>01F0950S,20260831,78,82,82.0
2026-08-31 06:35:00,01F0928S,01F0950S,31,82,132,01F0928S>01F0950S,20260831,79,82,83.0
2026-08-31 06:40:00,01F0928S,01F0950S,31,90,144,01F0928S>01F0950S,20260831,80,90,89.33333333333333
2026-08-31 06:45:00,01F0928S,01F0950S,31,90,149,01F0928S>01F0950S,20260831,81,90,91.0
2026-08-31 06:50:00,01F0928S,01F0950S,31,89,172,01F0928S>01F0950S,20260831,82,89,95.0
2026-08-31 06:55:00,01F0928S,01F0950S,31,87,165,01F0928S>01F0950S,20260831,83,87,88.0
2026-08-31 07:00:00,01F0928S,01F0950S,31,90,132,01F0928S>01F0950S,20260831,84,90,88.0
2026-08-31 07:05:00,01F0928S,01F0950S,31,91,131,01F0928S>01F0950S,20260831,85,91,91.0
2026-08-31 07:10:00,01F0928S,01F0950S,31,89,130,01F0928S>01F0950S,20260831,86,89,89.33333333333333
2026-08-31 07:15:00,01F0928S,01F0950S,31,91,134,01F0928S>01F0950S,20260831,87,91,92.33333333333333
2026-08-31 07:20:00,01F0928S,01F0950S,31,94,109,01F0928S>01F0950S,20260831,88,94,94.33333333333333
2026-08-31 07:25:00,01F0928S,01F0950S,31,92,126,01F0928S>01F0950S,20260831,89,92,96.66666666666667
2026-08-31 07:30:00,01F0928S,01F0950S,31,92,131,01F0928S>01F0950S,20260831,90,92,93.0
2026-08-31 07:35:00,01F0928S,01F0950S,31,94,119,01F0928S>01F0950S,20260831,91,94,94.0
2026-08-31 07:40:00,01F0928S,01F0950S,31,90,120,01F0928S>01F0950S,20260831,92,90,93.66666666666667
2026-08-31 07:45:00,01F0928S,01F0950S,31,90,134,01F0928S>01F0950S,20260831,93,90,93.66666666666667
2026-08-31 07:50:00,01F0928S,01F0950S,31,93,108,01F0928S>01F0950S,20260831,94,93,94.33333333333333
2026-08-31 07:55:00,01F0928S,01F0950S,31,88,130,01F0928S>01F0950S,20260831,95,88,88.0
2026-08-31 08:00:00,01F0928S,01F0950S,31,90,115,01F0928S>01F0950S,20260831,96,90,87.66666666666667
2026-08-31 08:05:00,01F0928S,01F0950S,31,88,131,01F0928S>01F0950S,20260831,97,88,87.0
2026-08-31 08:10:00,01F0928S,01F0950S,31,83,110,01F0928S>01F0950S,20260831,98,83,83.33333333333333
2026-08-31 08:15:00,01F0928S,01F0950S,31,79,114,01F0928S>01F0950S,20260831,99,79,83.0
2026-08-31 08:20:00,01F0928S,01F0950S,31,80,119,01F0928S>01F0950S,20260831,100,80,83.66666666666667
2026-08-31 08:25:00,01F0928S,01F0950S,31,81,112,01F0928S>01F0950S,20260831,101,81,82.66666666666667
2026-08-31 08:30:00,01F0928S,01F0950S,31,82,122,01F0928S>01F0950S,20260831,102,82,82.33333333333333
2026-08-31 08:35:00,01F0928S,01F0950S,31,82,105,01F0928S>01F0950S,20260831,103,82,83.66666666666667
2026-08-31 08:40:00,01F0928S,01F0950S,31,80,112,01F0928S>01F0950S,20260831,104,80,83.0
2026-08-31 08:45:00,01F0928S,01F0950S,31,81,111,01F0928S>01F0950S,20260831,105,81,84.33333333333333
2026-08-31 08:50:00,01F0928S,01F0950S,31,82,109,01F0928S>01F0950S,20260831,106,82,83.66666666666667
2026-08-31 08:55:00,01F0928S,01F0950S,31,83,102,01F0928S>01F0950S,20260831,107,83,84.66666666666667
2026-08-31 09:00:00,01F0928S,01F0950S,31,80,115,01F0928S>01F0950S,20260831,108,80,83.66666666666667
2026-08-31 09:05:00,01F0928S,01F0950S,31,86,113,01F0928S>01F0950S,20260831,109,86,88.33333333333333
2026-08-31 09:10:00,01F0928S,01F0950S,31,90,131,01F0928S>01F0950S,20260831,110,90,87.66666666666667
2026-08-31 09:15:00,01F0928S,01F0950S,31,87,132,01F0928S>01F0950S,20260831,111,87,89.0
2026-08-31 09:20:00,01F0928S,01F0950S,31,90,143,01F0928S>01F0950S,20260831,112,90,88.33333333333333
2026-08-31 09:25:00,01F0928S,01F0950S,31,89,125,01F0928S>01F0950S,20260831,113,89,88.0
2026-08-31 09:30:00,01F0928S,01F0950S,31,97,143,01F0928S>01F0950S,20260831,114,97,89.66666666666667
2026-08-31 09:35:00,01F0928S,01F0950S,31,99,149,01F0928S>01F0950S,20260831,115,99,92.0
2026-08-31 09:40:00,01F0928S,01F0950S,31,88,135,01F0928S>01F0950S,20260831,116,88,90.33333333333333
2026-08-31 09:45:00,01F0928S,01F0950S,31,92,124,01F0928S>01F0950S,20260831,117,92,92.33333333333333
2026-08-31 09:50:00,01F0928S,01F0950S,31,91,143,01F0928S>01F0950S,20260831,118,91,89.33333333333333
2026-08-31 09:55:00,01F0928S,01F0950S,31,88,126,01F0928S>01F0950S,20260831,119,88,88.66666666666667
2026-08-31 10:00:00,01F0928S,01F0950S,31,92,154,01F0928S>01F0950S,20260831,120,92,89.33333333333333
2026-08-31 10:05:00,01F0928S,01F0950S,31,86,133,01F0928S>01F0950S,20260831,121,86,85.66666666666667
2026-08-31 10:10:00,01F0928S,01F0950S,31,88,123,01F0928S>01F0950S,20260831,122,88,92.33333333333333
2026-08-31 10:15:00,01F0928S,01F0950S,31,94,127,01F0928S>01F0950S,20260831,123,94,95.66666666666667
2026-08-31 10:20:00,01F0928S,01F0950S,31,90,131,01F0928S>01F0950S,20260831,124,90,94.0
2026-08-31 10:25:00,01F0928S,01F0950S,31,88,121,01F0928S>01F0950S,20260831,125,88,93.66666666666667
2026-08-31 10:30:00,01F0928S,01F0950S,31,90,122,01F0928S>01F0950S,20260831,126,90,93.0
2026-08-31 10:35:00,01F0928S,01F0950S,31,97,133,01F0928S>01F0950S,20260831,127,97,95.0
2026-08-31 10:40:00,01F0928S,01F0950S,31,86,110,01F0928S>01F0950S,20260831,128,86,89.33333333333333
2026-08-31 10:45:00,01F0928S,01F0950S,31,88,118,01F0928S>01F0950S,20260831,129,88,90.33333333333333
2026-08-31 10:50:00,01F0928S,01F0950S,31,84,148,01F0928S>01F0950S,20260831,130,84,87.0
2026-08-31 10:55:00,01F0928S,01F0950S,31,84,142,01F0928S>01F0950S,20260831,131,84,89.33333333333333
2026-08-31 11:00:00,01F0928S,01F0950S,31,86,117,01F0928S>01F0950S,20260831,132,86,89.0
2026-08-31 11:05:00,01F0928S,01F0950S,31,84,109,01F0928S>01F0950S,20260831,133,84,89.0
2026-08-31 11:10:00,01F0928S,01F0950S,31,84,116,01F0928S>01F0950S,20260831,134,84,87.66666666666667
2026-08-31 11:15:00,01F0928S,01F0950S,31,89,141,01F0928S>01F0950S,20260831,135,89,87.66666666666667
2026-08-31 11:20:00,01F0928S,01F0950S,31,84,121,01F0928S>01F0950S,20260831,136,84,86.0
2026-08-31 11:25:00,01F0928S,01F0950S,31,82,122,01F0928S>01F0950S,20260831,137,82,83.66666666666667
2026-08-31 11:30:00,01F0928S,01F0950S,31,82,121,01F0928S>01F0950S,20260831,138,82,85.0
2026-08-31 11:35:00,01F0928S,01F0950S,31,83,119,01F0928S>01F0950S,20260831,139,83,84.33333333333333
2026-08-31 11:40:00,01F0928S,01F0950S,31,82,124,01F0928S>01F0950S,20260831,140,82,84.66666666666667
2026-08-31 11:45:00,01F0928S,01F0950S,31,82,141,01F0928S>01F0950S,20260831,141,82,84.33333333333333
2026-08-31 11:50:00,01F0928S,01F0950S,31,81,139,01F0928S>01F0950S,20260831,142,81,84.0
2026-08-31 11:55:00,01F0928S,01F0950S,31,81,145,01F0928S>01F0950S,20260831,143,81,81.33333333333333
2026-08-31 12:00:00,01F0928S,01F0950S,31,82,119,01F0928S>01F0950S,20260831,144,82,82.66666666666667
2026-08-31 12:05:00,01F0928S,01F0950S,31,80,128,01F0928S>01F0950S,20260831,145,80,82.0
2026-08-31 12:10:00,01F0928S,01F0950S,31,79,123,01F0928S>01F0950S,20260831,146,79,82.66666666666667
2026-08-31 12:15:00,01F0928S,01F0950S,31,80,119,01F0928S>01F0950S,20260831,147,80,83.66666666666667
2026-08-31 12:20:00,01F0928S,01F0950S,31,79,135,01F0928S>01F0950S,20260831,148,79,83.66666666666667
2026-08-31 12:25:00,01F0928S,01F0950S,31,80,135,01F0928S>01F0950S,20260831,149,80,82.66666666666667
2026-08-31 12:30:00,01F0928S,01F0950S,31,80,121,01F0928S>01F0950S,20260831,150,80,82.0
2026-08-31 12:35:00,01F0928S,01F0950S,31,79,129,01F0928S>01F0950S,20260831,151,79,81.0
2026-08-31 12:40:00,01F0928S,01F0950S,31,79,127,01F0928S>01F0950S,20260831,152,79,81.0
2026-08-31 12:45:00,01F0928S,01F0950S,31,81,113,01F0928S>01F0950S,20260831,153,81,81.33333333333333
2026-08-31 12:50:00,01F0928S,01F0950S,31,76,123,01F0928S>01F0950S,20260831,154,76,79.0
2026-08-31 12:55:00,01F0928S,01F0950S,31,81,132,01F0928S>01F0950S,20260831,155,81,84.66666666666667
2026-08-31 13:00:00,01F0928S,01F0950S,31,79,88,01F0928S>01F0950S,20260831,156,79,87.0
2026-08-31 13:05:00,01F0928S,01F0950S,31,78,107,01F0928S>01F0950S,20260831,157,78,78.66666666666667
2026-08-31 13:10:00,01F0928S,01F0950S,31,82,125,01F0928S>01F0950S,20260831,158,82,81.66666666666667
2026-08-31 13:15:00,01F0928S,01F0950S,31,79,119,01F0928S>01F0950S,20260831,159,79,79.33333333333333
2026-08-31 13:20:00,01F0928S,01F0950S,31,81,109,01F0928S>01F0950S,20260831,160,81,80.0
2026-08-31 13:25:00,01F0928S,01F0950S,31,79,128,01F0928S>01F0950S,20260831,161,79,80.66666666666667
2026-08-31 13:30:00,01F0928S,01F0950S,31,80,108,01F0928S>01F0950S,20260831,162,80,80.0
2026-08-31 13:35:00,01F0928S,01F0950S,31,84,121,01F0928S>01F0950S,20260831,163,84,81.33333333333333
2026-08-31 13:40:00,01F0928S,01F0950S,31,80,117,01F0928S>01F0950S,20260831,164,80,82.0
2026-08-31 13:45:00,01F0928S,01F0950S,31,82,129,01F0928S>01F0950S,20260831,165,82,82.0
2026-08-31 13:50:00,01F0928S,01F0950S,31,78,101,01F0928S>01F0950S,20260831,166,78,83.0
2026-08-31 13:55:00,01F0928S,01F0950S,31,81,133,01F0928S>01F0950S,20260831,167,81,84.33333333333333
2026-08-31 14:00:00,01F0928S,01F0950S,31,82,106,01F0928S>01F0950S,20260831,168,82,85.0
2026-08-31 14:05:00,01F0928S,01F0950S,31,78,104,01F0928S>01F0950S,20260831,169,78,84.0
2026-08-31 14:10:00,01F0928S,01F0950S,31,80,134,01F0928S>01F0950S,20260831,170,80,84.66666666666667
2026-08-31 14:15:00,01F0928S,01F0950S,31,80,121,01F0928S>01F0950S,20260831,171,80,87.66666666666667
2026-08-31 14:20:00,01F0928S,01F0950S,31,81,130,01F0928S>01F0950S,20260831,172,81,86.33333333333333
2026-08-31 14:25:00,01F0928S,01F0950S,31,80,121,01F0928S>01F0950S,20260831,173,80,84.66666666666667
2026-08-31 14:30:00,01F0928S,01F0950S,31,81,112,01F0928S>01F0950S,20260831,174,81,85.66666666666667
2026-08-31 14:35:00,01F0928S,01F0950S,31,81,122,01F0928S>01F0950S,20260831,175,81,84.33333333333333
2026-08-31 14:40:00,01F0928S,01F0950S,31,81,128,01F0928S>01F0950S,20260831,176,81,86.33333333333333
2026-08-31 14:45:00,01F0928S,01F0950S,31,80,126,01F0928S>01F0950S,20260831,177,80,85.0
2026-08-31 14:50:00,01F0928S,01F0950S,31,84,148,01F0928S>01F0950S,20260831,178,84,87.66666666666667
2026-08-31 14:55:00,01F0928S,01F0950S,31,79,132,01F0928S>01F0950S,20260831,179,79,84.0
2026-08-31 15:00:00,01F0928S,01F0950S,31,80,122,01F0928S>01F0950S,20260831,180,80,82.0
2026-08-31 15:05:00,01F0928S,01F0950S,31,82,151,01F0928S>01F0950S,20260831,181,82,82.0
2026-08-31 15:10:00,01F0928S,01F0950S,31,82,140,01F0928S>01F0950S,20260831,182,82,82.66666666666667
2026-08-31 15:15:00,01F0928S,01F0950S,31,84,157,01F0928S>01F0950S,20260831,183,84,82.66666666666667
2026-08-31 15:20:00,01F0928S,01F0950S,31,80,141,01F0928S>01F0950S,20260831,184,80,82.33333333333333
2026-08-31 15:25:00,01F0928S,01F0950S,31,81,124,01F0928S>01F0950S,20260831,185,81,82.33333333333333
2026-08-31 15:30:00,01F0928S,01F0950S,31,81,130,01F0928S>01F0950S,20260831,186,81,84.33333333333333
2026-08-31 15:35:00,01F0928S,01F0950S,31,83,141,01F0928S>01F0950S,20260831,187,83,86.33333333333333
2026-08-31 15:40:00,01F0928S,01F0950S,31,85,154,01F0928S>01F0950S,20260831,188,85,86.33333333333333
2026-08-31 15:45:00,01F0928S,01F0950S,31,80,131,01F0928S>01F0950S,20260831,189,80,84.66666666666667
2026-08-31 15:50:00,01F0928S,01F0950S,31,81,144,01F0928S>01F0950S,20260831,190,81,85.0
2026-08-31 15:55:00,01F0928S,01F0950S,31,85,157,01F0928S>01F0950S,20260831,191,85,84.66666666666667
2026-08-31 16:00:00,01F0928S,01F0950S,31,83,155,01F0928S>01F0950S,20260831,192,83,85.0
2026-08-31 16:05:00,01F0928S,01F0950S,31,81,127,01F0928S>01F0950S,20260831,193,81,85.33333333333333
2026-08-31 16:10:00,01F0928S,01F0950S,31,82,157,01F0928S>01F0950S,20260831,194,82,90.33333333333333
2026-08-31 16:15:00,01F0928S,01F0950S,31,84,162,01F0928S>01F0950S,20260831,195,84,92.33333333333333
2026-08-31 16:20:00,01F0928S,01F0950S,31,84,157,01F0928S>01F0950S,20260831,196,84,101.33333333333333
2026-08-31 16:25:00,01F0928S,01F0950S,31,86,147,01F0928S>01F0950S,20260831,197,86,105.0
2026-08-31 16:30:00,01F0928S,01F0950S,31,84,169,01F0928S>01F0950S,20260831,198,84,102.0
2026-08-31 16:35:00,01F0928S,01F0950S,31,85,169,01F0928S>01F0950S,20260831,199,85,99.0
2026-08-31 16:40:00,01F0928S,01F0950S,31,85,155,01F0928S>01F0950S,20260831,200,85,99.0
2026-08-31 16:45:00,01F0928S,01F0950S,31,86,152,01F0928S>01F0950S,20260831,201,86,104.33333333333333
2026-08-31 16:50:00,01F0928S,01F0950S,31,93,177,01F0928S>01F0950S,20260831,202,93,113.66666666666667
2026-08-31 16:55:00,01F0928S,01F0950S,31,93,182,01F0928S>01F0950S,20260831,203,93,129.0
2026-08-31 17:00:00,01F0928S,01F0950S,31,90,171,01F0928S>01F0950S,20260831,204,90,141.66666666666666
2026-08-31 17:05:00,01F0928S,01F0950S,31,91,196,01F0928S>01F0950S,20260831,205,91,162.33333333333334
2026-08-31 17:10:00,01F0928S,01F0950S,31,85,161,01F0928S>01F0950S,20260831,206,85,180.66666666666666
2026-08-31 17:15:00,01F0928S,01F0950S,31,87,169,01F0928S>01F0950S,20260831,207,87,198.66666666666666
2026-08-31 17:20:00,01F0928S,01F0950S,31,85,156,01F0928S>01F0950S,20260831,208,85,189.0
2026-08-31 17:25:00,01F0928S,01F0950S,31,82,154,01F0928S>01F0950S,20260831,209,82,167.33333333333334
2026-08-31 17:30:00,01F0928S,01F0950S,31,82,156,01F0928S>01F0950S,20260831,210,82,150.66666666666666
2026-08-31 17:35:00,01F0928S,01F0950S,31,92,172,01F0928S>01F0950S,20260831,211,92,153.66666666666666
2026-08-31 17:40:00,01F0928S,01F0950S,31,90,181,01F0928S>01F0950S,20260831,212,90,153.66666666666666
2026-08-31 17:45:00,01F0928S,01F0950S,31,89,190,01F0928S>01F0950S,20260831,213,89,149.0
2026-08-31 17:50:00,01F0928S,01F0950S,31,84,163,01F0928S>01F0950S,20260831,214,84,145.66666666666666
2026-08-31 17:55:00,01F0928S,01F0950S,31,86,179,01F0928S>01F0950S,20260831,215,86,141.66666666666666
2026-08-31 18:00:00,01F0928S,01F0950S,31,84,192,01F0928S>01F0950S,20260831,216,84,138.33333333333334
2026-08-31 18:05:00,01F0928S,01F0950S,31,85,163,01F0928S>01F0950S,20260831,217,85,138.33333333333334
2026-08-31 18:10:00,01F0928S,01F0950S,31,86,168,01F0928S>01F0950S,20260831,218,86,131.66666666666666
2026-08-31 18:15:00,01F0928S,01F0950S,31,86,151,01F0928S>01F0950S,20260831,219,86,114.66666666666667
2026-08-31 18:20:00,01F0928S,01F0950S,31,89,167,01F0928S>01F0950S,20260831,220,89,108.66666666666667
2026-08-31 18:25:00,01F0928S,01F0950S,31,88,147,01F0928S>01F0950S,20260831,221,88,93.66666666666667
2026-08-31 18:30:00,01F0928S,01F0950S,31,90,171,01F0928S>01F0950S,20260831,222,90,96.0
2026-08-31 18:35:00,01F0928S,01F0950S,31,86,161,01F0928S>01F0950S,20260831,223,86,92.66666666666667
2026-08-31 18:40:00,01F0928S,01F0950S,31,83,125,01F0928S>01F0950S,20260831,224,83,95.0
2026-08-31 18:45:00,01F0928S,01F0950S,31,87,148,01F0928S>01F0950S,20260831,225,87,92.66666666666667
2026-08-31 18:50:00,01F0928S,01F0950S,31,87,155,01F0928S>01F0950S,20260831,226,87,92.0
2026-08-31 18:55:00,01F0928S,01F0950S,31,83,126,01F0928S>01F0950S,20260831,227,83,90.33333333333333
2026-08-31 19:00:00,01F0928S,01F0950S,31,84,141,01F0928S>01F0950S,20260831,228,84,89.0
2026-08-31 19:05:00,01F0928S,01F0950S,31,81,124,01F0928S>01F0950S,20260831,229,81,87.66666666666667
2026-08-31 19:10:00,01F0928S,01F0950S,31,84,113,01F0928S>01F0950S,20260831,230,84,95.66666666666667
2026-08-31 19:15:00,01F0928S,01F0950S,31,83,157,01F0928S>01F0950S,20260831,231,83,115.66666666666667
2026-08-31 19:20:00,01F0928S,01F0950S,31,80,119,01F0928S>01F0950S,20260831,232,80,103.0
2026-08-31 19:25:00,01F0928S,01F0950S,31,81,137,01F0928S>01F0950S,20260831,233,81,94.33333333333333
2026-08-31 19:30:00,01F0928S,01F0950S,31,79,142,01F0928S>01F0950S,20260831,234,79,85.66666666666667
2026-08-31 19:35:00,01F0928S,01F0950S,31,80,117,01F0928S>01F0950S,20260831,235,80,87.33333333333333
2026-08-31 19:40:00,01F0928S,01F0950S,31,78,129,01F0928S>01F0950S,20260831,236,78,82.66666666666667
2026-08-31 19:45:00,01F0928S,01F0950S,31,82,134,01F0928S>01F0950S,20260831,237,82,82.0
2026-08-31 19:50:00,01F0928S,01F0950S,31,80,135,01F0928S>01F0950S,20260831,238,80,84.66666666666667
2026-08-31 19:55:00,01F0928S,01F0950S,31,81,131,01F0928S>01F0950S,20260831,239,81,86.0
2026-08-31 20:00:00,01F0928S,01F0950S,31,82,134,01F0928S>01F0950S,20260831,240,82,84.0
2026-08-31 20:05:00,01F0928S,01F0950S,31,80,129,01F0928S>01F0950S,20260831,241,80,83.33333333333333
2026-08-31 20:10:00,01F0928S,01F0950S,31,78,122,01F0928S>01F0950S,20260831,242,78,82.0
2026-08-31 20:15:00,01F0928S,01F0950S,31,82,133,01F0928S>01F0950S,20260831,243,82,83.33333333333333
2026-08-31 20:20:00,01F0928S,01F0950S,31,79,119,01F0928S>01F0950S,20260831,244,79,82.33333333333333
2026-08-31 20:25:00,01F0928S,01F0950S,31,82,122,01F0928S>01F0950S,20260831,245,82,85.66666666666667
2026-08-31 20:30:00,01F0928S,01F0950S,31,79,110,01F0928S>01F0950S,20260831,246,79,81.33333333333333
2026-08-31 20:35:00,01F0928S,01F0950S,31,77,101,01F0928S>01F0950S,20260831,247,77,81.66666666666667
2026-08-31 20:40:00,01F0928S,01F0950S,31,78,95,01F0928S>01F0950S,20260831,248,78,80.33333333333333
2026-08-31 20:45:00,01F0928S,01F0950S,31,79,106,01F0928S>01F0950S,20260831,249,79,80.33333333333333
2026-08-31 20:50:00,01F0928S,01F0950S,31,81,105,01F0928S>01F0950S,20260831,250,81,79.33333333333333
2026-08-31 20:55:00,01F0928S,01F0950S,31,80,104,01F0928S>01F0950S,20260831,251,80,85.66666666666667
2026-08-31 21:00:00,01F0928S,01F0950S,31,81,104,01F0928S>01F0950S,20260831,252,81,86.0
2026-08-31 21:05:00,01F0928S,01F0950S,31,79,95,01F0928S>01F0950S,20260831,253,79,85.33333333333333
2026-08-31 21:10:00,01F0928S,01F0950S,31,80,103,01F0928S>01F0950S,20260831,254,80,85.0
2026-08-31 21:15:00,01F0928S,01F0950S,31,80,82,01F0928S>01F0950S,20260831,255,80,83.0
2026-08-31 21:20:00,01F0928S,01F0950S,31,80,119,01F0928S>01F0950S,20260831,256,80,80.66666666666667
2026-08-31 21:25:00,01F0928S,01F0950S,31,79,95,01F0928S>01F0950S,20260831,257,79,80.33333333333333
2026-08-31 21:30:00,01F0928S,01F0950S,31,78,98,01F0928S>01F0950S,20260831,258,78,79.66666666666667
2026-08-31 21:35:00,01F0928S,01F0950S,31,81,94,01F0928S>01F0950S,20260831,259,81,82.0
2026-08-31 21:40:00,01F0928S,01F0950S,31,80,101,01F0928S>01F0950S,20260831,260,80,79.0
2026-08-31 21:45:00,01F0928S,01F0950S,31,79,88,01F0928S>01F0950S,20260831,261,79,79.33333333333333
2026-08-31 21:50:00,01F0928S,01F0950S,31,80,92,01F0928S>01F0950S,20260831,262,80,79.0
2026-08-31 21:55:00,01F0928S,01F0950S,31,78,64,01F0928S>01F0950S,20260831,263,78,79.0
2026-08-31 22:00:00,01F0928S,01F0950S,31,78,77,01F0928S>01F0950S,20260831,264,78,79.66666666666667
2026-08-31 22:05:00,01F0928S,01F0950S,31,78,70,01F0928S>01F0950S,20260831,265,78,78.33333333333333
2026-08-31 22:10:00,01F0928S,01F0950S,31,76,64,01F0928S>01F0950S,20260831,266,76,78.0
2026-08-31 22:15:00,01F0928S,01F0950S,31,78,72,01F0928S>01F0950S,20260831,267,78,79.66666666666667
2026-08-31 22:20:00,01F0928S,01F0950S,31,77,66,01F0928S>01F0950S,20260831,268,77,78.0
2026-08-31 22:25:00,01F0928S,01F0950S,31,77,67,01F0928S>01F0950S,20260831,269,77,78.66666666666667
2026-08-31 22:30:00,01F0928S,01F0950S,31,76,56,01F0928S>01F0950S,20260831,270,76,76.0
2026-08-31 22:35:00,01F0928S,01F0950S,31,76,62,01F0928S>01F0950S,20260831,271,76,76.66666666666667
2026-08-31 22:40:00,01F0928S,01F0950S,31,79,55,01F0928S>01F0950S,20260831,272,79,78.33333333333333
2026-08-31 22:45:00,01F0928S,01F0950S,31,76,65,01F0928S>01F0950S,20260831,273,76,77.0
2026-08-31 22:50:00,01F0928S,01F0950S,31,77,65,01F0928S>01F0950S,20260831,274,77,77.66666666666667
2026-08-31 22:55:00,01F0928S,01F0950S,31,76,52,01F0928S>01F0950S,20260831,275,76,76.33333333333333
2026-08-31 23:00:00,01F0928S,01F0950S,31,76,57,01F0928S>01F0950S,20260831,276,76,76.0
2026-08-31 23:05:00,01F0928S,01F0950S,31,75,43,01F0928S>01F0950S,20260831,277,75,75.66666666666667
2026-08-31 23:10:00,01F0928S,01F0950S,31,77,42,01F0928S>01F0950S,20260831,278,77,76.66666666666667
2026-08-31 23:15:00,01F0928S,01F0950S,31,75,59,01F0928S>01F0950S,20260831,279,75,76.0
2026-08-31 23:20:00,01F0928S,01F0950S,31,74,46,01F0928S>01F0950S,20260831,280,74,75.33333333333333
2026-08-31 23:25:00,01F0928S,01F0950S,31,74,46,01F0928S>01F0950S,20260831,281,74,75.33333333333333
2026-08-31 23:30:00,01F0928S,01F0950S,31,76,42,01F0928S>01F0950S,20260831,282,76,76.0
2026-08-31 23:35:00,01F0928S,01F0950S,31,75,39,01F0928S>01F0950S,20260831,283,75,77.0
2026-08-31 23:40:00,01F0928S,01F0950S,31,76,56,01F0928S>01F0950S,20260831,284,76,76.0
2026-08-31 23:45:00,01F0928S,01F0950S,31,77,37,01F0928S>01F0950S,20260831,285,77,77.0
2026-08-31 23:50:00,01F0928S,01F0950S,31,75,40,01F0928S>01F0950S,20260831,286,75,75.33333333333333
2026-08-31 23:55:00,01F0928S,01F0950S,31,76,36,01F0928S>01F0950S,20260831,287,76,75.0
2026-09-01 00:00:00,01F0928S,01F0950S,31,76,36,01F0928S>01F0950S,20260901,0,76,75.66666666666667
2026-09-01 00:05:00,01F0928S,01F0950S,31,75,40,01F0928S>01F0950S,20260901,1,75,75.0
2026-09-01 00:10:00,01F0928S,01F0950S,31,76,33,01F0928S>01F0950S,20260901,2,76,75.33333333333333
2026-09-01 00:15:00,01F0928S,01F0950S,31,74,30,01F0928S>01F0950S,20260901,3,74,76.0
2026-09-01 00:20:00,01F0928S,01F0950S,31,77,29,01F0928S>01F0950S,20260901,4,77,75.0
2026-09-01 00:25:00,01F0928S,01F0950S,31,74,48,01F0928S>01F0950S,20260901,5,74,74.66666666666667
2026-09-01 00:30:00,01F0928S,01F0950S,31,76,43,01F0928S>01F0950S,20260901,6,76,75.66666666666667
2026-09-01 00:35:00,01F0928S,01F0950S,31,74,37,01F0928S>01F0950S,20260901,7,74,76.33333333333333
2026-09-01 00:40:00,01F0928S,01F0950S,31,74,33,01F0928S>01F0950S,20260901,8,74,75.0
2026-09-01 00:45:00,01F0928S,01F0950S,31,74,36,01F0928S>01F0950S,20260901,9,74,75.33333333333333
2026-09-01 00:50:00,01F0928S,01F0950S,31,76,37,01F0928S>01F0950S,20260901,10,76,73.66666666666667
2026-09-01 00:55:00,01F0928S,01F0950S,31,74,34,01F0928S>01F0950S,20260901,11,74,76.66666666666667
2026-09-01 01:00:00,01F0928S,01F0950S,31,75,26,01F0928S>01F0950S,20260901,12,75,75.0
2026-09-01 01:05:00,01F0928S,01F0950S,31,75,36,01F0928S>01F0950S,20260901,13,75,74.33333333333333
2026-09-01 01:10:00,01F0928S,01F0950S,31,73,20,01F0928S>01F0950S,20260901,14,73,75.66666666666667
2026-09-01 01:15:00,01F0928S,01F0950S,31,77,24,01F0928S>01F0950S,20260901,15,77,76.0
2026-09-01 01:20:00,01F0928S,01F0950S,31,76,28,01F0928S>01F0950S,20260901,16,76,75.66666666666667
2026-09-01 01:25:00,01F0928S,01F0950S,31,77,22,01F0928S>01F0950S,20260901,17,77,74.33333333333333
2026-09-01 01:30:00,01F0928S,01F0950S,31,75,19,01F0928S>01F0950S,20260901,18,75,74.33333333333333
2026-09-01 01:35:00,01F0928S,01F0950S,31,74,32,01F0928S>01F0950S,20260901,19,74,74.33333333333333
2026-09-01 01:40:00,01F0928S,01F0950S,31,76,22,01F0928S>01F0950S,20260901,20,76,74.0
2026-09-01 01:45:00,01F0928S,01F0950S,31,77,19,01F0928S>01F0950S,20260901,21,77,73.66666666666667
2026-09-01 01:50:00,01F0928S,01F0950S,31,74,18,01F0928S>01F0950S,20260901,22,74,74.66666666666667
2026-09-01 01:55:00,01F0928S,01F0950S,31,73,14,01F0928S>01F0950S,20260901,23,73,75.33333333333333
2026-09-01 02:00:00,01F0928S,01F0950S,31,75,10,01F0928S>01F0950S,20260901,24,75,74.33333333333333
2026-09-01 02:05:00,01F0928S,01F0950S,31,77,19,01F0928S>01F0950S,20260901,25,77,75.66666666666667
2026-09-01 02:10:00,01F0928S,01F0950S,31,74,18,01F0928S>01F0950S,20260901,26,74,76.33333333333333
2026-09-01 02:15:00,01F0928S,01F0950S,31,74,21,01F0928S>01F0950S,20260901,27,74,74.66666666666667
2026-09-01 02:20:00,01F0928S,01F0950S,31,76,18,01F0928S>01F0950S,20260901,28,76,74.33333333333333
2026-09-01 02:25:00,01F0928S,01F0950S,31,75,7,01F0928S>01F0950S,20260901,29,75,76.66666666666667
2026-09-01 02:30:00,01F0928S,01F0950S,31,77,10,01F0928S>01F0950S,20260901,30,77,75.0
2026-09-01 02:35:00,01F0928S,01F0950S,31,80,5,01F0928S>01F0950S,20260901,31,80,75.0
2026-09-01 02:40:00,01F0928S,01F0950S,31,74,10,01F0928S>01F0950S,20260901,32,74,74.0
2026-09-01 02:45:00,01F0928S,01F0950S,31,75,7,01F0928S>01F0950S,20260901,33,75,75.33333333333333
2026-09-01 02:50:00,01F0928S,01F0950S,31,74,9,01F0928S>01F0950S,20260901,34,74,76.66666666666667
2026-09-01 02:55:00,01F0928S,01F0950S,31,73,12,01F0928S>01F0950S,20260901,35,73,75.0
2026-09-01 03:00:00,01F0928S,01F0950S,31,74,10,01F0928S>01F0950S,20260901,36,74,76.0
2026-09-01 03:05:00,01F0928S,01F0950S,31,78,12,01F0928S>01F0950S,20260901,37,78,77.33333333333333
2026-09-01 03:10:00,01F0928S,01F0950S,31,72,13,01F0928S>01F0950S,20260901,38,72,77.33333333333333
2026-09-01 03:15:00,01F0928S,01F0950S,31,76,6,01F0928S>01F0950S,20260901,39,76,78.33333333333333
2026-09-01 03:20:00,01F0928S,01F0950S,31,76,8,01F0928S>01F0950S,20260901,40,76,78.33333333333333
2026-09-01 03:25:00,01F0928S,01F0950S,31,77,12,01F0928S>01F0950S,20260901,41,77,75.0
2026-09-01 03:30:00,01F0928S,01F0950S,31,74,12,01F0928S>01F0950S,20260901,42,74,74.33333333333333
2026-09-01 03:35:00,01F0928S,01F0950S,31,71,14,01F0928S>01F0950S,20260901,43,71,76.33333333333333
2026-09-01 03:40:00,01F0928S,01F0950S,31,76,8,01F0928S>01F0950S,20260901,44,76,79.66666666666667
2026-09-01 03:45:00,01F0928S,01F0950S,31,76,8,01F0928S>01F0950S,20260901,45,76,76.66666666666667
2026-09-01 03:50:00,01F0928S,01F0950S,31,77,11,01F0928S>01F0950S,20260901,46,77,77.0
2026-09-01 03:55:00,01F0928S,01F0950S,31,76,11,01F0928S>01F0950S,20260901,47,76,75.33333333333333
2026-09-01 04:00:00,01F0928S,01F0950S,31,77,11,01F0928S>01F0950S,20260901,48,77,79.33333333333333
2026-09-01 04:05:00,01F0928S,01F0950S,31,73,12,01F0928S>01F0950S,20260901,49,73,76.66666666666667
2026-09-01 04:10:00,01F0928S,01F0950S,31,75,11,01F0928S>01F0950S,20260901,50,75,75.0
2026-09-01 04:15:00,01F0928S,01F0950S,31,80,9,01F0928S>01F0950S,20260901,51,80,77.33333333333333
2026-09-01 04:20:00,01F0928S,01F0950S,31,73,14,01F0928S>01F0950S,20260901,52,73,77.33333333333333
2026-09-01 04:25:00,01F0928S,01F0950S,31,73,13,01F0928S>01F0950S,20260901,53,73,76.0
2026-09-01 04:30:00,01F0928S,01F0950S,31,81,11,01F0928S>01F0950S,20260901,54,81,76.33333333333333
2026-09-01 04:35:00,01F0928S,01F0950S,31,72,15,01F0928S>01F0950S,20260901,55,72,74.66666666666667
2026-09-01 04:40:00,01F0928S,01F0950S,31,75,14,01F0928S>01F0950S,20260901,56,75,75.33333333333333
2026-09-01 04:45:00,01F0928S,01F0950S,31,77,17,01F0928S>01F0950S,20260901,57,77,76.0
2026-09-01 04:50:00,01F0928S,01F0950S,31,75,29,01F0928S>01F0950S,20260901,58,75,77.33333333333333
2026-09-01 04:55:00,01F0928S,01F0950S,31,77,6,01F0928S>01F0950S,20260901,59,77,77.66666666666667
2026-09-01 05:00:00,01F0928S,01F0950S,31,76,14,01F0928S>01F0950S,20260901,60,76,76.66666666666667
2026-09-01 05:05:00,01F0928S,01F0950S,31,74,23,01F0928S>01F0950S,20260901,61,74,77.0
2026-09-01 05:10:00,01F0928S,01F0950S,31,75,31,01F0928S>01F0950S,20260901,62,75,76.33333333333333
2026-09-01 05:15:00,01F0928S,01F0950S,31,74,20,01F0928S>01F0950S,20260901,63,74,77.66666666666667
2026-09-01 05:20:00,01F0928S,01F0950S,31,76,29,01F0928S>01F0950S,20260901,64,76,77.0
2026-09-01 05:25:00,01F0928S,01F0950S,31,77,22,01F0928S>01F0950S,20260901,65,77,76.0
2026-09-01 05:30:00,01F0928S,01F0950S,31,76,45,01F0928S>01F0950S,20260901,66,76,74.33333333333333
2026-09-01 05:35:00,01F0928S,01F0950S,31,73,27,01F0928S>01F0950S,20260901,67,73,75.66666666666667
2026-09-01 05:40:00,01F0928S,01F0950S,31,74,50,01F0928S>01F0950S,20260901,68,74,75.33333333333333
2026-09-01 05:45:00,01F0928S,01F0950S,31,74,40,01F0928S>01F0950S,20260901,69,74,76.0
2026-09-01 05:50:00,01F0928S,01F0950S,31,75,50,01F0928S>01F0950S,20260901,70,75,75.66666666666667
2026-09-01 05:55:00,01F0928S,01F0950S,31,75,47,01F0928S>01F0950S,20260901,71,75,76.0
2026-09-01 06:00:00,01F0928S,01F0950S,31,75,73,01F0928S>01F0950S,20260901,72,75,75.66666666666667
2026-09-01 06:05:00,01F0928S,01F0950S,31,76,61,01F0928S>01F0950S,20260901,73,76,76.66666666666667
2026-09-01 06:10:00,01F0928S,01F0950S,31,75,71,01F0928S>01F0950S,20260901,74,75,75.66666666666667
2026-09-01 06:15:00,01F0928S,01F0950S,31,78,87,01F0928S>01F0950S,20260901,75,78,78.66666666666667
2026-09-01 06:20:00,01F0928S,01F0950S,31,79,104,01F0928S>01F0950S,20260901,76,79,78.33333333333333
2026-09-01 06:25:00,01F0928S,01F0950S,31,78,103,01F0928S>01F0950S,20260901,77,78,79.66666666666667
2026-09-01 06:30:00,01F0928S,01F0950S,31,79,104,01F0928S>01F0950S,20260901,78,79,82.0
2026-09-01 06:35:00,01F0928S,01F0950S,31,82,119,01F0928S>01F0950S,20260901,79,82,83.0
2026-09-01 06:40:00,01F0928S,01F0950S,31,84,123,01F0928S>01F0950S,20260901,80,84,89.33333333333333
2026-09-01 06:45:00,01F0928S,01F0950S,31,87,124,01F0928S>01F0950S,20260901,81,87,91.0
2026-09-01 06:50:00,01F0928S,01F0950S,31,85,136,01F0928S>01F0950S,20260901,82,85,95.0
2026-09-01 06:55:00,01F0928S,01F0950S,31,85,132,01F0928S>01F0950S,20260901,83,85,88.0
2026-09-01 07:00:00,01F0928S,01F0950S,31,84,133,01F0928S>01F0950S,20260901,84,84,88.0
2026-09-01 07:05:00,01F0928S,01F0950S,31,83,119,01F0928S>01F0950S,20260901,85,83,91.0
2026-09-01 07:10:00,01F0928S,01F0950S,31,86,107,01F0928S>01F0950S,20260901,86,86,89.33333333333333
2026-09-01 07:15:00,01F0928S,01F0950S,31,94,112,01F0928S>01F0950S,20260901,87,94,92.33333333333333
2026-09-01 07:20:00,01F0928S,01F0950S,31,94,114,01F0928S>01F0950S,20260901,88,94,94.33333333333333
2026-09-01 07:25:00,01F0928S,01F0950S,31,93,134,01F0928S>01F0950S,20260901,89,93,96.66666666666667
2026-09-01 07:30:00,01F0928S,01F0950S,31,90,105,01F0928S>01F0950S,20260901,90,90,93.0
2026-09-01 07:35:00,01F0928S,01F0950S,31,91,124,01F0928S>01F0950S,20260901,91,91,94.0
2026-09-01 07:40:00,01F0928S,01F0950S,31,91,122,01F0928S>01F0950S,20260901,92,91,93.66666666666667
2026-09-01 07:45:00,01F0928S,01F0950S,31,88,117,01F0928S>01F0950S,20260901,93,88,93.66666666666667
2026-09-01 07:50:00,01F0928S,01F0950S,31,90,122,01F0928S>01F0950S,20260901,94,90,94.33333333333333
2026-09-01 07:55:00,01F0928S,01F0950S,31,88,125,01F0928S>01F0950S,20260901,95,88,88.0
2026-09-01 08:00:00,01F0928S,01F0950S,31,93,109,01F0928S>01F0950S,20260901,96,93,87.66666666666667
2026-09-01 08:05:00,01F0928S,01F0950S,31,93,133,01F0928S>01F0950S,20260901,97,93,87.0
2026-09-01 08:10:00,01F0928S,01F0950S,31,89,132,01F0928S>01F0950S,20260901,98,89,83.33333333333333
2026-09-01 08:15:00,01F0928S,01F0950S,31,89,127,01F0928S>01F0950S,20260901,99,89,83.0
2026-09-01 08:20:00,01F0928S,01F0950S,31,87,106,01F0928S>01F0950S,20260901,100,87,83.66666666666667
2026-09-01 08:25:00,01F0928S,01F0950S,31,88,126,01F0928S>01F0950S,20260901,101,88,82.66666666666667
2026-09-01 08:30:00,01F0928S,01F0950S,31,88,123,01F0928S>01F0950S,20260901,102,88,82.33333333333333
2026-09-01 08:35:00,01F0928S,01F0950S,31,88,129,01F0928S>01F0950S,20260901,103,88,83.66666666666667
2026-09-01 08:40:00,01F0928S,01F0950S,31,92,111,01F0928S>01F0950S,20260901,104,92,83.0
2026-09-01 08:45:00,01F0928S,01F0950S,31,87,117,01F0928S>01F0950S,20260901,105,87,84.33333333333333
2026-09-01 08:50:00,01F0928S,01F0950S,31,83,99,01F0928S>01F0950S,20260901,106,83,83.66666666666667
2026-09-01 08:55:00,01F0928S,01F0950S,31,89,132,01F0928S>01F0950S,20260901,107,89,84.66666666666667
2026-09-01 09:00:00,01F0928S,01F0950S,31,85,104,01F0928S>01F0950S,20260901,108,85,83.66666666666667
2026-09-01 09:05:00,01F0928S,01F0950S,31,93,120,01F0928S>01F0950S,20260901,109,93,88.33333333333333
2026-09-01 09:10:00,01F0928S,01F0950S,31,93,124,01F0928S>01F0950S,20260901,110,93,87.66666666666667
2026-09-01 09:15:00,01F0928S,01F0950S,31,101,115,01F0928S>01F0950S,20260901,111,101,89.0
2026-09-01 09:20:00,01F0928S,01F0950S,31,105,106,01F0928S>01F0950S,20260901,112,105,88.33333333333333
2026-09-01 09:25:00,01F0928S,01F0950S,31,102,139,01F0928S>01F0950S,20260901,113,102,88.0
2026-09-01 09:30:00,01F0928S,01F0950S,31,107,155,01F0928S>01F0950S,20260901,114,107,89.66666666666667
2026-09-01 09:35:00,01F0928S,01F0950S,31,96,142,01F0928S>01F0950S,20260901,115,96,92.0
2026-09-01 09:40:00,01F0928S,01F0950S,31,90,123,01F0928S>01F0950S,20260901,116,90,90.33333333333333
2026-09-01 09:45:00,01F0928S,01F0950S,31,87,134,01F0928S>01F0950S,20260901,117,87,92.33333333333333
2026-09-01 09:50:00,01F0928S,01F0950S,31,87,122,01F0928S>01F0950S,20260901,118,87,89.33333333333333
2026-09-01 09:55:00,01F0928S,01F0950S,31,81,115,01F0928S>01F0950S,20260901,119,81,88.66666666666667
2026-09-01 10:00:00,01F0928S,01F0950S,31,82,115,01F0928S>01F0950S,20260901,120,82,89.33333333333333
2026-09-01 10:05:00,01F0928S,01F0950S,31,87,133,01F0928S>01F0950S,20260901,121,87,85.66666666666667
2026-09-01 10:10:00,01F0928S,01F0950S,31,87,123,01F0928S>01F0950S,20260901,122,87,92.33333333333333
2026-09-01 10:15:00,01F0928S,01F0950S,31,86,122,01F0928S>01F0950S,20260901,123,86,95.66666666666667
2026-09-01 10:20:00,01F0928S,01F0950S,31,97,136,01F0928S>01F0950S,20260901,124,97,94.0
2026-09-01 10:25:00,01F0928S,01F0950S,31,86,122,01F0928S>01F0950S,20260901,125,86,93.66666666666667
2026-09-01 10:30:00,01F0928S,01F0950S,31,82,113,01F0928S>01F0950S,20260901,126,82,93.0
2026-09-01 10:35:00,01F0928S,01F0950S,31,81,127,01F0928S>01F0950S,20260901,127,81,95.0
2026-09-01 10:40:00,01F0928S,01F0950S,31,80,108,01F0928S>01F0950S,20260901,128,80,89.33333333333333
2026-09-01 10:45:00,01F0928S,01F0950S,31,81,125,01F0928S>01F0950S,20260901,129,81,90.33333333333333
2026-09-01 10:50:00,01F0928S,01F0950S,31,83,130,01F0928S>01F0950S,20260901,130,83,87.0
2026-09-01 10:55:00,01F0928S,01F0950S,31,82,109,01F0928S>01F0950S,20260901,131,82,89.33333333333333
2026-09-01 11:00:00,01F0928S,01F0950S,31,80,114,01F0928S>01F0950S,20260901,132,80,89.0
2026-09-01 11:05:00,01F0928S,01F0950S,31,78,91,01F0928S>01F0950S,20260901,133,78,89.0
2026-09-01 11:10:00,01F0928S,01F0950S,31,80,101,01F0928S>01F0950S,20260901,134,80,87.66666666666667
2026-09-01 11:15:00,01F0928S,01F0950S,31,79,124,01F0928S>01F0950S,20260901,135,79,87.66666666666667
2026-09-01 11:20:00,01F0928S,01F0950S,31,79,93,01F0928S>01F0950S,20260901,136,79,86.0
2026-09-01 11:25:00,01F0928S,01F0950S,31,81,127,01F0928S>01F0950S,20260901,137,81,83.66666666666667
2026-09-01 11:30:00,01F0928S,01F0950S,31,80,122,01F0928S>01F0950S,20260901,138,80,85.0
2026-09-01 11:35:00,01F0928S,01F0950S,31,81,122,01F0928S>01F0950S,20260901,139,81,84.33333333333333
2026-09-01 11:40:00,01F0928S,01F0950S,31,81,129,01F0928S>01F0950S,20260901,140,81,84.66666666666667
2026-09-01 11:45:00,01F0928S,01F0950S,31,82,114,01F0928S>01F0950S,20260901,141,82,84.33333333333333
2026-09-01 11:50:00,01F0928S,01F0950S,31,84,117,01F0928S>01F0950S,20260901,142,84,84.0
2026-09-01 11:55:00,01F0928S,01F0950S,31,83,81,01F0928S>01F0950S,20260901,143,83,81.33333333333333
2026-09-01 12:00:00,01F0928S,01F0950S,31,82,101,01F0928S>01F0950S,20260901,144,82,82.66666666666667
2026-09-01 12:05:00,01F0928S,01F0950S,31,82,118,01F0928S>01F0950S,20260901,145,82,82.0
2026-09-01 12:10:00,01F0928S,01F0950S,31,80,92,01F0928S>01F0950S,20260901,146,80,82.66666666666667
2026-09-01 12:15:00,01F0928S,01F0950S,31,78,98,01F0928S>01F0950S,20260901,147,78,83.66666666666667
2026-09-01 12:20:00,01F0928S,01F0950S,31,78,99,01F0928S>01F0950S,20260901,148,78,83.66666666666667
2026-09-01 12:25:00,01F0928S,01F0950S,31,81,125,01F0928S>01F0950S,20260901,149,81,82.66666666666667
2026-09-01 12:30:00,01F0928S,01F0950S,31,82,116,01F0928S>01F0950S,20260901,150,82,82.0
2026-09-01 12:35:00,01F0928S,01F0950S,31,84,85,01F0928S>01F0950S,20260901,151,84,81.0
2026-09-01 12:40:00,01F0928S,01F0950S,31,85,113,01F0928S>01F0950S,20260901,152,85,81.0
2026-09-01 12:45:00,01F0928S,01F0950S,31,82,99,01F0928S>01F0950S,20260901,153,82,81.33333333333333
2026-09-01 12:50:00,01F0928S,01F0950S,31,85,112,01F0928S>01F0950S,20260901,154,85,79.0
2026-09-01 12:55:00,01F0928S,01F0950S,31,82,109,01F0928S>01F0950S,20260901,155,82,84.66666666666667
2026-09-01 13:00:00,01F0928S,01F0950S,31,82,121,01F0928S>01F0950S,20260901,156,82,87.0
2026-09-01 13:05:00,01F0928S,01F0950S,31,83,118,01F0928S>01F0950S,20260901,157,83,78.66666666666667
2026-09-01 13:10:00,01F0928S,01F0950S,31,80,115,01F0928S>01F0950S,20260901,158,80,81.66666666666667
2026-09-01 13:15:00,01F0928S,01F0950S,31,81,95,01F0928S>01F0950S,20260901,159,81,79.33333333333333
2026-09-01 13:20:00,01F0928S,01F0950S,31,82,113,01F0928S>01F0950S,20260901,160,82,80.0
2026-09-01 13:25:00,01F0928S,01F0950S,31,85,105,01F0928S>01F0950S,20260901,161,85,80.66666666666667
2026-09-01 13:30:00,01F0928S,01F0950S,31,86,99,01F0928S>01F0950S,20260901,162,86,80.0
2026-09-01 13:35:00,01F0928S,01F0950S,31,84,95,01F0928S>01F0950S,20260901,163,84,81.33333333333333
2026-09-01 13:40:00,01F0928S,01F0950S,31,81,111,01F0928S>01F0950S,20260901,164,81,82.0
2026-09-01 13:45:00,01F0928S,01F0950S,31,81,97,01F0928S>01F0950S,20260901,165,81,82.0
2026-09-01 13:50:00,01F0928S,01F0950S,31,82,94,01F0928S>01F0950S,20260901,166,82,83.0
2026-09-01 13:55:00,01F0928S,01F0950S,31,83,82,01F0928S>01F0950S,20260901,167,83,84.33333333333333
2026-09-01 14:00:00,01F0928S,01F0950S,31,83,93,01F0928S>01F0950S,20260901,168,83,85.0
2026-09-01 14:05:00,01F0928S,01F0950S,31,83,86,01F0928S>01F0950S,20260901,169,83,84.0
2026-09-01 14:10:00,01F0928S,01F0950S,31,88,104,01F0928S>01F0950S,20260901,170,88,84.66666666666667
2026-09-01 14:15:00,01F0928S,01F0950S,31,90,76,01F0928S>01F0950S,20260901,171,90,87.66666666666667
2026-09-01 14:20:00,01F0928S,01F0950S,31,87,80,01F0928S>01F0950S,20260901,172,87,86.33333333333333
2026-09-01 14:25:00,01F0928S,01F0950S,31,89,86,01F0928S>01F0950S,20260901,173,89,84.66666666666667
2026-09-01 14:30:00,01F0928S,01F0950S,31,113,92,01F0928S>01F0950S,20260901,174,113,85.66666666666667
2026-09-01 14:35:00,01F0928S,01F0950S,31,100,110,01F0928S>01F0950S,20260901,175,100,84.33333333333333
2026-09-01 14:40:00,01F0928S,01F0950S,31,98,102,01F0928S>01F0950S,20260901,176,98,86.33333333333333
2026-09-01 14:45:00,01F0928S,01F0950S,31,101,110,01F0928S>01F0950S,20260901,177,101,85.0
2026-09-01 14:50:00,01F0928S,01F0950S,31,96,118,01F0928S>01F0950S,20260901,178,96,87.66666666666667
2026-09-01 14:55:00,01F0928S,01F0950S,31,96,110,01F0928S>01F0950S,20260901,179,96,84.0
2026-09-01 15:00:00,01F0928S,01F0950S,31,98,103,01F0928S>01F0950S,20260901,180,98,82.0
2026-09-01 15:05:00,01F0928S,01F0950S,31,99,117,01F0928S>01F0950S,20260901,181,99,82.0
2026-09-01 15:10:00,01F0928S,01F0950S,31,98,111,01F0928S>01F0950S,20260901,182,98,82.66666666666667
2026-09-01 15:15:00,01F0928S,01F0950S,31,103,119,01F0928S>01F0950S,20260901,183,103,82.66666666666667
2026-09-01 15:20:00,01F0928S,01F0950S,31,99,130,01F0928S>01F0950S,20260901,184,99,82.33333333333333
2026-09-01 15:25:00,01F0928S,01F0950S,31,104,129,01F0928S>01F0950S,20260901,185,104,82.33333333333333
2026-09-01 15:30:00,01F0928S,01F0950S,31,98,128,01F0928S>01F0950S,20260901,186,98,84.33333333333333
2026-09-01 15:35:00,01F0928S,01F0950S,31,98,124,01F0928S>01F0950S,20260901,187,98,86.33333333333333
2026-09-01 15:40:00,01F0928S,01F0950S,31,99,123,01F0928S>01F0950S,20260901,188,99,86.33333333333333
2026-09-01 15:45:00,01F0928S,01F0950S,31,93,122,01F0928S>01F0950S,20260901,189,93,84.66666666666667
2026-09-01 15:50:00,01F0928S,01F0950S,31,93,135,01F0928S>01F0950S,20260901,190,93,85.0
2026-09-01 15:55:00,01F0928S,01F0950S,31,93,113,01F0928S>01F0950S,20260901,191,93,84.66666666666667
2026-09-01 16:00:00,01F0928S,01F0950S,31,92,137,01F0928S>01F0950S,20260901,192,92,85.0
2026-09-01 16:05:00,01F0928S,01F0950S,31,92,139,01F0928S>01F0950S,20260901,193,92,85.33333333333333
2026-09-01 16:10:00,01F0928S,01F0950S,31,95,147,01F0928S>01F0950S,20260901,194,95,90.33333333333333
2026-09-01 16:15:00,01F0928S,01F0950S,31,96,153,01F0928S>01F0950S,20260901,195,96,92.33333333333333
2026-09-01 16:20:00,01F0928S,01F0950S,31,93,173,01F0928S>01F0950S,20260901,196,93,101.33333333333333
2026-09-01 16:25:00,01F0928S,01F0950S,31,88,141,01F0928S>01F0950S,20260901,197,88,105.0
2026-09-01 16:30:00,01F0928S,01F0950S,31,93,117,01F0928S>01F0950S,20260901,198,93,102.0
2026-09-01 16:35:00,01F0928S,01F0950S,31,98,169,01F0928S>01F0950S,20260901,199,98,99.0
2026-09-01 16:40:00,01F0928S,01F0950S,31,95,163,01F0928S>01F0950S,20260901,200,95,99.0
2026-09-01 16:45:00,01F0928S,01F0950S,31,92,129,01F0928S>01F0950S,20260901,201,92,104.33333333333333
2026-09-01 16:50:00,01F0928S,01F0950S,31,94,181,01F0928S>01F0950S,20260901,202,94,113.66666666666667
2026-09-01 16:55:00,01F0928S,01F0950S,31,94,153,01F0928S>01F0950S,20260901,203,94,129.0
2026-09-01 17:00:00,01F0928S,01F0950S,31,96,153,01F0928S>01F0950S,20260901,204,96,141.66666666666666
2026-09-01 17:05:00,01F0928S,01F0950S,31,102,119,01F0928S>01F0950S,20260901,205,102,162.33333333333334
2026-09-01 17:10:00,01F0928S,01F0950S,31,105,136,01F0928S>01F0950S,20260901,206,105,180.66666666666666
2026-09-01 17:15:00,01F0928S,01F0950S,31,103,149,01F0928S>01F0950S,20260901,207,103,198.66666666666666
2026-09-01 17:20:00,01F0928S,01F0950S,31,107,200,01F0928S>01F0950S,20260901,208,107,189.0
2026-09-01 17:25:00,01F0928S,01F0950S,31,101,157,01F0928S>01F0950S,20260901,209,101,167.33333333333334
2026-09-01 17:30:00,01F0928S,01F0950S,31,103,144,01F0928S>01F0950S,20260901,210,103,150.66666666666666
2026-09-01 17:35:00,01F0928S,01F0950S,31,100,158,01F0928S>01F0950S,20260901,211,100,153.66666666666666
2026-09-01 17:40:00,01F0928S,01F0950S,31,86,156,01F0928S>01F0950S,20260901,212,86,153.66666666666666
2026-09-01 17:45:00,01F0928S,01F0950S,31,87,148,01F0928S>01F0950S,20260901,213,87,149.0
2026-09-01 17:50:00,01F0928S,01F0950S,31,91,154,01F0928S>01F0950S,20260901,214,91,145.66666666666666
2026-09-01 17:55:00,01F0928S,01F0950S,31,91,157,01F0928S>01F0950S,20260901,215,91,141.66666666666666
2026-09-01 18:00:00,01F0928S,01F0950S,31,87,144,01F0928S>01F0950S,20260901,216,87,138.33333333333334
2026-09-01 18:05:00,01F0928S,01F0950S,31,88,134,01F0928S>01F0950S,20260901,217,88,138.33333333333334
2026-09-01 18:10:00,01F0928S,01F0950S,31,87,165,01F0928S>01F0950S,20260901,218,87,131.66666666666666
2026-09-01 18:15:00,01F0928S,01F0950S,31,92,164,01F0928S>01F0950S,20260901,219,92,114.66666666666667
2026-09-01 18:20:00,01F0928S,01F0950S,31,92,148,01F0928S>01F0950S,20260901,220,92,108.66666666666667
2026-09-01 18:25:00,01F0928S,01F0950S,31,88,130,01F0928S>01F0950S,20260901,221,88,93.66666666666667
2026-09-01 18:30:00,01F0928S,01F0950S,31,92,153,01F0928S>01F0950S,20260901,222,92,96.0
2026-09-01 18:35:00,01F0928S,01F0950S,31,94,159,01F0928S>01F0950S,20260901,223,94,92.66666666666667
2026-09-01 18:40:00,01F0928S,01F0950S,31,92,156,01F0928S>01F0950S,20260901,224,92,95.0
2026-09-01 18:45:00,01F0928S,01F0950S,31,86,146,01F0928S>01F0950S,20260901,225,86,92.66666666666667
2026-09-01 18:50:00,01F0928S,01F0950S,31,82,106,01F0928S>01F0950S,20260901,226,82,92.0
2026-09-01 18:55:00,01F0928S,01F0950S,31,84,144,01F0928S>01F0950S,20260901,227,84,90.33333333333333
2026-09-01 19:00:00,01F0928S,01F0950S,31,79,104,01F0928S>01F0950S,20260901,228,79,89.0
2026-09-01 19:05:00,01F0928S,01F0950S,31,84,108,01F0928S>01F0950S,20260901,229,84,87.66666666666667
2026-09-01 19:10:00,01F0928S,01F0950S,31,88,135,01F0928S>01F0950S,20260901,230,88,95.66666666666667
2026-09-01 19:15:00,01F0928S,01F0950S,31,83,139,01F0928S>01F0950S,20260901,231,83,115.66666666666667
2026-09-01 19:20:00,01F0928S,01F0950S,31,84,131,01F0928S>01F0950S,20260901,232,84,103.0
2026-09-01 19:25:00,01F0928S,01F0950S,31,83,125,01F0928S>01F0950S,20260901,233,83,94.33333333333333
2026-09-01 19:30:00,01F0928S,01F0950S,31,83,121,01F0928S>01F0950S,20260901,234,83,85.66666666666667
2026-09-01 19:35:00,01F0928S,01F0950S,31,82,115,01F0928S>01F0950S,20260901,235,82,87.33333333333333
2026-09-01 19:40:00,01F0928S,01F0950S,31,79,112,01F0928S>01F0950S,20260901,236,79,82.66666666666667
2026-09-01 19:45:00,01F0928S,01F0950S,31,80,113,01F0928S>01F0950S,20260901,237,80,82.0
2026-09-01 19:50:00,01F0928S,01F0950S,31,81,139,01F0928S>01F0950S,20260901,238,81,84.66666666666667
2026-09-01 19:55:00,01F0928S,01F0950S,31,80,104,01F0928S>01F0950S,20260901,239,80,86.0
2026-09-01 20:00:00,01F0928S,01F0950S,31,81,126,01F0928S>01F0950S,20260901,240,81,84.0
2026-09-01 20:05:00,01F0928S,01F0950S,31,79,121,01F0928S>01F0950S,20260901,241,79,83.33333333333333
2026-09-01 20:10:00,01F0928S,01F0950S,31,79,101,01F0928S>01F0950S,20260901,242,79,82.0
2026-09-01 20:15:00,01F0928S,01F0950S,31,80,113,01F0928S>01F0950S,20260901,243,80,83.33333333333333
2026-09-01 20:20:00,01F0928S,01F0950S,31,83,106,01F0928S>01F0950S,20260901,244,83,82.33333333333333
2026-09-01 20:25:00,01F0928S,01F0950S,31,82,120,01F0928S>01F0950S,20260901,245,82,85.66666666666667
2026-09-01 20:30:00,01F0928S,01F0950S,31,79,102,01F0928S>01F0950S,20260901,246,79,81.33333333333333
2026-09-01 20:35:00,01F0928S,01F0950S,31,80,85,01F0928S>01F0950S,20260901,247,80,81.66666666666667
2026-09-01 20:40:00,01F0928S,01F0950S,31,78,96,01F0928S>01F0950S,20260901,248,78,80.33333333333333
2026-09-01 20:45:00,01F0928S,01F0950S,31,79,100,01F0928S>01F0950S,20260901,249,79,80.33333333333333
2026-09-01 20:50:00,01F0928S,01F0950S,31,79,117,01F0928S>01F0950S,20260901,250,79,79.33333333333333
2026-09-01 20:55:00,01F0928S,01F0950S,31,79,107,01F0928S>01F0950S,20260901,251,79,85.66666666666667
2026-09-01 21:00:00,01F0928S,01F0950S,31,78,91,01F0928S>01F0950S,20260901,252,78,86.0
2026-09-01 21:05:00,01F0928S,01F0950S,31,79,92,01F0928S>01F0950S,20260901,253,79,85.33333333333333
2026-09-01 21:10:00,01F0928S,01F0950S,31,80,93,01F0928S>01F0950S,20260901,254,80,85.0
2026-09-01 21:15:00,01F0928S,01F0950S,31,79,88,01F0928S>01F0950S,20260901,255,79,83.0
2026-09-01 21:20:00,01F0928S,01F0950S,31,79,89,01F0928S>01F0950S,20260901,256,79,80.66666666666667
2026-09-01 21:25:00,01F0928S,01F0950S,31,78,85,01F0928S>01F0950S,20260901,257,78,80.33333333333333
2026-09-01 21:30:00,01F0928S,01F0950S,31,77,93,01F0928S>01F0950S,20260901,258,77,79.66666666666667
2026-09-01 21:35:00,01F0928S,01F0950S,31,79,84,01F0928S>01F0950S,20260901,259,79,82.0
2026-09-01 21:40:00,01F0928S,01F0950S,31,77,90,01F0928S>01F0950S,20260901,260,77,79.0
2026-09-01 21:45:00,01F0928S,01F0950S,31,77,82,01F0928S>01F0950S,20260901,261,77,79.33333333333333
2026-09-01 21:50:00,01F0928S,01F0950S,31,79,82,01F0928S>01F0950S,20260901,262,79,79.0
2026-09-01 21:55:00,01F0928S,01F0950S,31,79,92,01F0928S>01F0950S,20260901,263,79,79.0
2026-09-01 22:00:00,01F0928S,01F0950S,31,78,75,01F0928S>01F0950S,20260901,264,78,79.66666666666667
2026-09-01 22:05:00,01F0928S,01F0950S,31,77,85,01F0928S>01F0950S,20260901,265,77,78.33333333333333
2026-09-01 22:10:00,01F0928S,01F0950S,31,76,66,01F0928S>01F0950S,20260901,266,76,78.0
2026-09-01 22:15:00,01F0928S,01F0950S,31,77,82,01F0928S>01F0950S,20260901,267,77,79.66666666666667
2026-09-01 22:20:00,01F0928S,01F0950S,31,75,71,01F0928S>01F0950S,20260901,268,75,78.0
2026-09-01 22:25:00,01F0928S,01F0950S,31,78,64,01F0928S>01F0950S,20260901,269,78,78.66666666666667
2026-09-01 22:30:00,01F0928S,01F0950S,31,76,50,01F0928S>01F0950S,20260901,270,76,76.0
2026-09-01 22:35:00,01F0928S,01F0950S,31,76,57,01F0928S>01F0950S,20260901,271,76,76.66666666666667
2026-09-01 22:40:00,01F0928S,01F0950S,31,77,44,01F0928S>01F0950S,20260901,272,77,78.33333333333333
2026-09-01 22:45:00,01F0928S,01F0950S,31,73,42,01F0928S>01F0950S,20260901,273,73,77.0
2026-09-01 22:50:00,01F0928S,01F0950S,31,76,57,01F0928S>01F0950S,20260901,274,76,77.66666666666667
2026-09-01 22:55:00,01F0928S,01F0950S,31,77,53,01F0928S>01F0950S,20260901,275,77,76.33333333333333
2026-09-01 23:00:00,01F0928S,01F0950S,31,74,47,01F0928S>01F0950S,20260901,276,74,76.0
2026-09-01 23:05:00,01F0928S,01F0950S,31,77,49,01F0928S>01F0950S,20260901,277,77,75.66666666666667
2026-09-01 23:10:00,01F0928S,01F0950S,31,78,54,01F0928S>01F0950S,20260901,278,78,76.66666666666667
2026-09-01 23:15:00,01F0928S,01F0950S,31,77,59,01F0928S>01F0950S,20260901,279,77,76.0
2026-09-01 23:20:00,01F0928S,01F0950S,31,73,43,01F0928S>01F0950S,20260901,280,73,75.33333333333333
2026-09-01 23:25:00,01F0928S,01F0950S,31,77,41,01F0928S>01F0950S,20260901,281,77,75.33333333333333
2026-09-01 23:30:00,01F0928S,01F0950S,31,75,43,01F0928S>01F0950S,20260901,282,75,76.0
2026-09-01 23:35:00,01F0928S,01F0950S,31,75,29,01F0928S>01F0950S,20260901,283,75,77.0
2026-09-01 23:40:00,01F0928S,01F0950S,31,73,46,01F0928S>01F0950S,20260901,284,73,76.0
2026-09-01 23:45:00,01F0928S,01F0950S,31,74,37,01F0928S>01F0950S,20260901,285,74,77.0
2026-09-01 23:50:00,01F0928S,01F0950S,31,74,34,01F0928S>01F0950S,20260901,286,74,75.33333333333333
2026-09-01 23:55:00,01F0928S,01F0950S,31,74,24,01F0928S>01F0950S,20260901,287,74,75.0
2026-09-02 00:00:00,01F0928S,01F0950S,31,75,42,01F0928S>01F0950S,20260902,0,75,75.66666666666667
2026-09-02 00:05:00,01F0928S,01F0950S,31,74,29,01F0928S>01F0950S,20260902,1,74,75.0
2026-09-02 00:10:00,01F0928S,01F0950S,31,74,43,01F0928S>01F0950S,20260902,2,74,75.33333333333333
2026-09-02 00:15:00,01F0928S,01F0950S,31,75,26,01F0928S>01F0950S,20260902,3,75,76.0
2026-09-02 00:20:00,01F0928S,01F0950S,31,76,27,01F0928S>01F0950S,20260902,4,76,75.0
2026-09-02 00:25:00,01F0928S,01F0950S,31,77,27,01F0928S>01F0950S,20260902,5,77,74.66666666666667
2026-09-02 00:30:00,01F0928S,01F0950S,31,75,22,01F0928S>01F0950S,20260902,6,75,75.66666666666667
2026-09-02 00:35:00,01F0928S,01F0950S,31,75,24,01F0928S>01F0950S,20260902,7,75,76.33333333333333
2026-09-02 00:40:00,01F0928S,01F0950S,31,75,27,01F0928S>01F0950S,20260902,8,75,75.0
2026-09-02 00:45:00,01F0928S,01F0950S,31,78,13,01F0928S>01F0950S,20260902,9,78,75.33333333333333
2026-09-02 00:50:00,01F0928S,01F0950S,31,75,23,01F0928S>01F0950S,20260902,10,75,73.66666666666667
2026-09-02 00:55:00,01F0928S,01F0950S,31,74,25,01F0928S>01F0950S,20260902,11,74,76.66666666666667
2026-09-02 01:00:00,01F0928S,01F0950S,31,74,29,01F0928S>01F0950S,20260902,12,74,75.0
2026-09-02 01:05:00,01F0928S,01F0950S,31,74,26,01F0928S>01F0950S,20260902,13,74,74.33333333333333
2026-09-02 01:10:00,01F0928S,01F0950S,31,75,24,01F0928S>01F0950S,20260902,14,75,75.66666666666667
2026-09-02 01:15:00,01F0928S,01F0950S,31,75,27,01F0928S>01F0950S,20260902,15,75,76.0
2026-09-02 01:20:00,01F0928S,01F0950S,31,75,20,01F0928S>01F0950S,20260902,16,75,75.66666666666667
2026-09-02 01:25:00,01F0928S,01F0950S,31,77,20,01F0928S>01F0950S,20260902,17,77,74.33333333333333
2026-09-02 01:30:00,01F0928S,01F0950S,31,75,21,01F0928S>01F0950S,20260902,18,75,74.33333333333333
2026-09-02 01:35:00,01F0928S,01F0950S,31,72,20,01F0928S>01F0950S,20260902,19,72,74.33333333333333
2026-09-02 01:40:00,01F0928S,01F0950S,31,76,23,01F0928S>01F0950S,20260902,20,76,74.0
2026-09-02 01:45:00,01F0928S,01F0950S,31,76,20,01F0928S>01F0950S,20260902,21,76,73.66666666666667
2026-09-02 01:50:00,01F0928S,01F0950S,31,75,11,01F0928S>01F0950S,20260902,22,75,74.66666666666667
2026-09-02 01:55:00,01F0928S,01F0950S,31,78,21,01F0928S>01F0950S,20260902,23,78,75.33333333333333
2026-09-02 02:00:00,01F0928S,01F0950S,31,75,19,01F0928S>01F0950S,20260902,24,75,74.33333333333333
2026-09-02 02:05:00,01F0928S,01F0950S,31,76,15,01F0928S>01F0950S,20260902,25,76,75.66666666666667
2026-09-02 02:10:00,01F0928S,01F0950S,31,75,12,01F0928S>01F0950S,20260902,26,75,76.33333333333333
2026-09-02 02:15:00,01F0928S,01F0950S,31,75,17,01F0928S>01F0950S,20260902,27,75,74.66666666666667
2026-09-02 02:20:00,01F0928S,01F0950S,31,73,12,01F0928S>01F0950S,20260902,28,73,74.33333333333333
2026-09-02 02:25:00,01F0928S,01F0950S,31,77,10,01F0928S>01F0950S,20260902,29,77,76.66666666666667
2026-09-02 02:30:00,01F0928S,01F0950S,31,72,16,01F0928S>01F0950S,20260902,30,72,75.0
2026-09-02 02:35:00,01F0928S,01F0950S,31,81,5,01F0928S>01F0950S,20260902,31,81,75.0
2026-09-02 02:40:00,01F0928S,01F0950S,31,73,12,01F0928S>01F0950S,20260902,32,73,74.0
2026-09-02 02:45:00,01F0928S,01F0950S,31,74,8,01F0928S>01F0950S,20260902,33,74,75.33333333333333
2026-09-02 02:50:00,01F0928S,01F0950S,31,74,15,01F0928S>01F0950S,20260902,34,74,76.66666666666667
2026-09-02 02:55:00,01F0928S,01F0950S,31,77,10,01F0928S>01F0950S,20260902,35,77,75.0
2026-09-02 03:00:00,01F0928S,01F0950S,31,73,6,01F0928S>01F0950S,20260902,36,73,76.0
2026-09-02 03:05:00,01F0928S,01F0950S,31,79,9,01F0928S>01F0950S,20260902,37,79,77.33333333333333
2026-09-02 03:10:00,01F0928S,01F0950S,31,74,10,01F0928S>01F0950S,20260902,38,74,77.33333333333333
2026-09-02 03:15:00,01F0928S,01F0950S,31,75,5,01F0928S>01F0950S,20260902,39,75,78.33333333333333
2026-09-02 03:20:00,01F0928S,01F0950S,31,79,7,01F0928S>01F0950S,20260902,40,79,78.33333333333333
2026-09-02 03:25:00,01F0928S,01F0950S,31,73,9,01F0928S>01F0950S,20260902,41,73,75.0
2026-09-02 03:30:00,01F0928S,01F0950S,31,77,9,01F0928S>01F0950S,20260902,42,77,74.33333333333333
2026-09-02 03:35:00,01F0928S,01F0950S,31,75,9,01F0928S>01F0950S,20260902,43,75,76.33333333333333
2026-09-02 03:40:00,01F0928S,01F0950S,31,76,12,01F0928S>01F0950S,20260902,44,76,79.66666666666667
2026-09-02 03:45:00,01F0928S,01F0950S,31,85,5,01F0928S>01F0950S,20260902,45,85,76.66666666666667
2026-09-02 03:50:00,01F0928S,01F0950S,31,72,8,01F0928S>01F0950S,20260902,46,72,77.0
2026-09-02 03:55:00,01F0928S,01F0950S,31,72,8,01F0928S>01F0950S,20260902,47,72,75.33333333333333
2026-09-02 04:00:00,01F0928S,01F0950S,31,76,7,01F0928S>01F0950S,20260902,48,76,79.33333333333333
2026-09-02 04:05:00,01F0928S,01F0950S,31,75,17,01F0928S>01F0950S,20260902,49,75,76.66666666666667
2026-09-02 04:10:00,01F0928S,01F0950S,31,78,9,01F0928S>01F0950S,20260902,50,78,75.0
2026-09-02 04:15:00,01F0928S,01F0950S,31,76,7,01F0928S>01F0950S,20260902,51,76,77.33333333333333
2026-09-02 04:20:00,01F0928S,01F0950S,31,80,19,01F0928S>01F0950S,20260902,52,80,77.33333333333333
2026-09-02 04:25:00,01F0928S,01F0950S,31,75,9,01F0928S>01F0950S,20260902,53,75,76.0
2026-09-02 04:30:00,01F0928S,01F0950S,31,73,19,01F0928S>01F0950S,20260902,54,73,76.33333333333333
2026-09-02 04:35:00,01F0928S,01F0950S,31,81,13,01F0928S>01F0950S,20260902,55,81,74.66666666666667
2026-09-02 04:40:00,01F0928S,01F0950S,31,75,23,01F0928S>01F0950S,20260902,56,75,75.33333333333333
2026-09-02 04:45:00,01F0928S,01F0950S,31,78,15,01F0928S>01F0950S,20260902,57,78,76.0
2026-09-02 04:50:00,01F0928S,01F0950S,31,76,19,01F0928S>01F0950S,20260902,58,76,77.33333333333333
2026-09-02 04:55:00,01F0928S,01F0950S,31,74,23,01F0928S>01F0950S,20260902,59,74,77.66666666666667
2026-09-02 05:00:00,01F0928S,01F0950S,31,76,22,01F0928S>01F0950S,20260902,60,76,76.66666666666667
2026-09-02 05:05:00,01F0928S,01F0950S,31,77,24,01F0928S>01F0950S,20260902,61,77,77.0
2026-09-02 05:10:00,01F0928S,01F0950S,31,75,38,01F0928S>01F0950S,20260902,62,75,76.33333333333333
2026-09-02 05:15:00,01F0928S,01F0950S,31,76,36,01F0928S>01F0950S,20260902,63,76,77.66666666666667
2026-09-02 05:20:00,01F0928S,01F0950S,31,78,27,01F0928S>01F0950S,20260902,64,78,77.0
2026-09-02 05:25:00,01F0928S,01F0950S,31,76,33,01F0928S>01F0950S,20260902,65,76,76.0
2026-09-02 05:30:00,01F0928S,01F0950S,31,76,36,01F0928S>01F0950S,20260902,66,76,74.33333333333333
2026-09-02 05:35:00,01F0928S,01F0950S,31,74,31,01F0928S>01F0950S,20260902,67,74,75.66666666666667
2026-09-02 05:40:00,01F0928S,01F0950S,31,76,45,01F0928S>01F0950S,20260902,68,76,75.33333333333333
2026-09-02 05:45:00,01F0928S,01F0950S,31,75,43,01F0928S>01F0950S,20260902,69,75,76.0
2026-09-02 05:50:00,01F0928S,01F0950S,31,76,48,01F0928S>01F0950S,20260902,70,76,75.66666666666667
2026-09-02 05:55:00,01F0928S,01F0950S,31,76,56,01F0928S>01F0950S,20260902,71,76,76.0
2026-09-02 06:00:00,01F0928S,01F0950S,31,76,64,01F0928S>01F0950S,20260902,72,76,75.66666666666667
2026-09-02 06:05:00,01F0928S,01F0950S,31,78,62,01F0928S>01F0950S,20260902,73,78,76.66666666666667
2026-09-02 06:10:00,01F0928S,01F0950S,31,77,67,01F0928S>01F0950S,20260902,74,77,75.66666666666667
2026-09-02 06:15:00,01F0928S,01F0950S,31,78,73,01F0928S>01F0950S,20260902,75,78,78.66666666666667
2026-09-02 06:20:00,01F0928S,01F0950S,31,78,87,01F0928S>01F0950S,20260902,76,78,78.33333333333333
2026-09-02 06:25:00,01F0928S,01F0950S,31,81,97,01F0928S>01F0950S,20260902,77,81,79.66666666666667
2026-09-02 06:30:00,01F0928S,01F0950S,31,83,116,01F0928S>01F0950S,20260902,78,83,82.0
2026-09-02 06:35:00,01F0928S,01F0950S,31,81,105,01F0928S>01F0950S,20260902,79,81,83.0
2026-09-02 06:40:00,01F0928S,01F0950S,31,88,105,01F0928S>01F0950S,20260902,80,88,89.33333333333333
2026-09-02 06:45:00,01F0928S,01F0950S,31,94,119,01F0928S>01F0950S,20260902,81,94,91.0
2026-09-02 06:50:00,01F0928S,01F0950S,31,93,126,01F0928S>01F0950S,20260902,82,93,95.0
2026-09-02 06:55:00,01F0928S,01F0950S,31,91,121,01F0928S>01F0950S,20260902,83,91,88.0
2026-09-02 07:00:00,01F0928S,01F0950S,31,87,133,01F0928S>01F0950S,20260902,84,87,88.0
2026-09-02 07:05:00,01F0928S,01F0950S,31,87,105,01F0928S>01F0950S,20260902,85,87,91.0
2026-09-02 07:10:00,01F0928S,01F0950S,31,85,112,01F0928S>01F0950S,20260902,86,85,89.33333333333333
2026-09-02 07:15:00,01F0928S,01F0950S,31,83,107,01F0928S>01F0950S,20260902,87,83,92.33333333333333
2026-09-02 07:20:00,01F0928S,01F0950S,31,87,111,01F0928S>01F0950S,20260902,88,87,94.33333333333333
2026-09-02 07:25:00,01F0928S,01F0950S,31,91,103,01F0928S>01F0950S,20260902,89,91,96.66666666666667
2026-09-02 07:30:00,01F0928S,01F0950S,31,98,113,01F0928S>01F0950S,20260902,90,98,93.0
2026-09-02 07:35:00,01F0928S,01F0950S,31,106,126,01F0928S>01F0950S,20260902,91,106,94.0
2026-09-02 07:40:00,01F0928S,01F0950S,31,96,104,01F0928S>01F0950S,20260902,92,96,93.66666666666667
2026-09-02 07:45:00,01F0928S,01F0950S,31,94,107,01F0928S>01F0950S,20260902,93,94,93.66666666666667
2026-09-02 07:50:00,01F0928S,01F0950S,31,92,109,01F0928S>01F0950S,20260902,94,92,94.33333333333333
2026-09-02 07:55:00,01F0928S,01F0950S,31,90,110,01F0928S>01F0950S,20260902,95,90,88.0
2026-09-02 08:00:00,01F0928S,01F0950S,31,103,109,01F0928S>01F0950S,20260902,96,103,87.66666666666667
2026-09-02 08:05:00,01F0928S,01F0950S,31,103,112,01F0928S>01F0950S,20260902,97,103,87.0
2026-09-02 08:10:00,01F0928S,01F0950S,31,94,112,01F0928S>01F0950S,20260902,98,94,83.33333333333333
2026-09-02 08:15:00,01F0928S,01F0950S,31,111,107,01F0928S>01F0950S,20260902,99,111,83.0
2026-09-02 08:20:00,01F0928S,01F0950S,31,110,134,01F0928S>01F0950S,20260902,100,110,83.66666666666667
2026-09-02 08:25:00,01F0928S,01F0950S,31,102,103,01F0928S>01F0950S,20260902,101,102,82.66666666666667
2026-09-02 08:30:00,01F0928S,01F0950S,31,94,100,01F0928S>01F0950S,20260902,102,94,82.33333333333333
2026-09-02 08:35:00,01F0928S,01F0950S,31,90,101,01F0928S>01F0950S,20260902,103,90,83.66666666666667
2026-09-02 08:40:00,01F0928S,01F0950S,31,88,101,01F0928S>01F0950S,20260902,104,88,83.0
2026-09-02 08:45:00,01F0928S,01F0950S,31,90,92,01F0928S>01F0950S,20260902,105,90,84.33333333333333
2026-09-02 08:50:00,01F0928S,01F0950S,31,91,101,01F0928S>01F0950S,20260902,106,91,83.66666666666667
2026-09-02 08:55:00,01F0928S,01F0950S,31,92,117,01F0928S>01F0950S,20260902,107,92,84.66666666666667
2026-09-02 09:00:00,01F0928S,01F0950S,31,90,110,01F0928S>01F0950S,20260902,108,90,83.66666666666667
2026-09-02 09:05:00,01F0928S,01F0950S,31,99,106,01F0928S>01F0950S,20260902,109,99,88.33333333333333
2026-09-02 09:10:00,01F0928S,01F0950S,31,95,118,01F0928S>01F0950S,20260902,110,95,87.66666666666667
2026-09-02 09:15:00,01F0928S,01F0950S,31,90,115,01F0928S>01F0950S,20260902,111,90,89.0
2026-09-02 09:20:00,01F0928S,01F0950S,31,90,101,01F0928S>01F0950S,20260902,112,90,88.33333333333333
2026-09-02 09:25:00,01F0928S,01F0950S,31,94,130,01F0928S>01F0950S,20260902,113,94,88.0
2026-09-02 09:30:00,01F0928S,01F0950S,31,91,143,01F0928S>01F0950S,20260902,114,91,89.66666666666667
2026-09-02 09:35:00,01F0928S,01F0950S,31,85,127,01F0928S>01F0950S,20260902,115,85,92.0
2026-09-02 09:40:00,01F0928S,01F0950S,31,89,121,01F0928S>01F0950S,20260902,116,89,90.33333333333333
2026-09-02 09:45:00,01F0928S,01F0950S,31,96,128,01F0928S>01F0950S,20260902,117,96,92.33333333333333
2026-09-02 09:50:00,01F0928S,01F0950S,31,89,134,01F0928S>01F0950S,20260902,118,89,89.33333333333333
2026-09-02 09:55:00,01F0928S,01F0950S,31,88,130,01F0928S>01F0950S,20260902,119,88,88.66666666666667
2026-09-02 10:00:00,01F0928S,01F0950S,31,90,145,01F0928S>01F0950S,20260902,120,90,89.33333333333333
2026-09-02 10:05:00,01F0928S,01F0950S,31,88,132,01F0928S>01F0950S,20260902,121,88,85.66666666666667
2026-09-02 10:10:00,01F0928S,01F0950S,31,90,140,01F0928S>01F0950S,20260902,122,90,92.33333333333333
2026-09-02 10:15:00,01F0928S,01F0950S,31,88,132,01F0928S>01F0950S,20260902,123,88,95.66666666666667
2026-09-02 10:20:00,01F0928S,01F0950S,31,92,156,01F0928S>01F0950S,20260902,124,92,94.0
2026-09-02 10:25:00,01F0928S,01F0950S,31,93,158,01F0928S>01F0950S,20260902,125,93,93.66666666666667
2026-09-02 10:30:00,01F0928S,01F0950S,31,87,158,01F0928S>01F0950S,20260902,126,87,93.0
2026-09-02 10:35:00,01F0928S,01F0950S,31,87,133,01F0928S>01F0950S,20260902,127,87,95.0
2026-09-02 10:40:00,01F0928S,01F0950S,31,87,132,01F0928S>01F0950S,20260902,128,87,89.33333333333333
2026-09-02 10:45:00,01F0928S,01F0950S,31,82,138,01F0928S>01F0950S,20260902,129,82,90.33333333333333
2026-09-02 10:50:00,01F0928S,01F0950S,31,79,125,01F0928S>01F0950S,20260902,130,79,87.0
2026-09-02 10:55:00,01F0928S,01F0950S,31,81,133,01F0928S>01F0950S,20260902,131,81,89.33333333333333
2026-09-02 11:00:00,01F0928S,01F0950S,31,83,106,01F0928S>01F0950S,20260902,132,83,89.0
2026-09-02 11:05:00,01F0928S,01F0950S,31,80,116,01F0928S>01F0950S,20260902,133,80,89.0
2026-09-02 11:10:00,01F0928S,01F0950S,31,83,149,01F0928S>01F0950S,20260902,134,83,87.66666666666667
2026-09-02 11:15:00,01F0928S,01F0950S,31,80,106,01F0928S>01F0950S,20260902,135,80,87.66666666666667
2026-09-02 11:20:00,01F0928S,01F0950S,31,80,117,01F0928S>01F0950S,20260902,136,80,86.0
2026-09-02 11:25:00,01F0928S,01F0950S,31,81,120,01F0928S>01F0950S,20260902,137,81,83.66666666666667
2026-09-02 11:30:00,01F0928S,01F0950S,31,78,113,01F0928S>01F0950S,20260902,138,78,85.0
2026-09-02 11:35:00,01F0928S,01F0950S,31,78,109,01F0928S>01F0950S,20260902,139,78,84.33333333333333
2026-09-02 11:40:00,01F0928S,01F0950S,31,84,123,01F0928S>01F0950S,20260902,140,84,84.66666666666667
2026-09-02 11:45:00,01F0928S,01F0950S,31,81,89,01F0928S>01F0950S,20260902,141,81,84.33333333333333
2026-09-02 11:50:00,01F0928S,01F0950S,31,82,128,01F0928S>01F0950S,20260902,142,82,84.0
2026-09-02 11:55:00,01F0928S,01F0950S,31,80,121,01F0928S>01F0950S,20260902,143,80,81.33333333333333
2026-09-02 12:00:00,01F0928S,01F0950S,31,79,117,01F0928S>01F0950S,20260902,144,79,82.66666666666667
2026-09-02 12:05:00,01F0928S,01F0950S,31,80,111,01F0928S>01F0950S,20260902,145,80,82.0
2026-09-02 12:10:00,01F0928S,01F0950S,31,79,106,01F0928S>01F0950S,20260902,146,79,82.66666666666667
2026-09-02 12:15:00,01F0928S,01F0950S,31,80,109,01F0928S>01F0950S,20260902,147,80,83.66666666666667
2026-09-02 12:20:00,01F0928S,01F0950S,31,83,135,01F0928S>01F0950S,20260902,148,83,83.66666666666667
2026-09-02 12:25:00,01F0928S,01F0950S,31,83,119,01F0928S>01F0950S,20260902,149,83,82.66666666666667
2026-09-02 12:30:00,01F0928S,01F0950S,31,84,97,01F0928S>01F0950S,20260902,150,84,82.0
2026-09-02 12:35:00,01F0928S,01F0950S,31,82,120,01F0928S>01F0950S,20260902,151,82,81.0
2026-09-02 12:40:00,01F0928S,01F0950S,31,85,126,01F0928S>01F0950S,20260902,152,85,81.0
2026-09-02 12:45:00,01F0928S,01F0950S,31,79,106,01F0928S>01F0950S,20260902,153,79,81.33333333333333
2026-09-02 12:50:00,01F0928S,01F0950S,31,80,106,01F0928S>01F0950S,20260902,154,80,79.0
2026-09-02 12:55:00,01F0928S,01F0950S,31,80,118,01F0928S>01F0950S,20260902,155,80,84.66666666666667
2026-09-02 13:00:00,01F0928S,01F0950S,31,81,116,01F0928S>01F0950S,20260902,156,81,87.0
2026-09-02 13:05:00,01F0928S,01F0950S,31,80,127,01F0928S>01F0950S,20260902,157,80,78.66666666666667
2026-09-02 13:10:00,01F0928S,01F0950S,31,84,121,01F0928S>01F0950S,20260902,158,84,81.66666666666667
2026-09-02 13:15:00,01F0928S,01F0950S,31,80,100,01F0928S>01F0950S,20260902,159,80,79.33333333333333
2026-09-02 13:20:00,01F0928S,01F0950S,31,81,109,01F0928S>01F0950S,20260902,160,81,80.0
2026-09-02 13:25:00,01F0928S,01F0950S,31,80,104,01F0928S>01F0950S,20260902,161,80,80.66666666666667
2026-09-02 13:30:00,01F0928S,01F0950S,31,83,111,01F0928S>01F0950S,20260902,162,83,80.0
2026-09-02 13:35:00,01F0928S,01F0950S,31,82,115,01F0928S>01F0950S,20260902,163,82,81.33333333333333
2026-09-02 13:40:00,01F0928S,01F0950S,31,83,119,01F0928S>01F0950S,20260902,164,83,82.0
2026-09-02 13:45:00,01F0928S,01F0950S,31,78,113,01F0928S>01F0950S,20260902,165,78,82.0
2026-09-02 13:50:00,01F0928S,01F0950S,31,81,128,01F0928S>01F0950S,20260902,166,81,83.0
2026-09-02 13:55:00,01F0928S,01F0950S,31,81,107,01F0928S>01F0950S,20260902,167,81,84.33333333333333
2026-09-02 14:00:00,01F0928S,01F0950S,31,79,113,01F0928S>01F0950S,20260902,168,79,85.0
2026-09-02 14:05:00,01F0928S,01F0950S,31,80,100,01F0928S>01F0950S,20260902,169,80,84.0
2026-09-02 14:10:00,01F0928S,01F0950S,31,82,148,01F0928S>01F0950S,20260902,170,82,84.66666666666667
2026-09-02 14:15:00,01F0928S,01F0950S,31,80,112,01F0928S>01F0950S,20260902,171,80,87.66666666666667
2026-09-02 14:20:00,01F0928S,01F0950S,31,80,121,01F0928S>01F0950S,20260902,172,80,86.33333333333333
2026-09-02 14:25:00,01F0928S,01F0950S,31,81,114,01F0928S>01F0950S,20260902,173,81,84.66666666666667
2026-09-02 14:30:00,01F0928S,01F0950S,31,83,104,01F0928S>01F0950S,20260902,174,83,85.66666666666667
2026-09-02 14:35:00,01F0928S,01F0950S,31,81,121,01F0928S>01F0950S,20260902,175,81,84.33333333333333
2026-09-02 14:40:00,01F0928S,01F0950S,31,79,117,01F0928S>01F0950S,20260902,176,79,86.33333333333333
2026-09-02 14:45:00,01F0928S,01F0950S,31,84,149,01F0928S>01F0950S,20260902,177,84,85.0
2026-09-02 14:50:00,01F0928S,01F0950S,31,84,141,01F0928S>01F0950S,20260902,178,84,87.66666666666667
2026-09-02 14:55:00,01F0928S,01F0950S,31,83,119,01F0928S>01F0950S,20260902,179,83,84.0
2026-09-02 15:00:00,01F0928S,01F0950S,31,81,134,01F0928S>01F0950S,20260902,180,81,82.0
2026-09-02 15:05:00,01F0928S,01F0950S,31,79,90,01F0928S>01F0950S,20260902,181,79,82.0
2026-09-02 15:10:00,01F0928S,01F0950S,31,84,139,01F0928S>01F0950S,20260902,182,84,82.66666666666667
2026-09-02 15:15:00,01F0928S,01F0950S,31,82,127,01F0928S>01F0950S,20260902,183,82,82.66666666666667
2026-09-02 15:20:00,01F0928S,01F0950S,31,82,115,01F0928S>01F0950S,20260902,184,82,82.33333333333333
2026-09-02 15:25:00,01F0928S,01F0950S,31,79,151,01F0928S>01F0950S,20260902,185,79,82.33333333333333
2026-09-02 15:30:00,01F0928S,01F0950S,31,82,129,01F0928S>01F0950S,20260902,186,82,84.33333333333333
2026-09-02 15:35:00,01F0928S,01F0950S,31,78,138,01F0928S>01F0950S,20260902,187,78,86.33333333333333
2026-09-02 15:40:00,01F0928S,01F0950S,31,84,150,01F0928S>01F0950S,20260902,188,84,86.33333333333333
2026-09-02 15:45:00,01F0928S,01F0950S,31,79,118,01F0928S>01F0950S,20260902,189,79,84.66666666666667
2026-09-02 15:50:00,01F0928S,01F0950S,31,81,145,01F0928S>01F0950S,20260902,190,81,85.0
2026-09-02 15:55:00,01F0928S,01F0950S,31,80,137,01F0928S>01F0950S,20260902,191,80,84.66666666666667
2026-09-02 16:00:00,01F0928S,01F0950S,31,83,129,01F0928S>01F0950S,20260902,192,83,85.0
2026-09-02 16:05:00,01F0928S,01F0950S,31,81,127,01F0928S>01F0950S,20260902,193,81,85.33333333333333
2026-09-02 16:10:00,01F0928S,01F0950S,31,82,138,01F0928S>01F0950S,20260902,194,82,90.33333333333333
2026-09-02 16:15:00,01F0928S,01F0950S,31,82,157,01F0928S>01F0950S,20260902,195,82,92.33333333333333
2026-09-02 16:20:00,01F0928S,01F0950S,31,82,134,01F0928S>01F0950S,20260902,196,82,101.33333333333333
2026-09-02 16:25:00,01F0928S,01F0950S,31,82,136,01F0928S>01F0950S,20260902,197,82,105.0
2026-09-02 16:30:00,01F0928S,01F0950S,31,83,150,01F0928S>01F0950S,20260902,198,83,102.0
2026-09-02 16:35:00,01F0928S,01F0950S,31,82,150,01F0928S>01F0950S,20260902,199,82,99.0
2026-09-02 16:40:00,01F0928S,01F0950S,31,83,143,01F0928S>01F0950S,20260902,200,83,99.0
2026-09-02 16:45:00,01F0928S,01F0950S,31,81,139,01F0928S>01F0950S,20260902,201,81,104.33333333333333
2026-09-02 16:50:00,01F0928S,01F0950S,31,83,158,01F0928S>01F0950S,20260902,202,83,113.66666666666667
2026-09-02 16:55:00,01F0928S,01F0950S,31,82,138,01F0928S>01F0950S,20260902,203,82,129.0
2026-09-02 17:00:00,01F0928S,01F0950S,31,83,144,01F0928S>01F0950S,20260902,204,83,141.66666666666666
2026-09-02 17:05:00,01F0928S,01F0950S,31,84,169,01F0928S>01F0950S,20260902,205,84,162.33333333333334
2026-09-02 17:10:00,01F0928S,01F0950S,31,90,164,01F0928S>01F0950S,20260902,206,90,180.66666666666666
2026-09-02 17:15:00,01F0928S,01F0950S,31,95,194,01F0928S>01F0950S,20260902,207,95,198.66666666666666
2026-09-02 17:20:00,01F0928S,01F0950S,31,91,214,01F0928S>01F0950S,20260902,208,91,189.0
2026-09-02 17:25:00,01F0928S,01F0950S,31,90,196,01F0928S>01F0950S,20260902,209,90,167.33333333333334
2026-09-02 17:30:00,01F0928S,01F0950S,31,87,165,01F0928S>01F0950S,20260902,210,87,150.66666666666666
2026-09-02 17:35:00,01F0928S,01F0950S,31,83,168,01F0928S>01F0950S,20260902,211,83,153.66666666666666
2026-09-02 17:40:00,01F0928S,01F0950S,31,80,149,01F0928S>01F0950S,20260902,212,80,153.66666666666666
2026-09-02 17:45:00,01F0928S,01F0950S,31,85,183,01F0928S>01F0950S,20260902,213,85,149.0
2026-09-02 17:50:00,01F0928S,01F0950S,31,85,180,01F0928S>01F0950S,20260902,214,85,145.66666666666666
2026-09-02 17:55:00,01F0928S,01F0950S,31,82,163,01F0928S>01F0950S,20260902,215,82,141.66666666666666
2026-09-02 18:00:00,01F0928S,01F0950S,31,83,166,01F0928S>01F0950S,20260902,216,83,138.33333333333334
2026-09-02 18:05:00,01F0928S,01F0950S,31,79,155,01F0928S>01F0950S,20260902,217,79,138.33333333333334
2026-09-02 18:10:00,01F0928S,01F0950S,31,83,145,01F0928S>01F0950S,20260902,218,83,131.66666666666666
2026-09-02 18:15:00,01F0928S,01F0950S,31,84,182,01F0928S>01F0950S,20260902,219,84,114.66666666666667
2026-09-02 18:20:00,01F0928S,01F0950S,31,82,135,01F0928S>01F0950S,20260902,220,82,108.66666666666667
2026-09-02 18:25:00,01F0928S,01F0950S,31,86,159,01F0928S>01F0950S,20260902,221,86,93.66666666666667
2026-09-02 18:30:00,01F0928S,01F0950S,31,86,157,01F0928S>01F0950S,20260902,222,86,96.0
2026-09-02 18:35:00,01F0928S,01F0950S,31,89,172,01F0928S>01F0950S,20260902,223,89,92.66666666666667
2026-09-02 18:40:00,01F0928S,01F0950S,31,84,145,01F0928S>01F0950S,20260902,224,84,95.0
2026-09-02 18:45:00,01F0928S,01F0950S,31,84,147,01F0928S>01F0950S,20260902,225,84,92.66666666666667
2026-09-02 18:50:00,01F0928S,01F0950S,31,83,150,01F0928S>01F0950S,20260902,226,83,92.0
2026-09-02 18:55:00,01F0928S,01F0950S,31,82,132,01F0928S>01F0950S,20260902,227,82,90.33333333333333
2026-09-02 19:00:00,01F0928S,01F0950S,31,81,137,01F0928S>01F0950S,20260902,228,81,89.0
2026-09-02 19:05:00,01F0928S,01F0950S,31,82,131,01F0928S>01F0950S,20260902,229,82,87.66666666666667
2026-09-02 19:10:00,01F0928S,01F0950S,31,81,138,01F0928S>01F0950S,20260902,230,81,95.66666666666667
2026-09-02 19:15:00,01F0928S,01F0950S,31,81,138,01F0928S>01F0950S,20260902,231,81,115.66666666666667
2026-09-02 19:20:00,01F0928S,01F0950S,31,83,143,01F0928S>01F0950S,20260902,232,83,103.0
2026-09-02 19:25:00,01F0928S,01F0950S,31,81,114,01F0928S>01F0950S,20260902,233,81,94.33333333333333
2026-09-02 19:30:00,01F0928S,01F0950S,31,85,147,01F0928S>01F0950S,20260902,234,85,85.66666666666667
2026-09-02 19:35:00,01F0928S,01F0950S,31,80,128,01F0928S>01F0950S,20260902,235,80,87.33333333333333
2026-09-02 19:40:00,01F0928S,01F0950S,31,80,145,01F0928S>01F0950S,20260902,236,80,82.66666666666667
2026-09-02 19:45:00,01F0928S,01F0950S,31,80,126,01F0928S>01F0950S,20260902,237,80,82.0
2026-09-02 19:50:00,01F0928S,01F0950S,31,78,119,01F0928S>01F0950S,20260902,238,78,84.66666666666667
2026-09-02 19:55:00,01F0928S,01F0950S,31,81,121,01F0928S>01F0950S,20260902,239,81,86.0
2026-09-02 20:00:00,01F0928S,01F0950S,31,81,131,01F0928S>01F0950S,20260902,240,81,84.0
2026-09-02 20:05:00,01F0928S,01F0950S,31,77,99,01F0928S>01F0950S,20260902,241,77,83.33333333333333
2026-09-02 20:10:00,01F0928S,01F0950S,31,77,96,01F0928S>01F0950S,20260902,242,77,82.0
2026-09-02 20:15:00,01F0928S,01F0950S,31,81,135,01F0928S>01F0950S,20260902,243,81,83.33333333333333
2026-09-02 20:20:00,01F0928S,01F0950S,31,80,117,01F0928S>01F0950S,20260902,244,80,82.33333333333333
2026-09-02 20:25:00,01F0928S,01F0950S,31,79,104,01F0928S>01F0950S,20260902,245,79,85.66666666666667
2026-09-02 20:30:00,01F0928S,01F0950S,31,78,107,01F0928S>01F0950S,20260902,246,78,81.33333333333333
2026-09-02 20:35:00,01F0928S,01F0950S,31,78,108,01F0928S>01F0950S,20260902,247,78,81.66666666666667
2026-09-02 20:40:00,01F0928S,01F0950S,31,78,114,01F0928S>01F0950S,20260902,248,78,80.33333333333333
2026-09-02 20:45:00,01F0928S,01F0950S,31,79,116,01F0928S>01F0950S,20260902,249,79,80.33333333333333
2026-09-02 20:50:00,01F0928S,01F0950S,31,79,99,01F0928S>01F0950S,20260902,250,79,79.33333333333333
2026-09-02 20:55:00,01F0928S,01F0950S,31,77,103,01F0928S>01F0950S,20260902,251,77,85.66666666666667
2026-09-02 21:00:00,01F0928S,01F0950S,31,78,83,01F0928S>01F0950S,20260902,252,78,86.0
2026-09-02 21:05:00,01F0928S,01F0950S,31,77,87,01F0928S>01F0950S,20260902,253,77,85.33333333333333
2026-09-02 21:10:00,01F0928S,01F0950S,31,78,101,01F0928S>01F0950S,20260902,254,78,85.0
2026-09-02 21:15:00,01F0928S,01F0950S,31,78,87,01F0928S>01F0950S,20260902,255,78,83.0
2026-09-02 21:20:00,01F0928S,01F0950S,31,78,101,01F0928S>01F0950S,20260902,256,78,80.66666666666667
2026-09-02 21:25:00,01F0928S,01F0950S,31,76,95,01F0928S>01F0950S,20260902,257,76,80.33333333333333
2026-09-02 21:30:00,01F0928S,01F0950S,31,77,85,01F0928S>01F0950S,20260902,258,77,79.66666666666667
2026-09-02 21:35:00,01F0928S,01F0950S,31,76,73,01F0928S>01F0950S,20260902,259,76,82.0
2026-09-02 21:40:00,01F0928S,01F0950S,31,77,88,01F0928S>01F0950S,20260902,260,77,79.0
2026-09-02 21:45:00,01F0928S,01F0950S,31,77,80,01F0928S>01F0950S,20260902,261,77,79.33333333333333
2026-09-02 21:50:00,01F0928S,01F0950S,31,77,71,01F0928S>01F0950S,20260902,262,77,79.0
2026-09-02 21:55:00,01F0928S,01F0950S,31,78,74,01F0928S>01F0950S,20260902,263,78,79.0
2026-09-02 22:00:00,01F0928S,01F0950S,31,77,68,01F0928S>01F0950S,20260902,264,77,79.66666666666667
2026-09-02 22:05:00,01F0928S,01F0950S,31,76,97,01F0928S>01F0950S,20260902,265,76,78.33333333333333
2026-09-02 22:10:00,01F0928S,01F0950S,31,77,72,01F0928S>01F0950S,20260902,266,77,78.0
2026-09-02 22:15:00,01F0928S,01F0950S,31,77,84,01F0928S>01F0950S,20260902,267,77,79.66666666666667
2026-09-02 22:20:00,01F0928S,01F0950S,31,76,77,01F0928S>01F0950S,20260902,268,76,78.0
2026-09-02 22:25:00,01F0928S,01F0950S,31,75,76,01F0928S>01F0950S,20260902,269,75,78.66666666666667
2026-09-02 22:30:00,01F0928S,01F0950S,31,78,71,01F0928S>01F0950S,20260902,270,78,76.0
2026-09-02 22:35:00,01F0928S,01F0950S,31,76,77,01F0928S>01F0950S,20260902,271,76,76.66666666666667
2026-09-02 22:40:00,01F0928S,01F0950S,31,77,51,01F0928S>01F0950S,20260902,272,77,78.33333333333333
2026-09-02 22:45:00,01F0928S,01F0950S,31,75,62,01F0928S>01F0950S,20260902,273,75,77.0
2026-09-02 22:50:00,01F0928S,01F0950S,31,75,51,01F0928S>01F0950S,20260902,274,75,77.66666666666667
2026-09-02 22:55:00,01F0928S,01F0950S,31,76,47,01F0928S>01F0950S,20260902,275,76,76.33333333333333
2026-09-02 23:00:00,01F0928S,01F0950S,31,75,51,01F0928S>01F0950S,20260902,276,75,76.0
2026-09-02 23:05:00,01F0928S,01F0950S,31,74,57,01F0928S>01F0950S,20260902,277,74,75.66666666666667
2026-09-02 23:10:00,01F0928S,01F0950S,31,76,58,01F0928S>01F0950S,20260902,278,76,76.66666666666667
2026-09-02 23:15:00,01F0928S,01F0950S,31,74,50,01F0928S>01F0950S,20260902,279,74,76.0
2026-09-02 23:20:00,01F0928S,01F0950S,31,76,51,01F0928S>01F0950S,20260902,280,76,75.33333333333333
2026-09-02 23:25:00,01F0928S,01F0950S,31,76,69,01F0928S>01F0950S,20260902,281,76,75.33333333333333
2026-09-02 23:30:00,01F0928S,01F0950S,31,76,40,01F0928S>01F0950S,20260902,282,76,76.0
2026-09-02 23:35:00,01F0928S,01F0950S,31,75,35,01F0928S>01F0950S,20260902,283,75,77.0
2026-09-02 23:40:00,01F0928S,01F0950S,31,76,51,01F0928S>01F0950S,20260902,284,76,76.0
2026-09-02 23:45:00,01F0928S,01F0950S,31,75,35,01F0928S>01F0950S,20260902,285,75,77.0
2026-09-02 23:50:00,01F0928S,01F0950S,31,76,26,01F0928S>01F0950S,20260902,286,76,75.33333333333333
2026-09-02 23:55:00,01F0928S,01F0950S,31,75,38,01F0928S>01F0950S,20260902,287,75,75.0
2026-08-27 00:00:00,01F0950S,01F0980S,31,105,47,01F0950S>01F0980S,20260827,0,105,103.66666666666667
2026-08-27 00:05:00,01F0950S,01F0980S,31,105,48,01F0950S>01F0980S,20260827,1,105,103.66666666666667
2026-08-27 00:10:00,01F0950S,01F0980S,31,105,37,01F0950S>01F0980S,20260827,2,105,103.33333333333333
2026-08-27 00:15:00,01F0950S,01F0980S,31,102,39,01F0950S>01F0980S,20260827,3,102,104.0
2026-08-27 00:20:00,01F0950S,01F0980S,31,101,40,01F0950S>01F0980S,20260827,4,101,101.66666666666667
2026-08-27 00:25:00,01F0950S,01F0980S,31,103,44,01F0950S>01F0980S,20260827,5,103,103.0
2026-08-27 00:30:00,01F0950S,01F0980S,31,103,41,01F0950S>01F0980S,20260827,6,103,102.66666666666667
2026-08-27 00:35:00,01F0950S,01F0980S,31,103,43,01F0950S>01F0980S,20260827,7,103,103.33333333333333
2026-08-27 00:40:00,01F0950S,01F0980S,31,104,33,01F0950S>01F0980S,20260827,8,104,104.0
2026-08-27 00:45:00,01F0950S,01F0980S,31,102,29,01F0950S>01F0980S,20260827,9,102,102.0
2026-08-27 00:50:00,01F0950S,01F0980S,31,100,38,01F0950S>01F0980S,20260827,10,100,102.0
2026-08-27 00:55:00,01F0950S,01F0980S,31,101,31,01F0950S>01F0980S,20260827,11,101,103.0
2026-08-27 01:00:00,01F0950S,01F0980S,31,103,46,01F0950S>01F0980S,20260827,12,103,102.66666666666667
2026-08-27 01:05:00,01F0950S,01F0980S,31,101,26,01F0950S>01F0980S,20260827,13,101,102.33333333333333
2026-08-27 01:10:00,01F0950S,01F0980S,31,105,20,01F0950S>01F0980S,20260827,14,105,104.33333333333333
2026-08-27 01:15:00,01F0950S,01F0980S,31,104,25,01F0950S>01F0980S,20260827,15,104,104.0
2026-08-27 01:20:00,01F0950S,01F0980S,31,104,32,01F0950S>01F0980S,20260827,16,104,104.0
2026-08-27 01:25:00,01F0950S,01F0980S,31,101,20,01F0950S>01F0980S,20260827,17,101,103.33333333333333
2026-08-27 01:30:00,01F0950S,01F0980S,31,101,16,01F0950S>01F0980S,20260827,18,101,103.0
2026-08-27 01:35:00,01F0950S,01F0980S,31,104,32,01F0950S>01F0980S,20260827,19,104,103.66666666666667
2026-08-27 01:40:00,01F0950S,01F0980S,31,104,29,01F0950S>01F0980S,20260827,20,104,102.0
2026-08-27 01:45:00,01F0950S,01F0980S,31,103,24,01F0950S>01F0980S,20260827,21,103,101.33333333333333
2026-08-27 01:50:00,01F0950S,01F0980S,31,105,13,01F0950S>01F0980S,20260827,22,105,103.66666666666667
2026-08-27 01:55:00,01F0950S,01F0980S,31,108,22,01F0950S>01F0980S,20260827,23,108,105.0
2026-08-27 02:00:00,01F0950S,01F0980S,31,100,15,01F0950S>01F0980S,20260827,24,100,102.33333333333333
2026-08-27 02:05:00,01F0950S,01F0980S,31,103,31,01F0950S>01F0980S,20260827,25,103,102.66666666666667
2026-08-27 02:10:00,01F0950S,01F0980S,31,103,15,01F0950S>01F0980S,20260827,26,103,104.66666666666667
2026-08-27 02:15:00,01F0950S,01F0980S,31,103,15,01F0950S>01F0980S,20260827,27,103,104.0
2026-08-27 02:20:00,01F0950S,01F0980S,31,101,10,01F0950S>01F0980S,20260827,28,101,102.33333333333333
2026-08-27 02:25:00,01F0950S,01F0980S,31,106,17,01F0950S>01F0980S,20260827,29,106,105.33333333333333
2026-08-27 02:30:00,01F0950S,01F0980S,31,110,12,01F0950S>01F0980S,20260827,30,110,107.0
2026-08-27 02:35:00,01F0950S,01F0980S,31,105,18,01F0950S>01F0980S,20260827,31,105,104.0
2026-08-27 02:40:00,01F0950S,01F0980S,31,99,11,01F0950S>01F0980S,20260827,32,99,100.0
2026-08-27 02:45:00,01F0950S,01F0980S,31,103,23,01F0950S>01F0980S,20260827,33,103,104.0
2026-08-27 02:50:00,01F0950S,01F0980S,31,104,18,01F0950S>01F0980S,20260827,34,104,104.66666666666667
2026-08-27 02:55:00,01F0950S,01F0980S,31,105,15,01F0950S>01F0980S,20260827,35,105,104.0
2026-08-27 03:00:00,01F0950S,01F0980S,31,105,16,01F0950S>01F0980S,20260827,36,105,103.66666666666667
2026-08-27 03:05:00,01F0950S,01F0980S,31,103,12,01F0950S>01F0980S,20260827,37,103,105.0
2026-08-27 03:10:00,01F0950S,01F0980S,31,98,12,01F0950S>01F0980S,20260827,38,98,103.33333333333333
2026-08-27 03:15:00,01F0950S,01F0980S,31,107,15,01F0950S>01F0980S,20260827,39,107,105.0
2026-08-27 03:20:00,01F0950S,01F0980S,31,109,13,01F0950S>01F0980S,20260827,40,109,106.66666666666667
2026-08-27 03:25:00,01F0950S,01F0980S,31,101,15,01F0950S>01F0980S,20260827,41,101,103.66666666666667
2026-08-27 03:30:00,01F0950S,01F0980S,31,104,9,01F0950S>01F0980S,20260827,42,104,103.66666666666667
2026-08-27 03:35:00,01F0950S,01F0980S,31,105,11,01F0950S>01F0980S,20260827,43,105,102.66666666666667
2026-08-27 03:40:00,01F0950S,01F0980S,31,103,8,01F0950S>01F0980S,20260827,44,103,107.33333333333333
2026-08-27 03:45:00,01F0950S,01F0980S,31,108,19,01F0950S>01F0980S,20260827,45,108,105.66666666666667
2026-08-27 03:50:00,01F0950S,01F0980S,31,109,11,01F0950S>01F0980S,20260827,46,109,105.66666666666667
2026-08-27 03:55:00,01F0950S,01F0980S,31,108,10,01F0950S>01F0980S,20260827,47,108,106.66666666666667
2026-08-27 04:00:00,01F0950S,01F0980S,31,106,25,01F0950S>01F0980S,20260827,48,106,106.0
2026-08-27 04:05:00,01F0950S,01F0980S,31,105,10,01F0950S>01F0980S,20260827,49,105,106.33333333333333
2026-08-27 04:10:00,01F0950S,01F0980S,31,103,19,01F0950S>01F0980S,20260827,50,103,103.0
2026-08-27 04:15:00,01F0950S,01F0980S,31,105,23,01F0950S>01F0980S,20260827,51,105,105.0
2026-08-27 04:20:00,01F0950S,01F0980S,31,104,22,01F0950S>01F0980S,20260827,52,104,105.66666666666667
2026-08-27 04:25:00,01F0950S,01F0980S,31,103,23,01F0950S>01F0980S,20260827,53,103,102.33333333333333
2026-08-27 04:30:00,01F0950S,01F0980S,31,103,18,01F0950S>01F0980S,20260827,54,103,104.33333333333333
2026-08-27 04:35:00,01F0950S,01F0980S,31,108,24,01F0950S>01F0980S,20260827,55,108,104.0
2026-08-27 04:40:00,01F0950S,01F0980S,31,103,24,01F0950S>01F0980S,20260827,56,103,102.33333333333333
2026-08-27 04:45:00,01F0950S,01F0980S,31,106,25,01F0950S>01F0980S,20260827,57,106,106.0
2026-08-27 04:50:00,01F0950S,01F0980S,31,105,31,01F0950S>01F0980S,20260827,58,105,103.0
2026-08-27 04:55:00,01F0950S,01F0980S,31,108,27,01F0950S>01F0980S,20260827,59,108,107.0
2026-08-27 05:00:00,01F0950S,01F0980S,31,105,30,01F0950S>01F0980S,20260827,60,105,104.66666666666667
2026-08-27 05:05:00,01F0950S,01F0980S,31,105,27,01F0950S>01F0980S,20260827,61,105,105.66666666666667
2026-08-27 05:10:00,01F0950S,01F0980S,31,103,27,01F0950S>01F0980S,20260827,62,103,106.0
2026-08-27 05:15:00,01F0950S,01F0980S,31,107,43,01F0950S>01F0980S,20260827,63,107,105.33333333333333
2026-08-27 05:20:00,01F0950S,01F0980S,31,107,34,01F0950S>01F0980S,20260827,64,107,106.0
2026-08-27 05:25:00,01F0950S,01F0980S,31,106,43,01F0950S>01F0980S,20260827,65,106,105.66666666666667
2026-08-27 05:30:00,01F0950S,01F0980S,31,101,41,01F0950S>01F0980S,20260827,66,101,100.33333333333333
2026-08-27 05:35:00,01F0950S,01F0980S,31,105,44,01F0950S>01F0980S,20260827,67,105,104.33333333333333
2026-08-27 05:40:00,01F0950S,01F0980S,31,103,48,01F0950S>01F0980S,20260827,68,103,104.0
2026-08-27 05:45:00,01F0950S,01F0980S,31,105,72,01F0950S>01F0980S,20260827,69,105,104.66666666666667
2026-08-27 05:50:00,01F0950S,01F0980S,31,103,78,01F0950S>01F0980S,20260827,70,103,104.0
2026-08-27 05:55:00,01F0950S,01F0980S,31,104,73,01F0950S>01F0980S,20260827,71,104,104.66666666666667
2026-08-27 06:00:00,01F0950S,01F0980S,31,105,68,01F0950S>01F0980S,20260827,72,105,105.0
2026-08-27 06:05:00,01F0950S,01F0980S,31,105,90,01F0950S>01F0980S,20260827,73,105,104.33333333333333
2026-08-27 06:10:00,01F0950S,01F0980S,31,106,91,01F0950S>01F0980S,20260827,74,106,105.0
2026-08-27 06:15:00,01F0950S,01F0980S,31,106,90,01F0950S>01F0980S,20260827,75,106,105.66666666666667
2026-08-27 06:20:00,01F0950S,01F0980S,31,107,110,01F0950S>01F0980S,20260827,76,107,105.33333333333333
2026-08-27 06:25:00,01F0950S,01F0980S,31,108,107,01F0950S>01F0980S,20260827,77,108,106.66666666666667
2026-08-27 06:30:00,01F0950S,01F0980S,31,108,123,01F0950S>01F0980S,20260827,78,108,107.0
2026-08-27 06:35:00,01F0950S,01F0980S,31,109,143,01F0950S>01F0980S,20260827,79,109,108.33333333333333
2026-08-27 06:40:00,01F0950S,01F0980S,31,110,138,01F0950S>01F0980S,20260827,80,110,109.66666666666667
2026-08-27 06:45:00,01F0950S,01F0980S,31,110,139,01F0950S>01F0980S,20260827,81,110,109.66666666666667
2026-08-27 06:50:00,01F0950S,01F0980S,31,114,155,01F0950S>01F0980S,20260827,82,114,110.33333333333333
2026-08-27 06:55:00,01F0950S,01F0980S,31,115,198,01F0950S>01F0980S,20260827,83,115,111.0
2026-08-27 07:00:00,01F0950S,01F0980S,31,112,148,01F0950S>01F0980S,20260827,84,112,110.0
2026-08-27 07:05:00,01F0950S,01F0980S,31,113,154,01F0950S>01F0980S,20260827,85,113,111.0
2026-08-27 07:10:00,01F0950S,01F0980S,31,111,137,01F0950S>01F0980S,20260827,86,111,110.66666666666667
2026-08-27 07:15:00,01F0950S,01F0980S,31,112,119,01F0950S>01F0980S,20260827,87,112,112.0
2026-08-27 07:20:00,01F0950S,01F0980S,31,113,131,01F0950S>01F0980S,20260827,88,113,112.0
2026-08-27 07:25:00,01F0950S,01F0980S,31,111,135,01F0950S>01F0980S,20260827,89,111,113.0
2026-08-27 07:30:00,01F0950S,01F0980S,31,109,136,01F0950S>01F0980S,20260827,90,109,111.0
2026-08-27 07:35:00,01F0950S,01F0980S,31,113,132,01F0950S>01F0980S,20260827,91,113,112.66666666666667
2026-08-27 07:40:00,01F0950S,01F0980S,31,116,134,01F0950S>01F0980S,20260827,92,116,113.66666666666667
2026-08-27 07:45:00,01F0950S,01F0980S,31,114,139,01F0950S>01F0980S,20260827,93,114,113.0
2026-08-27 07:50:00,01F0950S,01F0980S,31,113,164,01F0950S>01F0980S,20260827,94,113,112.66666666666667
2026-08-27 07:55:00,01F0950S,01F0980S,31,114,122,01F0950S>01F0980S,20260827,95,114,113.33333333333333
2026-08-27 08:00:00,01F0950S,01F0980S,31,114,147,01F0950S>01F0980S,20260827,96,114,112.66666666666667
2026-08-27 08:05:00,01F0950S,01F0980S,31,111,136,01F0950S>01F0980S,20260827,97,111,111.0
2026-08-27 08:10:00,01F0950S,01F0980S,31,112,148,01F0950S>01F0980S,20260827,98,112,109.66666666666667
2026-08-27 08:15:00,01F0950S,01F0980S,31,116,128,01F0950S>01F0980S,20260827,99,116,112.33333333333333
2026-08-27 08:20:00,01F0950S,01F0980S,31,112,125,01F0950S>01F0980S,20260827,100,112,110.66666666666667
2026-08-27 08:25:00,01F0950S,01F0980S,31,114,127,01F0950S>01F0980S,20260827,101,114,111.0
2026-08-27 08:30:00,01F0950S,01F0980S,31,111,105,01F0950S>01F0980S,20260827,102,111,111.66666666666667
2026-08-27 08:35:00,01F0950S,01F0980S,31,114,127,01F0950S>01F0980S,20260827,103,114,111.33333333333333
2026-08-27 08:40:00,01F0950S,01F0980S,31,113,147,01F0950S>01F0980S,20260827,104,113,111.66666666666667
2026-08-27 08:45:00,01F0950S,01F0980S,31,112,120,01F0950S>01F0980S,20260827,105,112,112.0
2026-08-27 08:50:00,01F0950S,01F0980S,31,113,140,01F0950S>01F0980S,20260827,106,113,111.0
2026-08-27 08:55:00,01F0950S,01F0980S,31,115,135,01F0950S>01F0980S,20260827,107,115,111.33333333333333
2026-08-27 09:00:00,01F0950S,01F0980S,31,117,152,01F0950S>01F0980S,20260827,108,117,113.33333333333333
2026-08-27 09:05:00,01F0950S,01F0980S,31,114,127,01F0950S>01F0980S,20260827,109,114,113.0
2026-08-27 09:10:00,01F0950S,01F0980S,31,113,133,01F0950S>01F0980S,20260827,110,113,113.0
2026-08-27 09:15:00,01F0950S,01F0980S,31,115,140,01F0950S>01F0980S,20260827,111,115,116.66666666666667
2026-08-27 09:20:00,01F0950S,01F0980S,31,116,117,01F0950S>01F0980S,20260827,112,116,114.66666666666667
2026-08-27 09:25:00,01F0950S,01F0980S,31,116,159,01F0950S>01F0980S,20260827,113,116,115.33333333333333
2026-08-27 09:30:00,01F0950S,01F0980S,31,115,111,01F0950S>01F0980S,20260827,114,115,117.0
2026-08-27 09:35:00,01F0950S,01F0980S,31,115,143,01F0950S>01F0980S,20260827,115,115,118.0
2026-08-27 09:40:00,01F0950S,01F0980S,31,118,129,01F0950S>01F0980S,20260827,116,118,118.33333333333333
2026-08-27 09:45:00,01F0950S,01F0980S,31,121,140,01F0950S>01F0980S,20260827,117,121,119.0
2026-08-27 09:50:00,01F0950S,01F0980S,31,118,145,01F0950S>01F0980S,20260827,118,118,116.33333333333333
2026-08-27 09:55:00,01F0950S,01F0980S,31,113,138,01F0950S>01F0980S,20260827,119,113,116.33333333333333
2026-08-27 10:00:00,01F0950S,01F0980S,31,117,133,01F0950S>01F0980S,20260827,120,117,118.33333333333333
2026-08-27 10:05:00,01F0950S,01F0980S,31,114,135,01F0950S>01F0980S,20260827,121,114,114.0
2026-08-27 10:10:00,01F0950S,01F0980S,31,109,113,01F0950S>01F0980S,20260827,122,109,113.66666666666667
2026-08-27 10:15:00,01F0950S,01F0980S,31,112,118,01F0950S>01F0980S,20260827,123,112,116.33333333333333
2026-08-27 10:20:00,01F0950S,01F0980S,31,111,112,01F0950S>01F0980S,20260827,124,111,116.66666666666667
2026-08-27 10:25:00,01F0950S,01F0980S,31,116,117,01F0950S>01F0980S,20260827,125,116,120.0
2026-08-27 10:30:00,01F0950S,01F0980S,31,115,107,01F0950S>01F0980S,20260827,126,115,116.66666666666667
2026-08-27 10:35:00,01F0950S,01F0980S,31,116,143,01F0950S>01F0980S,20260827,127,116,116.33333333333333
2026-08-27 10:40:00,01F0950S,01F0980S,31,117,159,01F0950S>01F0980S,20260827,128,117,117.66666666666667
2026-08-27 10:45:00,01F0950S,01F0980S,31,119,163,01F0950S>01F0980S,20260827,129,119,120.0
2026-08-27 10:50:00,01F0950S,01F0980S,31,118,122,01F0950S>01F0980S,20260827,130,118,118.33333333333333
2026-08-27 10:55:00,01F0950S,01F0980S,31,117,140,01F0950S>01F0980S,20260827,131,117,117.33333333333333
2026-08-27 11:00:00,01F0950S,01F0980S,31,124,131,01F0950S>01F0980S,20260827,132,124,120.33333333333333
2026-08-27 11:05:00,01F0950S,01F0980S,31,119,162,01F0950S>01F0980S,20260827,133,119,119.33333333333333
2026-08-27 11:10:00,01F0950S,01F0980S,31,118,145,01F0950S>01F0980S,20260827,134,118,118.33333333333333
2026-08-27 11:15:00,01F0950S,01F0980S,31,115,120,01F0950S>01F0980S,20260827,135,115,114.66666666666667
2026-08-27 11:20:00,01F0950S,01F0980S,31,115,115,01F0950S>01F0980S,20260827,136,115,115.66666666666667
2026-08-27 11:25:00,01F0950S,01F0980S,31,114,126,01F0950S>01F0980S,20260827,137,114,114.66666666666667
2026-08-27 11:30:00,01F0950S,01F0980S,31,118,136,01F0950S>01F0980S,20260827,138,118,115.66666666666667
2026-08-27 11:35:00,01F0950S,01F0980S,31,113,120,01F0950S>01F0980S,20260827,139,113,116.33333333333333
2026-08-27 11:40:00,01F0950S,01F0980S,31,117,143,01F0950S>01F0980S,20260827,140,117,115.33333333333333
2026-08-27 11:45:00,01F0950S,01F0980S,31,114,41,01F0950S>01F0980S,20260827,141,114,114.66666666666667
2026-08-27 11:50:00,01F0950S,01F0980S,31,116,130,01F0950S>01F0980S,20260827,142,116,113.66666666666667
2026-08-27 11:55:00,01F0950S,01F0980S,31,116,143,01F0950S>01F0980S,20260827,143,116,113.66666666666667
2026-08-27 12:00:00,01F0950S,01F0980S,31,113,130,01F0950S>01F0980S,20260827,144,113,111.0
2026-08-27 12:05:00,01F0950S,01F0980S,31,116,140,01F0950S>01F0980S,20260827,145,116,113.66666666666667
2026-08-27 12:10:00,01F0950S,01F0980S,31,117,147,01F0950S>01F0980S,20260827,146,117,114.0
2026-08-27 12:15:00,01F0950S,01F0980S,31,117,126,01F0950S>01F0980S,20260827,147,117,112.0
2026-08-27 12:20:00,01F0950S,01F0980S,31,121,160,01F0950S>01F0980S,20260827,148,121,114.66666666666667
2026-08-27 12:25:00,01F0950S,01F0980S,31,126,184,01F0950S>01F0980S,20260827,149,126,117.66666666666667
2026-08-27 12:30:00,01F0950S,01F0980S,31,115,164,01F0950S>01F0980S,20260827,150,115,113.33333333333333
2026-08-27 12:35:00,01F0950S,01F0980S,31,114,135,01F0950S>01F0980S,20260827,151,114,112.0
2026-08-27 12:40:00,01F0950S,01F0980S,31,108,113,01F0950S>01F0980S,20260827,152,108,109.33333333333333
2026-08-27 12:45:00,01F0950S,01F0980S,31,110,107,01F0950S>01F0980S,20260827,153,110,111.0
2026-08-27 12:50:00,01F0950S,01F0980S,31,109,119,01F0950S>01F0980S,20260827,154,109,110.0
2026-08-27 12:55:00,01F0950S,01F0980S,31,109,107,01F0950S>01F0980S,20260827,155,109,109.33333333333333
2026-08-27 13:00:00,01F0950S,01F0980S,31,115,113,01F0950S>01F0980S,20260827,156,115,110.0
2026-08-27 13:05:00,01F0950S,01F0980S,31,138,136,01F0950S>01F0980S,20260827,157,138,119.66666666666667
2026-08-27 13:10:00,01F0950S,01F0980S,31,125,119,01F0950S>01F0980S,20260827,158,125,116.33333333333333
2026-08-27 13:15:00,01F0950S,01F0980S,31,117,126,01F0950S>01F0980S,20260827,159,117,112.33333333333333
2026-08-27 13:20:00,01F0950S,01F0980S,31,110,124,01F0950S>01F0980S,20260827,160,110,110.0
2026-08-27 13:25:00,01F0950S,01F0980S,31,111,117,01F0950S>01F0980S,20260827,161,111,109.33333333333333
2026-08-27 13:30:00,01F0950S,01F0980S,31,109,132,01F0950S>01F0980S,20260827,162,109,111.0
2026-08-27 13:35:00,01F0950S,01F0980S,31,107,93,01F0950S>01F0980S,20260827,163,107,110.66666666666667
2026-08-27 13:40:00,01F0950S,01F0980S,31,112,98,01F0950S>01F0980S,20260827,164,112,112.33333333333333
2026-08-27 13:45:00,01F0950S,01F0980S,31,112,133,01F0950S>01F0980S,20260827,165,112,113.0
2026-08-27 13:50:00,01F0950S,01F0980S,31,110,139,01F0950S>01F0980S,20260827,166,110,112.66666666666667
2026-08-27 13:55:00,01F0950S,01F0980S,31,109,117,01F0950S>01F0980S,20260827,167,109,112.66666666666667
2026-08-27 14:00:00,01F0950S,01F0980S,31,112,108,01F0950S>01F0980S,20260827,168,112,113.66666666666667
2026-08-27 14:05:00,01F0950S,01F0980S,31,112,124,01F0950S>01F0980S,20260827,169,112,113.33333333333333
2026-08-27 14:10:00,01F0950S,01F0980S,31,110,117,01F0950S>01F0980S,20260827,170,110,114.33333333333333
2026-08-27 14:15:00,01F0950S,01F0980S,31,113,120,01F0950S>01F0980S,20260827,171,113,114.33333333333333
2026-08-27 14:20:00,01F0950S,01F0980S,31,110,137,01F0950S>01F0980S,20260827,172,110,120.66666666666667
2026-08-27 14:25:00,01F0950S,01F0980S,31,110,103,01F0950S>01F0980S,20260827,173,110,120.0
2026-08-27 14:30:00,01F0950S,01F0980S,31,111,131,01F0950S>01F0980S,20260827,174,111,117.0
2026-08-27 14:35:00,01F0950S,01F0980S,31,111,111,01F0950S>01F0980S,20260827,175,111,114.33333333333333
2026-08-27 14:40:00,01F0950S,01F0980S,31,110,111,01F0950S>01F0980S,20260827,176,110,115.66666666666667
2026-08-27 14:45:00,01F0950S,01F0980S,31,116,148,01F0950S>01F0980S,20260827,177,116,118.66666666666667
2026-08-27 14:50:00,01F0950S,01F0980S,31,111,135,01F0950S>01F0980S,20260827,178,111,117.33333333333333
2026-08-27 14:55:00,01F0950S,01F0980S,31,114,125,01F0950S>01F0980S,20260827,179,114,123.33333333333333
2026-08-27 15:00:00,01F0950S,01F0980S,31,113,141,01F0950S>01F0980S,20260827,180,113,120.66666666666667
2026-08-27 15:05:00,01F0950S,01F0980S,31,112,139,01F0950S>01F0980S,20260827,181,112,119.66666666666667
2026-08-27 15:10:00,01F0950S,01F0980S,31,114,161,01F0950S>01F0980S,20260827,182,114,115.0
2026-08-27 15:15:00,01F0950S,01F0980S,31,112,128,01F0950S>01F0980S,20260827,183,112,114.33333333333333
2026-08-27 15:20:00,01F0950S,01F0980S,31,112,121,01F0950S>01F0980S,20260827,184,112,114.66666666666667
2026-08-27 15:25:00,01F0950S,01F0980S,31,114,149,01F0950S>01F0980S,20260827,185,114,117.0
2026-08-27 15:30:00,01F0950S,01F0980S,31,112,154,01F0950S>01F0980S,20260827,186,112,114.66666666666667
2026-08-27 15:35:00,01F0950S,01F0980S,31,113,131,01F0950S>01F0980S,20260827,187,113,118.66666666666667
2026-08-27 15:40:00,01F0950S,01F0980S,31,112,123,01F0950S>01F0980S,20260827,188,112,115.66666666666667
2026-08-27 15:45:00,01F0950S,01F0980S,31,114,133,01F0950S>01F0980S,20260827,189,114,119.0
2026-08-27 15:50:00,01F0950S,01F0980S,31,116,123,01F0950S>01F0980S,20260827,190,116,117.33333333333333
2026-08-27 15:55:00,01F0950S,01F0980S,31,114,163,01F0950S>01F0980S,20260827,191,114,118.0
2026-08-27 16:00:00,01F0950S,01F0980S,31,113,136,01F0950S>01F0980S,20260827,192,113,119.0
2026-08-27 16:05:00,01F0950S,01F0980S,31,113,135,01F0950S>01F0980S,20260827,193,113,119.66666666666667
2026-08-27 16:10:00,01F0950S,01F0980S,31,115,144,01F0950S>01F0980S,20260827,194,115,126.66666666666667
2026-08-27 16:15:00,01F0950S,01F0980S,31,117,136,01F0950S>01F0980S,20260827,195,117,134.0
2026-08-27 16:20:00,01F0950S,01F0980S,31,127,154,01F0950S>01F0980S,20260827,196,127,152.33333333333334
2026-08-27 16:25:00,01F0950S,01F0980S,31,120,184,01F0950S>01F0980S,20260827,197,120,148.66666666666666
2026-08-27 16:30:00,01F0950S,01F0980S,31,117,162,01F0950S>01F0980S,20260827,198,117,147.0
2026-08-27 16:35:00,01F0950S,01F0980S,31,116,182,01F0950S>01F0980S,20260827,199,116,150.66666666666666
2026-08-27 16:40:00,01F0950S,01F0980S,31,114,146,01F0950S>01F0980S,20260827,200,114,169.33333333333334
2026-08-27 16:45:00,01F0950S,01F0980S,31,114,147,01F0950S>01F0980S,20260827,201,114,182.33333333333334
2026-08-27 16:50:00,01F0950S,01F0980S,31,117,150,01F0950S>01F0980S,20260827,202,117,195.0
2026-08-27 16:55:00,01F0950S,01F0980S,31,121,147,01F0950S>01F0980S,20260827,203,121,197.66666666666666
2026-08-27 17:00:00,01F0950S,01F0980S,31,119,161,01F0950S>01F0980S,20260827,204,119,220.0
2026-08-27 17:05:00,01F0950S,01F0980S,31,125,159,01F0950S>01F0980S,20260827,205,125,227.33333333333334
2026-08-27 17:10:00,01F0950S,01F0980S,31,125,163,01F0950S>01F0980S,20260827,206,125,253.33333333333334
2026-08-27 17:15:00,01F0950S,01F0980S,31,124,197,01F0950S>01F0980S,20260827,207,124,229.0
2026-08-27 17:20:00,01F0950S,01F0980S,31,113,149,01F0950S>01F0980S,20260827,208,113,196.66666666666666
2026-08-27 17:25:00,01F0950S,01F0980S,31,127,182,01F0950S>01F0980S,20260827,209,127,192.0
2026-08-27 17:30:00,01F0950S,01F0980S,31,120,162,01F0950S>01F0980S,20260827,210,120,195.33333333333334
2026-08-27 17:35:00,01F0950S,01F0980S,31,121,171,01F0950S>01F0980S,20260827,211,121,201.66666666666666
2026-08-27 17:40:00,01F0950S,01F0980S,31,121,182,01F0950S>01F0980S,20260827,212,121,200.0
2026-08-27 17:45:00,01F0950S,01F0980S,31,118,182,01F0950S>01F0980S,20260827,213,118,192.33333333333334
2026-08-27 17:50:00,01F0950S,01F0980S,31,117,191,01F0950S>01F0980S,20260827,214,117,189.66666666666666
2026-08-27 17:55:00,01F0950S,01F0980S,31,119,188,01F0950S>01F0980S,20260827,215,119,185.33333333333334
2026-08-27 18:00:00,01F0950S,01F0980S,31,118,183,01F0950S>01F0980S,20260827,216,118,180.66666666666666
2026-08-27 18:05:00,01F0950S,01F0980S,31,122,166,01F0950S>01F0980S,20260827,217,122,167.66666666666666
2026-08-27 18:10:00,01F0950S,01F0980S,31,120,160,01F0950S>01F0980S,20260827,218,120,166.66666666666666
2026-08-27 18:15:00,01F0950S,01F0980S,31,125,181,01F0950S>01F0980S,20260827,219,125,173.0
2026-08-27 18:20:00,01F0950S,01F0980S,31,122,170,01F0950S>01F0980S,20260827,220,122,171.66666666666666
2026-08-27 18:25:00,01F0950S,01F0980S,31,122,165,01F0950S>01F0980S,20260827,221,122,174.0
2026-08-27 18:30:00,01F0950S,01F0980S,31,118,155,01F0950S>01F0980S,20260827,222,118,168.66666666666666
2026-08-27 18:35:00,01F0950S,01F0980S,31,116,157,01F0950S>01F0980S,20260827,223,116,162.66666666666666
2026-08-27 18:40:00,01F0950S,01F0980S,31,118,156,01F0950S>01F0980S,20260827,224,118,159.33333333333334
2026-08-27 18:45:00,01F0950S,01F0980S,31,122,172,01F0950S>01F0980S,20260827,225,122,158.66666666666666
2026-08-27 18:50:00,01F0950S,01F0980S,31,116,135,01F0950S>01F0980S,20260827,226,116,156.66666666666666
2026-08-27 18:55:00,01F0950S,01F0980S,31,118,146,01F0950S>01F0980S,20260827,227,118,151.66666666666666
2026-08-27 19:00:00,01F0950S,01F0980S,31,114,147,01F0950S>01F0980S,20260827,228,114,155.33333333333334
2026-08-27 19:05:00,01F0950S,01F0980S,31,113,144,01F0950S>01F0980S,20260827,229,113,153.33333333333334
2026-08-27 19:10:00,01F0950S,01F0980S,31,108,126,01F0950S>01F0980S,20260827,230,108,180.0
2026-08-27 19:15:00,01F0950S,01F0980S,31,115,130,01F0950S>01F0980S,20260827,231,115,180.33333333333334
2026-08-27 19:20:00,01F0950S,01F0980S,31,112,137,01F0950S>01F0980S,20260827,232,112,153.66666666666666
2026-08-27 19:25:00,01F0950S,01F0980S,31,111,119,01F0950S>01F0980S,20260827,233,111,151.0
2026-08-27 19:30:00,01F0950S,01F0980S,31,111,128,01F0950S>01F0980S,20260827,234,111,147.0
2026-08-27 19:35:00,01F0950S,01F0980S,31,108,122,01F0950S>01F0980S,20260827,235,108,149.0
2026-08-27 19:40:00,01F0950S,01F0980S,31,112,110,01F0950S>01F0980S,20260827,236,112,149.33333333333334
2026-08-27 19:45:00,01F0950S,01F0980S,31,112,116,01F0950S>01F0980S,20260827,237,112,152.33333333333334
2026-08-27 19:50:00,01F0950S,01F0980S,31,111,148,01F0950S>01F0980S,20260827,238,111,147.66666666666666
2026-08-27 19:55:00,01F0950S,01F0980S,31,112,159,01F0950S>01F0980S,20260827,239,112,137.0
2026-08-27 20:00:00,01F0950S,01F0980S,31,109,121,01F0950S>01F0980S,20260827,240,109,139.0
2026-08-27 20:05:00,01F0950S,01F0980S,31,111,126,01F0950S>01F0980S,20260827,241,111,121.66666666666667
2026-08-27 20:10:00,01F0950S,01F0980S,31,107,124,01F0950S>01F0980S,20260827,242,107,113.0
2026-08-27 20:15:00,01F0950S,01F0980S,31,107,109,01F0950S>01F0980S,20260827,243,107,113.66666666666667
2026-08-27 20:20:00,01F0950S,01F0980S,31,109,139,01F0950S>01F0980S,20260827,244,109,114.0
2026-08-27 20:25:00,01F0950S,01F0980S,31,108,126,01F0950S>01F0980S,20260827,245,108,113.33333333333333
2026-08-27 20:30:00,01F0950S,01F0980S,31,108,106,01F0950S>01F0980S,20260827,246,108,114.0
2026-08-27 20:35:00,01F0950S,01F0980S,31,110,131,01F0950S>01F0980S,20260827,247,110,110.66666666666667
2026-08-27 20:40:00,01F0950S,01F0980S,31,108,107,01F0950S>01F0980S,20260827,248,108,109.33333333333333
2026-08-27 20:45:00,01F0950S,01F0980S,31,107,109,01F0950S>01F0980S,20260827,249,107,111.33333333333333
2026-08-27 20:50:00,01F0950S,01F0980S,31,104,99,01F0950S>01F0980S,20260827,250,104,108.33333333333333
2026-08-27 20:55:00,01F0950S,01F0980S,31,108,115,01F0950S>01F0980S,20260827,251,108,111.0
2026-08-27 21:00:00,01F0950S,01F0980S,31,108,99,01F0950S>01F0980S,20260827,252,108,119.33333333333333
2026-08-27 21:05:00,01F0950S,01F0980S,31,109,95,01F0950S>01F0980S,20260827,253,109,113.0
2026-08-27 21:10:00,01F0950S,01F0980S,31,107,107,01F0950S>01F0980S,20260827,254,107,111.0
2026-08-27 21:15:00,01F0950S,01F0980S,31,106,97,01F0950S>01F0980S,20260827,255,106,113.66666666666667
2026-08-27 21:20:00,01F0950S,01F0980S,31,108,110,01F0950S>01F0980S,20260827,256,108,110.0
2026-08-27 21:25:00,01F0950S,01F0980S,31,108,107,01F0950S>01F0980S,20260827,257,108,109.33333333333333
2026-08-27 21:30:00,01F0950S,01F0980S,31,107,118,01F0950S>01F0980S,20260827,258,107,108.33333333333333
2026-08-27 21:35:00,01F0950S,01F0980S,31,105,104,01F0950S>01F0980S,20260827,259,105,109.66666666666667
2026-08-27 21:40:00,01F0950S,01F0980S,31,106,105,01F0950S>01F0980S,20260827,260,106,109.66666666666667
2026-08-27 21:45:00,01F0950S,01F0980S,31,107,112,01F0950S>01F0980S,20260827,261,107,109.0
2026-08-27 21:50:00,01F0950S,01F0980S,31,109,99,01F0950S>01F0980S,20260827,262,109,109.0
2026-08-27 21:55:00,01F0950S,01F0980S,31,105,97,01F0950S>01F0980S,20260827,263,105,108.33333333333333
2026-08-27 22:00:00,01F0950S,01F0980S,31,107,93,01F0950S>01F0980S,20260827,264,107,108.0
2026-08-27 22:05:00,01F0950S,01F0980S,31,108,90,01F0950S>01F0980S,20260827,265,108,108.66666666666667
2026-08-27 22:10:00,01F0950S,01F0980S,31,103,80,01F0950S>01F0980S,20260827,266,103,105.66666666666667
2026-08-27 22:15:00,01F0950S,01F0980S,31,107,71,01F0950S>01F0980S,20260827,267,107,108.0
2026-08-27 22:20:00,01F0950S,01F0980S,31,106,83,01F0950S>01F0980S,20260827,268,106,106.0
2026-08-27 22:25:00,01F0950S,01F0980S,31,109,69,01F0950S>01F0980S,20260827,269,109,107.0
2026-08-27 22:30:00,01F0950S,01F0980S,31,106,77,01F0950S>01F0980S,20260827,270,106,106.0
2026-08-27 22:35:00,01F0950S,01F0980S,31,103,69,01F0950S>01F0980S,20260827,271,103,105.0
2026-08-27 22:40:00,01F0950S,01F0980S,31,105,70,01F0950S>01F0980S,20260827,272,105,106.0
2026-08-27 22:45:00,01F0950S,01F0980S,31,105,82,01F0950S>01F0980S,20260827,273,105,104.66666666666667
2026-08-27 22:50:00,01F0950S,01F0980S,31,103,65,01F0950S>01F0980S,20260827,274,103,106.33333333333333
2026-08-27 22:55:00,01F0950S,01F0980S,31,103,55,01F0950S>01F0980S,20260827,275,103,104.0
2026-08-27 23:00:00,01F0950S,01F0980S,31,105,57,01F0950S>01F0980S,20260827,276,105,104.0
2026-08-27 23:05:00,01F0950S,01F0980S,31,103,61,01F0950S>01F0980S,20260827,277,103,103.0
2026-08-27 23:10:00,01F0950S,01F0980S,31,106,67,01F0950S>01F0980S,20260827,278,106,104.33333333333333
2026-08-27 23:15:00,01F0950S,01F0980S,31,105,66,01F0950S>01F0980S,20260827,279,105,104.33333333333333
2026-08-27 23:20:00,01F0950S,01F0980S,31,101,66,01F0950S>01F0980S,20260827,280,101,103.33333333333333
2026-08-27 23:25:00,01F0950S,01F0980S,31,103,56,01F0950S>01F0980S,20260827,281,103,103.33333333333333
2026-08-27 23:30:00,01F0950S,01F0980S,31,104,57,01F0950S>01F0980S,20260827,282,104,104.66666666666667
2026-08-27 23:35:00,01F0950S,01F0980S,31,104,52,01F0950S>01F0980S,20260827,283,104,103.33333333333333
2026-08-27 23:40:00,01F0950S,01F0980S,31,105,33,01F0950S>01F0980S,20260827,284,105,106.33333333333333
2026-08-27 23:45:00,01F0950S,01F0980S,31,104,31,01F0950S>01F0980S,20260827,285,104,105.0
2026-08-27 23:50:00,01F0950S,01F0980S,31,104,50,01F0950S>01F0980S,20260827,286,104,103.33333333333333
2026-08-27 23:55:00,01F0950S,01F0980S,31,104,36,01F0950S>01F0980S,20260827,287,104,103.33333333333333
2026-08-28 00:00:00,01F0950S,01F0980S,31,103,47,01F0950S>01F0980S,20260828,0,103,103.66666666666667
2026-08-28 00:05:00,01F0950S,01F0980S,31,103,42,01F0950S>01F0980S,20260828,1,103,103.66666666666667
2026-08-28 00:10:00,01F0950S,01F0980S,31,103,41,01F0950S>01F0980S,20260828,2,103,103.33333333333333
2026-08-28 00:15:00,01F0950S,01F0980S,31,107,48,01F0950S>01F0980S,20260828,3,107,104.0
2026-08-28 00:20:00,01F0950S,01F0980S,31,101,33,01F0950S>01F0980S,20260828,4,101,101.66666666666667
2026-08-28 00:25:00,01F0950S,01F0980S,31,104,40,01F0950S>01F0980S,20260828,5,104,103.0
2026-08-28 00:30:00,01F0950S,01F0980S,31,103,44,01F0950S>01F0980S,20260828,6,103,102.66666666666667
2026-08-28 00:35:00,01F0950S,01F0980S,31,104,39,01F0950S>01F0980S,20260828,7,104,103.33333333333333
2026-08-28 00:40:00,01F0950S,01F0980S,31,101,36,01F0950S>01F0980S,20260828,8,101,104.0
2026-08-28 00:45:00,01F0950S,01F0980S,31,102,38,01F0950S>01F0980S,20260828,9,102,102.0
2026-08-28 00:50:00,01F0950S,01F0980S,31,103,37,01F0950S>01F0980S,20260828,10,103,102.0
2026-08-28 00:55:00,01F0950S,01F0980S,31,103,30,01F0950S>01F0980S,20260828,11,103,103.0
2026-08-28 01:00:00,01F0950S,01F0980S,31,100,32,01F0950S>01F0980S,20260828,12,100,102.66666666666667
2026-08-28 01:05:00,01F0950S,01F0980S,31,103,22,01F0950S>01F0980S,20260828,13,103,102.33333333333333
2026-08-28 01:10:00,01F0950S,01F0980S,31,106,25,01F0950S>01F0980S,20260828,14,106,104.33333333333333
2026-08-28 01:15:00,01F0950S,01F0980S,31,104,28,01F0950S>01F0980S,20260828,15,104,104.0
2026-08-28 01:20:00,01F0950S,01F0980S,31,102,19,01F0950S>01F0980S,20260828,16,102,104.0
2026-08-28 01:25:00,01F0950S,01F0980S,31,102,28,01F0950S>01F0980S,20260828,17,102,103.33333333333333
2026-08-28 01:30:00,01F0950S,01F0980S,31,105,22,01F0950S>01F0980S,20260828,18,105,103.0
2026-08-28 01:35:00,01F0950S,01F0980S,31,103,26,01F0950S>01F0980S,20260828,19,103,103.66666666666667
2026-08-28 01:40:00,01F0950S,01F0980S,31,100,17,01F0950S>01F0980S,20260828,20,100,102.0
2026-08-28 01:45:00,01F0950S,01F0980S,31,100,27,01F0950S>01F0980S,20260828,21,100,101.33333333333333
2026-08-28 01:50:00,01F0950S,01F0980S,31,102,25,01F0950S>01F0980S,20260828,22,102,103.66666666666667
2026-08-28 01:55:00,01F0950S,01F0980S,31,107,21,01F0950S>01F0980S,20260828,23,107,105.0
2026-08-28 02:00:00,01F0950S,01F0980S,31,102,23,01F0950S>01F0980S,20260828,24,102,102.33333333333333
2026-08-28 02:05:00,01F0950S,01F0980S,31,101,32,01F0950S>01F0980S,20260828,25,101,102.66666666666667
2026-08-28 02:10:00,01F0950S,01F0980S,31,104,23,01F0950S>01F0980S,20260828,26,104,104.66666666666667
2026-08-28 02:15:00,01F0950S,01F0980S,31,106,14,01F0950S>01F0980S,20260828,27,106,104.0
2026-08-28 02:20:00,01F0950S,01F0980S,31,103,17,01F0950S>01F0980S,20260828,28,103,102.33333333333333
2026-08-28 02:25:00,01F0950S,01F0980S,31,106,19,01F0950S>01F0980S,20260828,29,106,105.33333333333333
2026-08-28 02:30:00,01F0950S,01F0980S,31,105,17,01F0950S>01F0980S,20260828,30,105,107.0
2026-08-28 02:35:00,01F0950S,01F0980S,31,103,12,01F0950S>01F0980S,20260828,31,103,104.0
2026-08-28 02:40:00,01F0950S,01F0980S,31,98,13,01F0950S>01F0980S,20260828,32,98,100.0
2026-08-28 02:45:00,01F0950S,01F0980S,31,102,18,01F0950S>01F0980S,20260828,33,102,104.0
2026-08-28 02:50:00,01F0950S,01F0980S,31,103,19,01F0950S>01F0980S,20260828,34,103,104.66666666666667
2026-08-28 02:55:00,01F0950S,01F0980S,31,103,14,01F0950S>01F0980S,20260828,35,103,104.0
2026-08-28 03:00:00,01F0950S,01F0980S,31,103,20,01F0950S>01F0980S,20260828,36,103,103.66666666666667
2026-08-28 03:05:00,01F0950S,01F0980S,31,107,17,01F0950S>01F0980S,20260828,37,107,105.0
2026-08-28 03:10:00,01F0950S,01F0980S,31,108,12,01F0950S>01F0980S,20260828,38,108,103.33333333333333
2026-08-28 03:15:00,01F0950S,01F0980S,31,103,13,01F0950S>01F0980S,20260828,39,103,105.0
2026-08-28 03:20:00,01F0950S,01F0980S,31,106,7,01F0950S>01F0980S,20260828,40,106,106.66666666666667
2026-08-28 03:25:00,01F0950S,01F0980S,31,102,12,01F0950S>01F0980S,20260828,41,102,103.66666666666667
2026-08-28 03:30:00,01F0950S,01F0980S,31,103,14,01F0950S>01F0980S,20260828,42,103,103.66666666666667
2026-08-28 03:35:00,01F0950S,01F0980S,31,105,8,01F0950S>01F0980S,20260828,43,105,102.66666666666667
2026-08-28 03:40:00,01F0950S,01F0980S,31,107,7,01F0950S>01F0980S,20260828,44,107,107.33333333333333
2026-08-28 03:45:00,01F0950S,01F0980S,31,105,14,01F0950S>01F0980S,20260828,45,105,105.66666666666667
2026-08-28 03:50:00,01F0950S,01F0980S,31,108,16,01F0950S>01F0980S,20260828,46,108,105.66666666666667
2026-08-28 03:55:00,01F0950S,01F0980S,31,109,14,01F0950S>01F0980S,20260828,47,109,106.66666666666667
2026-08-28 04:00:00,01F0950S,01F0980S,31,105,14,01F0950S>01F0980S,20260828,48,105,106.0
2026-08-28 04:05:00,01F0950S,01F0980S,31,106,13,01F0950S>01F0980S,20260828,49,106,106.33333333333333
2026-08-28 04:10:00,01F0950S,01F0980S,31,102,9,01F0950S>01F0980S,20260828,50,102,103.0
2026-08-28 04:15:00,01F0950S,01F0980S,31,105,14,01F0950S>01F0980S,20260828,51,105,105.0
2026-08-28 04:20:00,01F0950S,01F0980S,31,106,17,01F0950S>01F0980S,20260828,52,106,105.66666666666667
2026-08-28 04:25:00,01F0950S,01F0980S,31,105,9,01F0950S>01F0980S,20260828,53,105,102.33333333333333
2026-08-28 04:30:00,01F0950S,01F0980S,31,103,18,01F0950S>01F0980S,20260828,54,103,104.33333333333333
2026-08-28 04:35:00,01F0950S,01F0980S,31,98,22,01F0950S>01F0980S,20260828,55,98,104.0
2026-08-28 04:40:00,01F0950S,01F0980S,31,101,16,01F0950S>01F0980S,20260828,56,101,102.33333333333333
2026-08-28 04:45:00,01F0950S,01F0980S,31,108,16,01F0950S>01F0980S,20260828,57,108,106.0
2026-08-28 04:50:00,01F0950S,01F0980S,31,102,9,01F0950S>01F0980S,20260828,58,102,103.0
2026-08-28 04:55:00,01F0950S,01F0980S,31,105,24,01F0950S>01F0980S,20260828,59,105,107.0
2026-08-28 05:00:00,01F0950S,01F0980S,31,105,25,01F0950S>01F0980S,20260828,60,105,104.66666666666667
2026-08-28 05:05:00,01F0950S,01F0980S,31,108,22,01F0950S>01F0980S,20260828,61,108,105.66666666666667
2026-08-28 05:10:00,01F0950S,01F0980S,31,107,25,01F0950S>01F0980S,20260828,62,107,106.0
2026-08-28 05:15:00,01F0950S,01F0980S,31,104,40,01F0950S>01F0980S,20260828,63,104,105.33333333333333
2026-08-28 05:20:00,01F0950S,01F0980S,31,107,31,01F0950S>01F0980S,20260828,64,107,106.0
2026-08-28 05:25:00,01F0950S,01F0980S,31,107,34,01F0950S>01F0980S,20260828,65,107,105.66666666666667
2026-08-28 05:30:00,01F0950S,01F0980S,31,101,26,01F0950S>01F0980S,20260828,66,101,100.33333333333333
2026-08-28 05:35:00,01F0950S,01F0980S,31,106,31,01F0950S>01F0980S,20260828,67,106,104.33333333333333
2026-08-28 05:40:00,01F0950S,01F0980S,31,106,37,01F0950S>01F0980S,20260828,68,106,104.0
2026-08-28 05:45:00,01F0950S,01F0980S,31,104,43,01F0950S>01F0980S,20260828,69,104,104.66666666666667
2026-08-28 05:50:00,01F0950S,01F0980S,31,104,63,01F0950S>01F0980S,20260828,70,104,104.0
2026-08-28 05:55:00,01F0950S,01F0980S,31,108,48,01F0950S>01F0980S,20260828,71,108,104.66666666666667
2026-08-28 06:00:00,01F0950S,01F0980S,31,106,51,01F0950S>01F0980S,20260828,72,106,105.0
2026-08-28 06:05:00,01F0950S,01F0980S,31,106,64,01F0950S>01F0980S,20260828,73,106,104.33333333333333
2026-08-28 06:10:00,01F0950S,01F0980S,31,103,70,01F0950S>01F0980S,20260828,74,103,105.0
2026-08-28 06:15:00,01F0950S,01F0980S,31,107,81,01F0950S>01F0980S,20260828,75,107,105.66666666666667
2026-08-28 06:20:00,01F0950S,01F0980S,31,104,83,01F0950S>01F0980S,20260828,76,104,105.33333333333333
2026-08-28 06:25:00,01F0950S,01F0980S,31,104,87,01F0950S>01F0980S,20260828,77,104,106.66666666666667
2026-08-28 06:30:00,01F0950S,01F0980S,31,107,119,01F0950S>01F0980S,20260828,78,107,107.0
2026-08-28 06:35:00,01F0950S,01F0980S,31,109,109,01F0950S>01F0980S,20260828,79,109,108.33333333333333
2026-08-28 06:40:00,01F0950S,01F0980S,31,109,127,01F0950S>01F0980S,20260828,80,109,109.66666666666667
2026-08-28 06:45:00,01F0950S,01F0980S,31,111,137,01F0950S>01F0980S,20260828,81,111,109.66666666666667
2026-08-28 06:50:00,01F0950S,01F0980S,31,108,131,01F0950S>01F0980S,20260828,82,108,110.33333333333333
2026-08-28 06:55:00,01F0950S,01F0980S,31,108,143,01F0950S>01F0980S,20260828,83,108,111.0
2026-08-28 07:00:00,01F0950S,01F0980S,31,108,123,01F0950S>01F0980S,20260828,84,108,110.0
2026-08-28 07:05:00,01F0950S,01F0980S,31,109,125,01F0950S>01F0980S,20260828,85,109,111.0
2026-08-28 07:10:00,01F0950S,01F0980S,31,111,118,01F0950S>01F0980S,20260828,86,111,110.66666666666667
2026-08-28 07:15:00,01F0950S,01F0980S,31,114,137,01F0950S>01F0980S,20260828,87,114,112.0
2026-08-28 07:20:00,01F0950S,01F0980S,31,113,136,01F0950S>01F0980S,20260828,88,113,112.0
2026-08-28 07:25:00,01F0950S,01F0980S,31,115,130,01F0950S>01F0980S,20260828,89,115,113.0
2026-08-28 07:30:00,01F0950S,01F0980S,31,112,131,01F0950S>01F0980S,20260828,90,112,111.0
2026-08-28 07:35:00,01F0950S,01F0980S,31,113,136,01F0950S>01F0980S,20260828,91,113,112.66666666666667
2026-08-28 07:40:00,01F0950S,01F0980S,31,113,109,01F0950S>01F0980S,20260828,92,113,113.66666666666667
2026-08-28 07:45:00,01F0950S,01F0980S,31,114,108,01F0950S>01F0980S,20260828,93,114,113.0
2026-08-28 07:50:00,01F0950S,01F0980S,31,115,139,01F0950S>01F0980S,20260828,94,115,112.66666666666667
2026-08-28 07:55:00,01F0950S,01F0980S,31,115,112,01F0950S>01F0980S,20260828,95,115,113.33333333333333
2026-08-28 08:00:00,01F0950S,01F0980S,31,114,117,01F0950S>01F0980S,20260828,96,114,112.66666666666667
2026-08-28 08:05:00,01F0950S,01F0980S,31,113,141,01F0950S>01F0980S,20260828,97,113,111.0
2026-08-28 08:10:00,01F0950S,01F0980S,31,110,126,01F0950S>01F0980S,20260828,98,110,109.66666666666667
2026-08-28 08:15:00,01F0950S,01F0980S,31,114,153,01F0950S>01F0980S,20260828,99,114,112.33333333333333
2026-08-28 08:20:00,01F0950S,01F0980S,31,112,130,01F0950S>01F0980S,20260828,100,112,110.66666666666667
2026-08-28 08:25:00,01F0950S,01F0980S,31,109,127,01F0950S>01F0980S,20260828,101,109,111.0
2026-08-28 08:30:00,01F0950S,01F0980S,31,114,124,01F0950S>01F0980S,20260828,102,114,111.66666666666667
2026-08-28 08:35:00,01F0950S,01F0980S,31,110,118,01F0950S>01F0980S,20260828,103,110,111.33333333333333
2026-08-28 08:40:00,01F0950S,01F0980S,31,112,117,01F0950S>01F0980S,20260828,104,112,111.66666666666667
2026-08-28 08:45:00,01F0950S,01F0980S,31,113,135,01F0950S>01F0980S,20260828,105,113,112.0
2026-08-28 08:50:00,01F0950S,01F0980S,31,111,127,01F0950S>01F0980S,20260828,106,111,111.0
2026-08-28 08:55:00,01F0950S,01F0980S,31,111,127,01F0950S>01F0980S,20260828,107,111,111.33333333333333
2026-08-28 09:00:00,01F0950S,01F0980S,31,112,108,01F0950S>01F0980S,20260828,108,112,113.33333333333333
2026-08-28 09:05:00,01F0950S,01F0980S,31,113,116,01F0950S>01F0980S,20260828,109,113,113.0
2026-08-28 09:10:00,01F0950S,01F0980S,31,115,133,01F0950S>01F0980S,20260828,110,115,113.0
2026-08-28 09:15:00,01F0950S,01F0980S,31,121,150,01F0950S>01F0980S,20260828,111,121,116.66666666666667
2026-08-28 09:20:00,01F0950S,01F0980S,31,113,120,01F0950S>01F0980S,20260828,112,113,114.66666666666667
2026-08-28 09:25:00,01F0950S,01F0980S,31,115,137,01F0950S>01F0980S,20260828,113,115,115.33333333333333
2026-08-28 09:30:00,01F0950S,01F0980S,31,118,141,01F0950S>01F0980S,20260828,114,118,117.0
2026-08-28 09:35:00,01F0950S,01F0980S,31,121,149,01F0950S>01F0980S,20260828,115,121,118.0
2026-08-28 09:40:00,01F0950S,01F0980S,31,115,128,01F0950S>01F0980S,20260828,116,115,118.33333333333333
2026-08-28 09:45:00,01F0950S,01F0980S,31,120,144,01F0950S>01F0980S,20260828,117,120,119.0
2026-08-28 09:50:00,01F0950S,01F0980S,31,117,157,01F0950S>01F0980S,20260828,118,117,116.33333333333333
2026-08-28 09:55:00,01F0950S,01F0980S,31,119,133,01F0950S>01F0980S,20260828,119,119,116.33333333333333
2026-08-28 10:00:00,01F0950S,01F0980S,31,119,155,01F0950S>01F0980S,20260828,120,119,118.33333333333333
2026-08-28 10:05:00,01F0950S,01F0980S,31,116,139,01F0950S>01F0980S,20260828,121,116,114.0
2026-08-28 10:10:00,01F0950S,01F0980S,31,119,140,01F0950S>01F0980S,20260828,122,119,113.66666666666667
2026-08-28 10:15:00,01F0950S,01F0980S,31,119,156,01F0950S>01F0980S,20260828,123,119,116.33333333333333
2026-08-28 10:20:00,01F0950S,01F0980S,31,118,148,01F0950S>01F0980S,20260828,124,118,116.66666666666667
2026-08-28 10:25:00,01F0950S,01F0980S,31,120,152,01F0950S>01F0980S,20260828,125,120,120.0
2026-08-28 10:30:00,01F0950S,01F0980S,31,117,148,01F0950S>01F0980S,20260828,126,117,116.66666666666667
2026-08-28 10:35:00,01F0950S,01F0980S,31,118,142,01F0950S>01F0980S,20260828,127,118,116.33333333333333
2026-08-28 10:40:00,01F0950S,01F0980S,31,119,152,01F0950S>01F0980S,20260828,128,119,117.66666666666667
2026-08-28 10:45:00,01F0950S,01F0980S,31,122,182,01F0950S>01F0980S,20260828,129,122,120.0
2026-08-28 10:50:00,01F0950S,01F0980S,31,125,157,01F0950S>01F0980S,20260828,130,125,118.33333333333333
2026-08-28 10:55:00,01F0950S,01F0980S,31,122,190,01F0950S>01F0980S,20260828,131,122,117.33333333333333
2026-08-28 11:00:00,01F0950S,01F0980S,31,123,175,01F0950S>01F0980S,20260828,132,123,120.33333333333333
2026-08-28 11:05:00,01F0950S,01F0980S,31,123,166,01F0950S>01F0980S,20260828,133,123,119.33333333333333
2026-08-28 11:10:00,01F0950S,01F0980S,31,122,184,01F0950S>01F0980S,20260828,134,122,118.33333333333333
2026-08-28 11:15:00,01F0950S,01F0980S,31,116,171,01F0950S>01F0980S,20260828,135,116,114.66666666666667
2026-08-28 11:20:00,01F0950S,01F0980S,31,123,181,01F0950S>01F0980S,20260828,136,123,115.66666666666667
2026-08-28 11:25:00,01F0950S,01F0980S,31,120,192,01F0950S>01F0980S,20260828,137,120,114.66666666666667
2026-08-28 11:30:00,01F0950S,01F0980S,31,118,162,01F0950S>01F0980S,20260828,138,118,115.66666666666667
2026-08-28 11:35:00,01F0950S,01F0980S,31,122,162,01F0950S>01F0980S,20260828,139,122,116.33333333333333
2026-08-28 11:40:00,01F0950S,01F0980S,31,118,160,01F0950S>01F0980S,20260828,140,118,115.33333333333333
2026-08-28 11:45:00,01F0950S,01F0980S,31,118,150,01F0950S>01F0980S,20260828,141,118,114.66666666666667
2026-08-28 11:50:00,01F0950S,01F0980S,31,114,134,01F0950S>01F0980S,20260828,142,114,113.66666666666667
2026-08-28 11:55:00,01F0950S,01F0980S,31,112,140,01F0950S>01F0980S,20260828,143,112,113.66666666666667
2026-08-28 12:00:00,01F0950S,01F0980S,31,112,132,01F0950S>01F0980S,20260828,144,112,111.0
2026-08-28 12:05:00,01F0950S,01F0980S,31,113,145,01F0950S>01F0980S,20260828,145,113,113.66666666666667
2026-08-28 12:10:00,01F0950S,01F0980S,31,115,157,01F0950S>01F0980S,20260828,146,115,114.0
2026-08-28 12:15:00,01F0950S,01F0980S,31,109,126,01F0950S>01F0980S,20260828,147,109,112.0
2026-08-28 12:20:00,01F0950S,01F0980S,31,115,169,01F0950S>01F0980S,20260828,148,115,114.66666666666667
2026-08-28 12:25:00,01F0950S,01F0980S,31,119,150,01F0950S>01F0980S,20260828,149,119,117.66666666666667
2026-08-28 12:30:00,01F0950S,01F0980S,31,117,175,01F0950S>01F0980S,20260828,150,117,113.33333333333333
2026-08-28 12:35:00,01F0950S,01F0980S,31,112,159,01F0950S>01F0980S,20260828,151,112,112.0
2026-08-28 12:40:00,01F0950S,01F0980S,31,111,136,01F0950S>01F0980S,20260828,152,111,109.33333333333333
2026-08-28 12:45:00,01F0950S,01F0980S,31,115,153,01F0950S>01F0980S,20260828,153,115,111.0
2026-08-28 12:50:00,01F0950S,01F0980S,31,112,129,01F0950S>01F0980S,20260828,154,112,110.0
2026-08-28 12:55:00,01F0950S,01F0980S,31,110,141,01F0950S>01F0980S,20260828,155,110,109.33333333333333
2026-08-28 13:00:00,01F0950S,01F0980S,31,107,104,01F0950S>01F0980S,20260828,156,107,110.0
2026-08-28 13:05:00,01F0950S,01F0980S,31,112,113,01F0950S>01F0980S,20260828,157,112,119.66666666666667
2026-08-28 13:10:00,01F0950S,01F0980S,31,111,105,01F0950S>01F0980S,20260828,158,111,116.33333333333333
2026-08-28 13:15:00,01F0950S,01F0980S,31,108,89,01F0950S>01F0980S,20260828,159,108,112.33333333333333
2026-08-28 13:20:00,01F0950S,01F0980S,31,110,91,01F0950S>01F0980S,20260828,160,110,110.0
2026-08-28 13:25:00,01F0950S,01F0980S,31,111,86,01F0950S>01F0980S,20260828,161,111,109.33333333333333
2026-08-28 13:30:00,01F0950S,01F0980S,31,112,106,01F0950S>01F0980S,20260828,162,112,111.0
2026-08-28 13:35:00,01F0950S,01F0980S,31,113,133,01F0950S>01F0980S,20260828,163,113,110.66666666666667
2026-08-28 13:40:00,01F0950S,01F0980S,31,114,155,01F0950S>01F0980S,20260828,164,114,112.33333333333333
2026-08-28 13:45:00,01F0950S,01F0980S,31,116,177,01F0950S>01F0980S,20260828,165,116,113.0
2026-08-28 13:50:00,01F0950S,01F0980S,31,117,150,01F0950S>01F0980S,20260828,166,117,112.66666666666667
2026-08-28 13:55:00,01F0950S,01F0980S,31,118,173,01F0950S>01F0980S,20260828,167,118,112.66666666666667
2026-08-28 14:00:00,01F0950S,01F0980S,31,119,177,01F0950S>01F0980S,20260828,168,119,113.66666666666667
2026-08-28 14:05:00,01F0950S,01F0980S,31,119,147,01F0950S>01F0980S,20260828,169,119,113.33333333333333
2026-08-28 14:10:00,01F0950S,01F0980S,31,123,146,01F0950S>01F0980S,20260828,170,123,114.33333333333333
2026-08-28 14:15:00,01F0950S,01F0980S,31,118,149,01F0950S>01F0980S,20260828,171,118,114.33333333333333
2026-08-28 14:20:00,01F0950S,01F0980S,31,140,177,01F0950S>01F0980S,20260828,172,140,120.66666666666667
2026-08-28 14:25:00,01F0950S,01F0980S,31,139,200,01F0950S>01F0980S,20260828,173,139,120.0
2026-08-28 14:30:00,01F0950S,01F0980S,31,127,173,01F0950S>01F0980S,20260828,174,127,117.0
2026-08-28 14:35:00,01F0950S,01F0980S,31,120,181,01F0950S>01F0980S,20260828,175,120,114.33333333333333
2026-08-28 14:40:00,01F0950S,01F0980S,31,125,182,01F0950S>01F0980S,20260828,176,125,115.66666666666667
2026-08-28 14:45:00,01F0950S,01F0980S,31,129,183,01F0950S>01F0980S,20260828,177,129,118.66666666666667
2026-08-28 14:50:00,01F0950S,01F0980S,31,132,185,01F0950S>01F0980S,20260828,178,132,117.33333333333333
2026-08-28 14:55:00,01F0950S,01F0980S,31,140,193,01F0950S>01F0980S,20260828,179,140,123.33333333333333
2026-08-28 15:00:00,01F0950S,01F0980S,31,140,204,01F0950S>01F0980S,20260828,180,140,120.66666666666667
2026-08-28 15:05:00,01F0950S,01F0980S,31,133,165,01F0950S>01F0980S,20260828,181,133,119.66666666666667
2026-08-28 15:10:00,01F0950S,01F0980S,31,118,183,01F0950S>01F0980S,20260828,182,118,115.0
2026-08-28 15:15:00,01F0950S,01F0980S,31,118,176,01F0950S>01F0980S,20260828,183,118,114.33333333333333
2026-08-28 15:20:00,01F0950S,01F0980S,31,117,162,01F0950S>01F0980S,20260828,184,117,114.66666666666667
2026-08-28 15:25:00,01F0950S,01F0980S,31,122,202,01F0950S>01F0980S,20260828,185,122,117.0
2026-08-28 15:30:00,01F0950S,01F0980S,31,121,173,01F0950S>01F0980S,20260828,186,121,114.66666666666667
2026-08-28 15:35:00,01F0950S,01F0980S,31,132,205,01F0950S>01F0980S,20260828,187,132,118.66666666666667
2026-08-28 15:40:00,01F0950S,01F0980S,31,122,180,01F0950S>01F0980S,20260828,188,122,115.66666666666667
2026-08-28 15:45:00,01F0950S,01F0980S,31,128,212,01F0950S>01F0980S,20260828,189,128,119.0
2026-08-28 15:50:00,01F0950S,01F0980S,31,125,194,01F0950S>01F0980S,20260828,190,125,117.33333333333333
2026-08-28 15:55:00,01F0950S,01F0980S,31,126,196,01F0950S>01F0980S,20260828,191,126,118.0
2026-08-28 16:00:00,01F0950S,01F0980S,31,126,221,01F0950S>01F0980S,20260828,192,126,119.0
2026-08-28 16:05:00,01F0950S,01F0980S,31,132,218,01F0950S>01F0980S,20260828,193,132,119.66666666666667
2026-08-28 16:10:00,01F0950S,01F0980S,31,151,182,01F0950S>01F0980S,20260828,194,151,126.66666666666667
2026-08-28 16:15:00,01F0950S,01F0980S,31,172,195,01F0950S>01F0980S,20260828,195,172,134.0
2026-08-28 16:20:00,01F0950S,01F0980S,31,212,215,01F0950S>01F0980S,20260828,196,212,152.33333333333334
2026-08-28 16:25:00,01F0950S,01F0980S,31,209,239,01F0950S>01F0980S,20260828,197,209,148.66666666666666
2026-08-28 16:30:00,01F0950S,01F0980S,31,205,225,01F0950S>01F0980S,20260828,198,205,147.0
2026-08-28 16:35:00,01F0950S,01F0980S,31,218,191,01F0950S>01F0980S,20260828,199,218,150.66666666666666
2026-08-28 16:40:00,01F0950S,01F0980S,31,267,192,01F0950S>01F0980S,20260828,200,267,169.33333333333334
2026-08-28 16:45:00,01F0950S,01F0980S,31,312,196,01F0950S>01F0980S,20260828,201,312,182.33333333333334
2026-08-28 16:50:00,01F0950S,01F0980S,31,345,193,01F0950S>01F0980S,20260828,202,345,195.0
2026-08-28 16:55:00,01F0950S,01F0980S,31,345,172,01F0950S>01F0980S,20260828,203,345,197.66666666666666
2026-08-28 17:00:00,01F0950S,01F0980S,31,410,173,01F0950S>01F0980S,20260828,204,410,220.0
2026-08-28 17:05:00,01F0950S,01F0980S,31,426,175,01F0950S>01F0980S,20260828,205,426,227.33333333333334
2026-08-28 17:10:00,01F0950S,01F0980S,31,487,188,01F0950S>01F0980S,20260828,206,487,253.33333333333334
2026-08-28 17:15:00,01F0950S,01F0980S,31,432,193,01F0950S>01F0980S,20260828,207,432,229.0
2026-08-28 17:20:00,01F0950S,01F0980S,31,351,185,01F0950S>01F0980S,20260828,208,351,196.66666666666666
2026-08-28 17:25:00,01F0950S,01F0980S,31,327,185,01F0950S>01F0980S,20260828,209,327,192.0
2026-08-28 17:30:00,01F0950S,01F0980S,31,344,199,01F0950S>01F0980S,20260828,210,344,195.33333333333334
2026-08-28 17:35:00,01F0950S,01F0980S,31,358,194,01F0950S>01F0980S,20260828,211,358,201.66666666666666
2026-08-28 17:40:00,01F0950S,01F0980S,31,335,216,01F0950S>01F0980S,20260828,212,335,200.0
2026-08-28 17:45:00,01F0950S,01F0980S,31,320,207,01F0950S>01F0980S,20260828,213,320,192.33333333333334
2026-08-28 17:50:00,01F0950S,01F0980S,31,319,225,01F0950S>01F0980S,20260828,214,319,189.66666666666666
2026-08-28 17:55:00,01F0950S,01F0980S,31,308,212,01F0950S>01F0980S,20260828,215,308,185.33333333333334
2026-08-28 18:00:00,01F0950S,01F0980S,31,296,213,01F0950S>01F0980S,20260828,216,296,180.66666666666666
2026-08-28 18:05:00,01F0950S,01F0980S,31,261,226,01F0950S>01F0980S,20260828,217,261,167.66666666666666
2026-08-28 18:10:00,01F0950S,01F0980S,31,259,208,01F0950S>01F0980S,20260828,218,259,166.66666666666666
2026-08-28 18:15:00,01F0950S,01F0980S,31,271,217,01F0950S>01F0980S,20260828,219,271,173.0
2026-08-28 18:20:00,01F0950S,01F0980S,31,265,215,01F0950S>01F0980S,20260828,220,265,171.66666666666666
2026-08-28 18:25:00,01F0950S,01F0980S,31,267,215,01F0950S>01F0980S,20260828,221,267,174.0
2026-08-28 18:30:00,01F0950S,01F0980S,31,266,217,01F0950S>01F0980S,20260828,222,266,168.66666666666666
2026-08-28 18:35:00,01F0950S,01F0980S,31,245,227,01F0950S>01F0980S,20260828,223,245,162.66666666666666
2026-08-28 18:40:00,01F0950S,01F0980S,31,242,206,01F0950S>01F0980S,20260828,224,242,159.33333333333334
2026-08-28 18:45:00,01F0950S,01F0980S,31,235,200,01F0950S>01F0980S,20260828,225,235,158.66666666666666
2026-08-28 18:50:00,01F0950S,01F0980S,31,231,219,01F0950S>01F0980S,20260828,226,231,156.66666666666666
2026-08-28 18:55:00,01F0950S,01F0980S,31,221,199,01F0950S>01F0980S,20260828,227,221,151.66666666666666
2026-08-28 19:00:00,01F0950S,01F0980S,31,236,212,01F0950S>01F0980S,20260828,228,236,155.33333333333334
2026-08-28 19:05:00,01F0950S,01F0980S,31,235,175,01F0950S>01F0980S,20260828,229,235,153.33333333333334
2026-08-28 19:10:00,01F0950S,01F0980S,31,320,179,01F0950S>01F0980S,20260828,230,320,180.0
2026-08-28 19:15:00,01F0950S,01F0980S,31,307,215,01F0950S>01F0980S,20260828,231,307,180.33333333333334
2026-08-28 19:20:00,01F0950S,01F0980S,31,235,232,01F0950S>01F0980S,20260828,232,235,153.66666666666666
2026-08-28 19:25:00,01F0950S,01F0980S,31,227,233,01F0950S>01F0980S,20260828,233,227,151.0
2026-08-28 19:30:00,01F0950S,01F0980S,31,221,198,01F0950S>01F0980S,20260828,234,221,147.0
2026-08-28 19:35:00,01F0950S,01F0980S,31,230,231,01F0950S>01F0980S,20260828,235,230,149.0
2026-08-28 19:40:00,01F0950S,01F0980S,31,226,216,01F0950S>01F0980S,20260828,236,226,149.33333333333334
2026-08-28 19:45:00,01F0950S,01F0980S,31,233,218,01F0950S>01F0980S,20260828,237,233,152.33333333333334
2026-08-28 19:50:00,01F0950S,01F0980S,31,221,211,01F0950S>01F0980S,20260828,238,221,147.66666666666666
2026-08-28 19:55:00,01F0950S,01F0980S,31,189,228,01F0950S>01F0980S,20260828,239,189,137.0
2026-08-28 20:00:00,01F0950S,01F0980S,31,189,245,01F0950S>01F0980S,20260828,240,189,139.0
2026-08-28 20:05:00,01F0950S,01F0980S,31,144,236,01F0950S>01F0980S,20260828,241,144,121.66666666666667
2026-08-28 20:10:00,01F0950S,01F0980S,31,122,200,01F0950S>01F0980S,20260828,242,122,113.0
2026-08-28 20:15:00,01F0950S,01F0980S,31,121,236,01F0950S>01F0980S,20260828,243,121,113.66666666666667
2026-08-28 20:20:00,01F0950S,01F0980S,31,121,232,01F0950S>01F0980S,20260828,244,121,114.0
2026-08-28 20:25:00,01F0950S,01F0980S,31,120,198,01F0950S>01F0980S,20260828,245,120,113.33333333333333
2026-08-28 20:30:00,01F0950S,01F0980S,31,119,221,01F0950S>01F0980S,20260828,246,119,114.0
2026-08-28 20:35:00,01F0950S,01F0980S,31,113,222,01F0950S>01F0980S,20260828,247,113,110.66666666666667
2026-08-28 20:40:00,01F0950S,01F0980S,31,112,174,01F0950S>01F0980S,20260828,248,112,109.33333333333333
2026-08-28 20:45:00,01F0950S,01F0980S,31,117,190,01F0950S>01F0980S,20260828,249,117,111.33333333333333
2026-08-28 20:50:00,01F0950S,01F0980S,31,113,186,01F0950S>01F0980S,20260828,250,113,108.33333333333333
2026-08-28 20:55:00,01F0950S,01F0980S,31,114,136,01F0950S>01F0980S,20260828,251,114,111.0
2026-08-28 21:00:00,01F0950S,01F0980S,31,141,245,01F0950S>01F0980S,20260828,252,141,119.33333333333333
2026-08-28 21:05:00,01F0950S,01F0980S,31,122,223,01F0950S>01F0980S,20260828,253,122,113.0
2026-08-28 21:10:00,01F0950S,01F0980S,31,116,206,01F0950S>01F0980S,20260828,254,116,111.0
2026-08-28 21:15:00,01F0950S,01F0980S,31,124,227,01F0950S>01F0980S,20260828,255,124,113.66666666666667
2026-08-28 21:20:00,01F0950S,01F0980S,31,114,183,01F0950S>01F0980S,20260828,256,114,110.0
2026-08-28 21:25:00,01F0950S,01F0980S,31,112,188,01F0950S>01F0980S,20260828,257,112,109.33333333333333
2026-08-28 21:30:00,01F0950S,01F0980S,31,110,177,01F0950S>01F0980S,20260828,258,110,108.33333333333333
2026-08-28 21:35:00,01F0950S,01F0980S,31,115,177,01F0950S>01F0980S,20260828,259,115,109.66666666666667
2026-08-28 21:40:00,01F0950S,01F0980S,31,112,191,01F0950S>01F0980S,20260828,260,112,109.66666666666667
2026-08-28 21:45:00,01F0950S,01F0980S,31,113,200,01F0950S>01F0980S,20260828,261,113,109.0
2026-08-28 21:50:00,01F0950S,01F0980S,31,110,175,01F0950S>01F0980S,20260828,262,110,109.0
2026-08-28 21:55:00,01F0950S,01F0980S,31,111,154,01F0950S>01F0980S,20260828,263,111,108.33333333333333
2026-08-28 22:00:00,01F0950S,01F0980S,31,112,185,01F0950S>01F0980S,20260828,264,112,108.0
2026-08-28 22:05:00,01F0950S,01F0980S,31,111,161,01F0950S>01F0980S,20260828,265,111,108.66666666666667
2026-08-28 22:10:00,01F0950S,01F0980S,31,110,159,01F0950S>01F0980S,20260828,266,110,105.66666666666667
2026-08-28 22:15:00,01F0950S,01F0980S,31,111,164,01F0950S>01F0980S,20260828,267,111,108.0
2026-08-28 22:20:00,01F0950S,01F0980S,31,107,151,01F0950S>01F0980S,20260828,268,107,106.0
2026-08-28 22:25:00,01F0950S,01F0980S,31,109,136,01F0950S>01F0980S,20260828,269,109,107.0
2026-08-28 22:30:00,01F0950S,01F0980S,31,107,147,01F0950S>01F0980S,20260828,270,107,106.0
2026-08-28 22:35:00,01F0950S,01F0980S,31,109,141,01F0950S>01F0980S,20260828,271,109,105.0
2026-08-28 22:40:00,01F0950S,01F0980S,31,106,146,01F0950S>01F0980S,20260828,272,106,106.0
2026-08-28 22:45:00,01F0950S,01F0980S,31,106,132,01F0950S>01F0980S,20260828,273,106,104.66666666666667
2026-08-28 22:50:00,01F0950S,01F0980S,31,111,143,01F0950S>01F0980S,20260828,274,111,106.33333333333333
2026-08-28 22:55:00,01F0950S,01F0980S,31,107,124,01F0950S>01F0980S,20260828,275,107,104.0
2026-08-28 23:00:00,01F0950S,01F0980S,31,103,117,01F0950S>01F0980S,20260828,276,103,104.0
2026-08-28 23:05:00,01F0950S,01F0980S,31,102,127,01F0950S>01F0980S,20260828,277,102,103.0
2026-08-28 23:10:00,01F0950S,01F0980S,31,104,92,01F0950S>01F0980S,20260828,278,104,104.33333333333333
2026-08-28 23:15:00,01F0950S,01F0980S,31,104,88,01F0950S>01F0980S,20260828,279,104,104.33333333333333
2026-08-28 23:20:00,01F0950S,01F0980S,31,107,95,01F0950S>01F0980S,20260828,280,107,103.33333333333333
2026-08-28 23:25:00,01F0950S,01F0980S,31,104,91,01F0950S>01F0980S,20260828,281,104,103.33333333333333
2026-08-28 23:30:00,01F0950S,01F0980S,31,106,85,01F0950S>01F0980S,20260828,282,106,104.66666666666667
2026-08-28 23:35:00,01F0950S,01F0980S,31,101,93,01F0950S>01F0980S,20260828,283,101,103.33333333333333
2026-08-28 23:40:00,01F0950S,01F0980S,31,109,81,01F0950S>01F0980S,20260828,284,109,106.33333333333333
2026-08-28 23:45:00,01F0950S,01F0980S,31,107,71,01F0950S>01F0980S,20260828,285,107,105.0
2026-08-28 23:50:00,01F0950S,01F0980S,31,105,85,01F0950S>01F0980S,20260828,286,105,103.33333333333333
2026-08-28 23:55:00,01F0950S,01F0980S,31,104,85,01F0950S>01F0980S,20260828,287,104,103.33333333333333
2026-08-31 00:00:00,01F0950S,01F0980S,31,103,41,01F0950S>01F0980S,20260831,0,103,103.66666666666667
2026-08-31 00:05:00,01F0950S,01F0980S,31,103,50,01F0950S>01F0980S,20260831,1,103,103.66666666666667
2026-08-31 00:10:00,01F0950S,01F0980S,31,102,55,01F0950S>01F0980S,20260831,2,102,103.33333333333333
2026-08-31 00:15:00,01F0950S,01F0980S,31,103,60,01F0950S>01F0980S,20260831,3,103,104.0
2026-08-31 00:20:00,01F0950S,01F0980S,31,103,73,01F0950S>01F0980S,20260831,4,103,101.66666666666667
2026-08-31 00:25:00,01F0950S,01F0980S,31,102,61,01F0950S>01F0980S,20260831,5,102,103.0
2026-08-31 00:30:00,01F0950S,01F0980S,31,102,45,01F0950S>01F0980S,20260831,6,102,102.66666666666667
2026-08-31 00:35:00,01F0950S,01F0980S,31,103,43,01F0950S>01F0980S,20260831,7,103,103.33333333333333
2026-08-31 00:40:00,01F0950S,01F0980S,31,107,49,01F0950S>01F0980S,20260831,8,107,104.0
2026-08-31 00:45:00,01F0950S,01F0980S,31,102,39,01F0950S>01F0980S,20260831,9,102,102.0
2026-08-31 00:50:00,01F0950S,01F0980S,31,103,24,01F0950S>01F0980S,20260831,10,103,102.0
2026-08-31 00:55:00,01F0950S,01F0980S,31,105,35,01F0950S>01F0980S,20260831,11,105,103.0
2026-08-31 01:00:00,01F0950S,01F0980S,31,105,32,01F0950S>01F0980S,20260831,12,105,102.66666666666667
2026-08-31 01:05:00,01F0950S,01F0980S,31,103,26,01F0950S>01F0980S,20260831,13,103,102.33333333333333
2026-08-31 01:10:00,01F0950S,01F0980S,31,102,28,01F0950S>01F0980S,20260831,14,102,104.33333333333333
2026-08-31 01:15:00,01F0950S,01F0980S,31,104,22,01F0950S>01F0980S,20260831,15,104,104.0
2026-08-31 01:20:00,01F0950S,01F0980S,31,106,25,01F0950S>01F0980S,20260831,16,106,104.0
2026-08-31 01:25:00,01F0950S,01F0980S,31,107,29,01F0950S>01F0980S,20260831,17,107,103.33333333333333
2026-08-31 01:30:00,01F0950S,01F0980S,31,103,27,01F0950S>01F0980S,20260831,18,103,103.0
2026-08-31 01:35:00,01F0950S,01F0980S,31,104,23,01F0950S>01F0980S,20260831,19,104,103.66666666666667
2026-08-31 01:40:00,01F0950S,01F0980S,31,102,26,01F0950S>01F0980S,20260831,20,102,102.0
2026-08-31 01:45:00,01F0950S,01F0980S,31,101,17,01F0950S>01F0980S,20260831,21,101,101.33333333333333
2026-08-31 01:50:00,01F0950S,01F0980S,31,104,15,01F0950S>01F0980S,20260831,22,104,103.66666666666667
2026-08-31 01:55:00,01F0950S,01F0980S,31,100,28,01F0950S>01F0980S,20260831,23,100,105.0
2026-08-31 02:00:00,01F0950S,01F0980S,31,105,20,01F0950S>01F0980S,20260831,24,105,102.33333333333333
2026-08-31 02:05:00,01F0950S,01F0980S,31,104,17,01F0950S>01F0980S,20260831,25,104,102.66666666666667
2026-08-31 02:10:00,01F0950S,01F0980S,31,107,22,01F0950S>01F0980S,20260831,26,107,104.66666666666667
2026-08-31 02:15:00,01F0950S,01F0980S,31,103,16,01F0950S>01F0980S,20260831,27,103,104.0
2026-08-31 02:20:00,01F0950S,01F0980S,31,103,16,01F0950S>01F0980S,20260831,28,103,102.33333333333333
2026-08-31 02:25:00,01F0950S,01F0980S,31,104,10,01F0950S>01F0980S,20260831,29,104,105.33333333333333
2026-08-31 02:30:00,01F0950S,01F0980S,31,106,12,01F0950S>01F0980S,20260831,30,106,107.0
2026-08-31 02:35:00,01F0950S,01F0980S,31,104,17,01F0950S>01F0980S,20260831,31,104,104.0
2026-08-31 02:40:00,01F0950S,01F0980S,31,103,14,01F0950S>01F0980S,20260831,32,103,100.0
2026-08-31 02:45:00,01F0950S,01F0980S,31,107,13,01F0950S>01F0980S,20260831,33,107,104.0
2026-08-31 02:50:00,01F0950S,01F0980S,31,107,7,01F0950S>01F0980S,20260831,34,107,104.66666666666667
2026-08-31 02:55:00,01F0950S,01F0980S,31,104,11,01F0950S>01F0980S,20260831,35,104,104.0
2026-08-31 03:00:00,01F0950S,01F0980S,31,103,16,01F0950S>01F0980S,20260831,36,103,103.66666666666667
2026-08-31 03:05:00,01F0950S,01F0980S,31,105,9,01F0950S>01F0980S,20260831,37,105,105.0
2026-08-31 03:10:00,01F0950S,01F0980S,31,104,10,01F0950S>01F0980S,20260831,38,104,103.33333333333333
2026-08-31 03:15:00,01F0950S,01F0980S,31,105,7,01F0950S>01F0980S,20260831,39,105,105.0
2026-08-31 03:20:00,01F0950S,01F0980S,31,105,10,01F0950S>01F0980S,20260831,40,105,106.66666666666667
2026-08-31 03:25:00,01F0950S,01F0980S,31,108,13,01F0950S>01F0980S,20260831,41,108,103.66666666666667
2026-08-31 03:30:00,01F0950S,01F0980S,31,104,14,01F0950S>01F0980S,20260831,42,104,103.66666666666667
2026-08-31 03:35:00,01F0950S,01F0980S,31,98,14,01F0950S>01F0980S,20260831,43,98,102.66666666666667
2026-08-31 03:40:00,01F0950S,01F0980S,31,112,6,01F0950S>01F0980S,20260831,44,112,107.33333333333333
2026-08-31 03:45:00,01F0950S,01F0980S,31,104,13,01F0950S>01F0980S,20260831,45,104,105.66666666666667
2026-08-31 03:50:00,01F0950S,01F0980S,31,100,10,01F0950S>01F0980S,20260831,46,100,105.66666666666667
2026-08-31 03:55:00,01F0950S,01F0980S,31,103,18,01F0950S>01F0980S,20260831,47,103,106.66666666666667
2026-08-31 04:00:00,01F0950S,01F0980S,31,107,5,01F0950S>01F0980S,20260831,48,107,106.0
2026-08-31 04:05:00,01F0950S,01F0980S,31,108,18,01F0950S>01F0980S,20260831,49,108,106.33333333333333
2026-08-31 04:10:00,01F0950S,01F0980S,31,104,20,01F0950S>01F0980S,20260831,50,104,103.0
2026-08-31 04:15:00,01F0950S,01F0980S,31,105,6,01F0950S>01F0980S,20260831,51,105,105.0
2026-08-31 04:20:00,01F0950S,01F0980S,31,107,23,01F0950S>01F0980S,20260831,52,107,105.66666666666667
2026-08-31 04:25:00,01F0950S,01F0980S,31,99,20,01F0950S>01F0980S,20260831,53,99,102.33333333333333
2026-08-31 04:30:00,01F0950S,01F0980S,31,107,30,01F0950S>01F0980S,20260831,54,107,104.33333333333333
2026-08-31 04:35:00,01F0950S,01F0980S,31,106,15,01F0950S>01F0980S,20260831,55,106,104.0
2026-08-31 04:40:00,01F0950S,01F0980S,31,103,24,01F0950S>01F0980S,20260831,56,103,102.33333333333333
2026-08-31 04:45:00,01F0950S,01F0980S,31,104,18,01F0950S>01F0980S,20260831,57,104,106.0
2026-08-31 04:50:00,01F0950S,01F0980S,31,102,22,01F0950S>01F0980S,20260831,58,102,103.0
2026-08-31 04:55:00,01F0950S,01F0980S,31,108,28,01F0950S>01F0980S,20260831,59,108,107.0
2026-08-31 05:00:00,01F0950S,01F0980S,31,104,28,01F0950S>01F0980S,20260831,60,104,104.66666666666667
2026-08-31 05:05:00,01F0950S,01F0980S,31,104,39,01F0950S>01F0980S,20260831,61,104,105.66666666666667
2026-08-31 05:10:00,01F0950S,01F0980S,31,108,27,01F0950S>01F0980S,20260831,62,108,106.0
2026-08-31 05:15:00,01F0950S,01F0980S,31,105,32,01F0950S>01F0980S,20260831,63,105,105.33333333333333
2026-08-31 05:20:00,01F0950S,01F0980S,31,104,38,01F0950S>01F0980S,20260831,64,104,106.0
2026-08-31 05:25:00,01F0950S,01F0980S,31,104,41,01F0950S>01F0980S,20260831,65,104,105.66666666666667
2026-08-31 05:30:00,01F0950S,01F0980S,31,99,31,01F0950S>01F0980S,20260831,66,99,100.33333333333333
2026-08-31 05:35:00,01F0950S,01F0980S,31,102,56,01F0950S>01F0980S,20260831,67,102,104.33333333333333
2026-08-31 05:40:00,01F0950S,01F0980S,31,103,60,01F0950S>01F0980S,20260831,68,103,104.0
2026-08-31 05:45:00,01F0950S,01F0980S,31,105,57,01F0950S>01F0980S,20260831,69,105,104.66666666666667
2026-08-31 05:50:00,01F0950S,01F0980S,31,105,62,01F0950S>01F0980S,20260831,70,105,104.0
2026-08-31 05:55:00,01F0950S,01F0980S,31,102,61,01F0950S>01F0980S,20260831,71,102,104.66666666666667
2026-08-31 06:00:00,01F0950S,01F0980S,31,104,62,01F0950S>01F0980S,20260831,72,104,105.0
2026-08-31 06:05:00,01F0950S,01F0980S,31,102,81,01F0950S>01F0980S,20260831,73,102,104.33333333333333
2026-08-31 06:10:00,01F0950S,01F0980S,31,106,112,01F0950S>01F0980S,20260831,74,106,105.0
2026-08-31 06:15:00,01F0950S,01F0980S,31,104,91,01F0950S>01F0980S,20260831,75,104,105.66666666666667
2026-08-31 06:20:00,01F0950S,01F0980S,31,105,120,01F0950S>01F0980S,20260831,76,105,105.33333333333333
2026-08-31 06:25:00,01F0950S,01F0980S,31,108,130,01F0950S>01F0980S,20260831,77,108,106.66666666666667
2026-08-31 06:30:00,01F0950S,01F0980S,31,106,148,01F0950S>01F0980S,20260831,78,106,107.0
2026-08-31 06:35:00,01F0950S,01F0980S,31,107,124,01F0950S>01F0980S,20260831,79,107,108.33333333333333
2026-08-31 06:40:00,01F0950S,01F0980S,31,110,140,01F0950S>01F0980S,20260831,80,110,109.66666666666667
2026-08-31 06:45:00,01F0950S,01F0980S,31,108,145,01F0950S>01F0980S,20260831,81,108,109.66666666666667
2026-08-31 06:50:00,01F0950S,01F0980S,31,109,184,01F0950S>01F0980S,20260831,82,109,110.33333333333333
2026-08-31 06:55:00,01F0950S,01F0980S,31,110,150,01F0950S>01F0980S,20260831,83,110,111.0
2026-08-31 07:00:00,01F0950S,01F0980S,31,110,143,01F0950S>01F0980S,20260831,84,110,110.0
2026-08-31 07:05:00,01F0950S,01F0980S,31,111,136,01F0950S>01F0980S,20260831,85,111,111.0
2026-08-31 07:10:00,01F0950S,01F0980S,31,110,140,01F0950S>01F0980S,20260831,86,110,110.66666666666667
2026-08-31 07:15:00,01F0950S,01F0980S,31,110,129,01F0950S>01F0980S,20260831,87,110,112.0
2026-08-31 07:20:00,01F0950S,01F0980S,31,110,114,01F0950S>01F0980S,20260831,88,110,112.0
2026-08-31 07:25:00,01F0950S,01F0980S,31,113,118,01F0950S>01F0980S,20260831,89,113,113.0
2026-08-31 07:30:00,01F0950S,01F0980S,31,112,126,01F0950S>01F0980S,20260831,90,112,111.0
2026-08-31 07:35:00,01F0950S,01F0980S,31,112,130,01F0950S>01F0980S,20260831,91,112,112.66666666666667
2026-08-31 07:40:00,01F0950S,01F0980S,31,112,111,01F0950S>01F0980S,20260831,92,112,113.66666666666667
2026-08-31 07:45:00,01F0950S,01F0980S,31,111,141,01F0950S>01F0980S,20260831,93,111,113.0
2026-08-31 07:50:00,01F0950S,01F0980S,31,110,101,01F0950S>01F0980S,20260831,94,110,112.66666666666667
2026-08-31 07:55:00,01F0950S,01F0980S,31,111,143,01F0950S>01F0980S,20260831,95,111,113.33333333333333
2026-08-31 08:00:00,01F0950S,01F0980S,31,110,112,01F0950S>01F0980S,20260831,96,110,112.66666666666667
2026-08-31 08:05:00,01F0950S,01F0980S,31,109,119,01F0950S>01F0980S,20260831,97,109,111.0
2026-08-31 08:10:00,01F0950S,01F0980S,31,107,121,01F0950S>01F0980S,20260831,98,107,109.66666666666667
2026-08-31 08:15:00,01F0950S,01F0980S,31,107,121,01F0950S>01F0980S,20260831,99,107,112.33333333333333
2026-08-31 08:20:00,01F0950S,01F0980S,31,108,113,01F0950S>01F0980S,20260831,100,108,110.66666666666667
2026-08-31 08:25:00,01F0950S,01F0980S,31,110,120,01F0950S>01F0980S,20260831,101,110,111.0
2026-08-31 08:30:00,01F0950S,01F0980S,31,110,112,01F0950S>01F0980S,20260831,102,110,111.66666666666667
2026-08-31 08:35:00,01F0950S,01F0980S,31,110,103,01F0950S>01F0980S,20260831,103,110,111.33333333333333
2026-08-31 08:40:00,01F0950S,01F0980S,31,110,117,01F0950S>01F0980S,20260831,104,110,111.66666666666667
2026-08-31 08:45:00,01F0950S,01F0980S,31,111,123,01F0950S>01F0980S,20260831,105,111,112.0
2026-08-31 08:50:00,01F0950S,01F0980S,31,109,101,01F0950S>01F0980S,20260831,106,109,111.0
2026-08-31 08:55:00,01F0950S,01F0980S,31,108,104,01F0950S>01F0980S,20260831,107,108,111.33333333333333
2026-08-31 09:00:00,01F0950S,01F0980S,31,111,114,01F0950S>01F0980S,20260831,108,111,113.33333333333333
2026-08-31 09:05:00,01F0950S,01F0980S,31,112,99,01F0950S>01F0980S,20260831,109,112,113.0
2026-08-31 09:10:00,01F0950S,01F0980S,31,111,127,01F0950S>01F0980S,20260831,110,111,113.0
2026-08-31 09:15:00,01F0950S,01F0980S,31,114,137,01F0950S>01F0980S,20260831,111,114,116.66666666666667
2026-08-31 09:20:00,01F0950S,01F0980S,31,115,130,01F0950S>01F0980S,20260831,112,115,114.66666666666667
2026-08-31 09:25:00,01F0950S,01F0980S,31,115,130,01F0950S>01F0980S,20260831,113,115,115.33333333333333
2026-08-31 09:30:00,01F0950S,01F0980S,31,118,143,01F0950S>01F0980S,20260831,114,118,117.0
2026-08-31 09:35:00,01F0950S,01F0980S,31,118,147,01F0950S>01F0980S,20260831,115,118,118.0
2026-08-31 09:40:00,01F0950S,01F0980S,31,122,142,01F0950S>01F0980S,20260831,116,122,118.33333333333333
2026-08-31 09:45:00,01F0950S,01F0980S,31,116,126,01F0950S>01F0980S,20260831,117,116,119.0
2026-08-31 09:50:00,01F0950S,01F0980S,31,114,130,01F0950S>01F0980S,20260831,118,114,116.33333333333333
2026-08-31 09:55:00,01F0950S,01F0980S,31,117,130,01F0950S>01F0980S,20260831,119,117,116.33333333333333
2026-08-31 10:00:00,01F0950S,01F0980S,31,119,140,01F0950S>01F0980S,20260831,120,119,118.33333333333333
2026-08-31 10:05:00,01F0950S,01F0980S,31,112,166,01F0950S>01F0980S,20260831,121,112,114.0
2026-08-31 10:10:00,01F0950S,01F0980S,31,113,113,01F0950S>01F0980S,20260831,122,113,113.66666666666667
2026-08-31 10:15:00,01F0950S,01F0980S,31,118,124,01F0950S>01F0980S,20260831,123,118,116.33333333333333
2026-08-31 10:20:00,01F0950S,01F0980S,31,121,127,01F0950S>01F0980S,20260831,124,121,116.66666666666667
2026-08-31 10:25:00,01F0950S,01F0980S,31,124,138,01F0950S>01F0980S,20260831,125,124,120.0
2026-08-31 10:30:00,01F0950S,01F0980S,31,118,112,01F0950S>01F0980S,20260831,126,118,116.66666666666667
2026-08-31 10:35:00,01F0950S,01F0980S,31,115,143,01F0950S>01F0980S,20260831,127,115,116.33333333333333
2026-08-31 10:40:00,01F0950S,01F0980S,31,117,105,01F0950S>01F0980S,20260831,128,117,117.66666666666667
2026-08-31 10:45:00,01F0950S,01F0980S,31,119,125,01F0950S>01F0980S,20260831,129,119,120.0
2026-08-31 10:50:00,01F0950S,01F0980S,31,112,127,01F0950S>01F0980S,20260831,130,112,118.33333333333333
2026-08-31 10:55:00,01F0950S,01F0980S,31,113,147,01F0950S>01F0980S,20260831,131,113,117.33333333333333
2026-08-31 11:00:00,01F0950S,01F0980S,31,114,129,01F0950S>01F0980S,20260831,132,114,120.33333333333333
2026-08-31 11:05:00,01F0950S,01F0980S,31,116,103,01F0950S>01F0980S,20260831,133,116,119.33333333333333
2026-08-31 11:10:00,01F0950S,01F0980S,31,115,132,01F0950S>01F0980S,20260831,134,115,118.33333333333333
2026-08-31 11:15:00,01F0950S,01F0980S,31,113,122,01F0950S>01F0980S,20260831,135,113,114.66666666666667
2026-08-31 11:20:00,01F0950S,01F0980S,31,109,131,01F0950S>01F0980S,20260831,136,109,115.66666666666667
2026-08-31 11:25:00,01F0950S,01F0980S,31,110,120,01F0950S>01F0980S,20260831,137,110,114.66666666666667
2026-08-31 11:30:00,01F0950S,01F0980S,31,111,124,01F0950S>01F0980S,20260831,138,111,115.66666666666667
2026-08-31 11:35:00,01F0950S,01F0980S,31,114,127,01F0950S>01F0980S,20260831,139,114,116.33333333333333
2026-08-31 11:40:00,01F0950S,01F0980S,31,111,119,01F0950S>01F0980S,20260831,140,111,115.33333333333333
2026-08-31 11:45:00,01F0950S,01F0980S,31,112,134,01F0950S>01F0980S,20260831,141,112,114.66666666666667
2026-08-31 11:50:00,01F0950S,01F0980S,31,111,131,01F0950S>01F0980S,20260831,142,111,113.66666666666667
2026-08-31 11:55:00,01F0950S,01F0980S,31,113,144,01F0950S>01F0980S,20260831,143,113,113.66666666666667
2026-08-31 12:00:00,01F0950S,01F0980S,31,108,123,01F0950S>01F0980S,20260831,144,108,111.0
2026-08-31 12:05:00,01F0950S,01F0980S,31,112,132,01F0950S>01F0980S,20260831,145,112,113.66666666666667
2026-08-31 12:10:00,01F0950S,01F0980S,31,110,130,01F0950S>01F0980S,20260831,146,110,114.0
2026-08-31 12:15:00,01F0950S,01F0980S,31,110,114,01F0950S>01F0980S,20260831,147,110,112.0
2026-08-31 12:20:00,01F0950S,01F0980S,31,108,141,01F0950S>01F0980S,20260831,148,108,114.66666666666667
2026-08-31 12:25:00,01F0950S,01F0980S,31,108,125,01F0950S>01F0980S,20260831,149,108,117.66666666666667
2026-08-31 12:30:00,01F0950S,01F0980S,31,108,121,01F0950S>01F0980S,20260831,150,108,113.33333333333333
2026-08-31 12:35:00,01F0950S,01F0980S,31,110,134,01F0950S>01F0980S,20260831,151,110,112.0
2026-08-31 12:40:00,01F0950S,01F0980S,31,109,122,01F0950S>01F0980S,20260831,152,109,109.33333333333333
2026-08-31 12:45:00,01F0950S,01F0980S,31,108,114,01F0950S>01F0980S,20260831,153,108,111.0
2026-08-31 12:50:00,01F0950S,01F0980S,31,109,127,01F0950S>01F0980S,20260831,154,109,110.0
2026-08-31 12:55:00,01F0950S,01F0980S,31,109,131,01F0950S>01F0980S,20260831,155,109,109.33333333333333
2026-08-31 13:00:00,01F0950S,01F0980S,31,108,104,01F0950S>01F0980S,20260831,156,108,110.0
2026-08-31 13:05:00,01F0950S,01F0980S,31,109,100,01F0950S>01F0980S,20260831,157,109,119.66666666666667
2026-08-31 13:10:00,01F0950S,01F0980S,31,113,105,01F0950S>01F0980S,20260831,158,113,116.33333333333333
2026-08-31 13:15:00,01F0950S,01F0980S,31,112,134,01F0950S>01F0980S,20260831,159,112,112.33333333333333
2026-08-31 13:20:00,01F0950S,01F0980S,31,110,111,01F0950S>01F0980S,20260831,160,110,110.0
2026-08-31 13:25:00,01F0950S,01F0980S,31,106,113,01F0950S>01F0980S,20260831,161,106,109.33333333333333
2026-08-31 13:30:00,01F0950S,01F0980S,31,112,119,01F0950S>01F0980S,20260831,162,112,111.0
2026-08-31 13:35:00,01F0950S,01F0980S,31,112,110,01F0950S>01F0980S,20260831,163,112,110.66666666666667
2026-08-31 13:40:00,01F0950S,01F0980S,31,111,129,01F0950S>01F0980S,20260831,164,111,112.33333333333333
2026-08-31 13:45:00,01F0950S,01F0980S,31,111,118,01F0950S>01F0980S,20260831,165,111,113.0
2026-08-31 13:50:00,01F0950S,01F0980S,31,111,119,01F0950S>01F0980S,20260831,166,111,112.66666666666667
2026-08-31 13:55:00,01F0950S,01F0980S,31,111,125,01F0950S>01F0980S,20260831,167,111,112.66666666666667
2026-08-31 14:00:00,01F0950S,01F0980S,31,110,109,01F0950S>01F0980S,20260831,168,110,113.66666666666667
2026-08-31 14:05:00,01F0950S,01F0980S,31,109,106,01F0950S>01F0980S,20260831,169,109,113.33333333333333
2026-08-31 14:10:00,01F0950S,01F0980S,31,110,130,01F0950S>01F0980S,20260831,170,110,114.33333333333333
2026-08-31 14:15:00,01F0950S,01F0980S,31,112,116,01F0950S>01F0980S,20260831,171,112,114.33333333333333
2026-08-31 14:20:00,01F0950S,01F0980S,31,112,123,01F0950S>01F0980S,20260831,172,112,120.66666666666667
2026-08-31 14:25:00,01F0950S,01F0980S,31,111,126,01F0950S>01F0980S,20260831,173,111,120.0
2026-08-31 14:30:00,01F0950S,01F0980S,31,113,125,01F0950S>01F0980S,20260831,174,113,117.0
2026-08-31 14:35:00,01F0950S,01F0980S,31,112,119,01F0950S>01F0980S,20260831,175,112,114.33333333333333
2026-08-31 14:40:00,01F0950S,01F0980S,31,112,115,01F0950S>01F0980S,20260831,176,112,115.66666666666667
2026-08-31 14:45:00,01F0950S,01F0980S,31,111,134,01F0950S>01F0980S,20260831,177,111,118.66666666666667
2026-08-31 14:50:00,01F0950S,01F0980S,31,109,135,01F0950S>01F0980S,20260831,178,109,117.33333333333333
2026-08-31 14:55:00,01F0950S,01F0980S,31,116,126,01F0950S>01F0980S,20260831,179,116,123.33333333333333
2026-08-31 15:00:00,01F0950S,01F0980S,31,109,133,01F0950S>01F0980S,20260831,180,109,120.66666666666667
2026-08-31 15:05:00,01F0950S,01F0980S,31,114,153,01F0950S>01F0980S,20260831,181,114,119.66666666666667
2026-08-31 15:10:00,01F0950S,01F0980S,31,113,145,01F0950S>01F0980S,20260831,182,113,115.0
2026-08-31 15:15:00,01F0950S,01F0980S,31,113,131,01F0950S>01F0980S,20260831,183,113,114.33333333333333
2026-08-31 15:20:00,01F0950S,01F0980S,31,115,155,01F0950S>01F0980S,20260831,184,115,114.66666666666667
2026-08-31 15:25:00,01F0950S,01F0980S,31,115,131,01F0950S>01F0980S,20260831,185,115,117.0
2026-08-31 15:30:00,01F0950S,01F0980S,31,111,141,01F0950S>01F0980S,20260831,186,111,114.66666666666667
2026-08-31 15:35:00,01F0950S,01F0980S,31,111,132,01F0950S>01F0980S,20260831,187,111,118.66666666666667
2026-08-31 15:40:00,01F0950S,01F0980S,31,113,142,01F0950S>01F0980S,20260831,188,113,115.66666666666667
2026-08-31 15:45:00,01F0950S,01F0980S,31,115,148,01F0950S>01F0980S,20260831,189,115,119.0
2026-08-31 15:50:00,01F0950S,01F0980S,31,111,133,01F0950S>01F0980S,20260831,190,111,117.33333333333333
2026-08-31 15:55:00,01F0950S,01F0980S,31,114,136,01F0950S>01F0980S,20260831,191,114,118.0
2026-08-31 16:00:00,01F0950S,01F0980S,31,118,176,01F0950S>01F0980S,20260831,192,118,119.0
2026-08-31 16:05:00,01F0950S,01F0980S,31,114,126,01F0950S>01F0980S,20260831,193,114,119.66666666666667
2026-08-31 16:10:00,01F0950S,01F0980S,31,114,164,01F0950S>01F0980S,20260831,194,114,126.66666666666667
2026-08-31 16:15:00,01F0950S,01F0980S,31,113,141,01F0950S>01F0980S,20260831,195,113,134.0
2026-08-31 16:20:00,01F0950S,01F0980S,31,118,156,01F0950S>01F0980S,20260831,196,118,152.33333333333334
2026-08-31 16:25:00,01F0950S,01F0980S,31,117,163,01F0950S>01F0980S,20260831,197,117,148.66666666666666
2026-08-31 16:30:00,01F0950S,01F0980S,31,119,155,01F0950S>01F0980S,20260831,198,119,147.0
2026-08-31 16:35:00,01F0950S,01F0980S,31,118,164,01F0950S>01F0980S,20260831,199,118,150.66666666666666
2026-08-31 16:40:00,01F0950S,01F0980S,31,127,173,01F0950S>01F0980S,20260831,200,127,169.33333333333334
2026-08-31 16:45:00,01F0950S,01F0980S,31,121,137,01F0950S>01F0980S,20260831,201,121,182.33333333333334
2026-08-31 16:50:00,01F0950S,01F0980S,31,123,173,01F0950S>01F0980S,20260831,202,123,195.0
2026-08-31 16:55:00,01F0950S,01F0980S,31,127,174,01F0950S>01F0980S,20260831,203,127,197.66666666666666
2026-08-31 17:00:00,01F0950S,01F0980S,31,131,190,01F0950S>01F0980S,20260831,204,131,220.0
2026-08-31 17:05:00,01F0950S,01F0980S,31,131,165,01F0950S>01F0980S,20260831,205,131,227.33333333333334
2026-08-31 17:10:00,01F0950S,01F0980S,31,148,193,01F0950S>01F0980S,20260831,206,148,253.33333333333334
2026-08-31 17:15:00,01F0950S,01F0980S,31,131,161,01F0950S>01F0980S,20260831,207,131,229.0
2026-08-31 17:20:00,01F0950S,01F0980S,31,126,167,01F0950S>01F0980S,20260831,208,126,196.66666666666666
2026-08-31 17:25:00,01F0950S,01F0980S,31,122,153,01F0950S>01F0980S,20260831,209,122,192.0
2026-08-31 17:30:00,01F0950S,01F0980S,31,122,145,01F0950S>01F0980S,20260831,210,122,195.33333333333334
2026-08-31 17:35:00,01F0950S,01F0980S,31,126,148,01F0950S>01F0980S,20260831,211,126,201.66666666666666
2026-08-31 17:40:00,01F0950S,01F0980S,31,144,182,01F0950S>01F0980S,20260831,212,144,200.0
2026-08-31 17:45:00,01F0950S,01F0980S,31,139,193,01F0950S>01F0980S,20260831,213,139,192.33333333333334
2026-08-31 17:50:00,01F0950S,01F0980S,31,133,179,01F0950S>01F0980S,20260831,214,133,189.66666666666666
2026-08-31 17:55:00,01F0950S,01F0980S,31,129,170,01F0950S>01F0980S,20260831,215,129,185.33333333333334
2026-08-31 18:00:00,01F0950S,01F0980S,31,128,184,01F0950S>01F0980S,20260831,216,128,180.66666666666666
2026-08-31 18:05:00,01F0950S,01F0980S,31,120,196,01F0950S>01F0980S,20260831,217,120,167.66666666666666
2026-08-31 18:10:00,01F0950S,01F0980S,31,121,160,01F0950S>01F0980S,20260831,218,121,166.66666666666666
2026-08-31 18:15:00,01F0950S,01F0980S,31,123,154,01F0950S>01F0980S,20260831,219,123,173.0
2026-08-31 18:20:00,01F0950S,01F0980S,31,128,150,01F0950S>01F0980S,20260831,220,128,171.66666666666666
2026-08-31 18:25:00,01F0950S,01F0980S,31,133,177,01F0950S>01F0980S,20260831,221,133,174.0
2026-08-31 18:30:00,01F0950S,01F0980S,31,122,127,01F0950S>01F0980S,20260831,222,122,168.66666666666666
2026-08-31 18:35:00,01F0950S,01F0980S,31,127,189,01F0950S>01F0980S,20260831,223,127,162.66666666666666
2026-08-31 18:40:00,01F0950S,01F0980S,31,118,135,01F0950S>01F0980S,20260831,224,118,159.33333333333334
2026-08-31 18:45:00,01F0950S,01F0980S,31,119,129,01F0950S>01F0980S,20260831,225,119,158.66666666666666
2026-08-31 18:50:00,01F0950S,01F0980S,31,123,159,01F0950S>01F0980S,20260831,226,123,156.66666666666666
2026-08-31 18:55:00,01F0950S,01F0980S,31,116,151,01F0950S>01F0980S,20260831,227,116,151.66666666666666
2026-08-31 19:00:00,01F0950S,01F0980S,31,116,138,01F0950S>01F0980S,20260831,228,116,155.33333333333334
2026-08-31 19:05:00,01F0950S,01F0980S,31,112,128,01F0950S>01F0980S,20260831,229,112,153.33333333333334
2026-08-31 19:10:00,01F0950S,01F0980S,31,112,114,01F0950S>01F0980S,20260831,230,112,180.0
2026-08-31 19:15:00,01F0950S,01F0980S,31,119,138,01F0950S>01F0980S,20260831,231,119,180.33333333333334
2026-08-31 19:20:00,01F0950S,01F0980S,31,114,142,01F0950S>01F0980S,20260831,232,114,153.66666666666666
2026-08-31 19:25:00,01F0950S,01F0980S,31,115,128,01F0950S>01F0980S,20260831,233,115,151.0
2026-08-31 19:30:00,01F0950S,01F0980S,31,109,124,01F0950S>01F0980S,20260831,234,109,147.0
2026-08-31 19:35:00,01F0950S,01F0980S,31,109,137,01F0950S>01F0980S,20260831,235,109,149.0
2026-08-31 19:40:00,01F0950S,01F0980S,31,110,128,01F0950S>01F0980S,20260831,236,110,149.33333333333334
2026-08-31 19:45:00,01F0950S,01F0980S,31,112,121,01F0950S>01F0980S,20260831,237,112,152.33333333333334
2026-08-31 19:50:00,01F0950S,01F0980S,31,111,142,01F0950S>01F0980S,20260831,238,111,147.66666666666666
2026-08-31 19:55:00,01F0950S,01F0980S,31,110,145,01F0950S>01F0980S,20260831,239,110,137.0
2026-08-31 20:00:00,01F0950S,01F0980S,31,119,127,01F0950S>01F0980S,20260831,240,119,139.0
2026-08-31 20:05:00,01F0950S,01F0980S,31,110,120,01F0950S>01F0980S,20260831,241,110,121.66666666666667
2026-08-31 20:10:00,01F0950S,01F0980S,31,110,130,01F0950S>01F0980S,20260831,242,110,113.0
2026-08-31 20:15:00,01F0950S,01F0980S,31,113,117,01F0950S>01F0980S,20260831,243,113,113.66666666666667
2026-08-31 20:20:00,01F0950S,01F0980S,31,112,132,01F0950S>01F0980S,20260831,244,112,114.0
2026-08-31 20:25:00,01F0950S,01F0980S,31,112,119,01F0950S>01F0980S,20260831,245,112,113.33333333333333
2026-08-31 20:30:00,01F0950S,01F0980S,31,115,123,01F0950S>01F0980S,20260831,246,115,114.0
2026-08-31 20:35:00,01F0950S,01F0980S,31,109,105,01F0950S>01F0980S,20260831,247,109,110.66666666666667
2026-08-31 20:40:00,01F0950S,01F0980S,31,108,96,01F0950S>01F0980S,20260831,248,108,109.33333333333333
2026-08-31 20:45:00,01F0950S,01F0980S,31,110,117,01F0950S>01F0980S,20260831,249,110,111.33333333333333
2026-08-31 20:50:00,01F0950S,01F0980S,31,108,87,01F0950S>01F0980S,20260831,250,108,108.33333333333333
2026-08-31 20:55:00,01F0950S,01F0980S,31,111,107,01F0950S>01F0980S,20260831,251,111,111.0
2026-08-31 21:00:00,01F0950S,01F0980S,31,109,97,01F0950S>01F0980S,20260831,252,109,119.33333333333333
2026-08-31 21:05:00,01F0950S,01F0980S,31,108,106,01F0950S>01F0980S,20260831,253,108,113.0
2026-08-31 21:10:00,01F0950S,01F0980S,31,110,94,01F0950S>01F0980S,20260831,254,110,111.0
2026-08-31 21:15:00,01F0950S,01F0980S,31,111,96,01F0950S>01F0980S,20260831,255,111,113.66666666666667
2026-08-31 21:20:00,01F0950S,01F0980S,31,108,113,01F0950S>01F0980S,20260831,256,108,110.0
2026-08-31 21:25:00,01F0950S,01F0980S,31,108,100,01F0950S>01F0980S,20260831,257,108,109.33333333333333
2026-08-31 21:30:00,01F0950S,01F0980S,31,108,91,01F0950S>01F0980S,20260831,258,108,108.33333333333333
2026-08-31 21:35:00,01F0950S,01F0980S,31,109,90,01F0950S>01F0980S,20260831,259,109,109.66666666666667
2026-08-31 21:40:00,01F0950S,01F0980S,31,111,98,01F0950S>01F0980S,20260831,260,111,109.66666666666667
2026-08-31 21:45:00,01F0950S,01F0980S,31,107,98,01F0950S>01F0980S,20260831,261,107,109.0
2026-08-31 21:50:00,01F0950S,01F0980S,31,108,98,01F0950S>01F0980S,20260831,262,108,109.0
2026-08-31 21:55:00,01F0950S,01F0980S,31,109,67,01F0950S>01F0980S,20260831,263,109,108.33333333333333
2026-08-31 22:00:00,01F0950S,01F0980S,31,105,70,01F0950S>01F0980S,20260831,264,105,108.0
2026-08-31 22:05:00,01F0950S,01F0980S,31,107,81,01F0950S>01F0980S,20260831,265,107,108.66666666666667
2026-08-31 22:10:00,01F0950S,01F0980S,31,104,62,01F0950S>01F0980S,20260831,266,104,105.66666666666667
2026-08-31 22:15:00,01F0950S,01F0980S,31,106,78,01F0950S>01F0980S,20260831,267,106,108.0
2026-08-31 22:20:00,01F0950S,01F0980S,31,105,63,01F0950S>01F0980S,20260831,268,105,106.0
2026-08-31 22:25:00,01F0950S,01F0980S,31,103,71,01F0950S>01F0980S,20260831,269,103,107.0
2026-08-31 22:30:00,01F0950S,01F0980S,31,105,56,01F0950S>01F0980S,20260831,270,105,106.0
2026-08-31 22:35:00,01F0950S,01F0980S,31,103,63,01F0950S>01F0980S,20260831,271,103,105.0
2026-08-31 22:40:00,01F0950S,01F0980S,31,107,58,01F0950S>01F0980S,20260831,272,107,106.0
2026-08-31 22:45:00,01F0950S,01F0980S,31,103,51,01F0950S>01F0980S,20260831,273,103,104.66666666666667
2026-08-31 22:50:00,01F0950S,01F0980S,31,105,73,01F0950S>01F0980S,20260831,274,105,106.33333333333333
2026-08-31 22:55:00,01F0950S,01F0980S,31,102,49,01F0950S>01F0980S,20260831,275,102,104.0
2026-08-31 23:00:00,01F0950S,01F0980S,31,104,61,01F0950S>01F0980S,20260831,276,104,104.0
2026-08-31 23:05:00,01F0950S,01F0980S,31,104,48,01F0950S>01F0980S,20260831,277,104,103.0
2026-08-31 23:10:00,01F0950S,01F0980S,31,103,38,01F0950S>01F0980S,20260831,278,103,104.33333333333333
2026-08-31 23:15:00,01F0950S,01F0980S,31,104,56,01F0950S>01F0980S,20260831,279,104,104.33333333333333
2026-08-31 23:20:00,01F0950S,01F0980S,31,102,50,01F0950S>01F0980S,20260831,280,102,103.33333333333333
2026-08-31 23:25:00,01F0950S,01F0980S,31,103,42,01F0950S>01F0980S,20260831,281,103,103.33333333333333
2026-08-31 23:30:00,01F0950S,01F0980S,31,104,41,01F0950S>01F0980S,20260831,282,104,104.66666666666667
2026-08-31 23:35:00,01F0950S,01F0980S,31,105,43,01F0950S>01F0980S,20260831,283,105,103.33333333333333
2026-08-31 23:40:00,01F0950S,01F0980S,31,105,51,01F0950S>01F0980S,20260831,284,105,106.33333333333333
2026-08-31 23:45:00,01F0950S,01F0980S,31,104,43,01F0950S>01F0980S,20260831,285,104,105.0
2026-08-31 23:50:00,01F0950S,01F0980S,31,101,37,01F0950S>01F0980S,20260831,286,101,103.33333333333333
2026-08-31 23:55:00,01F0950S,01F0980S,31,102,44,01F0950S>01F0980S,20260831,287,102,103.33333333333333
2026-09-01 00:00:00,01F0950S,01F0980S,31,103,33,01F0950S>01F0980S,20260901,0,103,103.66666666666667
2026-09-01 00:05:00,01F0950S,01F0980S,31,104,40,01F0950S>01F0980S,20260901,1,104,103.66666666666667
2026-09-01 00:10:00,01F0950S,01F0980S,31,105,39,01F0950S>01F0980S,20260901,2,105,103.33333333333333
2026-09-01 00:15:00,01F0950S,01F0980S,31,103,22,01F0950S>01F0980S,20260901,3,103,104.0
2026-09-01 00:20:00,01F0950S,01F0980S,31,106,35,01F0950S>01F0980S,20260901,4,106,101.66666666666667
2026-09-01 00:25:00,01F0950S,01F0980S,31,104,37,01F0950S>01F0980S,20260901,5,104,103.0
2026-09-01 00:30:00,01F0950S,01F0980S,31,103,52,01F0950S>01F0980S,20260901,6,103,102.66666666666667
2026-09-01 00:35:00,01F0950S,01F0980S,31,102,35,01F0950S>01F0980S,20260901,7,102,103.33333333333333
2026-09-01 00:40:00,01F0950S,01F0980S,31,102,37,01F0950S>01F0980S,20260901,8,102,104.0
2026-09-01 00:45:00,01F0950S,01F0980S,31,100,35,01F0950S>01F0980S,20260901,9,100,102.0
2026-09-01 00:50:00,01F0950S,01F0980S,31,103,35,01F0950S>01F0980S,20260901,10,103,102.0
2026-09-01 00:55:00,01F0950S,01F0980S,31,106,38,01F0950S>01F0980S,20260901,11,106,103.0
2026-09-01 01:00:00,01F0950S,01F0980S,31,101,28,01F0950S>01F0980S,20260901,12,101,102.66666666666667
2026-09-01 01:05:00,01F0950S,01F0980S,31,103,31,01F0950S>01F0980S,20260901,13,103,102.33333333333333
2026-09-01 01:10:00,01F0950S,01F0980S,31,100,26,01F0950S>01F0980S,20260901,14,100,104.33333333333333
2026-09-01 01:15:00,01F0950S,01F0980S,31,105,24,01F0950S>01F0980S,20260901,15,105,104.0
2026-09-01 01:20:00,01F0950S,01F0980S,31,107,26,01F0950S>01F0980S,20260901,16,107,104.0
2026-09-01 01:25:00,01F0950S,01F0980S,31,103,23,01F0950S>01F0980S,20260901,17,103,103.33333333333333
2026-09-01 01:30:00,01F0950S,01F0980S,31,104,22,01F0950S>01F0980S,20260901,18,104,103.0
2026-09-01 01:35:00,01F0950S,01F0980S,31,104,25,01F0950S>01F0980S,20260901,19,104,103.66666666666667
2026-09-01 01:40:00,01F0950S,01F0980S,31,103,28,01F0950S>01F0980S,20260901,20,103,102.0
2026-09-01 01:45:00,01F0950S,01F0980S,31,105,17,01F0950S>01F0980S,20260901,21,105,101.33333333333333
2026-09-01 01:50:00,01F0950S,01F0980S,31,106,15,01F0950S>01F0980S,20260901,22,106,103.66666666666667
2026-09-01 01:55:00,01F0950S,01F0980S,31,101,20,01F0950S>01F0980S,20260901,23,101,105.0
2026-09-01 02:00:00,01F0950S,01F0980S,31,103,11,01F0950S>01F0980S,20260901,24,103,102.33333333333333
2026-09-01 02:05:00,01F0950S,01F0980S,31,102,17,01F0950S>01F0980S,20260901,25,102,102.66666666666667
2026-09-01 02:10:00,01F0950S,01F0980S,31,108,17,01F0950S>01F0980S,20260901,26,108,104.66666666666667
2026-09-01 02:15:00,01F0950S,01F0980S,31,102,21,01F0950S>01F0980S,20260901,27,102,104.0
2026-09-01 02:20:00,01F0950S,01F0980S,31,102,17,01F0950S>01F0980S,20260901,28,102,102.33333333333333
2026-09-01 02:25:00,01F0950S,01F0980S,31,107,10,01F0950S>01F0980S,20260901,29,107,105.33333333333333
2026-09-01 02:30:00,01F0950S,01F0980S,31,97,12,01F0950S>01F0980S,20260901,30,97,107.0
2026-09-01 02:35:00,01F0950S,01F0980S,31,103,5,01F0950S>01F0980S,20260901,31,103,104.0
2026-09-01 02:40:00,01F0950S,01F0980S,31,106,8,01F0950S>01F0980S,20260901,32,106,100.0
2026-09-01 02:45:00,01F0950S,01F0980S,31,103,10,01F0950S>01F0980S,20260901,33,103,104.0
2026-09-01 02:50:00,01F0950S,01F0980S,31,100,4,01F0950S>01F0980S,20260901,34,100,104.66666666666667
2026-09-01 02:55:00,01F0950S,01F0980S,31,101,14,01F0950S>01F0980S,20260901,35,101,104.0
2026-09-01 03:00:00,01F0950S,01F0980S,31,100,11,01F0950S>01F0980S,20260901,36,100,103.66666666666667
2026-09-01 03:05:00,01F0950S,01F0980S,31,107,12,01F0950S>01F0980S,20260901,37,107,105.0
2026-09-01 03:10:00,01F0950S,01F0980S,31,103,13,01F0950S>01F0980S,20260901,38,103,103.33333333333333
2026-09-01 03:15:00,01F0950S,01F0980S,31,101,8,01F0950S>01F0980S,20260901,39,101,105.0
2026-09-01 03:20:00,01F0950S,01F0980S,31,110,5,01F0950S>01F0980S,20260901,40,110,106.66666666666667
2026-09-01 03:25:00,01F0950S,01F0980S,31,107,11,01F0950S>01F0980S,20260901,41,107,103.66666666666667
2026-09-01 03:30:00,01F0950S,01F0980S,31,101,11,01F0950S>01F0980S,20260901,42,101,103.66666666666667
2026-09-01 03:35:00,01F0950S,01F0980S,31,100,16,01F0950S>01F0980S,20260901,43,100,102.66666666666667
2026-09-01 03:40:00,01F0950S,01F0980S,31,105,10,01F0950S>01F0980S,20260901,44,105,107.33333333333333
2026-09-01 03:45:00,01F0950S,01F0980S,31,109,6,01F0950S>01F0980S,20260901,45,109,105.66666666666667
2026-09-01 03:50:00,01F0950S,01F0980S,31,103,12,01F0950S>01F0980S,20260901,46,103,105.66666666666667
2026-09-01 03:55:00,01F0950S,01F0980S,31,101,7,01F0950S>01F0980S,20260901,47,101,106.66666666666667
2026-09-01 04:00:00,01F0950S,01F0980S,31,107,13,01F0950S>01F0980S,20260901,48,107,106.0
2026-09-01 04:05:00,01F0950S,01F0980S,31,101,10,01F0950S>01F0980S,20260901,49,101,106.33333333333333
2026-09-01 04:10:00,01F0950S,01F0980S,31,103,16,01F0950S>01F0980S,20260901,50,103,103.0
2026-09-01 04:15:00,01F0950S,01F0980S,31,105,8,01F0950S>01F0980S,20260901,51,105,105.0
2026-09-01 04:20:00,01F0950S,01F0980S,31,106,12,01F0950S>01F0980S,20260901,52,106,105.66666666666667
2026-09-01 04:25:00,01F0950S,01F0980S,31,96,15,01F0950S>01F0980S,20260901,53,96,102.33333333333333
2026-09-01 04:30:00,01F0950S,01F0980S,31,106,6,01F0950S>01F0980S,20260901,54,106,104.33333333333333
2026-09-01 04:35:00,01F0950S,01F0980S,31,104,21,01F0950S>01F0980S,20260901,55,104,104.0
2026-09-01 04:40:00,01F0950S,01F0980S,31,109,7,01F0950S>01F0980S,20260901,56,109,102.33333333333333
2026-09-01 04:45:00,01F0950S,01F0980S,31,103,20,01F0950S>01F0980S,20260901,57,103,106.0
2026-09-01 04:50:00,01F0950S,01F0980S,31,105,23,01F0950S>01F0980S,20260901,58,105,103.0
2026-09-01 04:55:00,01F0950S,01F0980S,31,102,16,01F0950S>01F0980S,20260901,59,102,107.0
2026-09-01 05:00:00,01F0950S,01F0980S,31,101,10,01F0950S>01F0980S,20260901,60,101,104.66666666666667
2026-09-01 05:05:00,01F0950S,01F0980S,31,103,24,01F0950S>01F0980S,20260901,61,103,105.66666666666667
2026-09-01 05:10:00,01F0950S,01F0980S,31,103,26,01F0950S>01F0980S,20260901,62,103,106.0
2026-09-01 05:15:00,01F0950S,01F0980S,31,105,23,01F0950S>01F0980S,20260901,63,105,105.33333333333333
2026-09-01 05:20:00,01F0950S,01F0980S,31,104,20,01F0950S>01F0980S,20260901,64,104,106.0
2026-09-01 05:25:00,01F0950S,01F0980S,31,102,29,01F0950S>01F0980S,20260901,65,102,105.66666666666667
2026-09-01 05:30:00,01F0950S,01F0980S,31,105,34,01F0950S>01F0980S,20260901,66,105,100.33333333333333
2026-09-01 05:35:00,01F0950S,01F0980S,31,106,37,01F0950S>01F0980S,20260901,67,106,104.33333333333333
2026-09-01 05:40:00,01F0950S,01F0980S,31,101,46,01F0950S>01F0980S,20260901,68,101,104.0
2026-09-01 05:45:00,01F0950S,01F0980S,31,103,35,01F0950S>01F0980S,20260901,69,103,104.66666666666667
2026-09-01 05:50:00,01F0950S,01F0980S,31,105,51,01F0950S>01F0980S,20260901,70,105,104.0
2026-09-01 05:55:00,01F0950S,01F0980S,31,103,48,01F0950S>01F0980S,20260901,71,103,104.66666666666667
2026-09-01 06:00:00,01F0950S,01F0980S,31,103,65,01F0950S>01F0980S,20260901,72,103,105.0
2026-09-01 06:05:00,01F0950S,01F0980S,31,107,62,01F0950S>01F0980S,20260901,73,107,104.33333333333333
2026-09-01 06:10:00,01F0950S,01F0980S,31,104,70,01F0950S>01F0980S,20260901,74,104,105.0
2026-09-01 06:15:00,01F0950S,01F0980S,31,103,75,01F0950S>01F0980S,20260901,75,103,105.66666666666667
2026-09-01 06:20:00,01F0950S,01F0980S,31,107,103,01F0950S>01F0980S,20260901,76,107,105.33333333333333
2026-09-01 06:25:00,01F0950S,01F0980S,31,105,106,01F0950S>01F0980S,20260901,77,105,106.66666666666667
2026-09-01 06:30:00,01F0950S,01F0980S,31,106,111,01F0950S>01F0980S,20260901,78,106,107.0
2026-09-01 06:35:00,01F0950S,01F0980S,31,107,97,01F0950S>01F0980S,20260901,79,107,108.33333333333333
2026-09-01 06:40:00,01F0950S,01F0980S,31,108,128,01F0950S>01F0980S,20260901,80,108,109.66666666666667
2026-09-01 06:45:00,01F0950S,01F0980S,31,108,121,01F0950S>01F0980S,20260901,81,108,109.66666666666667
2026-09-01 06:50:00,01F0950S,01F0980S,31,109,137,01F0950S>01F0980S,20260901,82,109,110.33333333333333
2026-09-01 06:55:00,01F0950S,01F0980S,31,108,123,01F0950S>01F0980S,20260901,83,108,111.0
2026-09-01 07:00:00,01F0950S,01F0980S,31,111,145,01F0950S>01F0980S,20260901,84,111,110.0
2026-09-01 07:05:00,01F0950S,01F0980S,31,109,122,01F0950S>01F0980S,20260901,85,109,111.0
2026-09-01 07:10:00,01F0950S,01F0980S,31,109,112,01F0950S>01F0980S,20260901,86,109,110.66666666666667
2026-09-01 07:15:00,01F0950S,01F0980S,31,109,108,01F0950S>01F0980S,20260901,87,109,112.0
2026-09-01 07:20:00,01F0950S,01F0980S,31,111,122,01F0950S>01F0980S,20260901,88,111,112.0
2026-09-01 07:25:00,01F0950S,01F0980S,31,110,114,01F0950S>01F0980S,20260901,89,110,113.0
2026-09-01 07:30:00,01F0950S,01F0980S,31,111,111,01F0950S>01F0980S,20260901,90,111,111.0
2026-09-01 07:35:00,01F0950S,01F0980S,31,110,123,01F0950S>01F0980S,20260901,91,110,112.66666666666667
2026-09-01 07:40:00,01F0950S,01F0980S,31,112,122,01F0950S>01F0980S,20260901,92,112,113.66666666666667
2026-09-01 07:45:00,01F0950S,01F0980S,31,113,120,01F0950S>01F0980S,20260901,93,113,113.0
2026-09-01 07:50:00,01F0950S,01F0980S,31,108,113,01F0950S>01F0980S,20260901,94,108,112.66666666666667
2026-09-01 07:55:00,01F0950S,01F0980S,31,110,133,01F0950S>01F0980S,20260901,95,110,113.33333333333333
2026-09-01 08:00:00,01F0950S,01F0980S,31,111,115,01F0950S>01F0980S,20260901,96,111,112.66666666666667
2026-09-01 08:05:00,01F0950S,01F0980S,31,110,115,01F0950S>01F0980S,20260901,97,110,111.0
2026-09-01 08:10:00,01F0950S,01F0980S,31,109,145,01F0950S>01F0980S,20260901,98,109,109.66666666666667
2026-09-01 08:15:00,01F0950S,01F0980S,31,109,132,01F0950S>01F0980S,20260901,99,109,112.33333333333333
2026-09-01 08:20:00,01F0950S,01F0980S,31,108,101,01F0950S>01F0980S,20260901,100,108,110.66666666666667
2026-09-01 08:25:00,01F0950S,01F0980S,31,110,123,01F0950S>01F0980S,20260901,101,110,111.0
2026-09-01 08:30:00,01F0950S,01F0980S,31,109,121,01F0950S>01F0980S,20260901,102,109,111.66666666666667
2026-09-01 08:35:00,01F0950S,01F0980S,31,107,134,01F0950S>01F0980S,20260901,103,107,111.33333333333333
2026-09-01 08:40:00,01F0950S,01F0980S,31,111,109,01F0950S>01F0980S,20260901,104,111,111.66666666666667
2026-09-01 08:45:00,01F0950S,01F0980S,31,109,111,01F0950S>01F0980S,20260901,105,109,112.0
2026-09-01 08:50:00,01F0950S,01F0980S,31,111,116,01F0950S>01F0980S,20260901,106,111,111.0
2026-09-01 08:55:00,01F0950S,01F0980S,31,112,123,01F0950S>01F0980S,20260901,107,112,111.33333333333333
2026-09-01 09:00:00,01F0950S,01F0980S,31,110,108,01F0950S>01F0980S,20260901,108,110,113.33333333333333
2026-09-01 09:05:00,01F0950S,01F0980S,31,113,102,01F0950S>01F0980S,20260901,109,113,113.0
2026-09-01 09:10:00,01F0950S,01F0980S,31,113,130,01F0950S>01F0980S,20260901,110,113,113.0
2026-09-01 09:15:00,01F0950S,01F0980S,31,115,125,01F0950S>01F0980S,20260901,111,115,116.66666666666667
2026-09-01 09:20:00,01F0950S,01F0980S,31,113,108,01F0950S>01F0980S,20260901,112,113,114.66666666666667
2026-09-01 09:25:00,01F0950S,01F0980S,31,114,130,01F0950S>01F0980S,20260901,113,114,115.33333333333333
2026-09-01 09:30:00,01F0950S,01F0980S,31,120,132,01F0950S>01F0980S,20260901,114,120,117.0
2026-09-01 09:35:00,01F0950S,01F0980S,31,118,172,01F0950S>01F0980S,20260901,115,118,118.0
2026-09-01 09:40:00,01F0950S,01F0980S,31,116,116,01F0950S>01F0980S,20260901,116,116,118.33333333333333
2026-09-01 09:45:00,01F0950S,01F0980S,31,116,137,01F0950S>01F0980S,20260901,117,116,119.0
2026-09-01 09:50:00,01F0950S,01F0980S,31,116,115,01F0950S>01F0980S,20260901,118,116,116.33333333333333
2026-09-01 09:55:00,01F0950S,01F0980S,31,113,128,01F0950S>01F0980S,20260901,119,113,116.33333333333333
2026-09-01 10:00:00,01F0950S,01F0980S,31,110,114,01F0950S>01F0980S,20260901,120,110,118.33333333333333
2026-09-01 10:05:00,01F0950S,01F0980S,31,111,116,01F0950S>01F0980S,20260901,121,111,114.0
2026-09-01 10:10:00,01F0950S,01F0980S,31,114,129,01F0950S>01F0980S,20260901,122,114,113.66666666666667
2026-09-01 10:15:00,01F0950S,01F0980S,31,111,134,01F0950S>01F0980S,20260901,123,111,116.33333333333333
2026-09-01 10:20:00,01F0950S,01F0980S,31,120,127,01F0950S>01F0980S,20260901,124,120,116.66666666666667
2026-09-01 10:25:00,01F0950S,01F0980S,31,117,122,01F0950S>01F0980S,20260901,125,117,120.0
2026-09-01 10:30:00,01F0950S,01F0980S,31,119,118,01F0950S>01F0980S,20260901,126,119,116.66666666666667
2026-09-01 10:35:00,01F0950S,01F0980S,31,113,124,01F0950S>01F0980S,20260901,127,113,116.33333333333333
2026-09-01 10:40:00,01F0950S,01F0980S,31,110,110,01F0950S>01F0980S,20260901,128,110,117.66666666666667
2026-09-01 10:45:00,01F0950S,01F0980S,31,112,119,01F0950S>01F0980S,20260901,129,112,120.0
2026-09-01 10:50:00,01F0950S,01F0980S,31,112,129,01F0950S>01F0980S,20260901,130,112,118.33333333333333
2026-09-01 10:55:00,01F0950S,01F0980S,31,114,123,01F0950S>01F0980S,20260901,131,114,117.33333333333333
2026-09-01 11:00:00,01F0950S,01F0980S,31,112,108,01F0950S>01F0980S,20260901,132,112,120.33333333333333
2026-09-01 11:05:00,01F0950S,01F0980S,31,113,95,01F0950S>01F0980S,20260901,133,113,119.33333333333333
2026-09-01 11:10:00,01F0950S,01F0980S,31,110,98,01F0950S>01F0980S,20260901,134,110,118.33333333333333
2026-09-01 11:15:00,01F0950S,01F0980S,31,113,116,01F0950S>01F0980S,20260901,135,113,114.66666666666667
2026-09-01 11:20:00,01F0950S,01F0980S,31,111,105,01F0950S>01F0980S,20260901,136,111,115.66666666666667
2026-09-01 11:25:00,01F0950S,01F0980S,31,112,116,01F0950S>01F0980S,20260901,137,112,114.66666666666667
2026-09-01 11:30:00,01F0950S,01F0980S,31,112,119,01F0950S>01F0980S,20260901,138,112,115.66666666666667
2026-09-01 11:35:00,01F0950S,01F0980S,31,112,136,01F0950S>01F0980S,20260901,139,112,116.33333333333333
2026-09-01 11:40:00,01F0950S,01F0980S,31,113,123,01F0950S>01F0980S,20260901,140,113,115.33333333333333
2026-09-01 11:45:00,01F0950S,01F0980S,31,116,109,01F0950S>01F0980S,20260901,141,116,114.66666666666667
2026-09-01 11:50:00,01F0950S,01F0980S,31,117,124,01F0950S>01F0980S,20260901,142,117,113.66666666666667
2026-09-01 11:55:00,01F0950S,01F0980S,31,112,99,01F0950S>01F0980S,20260901,143,112,113.66666666666667
2026-09-01 12:00:00,01F0950S,01F0980S,31,112,93,01F0950S>01F0980S,20260901,144,112,111.0
2026-09-01 12:05:00,01F0950S,01F0980S,31,114,107,01F0950S>01F0980S,20260901,145,114,113.66666666666667
2026-09-01 12:10:00,01F0950S,01F0980S,31,112,98,01F0950S>01F0980S,20260901,146,112,114.0
2026-09-01 12:15:00,01F0950S,01F0980S,31,107,93,01F0950S>01F0980S,20260901,147,107,112.0
2026-09-01 12:20:00,01F0950S,01F0980S,31,109,104,01F0950S>01F0980S,20260901,148,109,114.66666666666667
2026-09-01 12:25:00,01F0950S,01F0980S,31,115,108,01F0950S>01F0980S,20260901,149,115,117.66666666666667
2026-09-01 12:30:00,01F0950S,01F0980S,31,111,132,01F0950S>01F0980S,20260901,150,111,113.33333333333333
2026-09-01 12:35:00,01F0950S,01F0980S,31,113,93,01F0950S>01F0980S,20260901,151,113,112.0
2026-09-01 12:40:00,01F0950S,01F0980S,31,115,97,01F0950S>01F0980S,20260901,152,115,109.33333333333333
2026-09-01 12:45:00,01F0950S,01F0980S,31,115,118,01F0950S>01F0980S,20260901,153,115,111.0
2026-09-01 12:50:00,01F0950S,01F0980S,31,112,106,01F0950S>01F0980S,20260901,154,112,110.0
2026-09-01 12:55:00,01F0950S,01F0980S,31,111,103,01F0950S>01F0980S,20260901,155,111,109.33333333333333
2026-09-01 13:00:00,01F0950S,01F0980S,31,112,122,01F0950S>01F0980S,20260901,156,112,110.0
2026-09-01 13:05:00,01F0950S,01F0980S,31,111,108,01F0950S>01F0980S,20260901,157,111,119.66666666666667
2026-09-01 13:10:00,01F0950S,01F0980S,31,111,122,01F0950S>01F0980S,20260901,158,111,116.33333333333333
2026-09-01 13:15:00,01F0950S,01F0980S,31,113,100,01F0950S>01F0980S,20260901,159,113,112.33333333333333
2026-09-01 13:20:00,01F0950S,01F0980S,31,111,106,01F0950S>01F0980S,20260901,160,111,110.0
2026-09-01 13:25:00,01F0950S,01F0980S,31,113,110,01F0950S>01F0980S,20260901,161,113,109.33333333333333
2026-09-01 13:30:00,01F0950S,01F0980S,31,115,107,01F0950S>01F0980S,20260901,162,115,111.0
2026-09-01 13:35:00,01F0950S,01F0980S,31,112,90,01F0950S>01F0980S,20260901,163,112,110.66666666666667
2026-09-01 13:40:00,01F0950S,01F0980S,31,110,108,01F0950S>01F0980S,20260901,164,110,112.33333333333333
2026-09-01 13:45:00,01F0950S,01F0980S,31,112,98,01F0950S>01F0980S,20260901,165,112,113.0
2026-09-01 13:50:00,01F0950S,01F0980S,31,113,93,01F0950S>01F0980S,20260901,166,113,112.66666666666667
2026-09-01 13:55:00,01F0950S,01F0980S,31,116,87,01F0950S>01F0980S,20260901,167,116,112.66666666666667
2026-09-01 14:00:00,01F0950S,01F0980S,31,114,93,01F0950S>01F0980S,20260901,168,114,113.66666666666667
2026-09-01 14:05:00,01F0950S,01F0980S,31,121,89,01F0950S>01F0980S,20260901,169,121,113.33333333333333
2026-09-01 14:10:00,01F0950S,01F0980S,31,122,87,01F0950S>01F0980S,20260901,170,122,114.33333333333333
2026-09-01 14:15:00,01F0950S,01F0980S,31,133,91,01F0950S>01F0980S,20260901,171,133,114.33333333333333
2026-09-01 14:20:00,01F0950S,01F0980S,31,120,81,01F0950S>01F0980S,20260901,172,120,120.66666666666667
2026-09-01 14:25:00,01F0950S,01F0980S,31,119,85,01F0950S>01F0980S,20260901,173,119,120.0
2026-09-01 14:30:00,01F0950S,01F0980S,31,124,84,01F0950S>01F0980S,20260901,174,124,117.0
2026-09-01 14:35:00,01F0950S,01F0980S,31,134,101,01F0950S>01F0980S,20260901,175,134,114.33333333333333
2026-09-01 14:40:00,01F0950S,01F0980S,31,132,113,01F0950S>01F0980S,20260901,176,132,115.66666666666667
2026-09-01 14:45:00,01F0950S,01F0980S,31,138,95,01F0950S>01F0980S,20260901,177,138,118.66666666666667
2026-09-01 14:50:00,01F0950S,01F0980S,31,135,121,01F0950S>01F0980S,20260901,178,135,117.33333333333333
2026-09-01 14:55:00,01F0950S,01F0980S,31,129,105,01F0950S>01F0980S,20260901,179,129,123.33333333333333
2026-09-01 15:00:00,01F0950S,01F0980S,31,137,111,01F0950S>01F0980S,20260901,180,137,120.66666666666667
2026-09-01 15:05:00,01F0950S,01F0980S,31,138,102,01F0950S>01F0980S,20260901,181,138,119.66666666666667
2026-09-01 15:10:00,01F0950S,01F0980S,31,137,122,01F0950S>01F0980S,20260901,182,137,115.0
2026-09-01 15:15:00,01F0950S,01F0980S,31,130,126,01F0950S>01F0980S,20260901,183,130,114.33333333333333
2026-09-01 15:20:00,01F0950S,01F0980S,31,134,112,01F0950S>01F0980S,20260901,184,134,114.66666666666667
2026-09-01 15:25:00,01F0950S,01F0980S,31,139,130,01F0950S>01F0980S,20260901,185,139,117.0
2026-09-01 15:30:00,01F0950S,01F0980S,31,137,125,01F0950S>01F0980S,20260901,186,137,114.66666666666667
2026-09-01 15:35:00,01F0950S,01F0980S,31,135,119,01F0950S>01F0980S,20260901,187,135,118.66666666666667
2026-09-01 15:40:00,01F0950S,01F0980S,31,157,128,01F0950S>01F0980S,20260901,188,157,115.66666666666667
2026-09-01 15:45:00,01F0950S,01F0980S,31,141,131,01F0950S>01F0980S,20260901,189,141,119.0
2026-09-01 15:50:00,01F0950S,01F0980S,31,124,135,01F0950S>01F0980S,20260901,190,124,117.33333333333333
2026-09-01 15:55:00,01F0950S,01F0980S,31,123,124,01F0950S>01F0980S,20260901,191,123,118.0
2026-09-01 16:00:00,01F0950S,01F0980S,31,127,122,01F0950S>01F0980S,20260901,192,127,119.0
2026-09-01 16:05:00,01F0950S,01F0980S,31,122,144,01F0950S>01F0980S,20260901,193,122,119.66666666666667
2026-09-01 16:10:00,01F0950S,01F0980S,31,128,134,01F0950S>01F0980S,20260901,194,128,126.66666666666667
2026-09-01 16:15:00,01F0950S,01F0980S,31,138,144,01F0950S>01F0980S,20260901,195,138,134.0
2026-09-01 16:20:00,01F0950S,01F0980S,31,138,173,01F0950S>01F0980S,20260901,196,138,152.33333333333334
2026-09-01 16:25:00,01F0950S,01F0980S,31,133,158,01F0950S>01F0980S,20260901,197,133,148.66666666666666
2026-09-01 16:30:00,01F0950S,01F0980S,31,134,131,01F0950S>01F0980S,20260901,198,134,147.0
2026-09-01 16:35:00,01F0950S,01F0980S,31,140,116,01F0950S>01F0980S,20260901,199,140,150.66666666666666
2026-09-01 16:40:00,01F0950S,01F0980S,31,191,156,01F0950S>01F0980S,20260901,200,191,169.33333333333334
2026-09-01 16:45:00,01F0950S,01F0980S,31,193,152,01F0950S>01F0980S,20260901,201,193,182.33333333333334
2026-09-01 16:50:00,01F0950S,01F0980S,31,189,143,01F0950S>01F0980S,20260901,202,189,195.0
2026-09-01 16:55:00,01F0950S,01F0980S,31,206,163,01F0950S>01F0980S,20260901,203,206,197.66666666666666
2026-09-01 17:00:00,01F0950S,01F0980S,31,216,142,01F0950S>01F0980S,20260901,204,216,220.0
2026-09-01 17:05:00,01F0950S,01F0980S,31,205,149,01F0950S>01F0980S,20260901,205,205,227.33333333333334
2026-09-01 17:10:00,01F0950S,01F0980S,31,191,142,01F0950S>01F0980S,20260901,206,191,253.33333333333334
2026-09-01 17:15:00,01F0950S,01F0980S,31,170,147,01F0950S>01F0980S,20260901,207,170,229.0
2026-09-01 17:20:00,01F0950S,01F0980S,31,160,176,01F0950S>01F0980S,20260901,208,160,196.66666666666666
2026-09-01 17:25:00,01F0950S,01F0980S,31,173,172,01F0950S>01F0980S,20260901,209,173,192.0
2026-09-01 17:30:00,01F0950S,01F0980S,31,171,160,01F0950S>01F0980S,20260901,210,171,195.33333333333334
2026-09-01 17:35:00,01F0950S,01F0980S,31,157,168,01F0950S>01F0980S,20260901,211,157,201.66666666666666
2026-09-01 17:40:00,01F0950S,01F0980S,31,154,143,01F0950S>01F0980S,20260901,212,154,200.0
2026-09-01 17:45:00,01F0950S,01F0980S,31,157,146,01F0950S>01F0980S,20260901,213,157,192.33333333333334
2026-09-01 17:50:00,01F0950S,01F0980S,31,152,160,01F0950S>01F0980S,20260901,214,152,189.66666666666666
2026-09-01 17:55:00,01F0950S,01F0980S,31,152,163,01F0950S>01F0980S,20260901,215,152,185.33333333333334
2026-09-01 18:00:00,01F0950S,01F0980S,31,136,155,01F0950S>01F0980S,20260901,216,136,180.66666666666666
2026-09-01 18:05:00,01F0950S,01F0980S,31,134,137,01F0950S>01F0980S,20260901,217,134,167.66666666666666
2026-09-01 18:10:00,01F0950S,01F0980S,31,135,150,01F0950S>01F0980S,20260901,218,135,166.66666666666666
2026-09-01 18:15:00,01F0950S,01F0980S,31,131,155,01F0950S>01F0980S,20260901,219,131,173.0
2026-09-01 18:20:00,01F0950S,01F0980S,31,138,159,01F0950S>01F0980S,20260901,220,138,171.66666666666666
2026-09-01 18:25:00,01F0950S,01F0980S,31,136,142,01F0950S>01F0980S,20260901,221,136,174.0
2026-09-01 18:30:00,01F0950S,01F0980S,31,127,136,01F0950S>01F0980S,20260901,222,127,168.66666666666666
2026-09-01 18:35:00,01F0950S,01F0980S,31,139,144,01F0950S>01F0980S,20260901,223,139,162.66666666666666
2026-09-01 18:40:00,01F0950S,01F0980S,31,139,180,01F0950S>01F0980S,20260901,224,139,159.33333333333334
2026-09-01 18:45:00,01F0950S,01F0980S,31,137,142,01F0950S>01F0980S,20260901,225,137,158.66666666666666
2026-09-01 18:50:00,01F0950S,01F0980S,31,129,144,01F0950S>01F0980S,20260901,226,129,156.66666666666666
2026-09-01 18:55:00,01F0950S,01F0980S,31,123,98,01F0950S>01F0980S,20260901,227,123,151.66666666666666
2026-09-01 19:00:00,01F0950S,01F0980S,31,129,144,01F0950S>01F0980S,20260901,228,129,155.33333333333334
2026-09-01 19:05:00,01F0950S,01F0980S,31,119,94,01F0950S>01F0980S,20260901,229,119,153.33333333333334
2026-09-01 19:10:00,01F0950S,01F0980S,31,121,122,01F0950S>01F0980S,20260901,230,121,180.0
2026-09-01 19:15:00,01F0950S,01F0980S,31,131,155,01F0950S>01F0980S,20260901,231,131,180.33333333333334
2026-09-01 19:20:00,01F0950S,01F0980S,31,113,134,01F0950S>01F0980S,20260901,232,113,153.66666666666666
2026-09-01 19:25:00,01F0950S,01F0980S,31,119,143,01F0950S>01F0980S,20260901,233,119,151.0
2026-09-01 19:30:00,01F0950S,01F0980S,31,112,104,01F0950S>01F0980S,20260901,234,112,147.0
2026-09-01 19:35:00,01F0950S,01F0980S,31,113,119,01F0950S>01F0980S,20260901,235,113,149.0
2026-09-01 19:40:00,01F0950S,01F0980S,31,111,107,01F0950S>01F0980S,20260901,236,111,149.33333333333334
2026-09-01 19:45:00,01F0950S,01F0980S,31,111,114,01F0950S>01F0980S,20260901,237,111,152.33333333333334
2026-09-01 19:50:00,01F0950S,01F0980S,31,115,126,01F0950S>01F0980S,20260901,238,115,147.66666666666666
2026-09-01 19:55:00,01F0950S,01F0980S,31,114,133,01F0950S>01F0980S,20260901,239,114,137.0
2026-09-01 20:00:00,01F0950S,01F0980S,31,107,109,01F0950S>01F0980S,20260901,240,107,139.0
2026-09-01 20:05:00,01F0950S,01F0980S,31,111,123,01F0950S>01F0980S,20260901,241,111,121.66666666666667
2026-09-01 20:10:00,01F0950S,01F0980S,31,109,114,01F0950S>01F0980S,20260901,242,109,113.0
2026-09-01 20:15:00,01F0950S,01F0980S,31,111,113,01F0950S>01F0980S,20260901,243,111,113.66666666666667
2026-09-01 20:20:00,01F0950S,01F0980S,31,112,104,01F0950S>01F0980S,20260901,244,112,114.0
2026-09-01 20:25:00,01F0950S,01F0980S,31,113,122,01F0950S>01F0980S,20260901,245,113,113.33333333333333
2026-09-01 20:30:00,01F0950S,01F0980S,31,109,100,01F0950S>01F0980S,20260901,246,109,114.0
2026-09-01 20:35:00,01F0950S,01F0980S,31,110,91,01F0950S>01F0980S,20260901,247,110,110.66666666666667
2026-09-01 20:40:00,01F0950S,01F0980S,31,107,88,01F0950S>01F0980S,20260901,248,107,109.33333333333333
2026-09-01 20:45:00,01F0950S,01F0980S,31,110,104,01F0950S>01F0980S,20260901,249,110,111.33333333333333
2026-09-01 20:50:00,01F0950S,01F0980S,31,106,111,01F0950S>01F0980S,20260901,250,106,108.33333333333333
2026-09-01 20:55:00,01F0950S,01F0980S,31,110,108,01F0950S>01F0980S,20260901,251,110,111.0
2026-09-01 21:00:00,01F0950S,01F0980S,31,105,110,01F0950S>01F0980S,20260901,252,105,119.33333333333333
2026-09-01 21:05:00,01F0950S,01F0980S,31,111,83,01F0950S>01F0980S,20260901,253,111,113.0
2026-09-01 21:10:00,01F0950S,01F0980S,31,107,87,01F0950S>01F0980S,20260901,254,107,111.0
2026-09-01 21:15:00,01F0950S,01F0980S,31,110,93,01F0950S>01F0980S,20260901,255,110,113.66666666666667
2026-09-01 21:20:00,01F0950S,01F0980S,31,108,87,01F0950S>01F0980S,20260901,256,108,110.0
2026-09-01 21:25:00,01F0950S,01F0980S,31,107,88,01F0950S>01F0980S,20260901,257,107,109.33333333333333
2026-09-01 21:30:00,01F0950S,01F0980S,31,108,89,01F0950S>01F0980S,20260901,258,108,108.33333333333333
2026-09-01 21:35:00,01F0950S,01F0980S,31,105,76,01F0950S>01F0980S,20260901,259,105,109.66666666666667
2026-09-01 21:40:00,01F0950S,01F0980S,31,112,100,01F0950S>01F0980S,20260901,260,112,109.66666666666667
2026-09-01 21:45:00,01F0950S,01F0980S,31,104,87,01F0950S>01F0980S,20260901,261,104,109.0
2026-09-01 21:50:00,01F0950S,01F0980S,31,108,82,01F0950S>01F0980S,20260901,262,108,109.0
2026-09-01 21:55:00,01F0950S,01F0980S,31,106,83,01F0950S>01F0980S,20260901,263,106,108.33333333333333
2026-09-01 22:00:00,01F0950S,01F0980S,31,107,78,01F0950S>01F0980S,20260901,264,107,108.0
2026-09-01 22:05:00,01F0950S,01F0980S,31,106,96,01F0950S>01F0980S,20260901,265,106,108.66666666666667
2026-09-01 22:10:00,01F0950S,01F0980S,31,106,65,01F0950S>01F0980S,20260901,266,106,105.66666666666667
2026-09-01 22:15:00,01F0950S,01F0980S,31,104,84,01F0950S>01F0980S,20260901,267,104,108.0
2026-09-01 22:20:00,01F0950S,01F0980S,31,104,76,01F0950S>01F0980S,20260901,268,104,106.0
2026-09-01 22:25:00,01F0950S,01F0980S,31,106,60,01F0950S>01F0980S,20260901,269,106,107.0
2026-09-01 22:30:00,01F0950S,01F0980S,31,104,48,01F0950S>01F0980S,20260901,270,104,106.0
2026-09-01 22:35:00,01F0950S,01F0980S,31,104,63,01F0950S>01F0980S,20260901,271,104,105.0
2026-09-01 22:40:00,01F0950S,01F0980S,31,105,41,01F0950S>01F0980S,20260901,272,105,106.0
2026-09-01 22:45:00,01F0950S,01F0980S,31,102,45,01F0950S>01F0980S,20260901,273,102,104.66666666666667
2026-09-01 22:50:00,01F0950S,01F0980S,31,106,59,01F0950S>01F0980S,20260901,274,106,106.33333333333333
2026-09-01 22:55:00,01F0950S,01F0980S,31,104,47,01F0950S>01F0980S,20260901,275,104,104.0
2026-09-01 23:00:00,01F0950S,01F0980S,31,103,48,01F0950S>01F0980S,20260901,276,103,104.0
2026-09-01 23:05:00,01F0950S,01F0980S,31,104,48,01F0950S>01F0980S,20260901,277,104,103.0
2026-09-01 23:10:00,01F0950S,01F0980S,31,104,53,01F0950S>01F0980S,20260901,278,104,104.33333333333333
2026-09-01 23:15:00,01F0950S,01F0980S,31,104,62,01F0950S>01F0980S,20260901,279,104,104.33333333333333
2026-09-01 23:20:00,01F0950S,01F0980S,31,103,47,01F0950S>01F0980S,20260901,280,103,103.33333333333333
2026-09-01 23:25:00,01F0950S,01F0980S,31,105,40,01F0950S>01F0980S,20260901,281,105,103.33333333333333
2026-09-01 23:30:00,01F0950S,01F0980S,31,104,35,01F0950S>01F0980S,20260901,282,104,104.66666666666667
2026-09-01 23:35:00,01F0950S,01F0980S,31,101,40,01F0950S>01F0980S,20260901,283,101,103.33333333333333
2026-09-01 23:40:00,01F0950S,01F0980S,31,102,44,01F0950S>01F0980S,20260901,284,102,106.33333333333333
2026-09-01 23:45:00,01F0950S,01F0980S,31,103,37,01F0950S>01F0980S,20260901,285,103,105.0
2026-09-01 23:50:00,01F0950S,01F0980S,31,102,38,01F0950S>01F0980S,20260901,286,102,103.33333333333333
2026-09-01 23:55:00,01F0950S,01F0980S,31,101,30,01F0950S>01F0980S,20260901,287,101,103.33333333333333
2026-09-02 00:00:00,01F0950S,01F0980S,31,102,31,01F0950S>01F0980S,20260902,0,102,103.66666666666667
2026-09-02 00:05:00,01F0950S,01F0980S,31,101,38,01F0950S>01F0980S,20260902,1,101,103.66666666666667
2026-09-02 00:10:00,01F0950S,01F0980S,31,101,34,01F0950S>01F0980S,20260902,2,101,103.33333333333333
2026-09-02 00:15:00,01F0950S,01F0980S,31,106,36,01F0950S>01F0980S,20260902,3,106,104.0
2026-09-02 00:20:00,01F0950S,01F0980S,31,104,25,01F0950S>01F0980S,20260902,4,104,101.66666666666667
2026-09-02 00:25:00,01F0950S,01F0980S,31,102,22,01F0950S>01F0980S,20260902,5,102,103.0
2026-09-02 00:30:00,01F0950S,01F0980S,31,105,26,01F0950S>01F0980S,20260902,6,105,102.66666666666667
2026-09-02 00:35:00,01F0950S,01F0980S,31,104,27,01F0950S>01F0980S,20260902,7,104,103.33333333333333
2026-09-02 00:40:00,01F0950S,01F0980S,31,101,26,01F0950S>01F0980S,20260902,8,101,104.0
2026-09-02 00:45:00,01F0950S,01F0980S,31,106,14,01F0950S>01F0980S,20260902,9,106,102.0
2026-09-02 00:50:00,01F0950S,01F0980S,31,104,20,01F0950S>01F0980S,20260902,10,104,102.0
2026-09-02 00:55:00,01F0950S,01F0980S,31,102,22,01F0950S>01F0980S,20260902,11,102,103.0
2026-09-02 01:00:00,01F0950S,01F0980S,31,101,34,01F0950S>01F0980S,20260902,12,101,102.66666666666667
2026-09-02 01:05:00,01F0950S,01F0980S,31,103,29,01F0950S>01F0980S,20260902,13,103,102.33333333333333
2026-09-02 01:10:00,01F0950S,01F0980S,31,103,18,01F0950S>01F0980S,20260902,14,103,104.33333333333333
2026-09-02 01:15:00,01F0950S,01F0980S,31,104,27,01F0950S>01F0980S,20260902,15,104,104.0
2026-09-02 01:20:00,01F0950S,01F0980S,31,104,27,01F0950S>01F0980S,20260902,16,104,104.0
2026-09-02 01:25:00,01F0950S,01F0980S,31,101,12,01F0950S>01F0980S,20260902,17,101,103.33333333333333
2026-09-02 01:30:00,01F0950S,01F0980S,31,104,22,01F0950S>01F0980S,20260902,18,104,103.0
2026-09-02 01:35:00,01F0950S,01F0980S,31,101,22,01F0950S>01F0980S,20260902,19,101,103.66666666666667
2026-09-02 01:40:00,01F0950S,01F0980S,31,102,25,01F0950S>01F0980S,20260902,20,102,102.0
2026-09-02 01:45:00,01F0950S,01F0980S,31,101,17,01F0950S>01F0980S,20260902,21,101,101.33333333333333
2026-09-02 01:50:00,01F0950S,01F0980S,31,100,17,01F0950S>01F0980S,20260902,22,100,103.66666666666667
2026-09-02 01:55:00,01F0950S,01F0980S,31,104,18,01F0950S>01F0980S,20260902,23,104,105.0
2026-09-02 02:00:00,01F0950S,01F0980S,31,104,17,01F0950S>01F0980S,20260902,24,104,102.33333333333333
2026-09-02 02:05:00,01F0950S,01F0980S,31,104,16,01F0950S>01F0980S,20260902,25,104,102.66666666666667
2026-09-02 02:10:00,01F0950S,01F0980S,31,103,12,01F0950S>01F0980S,20260902,26,103,104.66666666666667
2026-09-02 02:15:00,01F0950S,01F0980S,31,104,17,01F0950S>01F0980S,20260902,27,104,104.0
2026-09-02 02:20:00,01F0950S,01F0980S,31,101,15,01F0950S>01F0980S,20260902,28,101,102.33333333333333
2026-09-02 02:25:00,01F0950S,01F0980S,31,104,11,01F0950S>01F0980S,20260902,29,104,105.33333333333333
2026-09-02 02:30:00,01F0950S,01F0980S,31,102,12,01F0950S>01F0980S,20260902,30,102,107.0
2026-09-02 02:35:00,01F0950S,01F0980S,31,107,11,01F0950S>01F0980S,20260902,31,107,104.0
2026-09-02 02:40:00,01F0950S,01F0980S,31,102,8,01F0950S>01F0980S,20260902,32,102,100.0
2026-09-02 02:45:00,01F0950S,01F0980S,31,103,11,01F0950S>01F0980S,20260902,33,103,104.0
2026-09-02 02:50:00,01F0950S,01F0980S,31,107,13,01F0950S>01F0980S,20260902,34,107,104.66666666666667
2026-09-02 02:55:00,01F0950S,01F0980S,31,104,9,01F0950S>01F0980S,20260902,35,104,104.0
2026-09-02 03:00:00,01F0950S,01F0980S,31,103,10,01F0950S>01F0980S,20260902,36,103,103.66666666666667
2026-09-02 03:05:00,01F0950S,01F0980S,31,105,6,01F0950S>01F0980S,20260902,37,105,105.0
2026-09-02 03:10:00,01F0950S,01F0980S,31,101,7,01F0950S>01F0980S,20260902,38,101,103.33333333333333
2026-09-02 03:15:00,01F0950S,01F0980S,31,104,9,01F0950S>01F0980S,20260902,39,104,105.0
2026-09-02 03:20:00,01F0950S,01F0980S,31,106,7,01F0950S>01F0980S,20260902,40,106,106.66666666666667
2026-09-02 03:25:00,01F0950S,01F0980S,31,101,10,01F0950S>01F0980S,20260902,41,101,103.66666666666667
2026-09-02 03:30:00,01F0950S,01F0980S,31,105,6,01F0950S>01F0980S,20260902,42,105,103.66666666666667
2026-09-02 03:35:00,01F0950S,01F0980S,31,103,10,01F0950S>01F0980S,20260902,43,103,102.66666666666667
2026-09-02 03:40:00,01F0950S,01F0980S,31,106,13,01F0950S>01F0980S,20260902,44,106,107.33333333333333
2026-09-02 03:45:00,01F0950S,01F0980S,31,104,5,01F0950S>01F0980S,20260902,45,104,105.66666666666667
2026-09-02 03:50:00,01F0950S,01F0980S,31,111,6,01F0950S>01F0980S,20260902,46,111,105.66666666666667
2026-09-02 03:55:00,01F0950S,01F0980S,31,101,11,01F0950S>01F0980S,20260902,47,101,106.66666666666667
2026-09-02 04:00:00,01F0950S,01F0980S,31,103,4,01F0950S>01F0980S,20260902,48,103,106.0
2026-09-02 04:05:00,01F0950S,01F0980S,31,104,15,01F0950S>01F0980S,20260902,49,104,106.33333333333333
2026-09-02 04:10:00,01F0950S,01F0980S,31,106,12,01F0950S>01F0980S,20260902,50,106,103.0
2026-09-02 04:15:00,01F0950S,01F0980S,31,104,9,01F0950S>01F0980S,20260902,51,104,105.0
2026-09-02 04:20:00,01F0950S,01F0980S,31,108,13,01F0950S>01F0980S,20260902,52,108,105.66666666666667
2026-09-02 04:25:00,01F0950S,01F0980S,31,106,13,01F0950S>01F0980S,20260902,53,106,102.33333333333333
2026-09-02 04:30:00,01F0950S,01F0980S,31,102,15,01F0950S>01F0980S,20260902,54,102,104.33333333333333
2026-09-02 04:35:00,01F0950S,01F0980S,31,105,16,01F0950S>01F0980S,20260902,55,105,104.0
2026-09-02 04:40:00,01F0950S,01F0980S,31,108,16,01F0950S>01F0980S,20260902,56,108,102.33333333333333
2026-09-02 04:45:00,01F0950S,01F0980S,31,105,22,01F0950S>01F0980S,20260902,57,105,106.0
2026-09-02 04:50:00,01F0950S,01F0980S,31,102,18,01F0950S>01F0980S,20260902,58,102,103.0
2026-09-02 04:55:00,01F0950S,01F0980S,31,102,19,01F0950S>01F0980S,20260902,59,102,107.0
2026-09-02 05:00:00,01F0950S,01F0980S,31,104,17,01F0950S>01F0980S,20260902,60,104,104.66666666666667
2026-09-02 05:05:00,01F0950S,01F0980S,31,108,24,01F0950S>01F0980S,20260902,61,108,105.66666666666667
2026-09-02 05:10:00,01F0950S,01F0980S,31,105,40,01F0950S>01F0980S,20260902,62,105,106.0
2026-09-02 05:15:00,01F0950S,01F0980S,31,101,32,01F0950S>01F0980S,20260902,63,101,105.33333333333333
2026-09-02 05:20:00,01F0950S,01F0980S,31,104,34,01F0950S>01F0980S,20260902,64,104,106.0
2026-09-02 05:25:00,01F0950S,01F0980S,31,107,29,01F0950S>01F0980S,20260902,65,107,105.66666666666667
2026-09-02 05:30:00,01F0950S,01F0980S,31,105,36,01F0950S>01F0980S,20260902,66,105,100.33333333333333
2026-09-02 05:35:00,01F0950S,01F0980S,31,105,31,01F0950S>01F0980S,20260902,67,105,104.33333333333333
2026-09-02 05:40:00,01F0950S,01F0980S,31,104,37,01F0950S>01F0980S,20260902,68,104,104.0
2026-09-02 05:45:00,01F0950S,01F0980S,31,104,53,01F0950S>01F0980S,20260902,69,104,104.66666666666667
2026-09-02 05:50:00,01F0950S,01F0980S,31,105,43,01F0950S>01F0980S,20260902,70,105,104.0
2026-09-02 05:55:00,01F0950S,01F0980S,31,104,46,01F0950S>01F0980S,20260902,71,104,104.66666666666667
2026-09-02 06:00:00,01F0950S,01F0980S,31,105,66,01F0950S>01F0980S,20260902,72,105,105.0
2026-09-02 06:05:00,01F0950S,01F0980S,31,104,60,01F0950S>01F0980S,20260902,73,104,104.33333333333333
2026-09-02 06:10:00,01F0950S,01F0980S,31,109,58,01F0950S>01F0980S,20260902,74,109,105.0
2026-09-02 06:15:00,01F0950S,01F0980S,31,104,74,01F0950S>01F0980S,20260902,75,104,105.66666666666667
2026-09-02 06:20:00,01F0950S,01F0980S,31,104,84,01F0950S>01F0980S,20260902,76,104,105.33333333333333
2026-09-02 06:25:00,01F0950S,01F0980S,31,107,99,01F0950S>01F0980S,20260902,77,107,106.66666666666667
2026-09-02 06:30:00,01F0950S,01F0980S,31,105,95,01F0950S>01F0980S,20260902,78,105,107.0
2026-09-02 06:35:00,01F0950S,01F0980S,31,107,114,01F0950S>01F0980S,20260902,79,107,108.33333333333333
2026-09-02 06:40:00,01F0950S,01F0980S,31,107,100,01F0950S>01F0980S,20260902,80,107,109.66666666666667
2026-09-02 06:45:00,01F0950S,01F0980S,31,107,121,01F0950S>01F0980S,20260902,81,107,109.66666666666667
2026-09-02 06:50:00,01F0950S,01F0980S,31,109,126,01F0950S>01F0980S,20260902,82,109,110.33333333333333
2026-09-02 06:55:00,01F0950S,01F0980S,31,110,124,01F0950S>01F0980S,20260902,83,110,111.0
2026-09-02 07:00:00,01F0950S,01F0980S,31,112,129,01F0950S>01F0980S,20260902,84,112,110.0
2026-09-02 07:05:00,01F0950S,01F0980S,31,112,113,01F0950S>01F0980S,20260902,85,112,111.0
2026-09-02 07:10:00,01F0950S,01F0980S,31,120,128,01F0950S>01F0980S,20260902,86,120,110.66666666666667
2026-09-02 07:15:00,01F0950S,01F0980S,31,112,94,01F0950S>01F0980S,20260902,87,112,112.0
2026-09-02 07:20:00,01F0950S,01F0980S,31,113,103,01F0950S>01F0980S,20260902,88,113,112.0
2026-09-02 07:25:00,01F0950S,01F0980S,31,112,110,01F0950S>01F0980S,20260902,89,112,113.0
2026-09-02 07:30:00,01F0950S,01F0980S,31,111,108,01F0950S>01F0980S,20260902,90,111,111.0
2026-09-02 07:35:00,01F0950S,01F0980S,31,111,113,01F0950S>01F0980S,20260902,91,111,112.66666666666667
2026-09-02 07:40:00,01F0950S,01F0980S,31,113,121,01F0950S>01F0980S,20260902,92,113,113.66666666666667
2026-09-02 07:45:00,01F0950S,01F0980S,31,109,109,01F0950S>01F0980S,20260902,93,109,113.0
2026-09-02 07:50:00,01F0950S,01F0980S,31,113,112,01F0950S>01F0980S,20260902,94,113,112.66666666666667
2026-09-02 07:55:00,01F0950S,01F0980S,31,112,106,01F0950S>01F0980S,20260902,95,112,113.33333333333333
2026-09-02 08:00:00,01F0950S,01F0980S,31,115,109,01F0950S>01F0980S,20260902,96,115,112.66666666666667
2026-09-02 08:05:00,01F0950S,01F0980S,31,112,106,01F0950S>01F0980S,20260902,97,112,111.0
2026-09-02 08:10:00,01F0950S,01F0980S,31,111,108,01F0950S>01F0980S,20260902,98,111,109.66666666666667
2026-09-02 08:15:00,01F0950S,01F0980S,31,112,114,01F0950S>01F0980S,20260902,99,112,112.33333333333333
2026-09-02 08:20:00,01F0950S,01F0980S,31,119,127,01F0950S>01F0980S,20260902,100,119,110.66666666666667
2026-09-02 08:25:00,01F0950S,01F0980S,31,117,113,01F0950S>01F0980S,20260902,101,117,111.0
2026-09-02 08:30:00,01F0950S,01F0980S,31,119,102,01F0950S>01F0980S,20260902,102,119,111.66666666666667
2026-09-02 08:35:00,01F0950S,01F0980S,31,113,101,01F0950S>01F0980S,20260902,103,113,111.33333333333333
2026-09-02 08:40:00,01F0950S,01F0980S,31,114,102,01F0950S>01F0980S,20260902,104,114,111.66666666666667
2026-09-02 08:45:00,01F0950S,01F0980S,31,115,90,01F0950S>01F0980S,20260902,105,115,112.0
2026-09-02 08:50:00,01F0950S,01F0980S,31,114,96,01F0950S>01F0980S,20260902,106,114,111.0
2026-09-02 08:55:00,01F0950S,01F0980S,31,116,114,01F0950S>01F0980S,20260902,107,116,111.33333333333333
2026-09-02 09:00:00,01F0950S,01F0980S,31,113,107,01F0950S>01F0980S,20260902,108,113,113.33333333333333
2026-09-02 09:05:00,01F0950S,01F0980S,31,116,108,01F0950S>01F0980S,20260902,109,116,113.0
2026-09-02 09:10:00,01F0950S,01F0980S,31,112,116,01F0950S>01F0980S,20260902,110,112,113.0
2026-09-02 09:15:00,01F0950S,01F0980S,31,115,111,01F0950S>01F0980S,20260902,111,115,116.66666666666667
2026-09-02 09:20:00,01F0950S,01F0980S,31,117,117,01F0950S>01F0980S,20260902,112,117,114.66666666666667
2026-09-02 09:25:00,01F0950S,01F0980S,31,111,110,01F0950S>01F0980S,20260902,113,111,115.33333333333333
2026-09-02 09:30:00,01F0950S,01F0980S,31,113,150,01F0950S>01F0980S,20260902,114,113,117.0
2026-09-02 09:35:00,01F0950S,01F0980S,31,112,127,01F0950S>01F0980S,20260902,115,112,118.0
2026-09-02 09:40:00,01F0950S,01F0980S,31,114,118,01F0950S>01F0980S,20260902,116,114,118.33333333333333
2026-09-02 09:45:00,01F0950S,01F0980S,31,116,135,01F0950S>01F0980S,20260902,117,116,119.0
2026-09-02 09:50:00,01F0950S,01F0980S,31,112,116,01F0950S>01F0980S,20260902,118,112,116.33333333333333
2026-09-02 09:55:00,01F0950S,01F0980S,31,114,149,01F0950S>01F0980S,20260902,119,114,116.33333333333333
2026-09-02 10:00:00,01F0950S,01F0980S,31,113,134,01F0950S>01F0980S,20260902,120,113,118.33333333333333
2026-09-02 10:05:00,01F0950S,01F0980S,31,113,143,01F0950S>01F0980S,20260902,121,113,114.0
2026-09-02 10:10:00,01F0950S,01F0980S,31,113,131,01F0950S>01F0980S,20260902,122,113,113.66666666666667
2026-09-02 10:15:00,01F0950S,01F0980S,31,117,140,01F0950S>01F0980S,20260902,123,117,116.33333333333333
2026-09-02 10:20:00,01F0950S,01F0980S,31,117,145,01F0950S>01F0980S,20260902,124,117,116.66666666666667
2026-09-02 10:25:00,01F0950S,01F0980S,31,116,160,01F0950S>01F0980S,20260902,125,116,120.0
2026-09-02 10:30:00,01F0950S,01F0980S,31,114,152,01F0950S>01F0980S,20260902,126,114,116.66666666666667
2026-09-02 10:35:00,01F0950S,01F0980S,31,111,127,01F0950S>01F0980S,20260902,127,111,116.33333333333333
2026-09-02 10:40:00,01F0950S,01F0980S,31,117,144,01F0950S>01F0980S,20260902,128,117,117.66666666666667
2026-09-02 10:45:00,01F0950S,01F0980S,31,114,140,01F0950S>01F0980S,20260902,129,114,120.0
2026-09-02 10:50:00,01F0950S,01F0980S,31,110,133,01F0950S>01F0980S,20260902,130,110,118.33333333333333
2026-09-02 10:55:00,01F0950S,01F0980S,31,112,122,01F0950S>01F0980S,20260902,131,112,117.33333333333333
2026-09-02 11:00:00,01F0950S,01F0980S,31,112,112,01F0950S>01F0980S,20260902,132,112,120.33333333333333
2026-09-02 11:05:00,01F0950S,01F0980S,31,113,133,01F0950S>01F0980S,20260902,133,113,119.33333333333333
2026-09-02 11:10:00,01F0950S,01F0980S,31,112,140,01F0950S>01F0980S,20260902,134,112,118.33333333333333
2026-09-02 11:15:00,01F0950S,01F0980S,31,110,106,01F0950S>01F0980S,20260902,135,110,114.66666666666667
2026-09-02 11:20:00,01F0950S,01F0980S,31,109,108,01F0950S>01F0980S,20260902,136,109,115.66666666666667
2026-09-02 11:25:00,01F0950S,01F0980S,31,114,120,01F0950S>01F0980S,20260902,137,114,114.66666666666667
2026-09-02 11:30:00,01F0950S,01F0980S,31,111,115,01F0950S>01F0980S,20260902,138,111,115.66666666666667
2026-09-02 11:35:00,01F0950S,01F0980S,31,109,131,01F0950S>01F0980S,20260902,139,109,116.33333333333333
2026-09-02 11:40:00,01F0950S,01F0980S,31,112,99,01F0950S>01F0980S,20260902,140,112,115.33333333333333
2026-09-02 11:45:00,01F0950S,01F0980S,31,109,108,01F0950S>01F0980S,20260902,141,109,114.66666666666667
2026-09-02 11:50:00,01F0950S,01F0980S,31,112,112,01F0950S>01F0980S,20260902,142,112,113.66666666666667
2026-09-02 11:55:00,01F0950S,01F0980S,31,111,131,01F0950S>01F0980S,20260902,143,111,113.66666666666667
2026-09-02 12:00:00,01F0950S,01F0980S,31,110,109,01F0950S>01F0980S,20260902,144,110,111.0
2026-09-02 12:05:00,01F0950S,01F0980S,31,111,109,01F0950S>01F0980S,20260902,145,111,113.66666666666667
2026-09-02 12:10:00,01F0950S,01F0980S,31,110,106,01F0950S>01F0980S,20260902,146,110,114.0
2026-09-02 12:15:00,01F0950S,01F0980S,31,109,109,01F0950S>01F0980S,20260902,147,109,112.0
2026-09-02 12:20:00,01F0950S,01F0980S,31,110,122,01F0950S>01F0980S,20260902,148,110,114.66666666666667
2026-09-02 12:25:00,01F0950S,01F0980S,31,118,140,01F0950S>01F0980S,20260902,149,118,117.66666666666667
2026-09-02 12:30:00,01F0950S,01F0980S,31,109,99,01F0950S>01F0980S,20260902,150,109,113.33333333333333
2026-09-02 12:35:00,01F0950S,01F0980S,31,112,117,01F0950S>01F0980S,20260902,151,112,112.0
2026-09-02 12:40:00,01F0950S,01F0980S,31,111,122,01F0950S>01F0980S,20260902,152,111,109.33333333333333
2026-09-02 12:45:00,01F0950S,01F0980S,31,107,107,01F0950S>01F0980S,20260902,153,107,111.0
2026-09-02 12:50:00,01F0950S,01F0980S,31,108,110,01F0950S>01F0980S,20260902,154,108,110.0
2026-09-02 12:55:00,01F0950S,01F0980S,31,108,109,01F0950S>01F0980S,20260902,155,108,109.33333333333333
2026-09-02 13:00:00,01F0950S,01F0980S,31,110,114,01F0950S>01F0980S,20260902,156,110,110.0
2026-09-02 13:05:00,01F0950S,01F0980S,31,108,132,01F0950S>01F0980S,20260902,157,108,119.66666666666667
2026-09-02 13:10:00,01F0950S,01F0980S,31,108,104,01F0950S>01F0980S,20260902,158,108,116.33333333333333
2026-09-02 13:15:00,01F0950S,01F0980S,31,111,131,01F0950S>01F0980S,20260902,159,111,112.33333333333333
2026-09-02 13:20:00,01F0950S,01F0980S,31,108,92,01F0950S>01F0980S,20260902,160,108,110.0
2026-09-02 13:25:00,01F0950S,01F0980S,31,113,111,01F0950S>01F0980S,20260902,161,113,109.33333333333333
2026-09-02 13:30:00,01F0950S,01F0980S,31,109,102,01F0950S>01F0980S,20260902,162,109,111.0
2026-09-02 13:35:00,01F0950S,01F0980S,31,110,118,01F0950S>01F0980S,20260902,163,110,110.66666666666667
2026-09-02 13:40:00,01F0950S,01F0980S,31,112,127,01F0950S>01F0980S,20260902,164,112,112.33333333333333
2026-09-02 13:45:00,01F0950S,01F0980S,31,108,107,01F0950S>01F0980S,20260902,165,108,113.0
2026-09-02 13:50:00,01F0950S,01F0980S,31,107,123,01F0950S>01F0980S,20260902,166,107,112.66666666666667
2026-09-02 13:55:00,01F0950S,01F0980S,31,111,108,01F0950S>01F0980S,20260902,167,111,112.66666666666667
2026-09-02 14:00:00,01F0950S,01F0980S,31,111,118,01F0950S>01F0980S,20260902,168,111,113.66666666666667
2026-09-02 14:05:00,01F0950S,01F0980S,31,109,104,01F0950S>01F0980S,20260902,169,109,113.33333333333333
2026-09-02 14:10:00,01F0950S,01F0980S,31,111,119,01F0950S>01F0980S,20260902,170,111,114.33333333333333
2026-09-02 14:15:00,01F0950S,01F0980S,31,110,132,01F0950S>01F0980S,20260902,171,110,114.33333333333333
2026-09-02 14:20:00,01F0950S,01F0980S,31,109,122,01F0950S>01F0980S,20260902,172,109,120.66666666666667
2026-09-02 14:25:00,01F0950S,01F0980S,31,109,119,01F0950S>01F0980S,20260902,173,109,120.0
2026-09-02 14:30:00,01F0950S,01F0980S,31,111,101,01F0950S>01F0980S,20260902,174,111,117.0
2026-09-02 14:35:00,01F0950S,01F0980S,31,113,122,01F0950S>01F0980S,20260902,175,113,114.33333333333333
2026-09-02 14:40:00,01F0950S,01F0980S,31,108,115,01F0950S>01F0980S,20260902,176,108,115.66666666666667
2026-09-02 14:45:00,01F0950S,01F0980S,31,109,118,01F0950S>01F0980S,20260902,177,109,118.66666666666667
2026-09-02 14:50:00,01F0950S,01F0980S,31,117,170,01F0950S>01F0980S,20260902,178,117,117.33333333333333
2026-09-02 14:55:00,01F0950S,01F0980S,31,115,128,01F0950S>01F0980S,20260902,179,115,123.33333333333333
2026-09-02 15:00:00,01F0950S,01F0980S,31,110,128,01F0950S>01F0980S,20260902,180,110,120.66666666666667
2026-09-02 15:05:00,01F0950S,01F0980S,31,108,104,01F0950S>01F0980S,20260902,181,108,119.66666666666667
2026-09-02 15:10:00,01F0950S,01F0980S,31,119,123,01F0950S>01F0980S,20260902,182,119,115.0
2026-09-02 15:15:00,01F0950S,01F0980S,31,111,119,01F0950S>01F0980S,20260902,183,111,114.33333333333333
2026-09-02 15:20:00,01F0950S,01F0980S,31,113,131,01F0950S>01F0980S,20260902,184,113,114.66666666666667
2026-09-02 15:25:00,01F0950S,01F0980S,31,110,128,01F0950S>01F0980S,20260902,185,110,117.0
2026-09-02 15:30:00,01F0950S,01F0980S,31,117,143,01F0950S>01F0980S,20260902,186,117,114.66666666666667
2026-09-02 15:35:00,01F0950S,01F0980S,31,112,129,01F0950S>01F0980S,20260902,187,112,118.66666666666667
2026-09-02 15:40:00,01F0950S,01F0980S,31,112,138,01F0950S>01F0980S,20260902,188,112,115.66666666666667
2026-09-02 15:45:00,01F0950S,01F0980S,31,111,138,01F0950S>01F0980S,20260902,189,111,119.0
2026-09-02 15:50:00,01F0950S,01F0980S,31,111,136,01F0950S>01F0980S,20260902,190,111,117.33333333333333
2026-09-02 15:55:00,01F0950S,01F0980S,31,115,152,01F0950S>01F0980S,20260902,191,115,118.0
2026-09-02 16:00:00,01F0950S,01F0980S,31,112,113,01F0950S>01F0980S,20260902,192,112,119.0
2026-09-02 16:05:00,01F0950S,01F0980S,31,121,139,01F0950S>01F0980S,20260902,193,121,119.66666666666667
2026-09-02 16:10:00,01F0950S,01F0980S,31,116,143,01F0950S>01F0980S,20260902,194,116,126.66666666666667
2026-09-02 16:15:00,01F0950S,01F0980S,31,112,130,01F0950S>01F0980S,20260902,195,112,134.0
2026-09-02 16:20:00,01F0950S,01F0980S,31,118,148,01F0950S>01F0980S,20260902,196,118,152.33333333333334
2026-09-02 16:25:00,01F0950S,01F0980S,31,110,139,01F0950S>01F0980S,20260902,197,110,148.66666666666666
2026-09-02 16:30:00,01F0950S,01F0980S,31,114,136,01F0950S>01F0980S,20260902,198,114,147.0
2026-09-02 16:35:00,01F0950S,01F0980S,31,120,157,01F0950S>01F0980S,20260902,199,120,150.66666666666666
2026-09-02 16:40:00,01F0950S,01F0980S,31,124,135,01F0950S>01F0980S,20260902,200,124,169.33333333333334
2026-09-02 16:45:00,01F0950S,01F0980S,31,116,151,01F0950S>01F0980S,20260902,201,116,182.33333333333334
2026-09-02 16:50:00,01F0950S,01F0980S,31,113,155,01F0950S>01F0980S,20260902,202,113,195.0
2026-09-02 16:55:00,01F0950S,01F0980S,31,118,153,01F0950S>01F0980S,20260902,203,118,197.66666666666666
2026-09-02 17:00:00,01F0950S,01F0980S,31,117,118,01F0950S>01F0980S,20260902,204,117,220.0
2026-09-02 17:05:00,01F0950S,01F0980S,31,119,158,01F0950S>01F0980S,20260902,205,119,227.33333333333334
2026-09-02 17:10:00,01F0950S,01F0980S,31,119,173,01F0950S>01F0980S,20260902,206,119,253.33333333333334
2026-09-02 17:15:00,01F0950S,01F0980S,31,134,174,01F0950S>01F0980S,20260902,207,134,229.0
2026-09-02 17:20:00,01F0950S,01F0980S,31,130,213,01F0950S>01F0980S,20260902,208,130,196.66666666666666
2026-09-02 17:25:00,01F0950S,01F0980S,31,128,204,01F0950S>01F0980S,20260902,209,128,192.0
2026-09-02 17:30:00,01F0950S,01F0980S,31,125,172,01F0950S>01F0980S,20260902,210,125,195.33333333333334
2026-09-02 17:35:00,01F0950S,01F0980S,31,130,173,01F0950S>01F0980S,20260902,211,130,201.66666666666666
2026-09-02 17:40:00,01F0950S,01F0980S,31,149,131,01F0950S>01F0980S,20260902,212,149,200.0
2026-09-02 17:45:00,01F0950S,01F0980S,31,168,159,01F0950S>01F0980S,20260902,213,168,192.33333333333334
2026-09-02 17:50:00,01F0950S,01F0980S,31,163,187,01F0950S>01F0980S,20260902,214,163,189.66666666666666
2026-09-02 17:55:00,01F0950S,01F0980S,31,144,193,01F0950S>01F0980S,20260902,215,144,185.33333333333334
2026-09-02 18:00:00,01F0950S,01F0980S,31,131,166,01F0950S>01F0980S,20260902,216,131,180.66666666666666
2026-09-02 18:05:00,01F0950S,01F0980S,31,116,153,01F0950S>01F0980S,20260902,217,116,167.66666666666666
2026-09-02 18:10:00,01F0950S,01F0980S,31,116,168,01F0950S>01F0980S,20260902,218,116,166.66666666666666
2026-09-02 18:15:00,01F0950S,01F0980S,31,122,147,01F0950S>01F0980S,20260902,219,122,173.0
2026-09-02 18:20:00,01F0950S,01F0980S,31,123,155,01F0950S>01F0980S,20260902,220,123,171.66666666666666
2026-09-02 18:25:00,01F0950S,01F0980S,31,122,162,01F0950S>01F0980S,20260902,221,122,174.0
2026-09-02 18:30:00,01F0950S,01F0980S,31,119,158,01F0950S>01F0980S,20260902,222,119,168.66666666666666
2026-09-02 18:35:00,01F0950S,01F0980S,31,119,159,01F0950S>01F0980S,20260902,223,119,162.66666666666666
2026-09-02 18:40:00,01F0950S,01F0980S,31,124,156,01F0950S>01F0980S,20260902,224,124,159.33333333333334
2026-09-02 18:45:00,01F0950S,01F0980S,31,116,153,01F0950S>01F0980S,20260902,225,116,158.66666666666666
2026-09-02 18:50:00,01F0950S,01F0980S,31,114,155,01F0950S>01F0980S,20260902,226,114,156.66666666666666
2026-09-02 18:55:00,01F0950S,01F0980S,31,115,137,01F0950S>01F0980S,20260902,227,115,151.66666666666666
2026-09-02 19:00:00,01F0950S,01F0980S,31,118,128,01F0950S>01F0980S,20260902,228,118,155.33333333333334
2026-09-02 19:05:00,01F0950S,01F0980S,31,111,127,01F0950S>01F0980S,20260902,229,111,153.33333333333334
2026-09-02 19:10:00,01F0950S,01F0980S,31,111,148,01F0950S>01F0980S,20260902,230,111,180.0
2026-09-02 19:15:00,01F0950S,01F0980S,31,111,123,01F0950S>01F0980S,20260902,231,111,180.33333333333334
2026-09-02 19:20:00,01F0950S,01F0980S,31,111,161,01F0950S>01F0980S,20260902,232,111,153.66666666666666
2026-09-02 19:25:00,01F0950S,01F0980S,31,112,112,01F0950S>01F0980S,20260902,233,112,151.0
2026-09-02 19:30:00,01F0950S,01F0980S,31,117,154,01F0950S>01F0980S,20260902,234,117,147.0
2026-09-02 19:35:00,01F0950S,01F0980S,31,113,112,01F0950S>01F0980S,20260902,235,113,149.0
2026-09-02 19:40:00,01F0950S,01F0980S,31,115,148,01F0950S>01F0980S,20260902,236,115,149.33333333333334
2026-09-02 19:45:00,01F0950S,01F0980S,31,110,122,01F0950S>01F0980S,20260902,237,110,152.33333333333334
2026-09-02 19:50:00,01F0950S,01F0980S,31,109,134,01F0950S>01F0980S,20260902,238,109,147.66666666666666
2026-09-02 19:55:00,01F0950S,01F0980S,31,108,118,01F0950S>01F0980S,20260902,239,108,137.0
2026-09-02 20:00:00,01F0950S,01F0980S,31,110,124,01F0950S>01F0980S,20260902,240,110,139.0
2026-09-02 20:05:00,01F0950S,01F0980S,31,109,121,01F0950S>01F0980S,20260902,241,109,121.66666666666667
2026-09-02 20:10:00,01F0950S,01F0980S,31,107,98,01F0950S>01F0980S,20260902,242,107,113.0
2026-09-02 20:15:00,01F0950S,01F0980S,31,108,112,01F0950S>01F0980S,20260902,243,108,113.66666666666667
2026-09-02 20:20:00,01F0950S,01F0980S,31,109,123,01F0950S>01F0980S,20260902,244,109,114.0
2026-09-02 20:25:00,01F0950S,01F0980S,31,107,119,01F0950S>01F0980S,20260902,245,107,113.33333333333333
2026-09-02 20:30:00,01F0950S,01F0980S,31,110,105,01F0950S>01F0980S,20260902,246,110,114.0
2026-09-02 20:35:00,01F0950S,01F0980S,31,106,104,01F0950S>01F0980S,20260902,247,106,110.66666666666667
2026-09-02 20:40:00,01F0950S,01F0980S,31,107,113,01F0950S>01F0980S,20260902,248,107,109.33333333333333
2026-09-02 20:45:00,01F0950S,01F0980S,31,106,110,01F0950S>01F0980S,20260902,249,106,111.33333333333333
2026-09-02 20:50:00,01F0950S,01F0980S,31,107,108,01F0950S>01F0980S,20260902,250,107,108.33333333333333
2026-09-02 20:55:00,01F0950S,01F0980S,31,107,103,01F0950S>01F0980S,20260902,251,107,111.0
2026-09-02 21:00:00,01F0950S,01F0980S,31,105,87,01F0950S>01F0980S,20260902,252,105,119.33333333333333
2026-09-02 21:05:00,01F0950S,01F0980S,31,104,95,01F0950S>01F0980S,20260902,253,104,113.0
2026-09-02 21:10:00,01F0950S,01F0980S,31,108,94,01F0950S>01F0980S,20260902,254,108,111.0
2026-09-02 21:15:00,01F0950S,01F0980S,31,107,88,01F0950S>01F0980S,20260902,255,107,113.66666666666667
2026-09-02 21:20:00,01F0950S,01F0980S,31,106,96,01F0950S>01F0980S,20260902,256,106,110.0
2026-09-02 21:25:00,01F0950S,01F0980S,31,107,95,01F0950S>01F0980S,20260902,257,107,109.33333333333333
2026-09-02 21:30:00,01F0950S,01F0980S,31,106,97,01F0950S>01F0980S,20260902,258,106,108.33333333333333
2026-09-02 21:35:00,01F0950S,01F0980S,31,107,79,01F0950S>01F0980S,20260902,259,107,109.66666666666667
2026-09-02 21:40:00,01F0950S,01F0980S,31,108,69,01F0950S>01F0980S,20260902,260,108,109.66666666666667
2026-09-02 21:45:00,01F0950S,01F0980S,31,105,90,01F0950S>01F0980S,20260902,261,105,109.0
2026-09-02 21:50:00,01F0950S,01F0980S,31,105,83,01F0950S>01F0980S,20260902,262,105,109.0
2026-09-02 21:55:00,01F0950S,01F0980S,31,106,67,01F0950S>01F0980S,20260902,263,106,108.33333333333333
2026-09-02 22:00:00,01F0950S,01F0980S,31,107,65,01F0950S>01F0980S,20260902,264,107,108.0
2026-09-02 22:05:00,01F0950S,01F0980S,31,105,81,01F0950S>01F0980S,20260902,265,105,108.66666666666667
2026-09-02 22:10:00,01F0950S,01F0980S,31,105,88,01F0950S>01F0980S,20260902,266,105,105.66666666666667
2026-09-02 22:15:00,01F0950S,01F0980S,31,103,78,01F0950S>01F0980S,20260902,267,103,108.0
2026-09-02 22:20:00,01F0950S,01F0980S,31,106,81,01F0950S>01F0980S,20260902,268,106,106.0
2026-09-02 22:25:00,01F0950S,01F0980S,31,102,74,01F0950S>01F0980S,20260902,269,102,107.0
2026-09-02 22:30:00,01F0950S,01F0980S,31,105,70,01F0950S>01F0980S,20260902,270,105,106.0
2026-09-02 22:35:00,01F0950S,01F0980S,31,105,79,01F0950S>01F0980S,20260902,271,105,105.0
2026-09-02 22:40:00,01F0950S,01F0980S,31,105,65,01F0950S>01F0980S,20260902,272,105,106.0
2026-09-02 22:45:00,01F0950S,01F0980S,31,102,59,01F0950S>01F0980S,20260902,273,102,104.66666666666667
2026-09-02 22:50:00,01F0950S,01F0980S,31,103,42,01F0950S>01F0980S,20260902,274,103,106.33333333333333
2026-09-02 22:55:00,01F0950S,01F0980S,31,106,63,01F0950S>01F0980S,20260902,275,106,104.0
2026-09-02 23:00:00,01F0950S,01F0980S,31,103,41,01F0950S>01F0980S,20260902,276,103,104.0
2026-09-02 23:05:00,01F0950S,01F0980S,31,100,57,01F0950S>01F0980S,20260902,277,100,103.0
2026-09-02 23:10:00,01F0950S,01F0980S,31,103,56,01F0950S>01F0980S,20260902,278,103,104.33333333333333
2026-09-02 23:15:00,01F0950S,01F0980S,31,103,54,01F0950S>01F0980S,20260902,279,103,104.33333333333333
2026-09-02 23:20:00,01F0950S,01F0980S,31,105,54,01F0950S>01F0980S,20260902,280,105,103.33333333333333
2026-09-02 23:25:00,01F0950S,01F0980S,31,103,63,01F0950S>01F0980S,20260902,281,103,103.33333333333333
2026-09-02 23:30:00,01F0950S,01F0980S,31,106,47,01F0950S>01F0980S,20260902,282,106,104.66666666666667
2026-09-02 23:35:00,01F0950S,01F0980S,31,104,39,01F0950S>01F0980S,20260902,283,104,103.33333333333333
2026-09-02 23:40:00,01F0950S,01F0980S,31,105,44,01F0950S>01F0980S,20260902,284,105,106.33333333333333
2026-09-02 23:45:00,01F0950S,01F0980S,31,101,39,01F0950S>01F0980S,20260902,285,101,105.0
2026-09-02 23:50:00,01F0950S,01F0980S,31,106,28,01F0950S>01F0980S,20260902,286,106,103.33333333333333
2026-09-02 23:55:00,01F0950S,01F0980S,31,106,36,01F0950S>01F0980S,20260902,287,106,103.33333333333333
2026-08-27 00:00:00,01F0956N,01F0928N,31,91,41,01F0956N>01F0928N,20260827,0,91,92.0
2026-08-27 00:05:00,01F0956N,01F0928N,31,97,29,01F0956N>01F0928N,20260827,1,97,95.66666666666667
2026-08-27 00:10:00,01F0956N,01F0928N,31,95,34,01F0956N>01F0928N,20260827,2,95,95.0
2026-08-27 00:15:00,01F0956N,01F0928N,31,90,33,01F0956N>01F0928N,20260827,3,90,94.0
2026-08-27 00:20:00,01F0956N,01F0928N,31,93,34,01F0956N>01F0928N,20260827,4,93,95.33333333333333
2026-08-27 00:25:00,01F0956N,01F0928N,31,95,25,01F0956N>01F0928N,20260827,5,95,94.0
2026-08-27 00:30:00,01F0956N,01F0928N,31,94,18,01F0956N>01F0928N,20260827,6,94,93.66666666666667
2026-08-27 00:35:00,01F0956N,01F0928N,31,95,26,01F0956N>01F0928N,20260827,7,95,95.66666666666667
2026-08-27 00:40:00,01F0956N,01F0928N,31,95,19,01F0956N>01F0928N,20260827,8,95,94.33333333333333
2026-08-27 00:45:00,01F0956N,01F0928N,31,95,23,01F0956N>01F0928N,20260827,9,95,94.33333333333333
2026-08-27 00:50:00,01F0956N,01F0928N,31,96,23,01F0956N>01F0928N,20260827,10,96,96.33333333333333
2026-08-27 00:55:00,01F0956N,01F0928N,31,95,24,01F0956N>01F0928N,20260827,11,95,95.0
2026-08-27 01:00:00,01F0956N,01F0928N,31,96,20,01F0956N>01F0928N,20260827,12,96,95.33333333333333
2026-08-27 01:05:00,01F0956N,01F0928N,31,91,17,01F0956N>01F0928N,20260827,13,91,94.66666666666667
2026-08-27 01:10:00,01F0956N,01F0928N,31,92,17,01F0956N>01F0928N,20260827,14,92,94.0
2026-08-27 01:15:00,01F0956N,01F0928N,31,95,21,01F0956N>01F0928N,20260827,15,95,95.0
2026-08-27 01:20:00,01F0956N,01F0928N,31,101,21,01F0956N>01F0928N,20260827,16,101,97.0
2026-08-27 01:25:00,01F0956N,01F0928N,31,96,16,01F0956N>01F0928N,20260827,17,96,91.0
2026-08-27 01:30:00,01F0956N,01F0928N,31,95,16,01F0956N>01F0928N,20260827,18,95,93.66666666666667
2026-08-27 01:35:00,01F0956N,01F0928N,31,97,17,01F0956N>01F0928N,20260827,19,97,94.66666666666667
2026-08-27 01:40:00,01F0956N,01F0928N,31,98,13,01F0956N>01F0928N,20260827,20,98,94.0
2026-08-27 01:45:00,01F0956N,01F0928N,31,91,14,01F0956N>01F0928N,20260827,21,91,93.0
2026-08-27 01:50:00,01F0956N,01F0928N,31,98,25,01F0956N>01F0928N,20260827,22,98,93.0
2026-08-27 01:55:00,01F0956N,01F0928N,31,99,19,01F0956N>01F0928N,20260827,23,99,96.33333333333333
2026-08-27 02:00:00,01F0956N,01F0928N,31,96,14,01F0956N>01F0928N,20260827,24,96,95.0
2026-08-27 02:05:00,01F0956N,01F0928N,31,95,20,01F0956N>01F0928N,20260827,25,95,94.66666666666667
2026-08-27 02:10:00,01F0956N,01F0928N,31,93,7,01F0956N>01F0928N,20260827,26,93,95.66666666666667
2026-08-27 02:15:00,01F0956N,01F0928N,31,94,16,01F0956N>01F0928N,20260827,27,94,95.0
2026-08-27 02:20:00,01F0956N,01F0928N,31,95,13,01F0956N>01F0928N,20260827,28,95,93.66666666666667
2026-08-27 02:25:00,01F0956N,01F0928N,31,95,23,01F0956N>01F0928N,20260827,29,95,95.0
2026-08-27 02:30:00,01F0956N,01F0928N,31,91,6,01F0956N>01F0928N,20260827,30,91,93.66666666666667
2026-08-27 02:35:00,01F0956N,01F0928N,31,94,15,01F0956N>01F0928N,20260827,31,94,95.33333333333333
2026-08-27 02:40:00,01F0956N,01F0928N,31,96,8,01F0956N>01F0928N,20260827,32,96,95.33333333333333
2026-08-27 02:45:00,01F0956N,01F0928N,31,93,20,01F0956N>01F0928N,20260827,33,93,94.0
2026-08-27 02:50:00,01F0956N,01F0928N,31,97,17,01F0956N>01F0928N,20260827,34,97,95.0
2026-08-27 02:55:00,01F0956N,01F0928N,31,91,19,01F0956N>01F0928N,20260827,35,91,93.66666666666667
2026-08-27 03:00:00,01F0956N,01F0928N,31,97,16,01F0956N>01F0928N,20260827,36,97,95.0
2026-08-27 03:05:00,01F0956N,01F0928N,31,93,16,01F0956N>01F0928N,20260827,37,93,94.33333333333333
2026-08-27 03:10:00,01F0956N,01F0928N,31,100,13,01F0956N>01F0928N,20260827,38,100,93.66666666666667
2026-08-27 03:15:00,01F0956N,01F0928N,31,96,20,01F0956N>01F0928N,20260827,39,96,94.66666666666667
2026-08-27 03:20:00,01F0956N,01F0928N,31,96,22,01F0956N>01F0928N,20260827,40,96,93.66666666666667
2026-08-27 03:25:00,01F0956N,01F0928N,31,92,19,01F0956N>01F0928N,20260827,41,92,94.0
2026-08-27 03:30:00,01F0956N,01F0928N,31,96,22,01F0956N>01F0928N,20260827,42,96,96.0
2026-08-27 03:35:00,01F0956N,01F0928N,31,95,22,01F0956N>01F0928N,20260827,43,95,95.0
2026-08-27 03:40:00,01F0956N,01F0928N,31,94,14,01F0956N>01F0928N,20260827,44,94,93.66666666666667
2026-08-27 03:45:00,01F0956N,01F0928N,31,93,20,01F0956N>01F0928N,20260827,45,93,92.0
2026-08-27 03:50:00,01F0956N,01F0928N,31,97,20,01F0956N>01F0928N,20260827,46,97,93.33333333333333
2026-08-27 03:55:00,01F0956N,01F0928N,31,95,20,01F0956N>01F0928N,20260827,47,95,94.66666666666667
2026-08-27 04:00:00,01F0956N,01F0928N,31,89,19,01F0956N>01F0928N,20260827,48,89,90.0
2026-08-27 04:05:00,01F0956N,01F0928N,31,94,27,01F0956N>01F0928N,20260827,49,94,94.33333333333333
2026-08-27 04:10:00,01F0956N,01F0928N,31,94,16,01F0956N>01F0928N,20260827,50,94,94.0
2026-08-27 04:15:00,01F0956N,01F0928N,31,96,28,01F0956N>01F0928N,20260827,51,96,95.66666666666667
2026-08-27 04:20:00,01F0956N,01F0928N,31,93,29,01F0956N>01F0928N,20260827,52,93,94.0
2026-08-27 04:25:00,01F0956N,01F0928N,31,95,27,01F0956N>01F0928N,20260827,53,95,94.33333333333333
2026-08-27 04:30:00,01F0956N,01F0928N,31,95,35,01F0956N>01F0928N,20260827,54,95,95.0
2026-08-27 04:35:00,01F0956N,01F0928N,31,94,30,01F0956N>01F0928N,20260827,55,94,95.0
2026-08-27 04:40:00,01F0956N,01F0928N,31,96,22,01F0956N>01F0928N,20260827,56,96,96.33333333333333
2026-08-27 04:45:00,01F0956N,01F0928N,31,91,24,01F0956N>01F0928N,20260827,57,91,93.0
2026-08-27 04:50:00,01F0956N,01F0928N,31,92,27,01F0956N>01F0928N,20260827,58,92,93.0
2026-08-27 04:55:00,01F0956N,01F0928N,31,95,39,01F0956N>01F0928N,20260827,59,95,94.66666666666667
2026-08-27 05:00:00,01F0956N,01F0928N,31,94,40,01F0956N>01F0928N,20260827,60,94,94.66666666666667
2026-08-27 05:05:00,01F0956N,01F0928N,31,92,25,01F0956N>01F0928N,20260827,61,92,94.0
2026-08-27 05:10:00,01F0956N,01F0928N,31,93,26,01F0956N>01F0928N,20260827,62,93,93.33333333333333
2026-08-27 05:15:00,01F0956N,01F0928N,31,94,47,01F0956N>01F0928N,20260827,63,94,92.66666666666667
2026-08-27 05:20:00,01F0956N,01F0928N,31,94,39,01F0956N>01F0928N,20260827,64,94,93.0
2026-08-27 05:25:00,01F0956N,01F0928N,31,94,34,01F0956N>01F0928N,20260827,65,94,94.66666666666667
2026-08-27 05:30:00,01F0956N,01F0928N,31,93,26,01F0956N>01F0928N,20260827,66,93,93.33333333333333
2026-08-27 05:35:00,01F0956N,01F0928N,31,92,39,01F0956N>01F0928N,20260827,67,92,93.0
2026-08-27 05:40:00,01F0956N,01F0928N,31,92,40,01F0956N>01F0928N,20260827,68,92,92.66666666666667
2026-08-27 05:45:00,01F0956N,01F0928N,31,93,40,01F0956N>01F0928N,20260827,69,93,92.66666666666667
2026-08-27 05:50:00,01F0956N,01F0928N,31,93,39,01F0956N>01F0928N,20260827,70,93,94.0
2026-08-27 05:55:00,01F0956N,01F0928N,31,93,37,01F0956N>01F0928N,20260827,71,93,93.33333333333333
2026-08-27 06:00:00,01F0956N,01F0928N,31,92,66,01F0956N>01F0928N,20260827,72,92,92.33333333333333
2026-08-27 06:05:00,01F0956N,01F0928N,31,94,62,01F0956N>01F0928N,20260827,73,94,94.33333333333333
2026-08-27 06:10:00,01F0956N,01F0928N,31,94,53,01F0956N>01F0928N,20260827,74,94,94.0
2026-08-27 06:15:00,01F0956N,01F0928N,31,93,62,01F0956N>01F0928N,20260827,75,93,94.66666666666667
2026-08-27 06:20:00,01F0956N,01F0928N,31,95,67,01F0956N>01F0928N,20260827,76,95,96.0
2026-08-27 06:25:00,01F0956N,01F0928N,31,97,95,01F0956N>01F0928N,20260827,77,97,97.0
2026-08-27 06:30:00,01F0956N,01F0928N,31,95,97,01F0956N>01F0928N,20260827,78,95,96.66666666666667
2026-08-27 06:35:00,01F0956N,01F0928N,31,97,95,01F0956N>01F0928N,20260827,79,97,97.66666666666667
2026-08-27 06:40:00,01F0956N,01F0928N,31,96,127,01F0956N>01F0928N,20260827,80,96,97.66666666666667
2026-08-27 06:45:00,01F0956N,01F0928N,31,99,120,01F0956N>01F0928N,20260827,81,99,100.0
2026-08-27 06:50:00,01F0956N,01F0928N,31,101,145,01F0956N>01F0928N,20260827,82,101,101.33333333333333
2026-08-27 06:55:00,01F0956N,01F0928N,31,102,175,01F0956N>01F0928N,20260827,83,102,102.0
2026-08-27 07:00:00,01F0956N,01F0928N,31,104,167,01F0956N>01F0928N,20260827,84,104,103.33333333333333
2026-08-27 07:05:00,01F0956N,01F0928N,31,102,169,01F0956N>01F0928N,20260827,85,102,104.33333333333333
2026-08-27 07:10:00,01F0956N,01F0928N,31,105,134,01F0956N>01F0928N,20260827,86,105,104.33333333333333
2026-08-27 07:15:00,01F0956N,01F0928N,31,101,147,01F0956N>01F0928N,20260827,87,101,104.66666666666667
2026-08-27 07:20:00,01F0956N,01F0928N,31,110,140,01F0956N>01F0928N,20260827,88,110,107.33333333333333
2026-08-27 07:25:00,01F0956N,01F0928N,31,101,136,01F0956N>01F0928N,20260827,89,101,102.33333333333333
2026-08-27 07:30:00,01F0956N,01F0928N,31,100,120,01F0956N>01F0928N,20260827,90,100,103.0
2026-08-27 07:35:00,01F0956N,01F0928N,31,105,142,01F0956N>01F0928N,20260827,91,105,105.0
2026-08-27 07:40:00,01F0956N,01F0928N,31,104,148,01F0956N>01F0928N,20260827,92,104,103.66666666666667
2026-08-27 07:45:00,01F0956N,01F0928N,31,106,133,01F0956N>01F0928N,20260827,93,106,105.33333333333333
2026-08-27 07:50:00,01F0956N,01F0928N,31,104,121,01F0956N>01F0928N,20260827,94,104,104.33333333333333
2026-08-27 07:55:00,01F0956N,01F0928N,31,103,136,01F0956N>01F0928N,20260827,95,103,104.66666666666667
2026-08-27 08:00:00,01F0956N,01F0928N,31,106,150,01F0956N>01F0928N,20260827,96,106,104.66666666666667
2026-08-27 08:05:00,01F0956N,01F0928N,31,103,135,01F0956N>01F0928N,20260827,97,103,109.0
2026-08-27 08:10:00,01F0956N,01F0928N,31,102,132,01F0956N>01F0928N,20260827,98,102,106.33333333333333
2026-08-27 08:15:00,01F0956N,01F0928N,31,103,119,01F0956N>01F0928N,20260827,99,103,105.66666666666667
2026-08-27 08:20:00,01F0956N,01F0928N,31,101,134,01F0956N>01F0928N,20260827,100,101,105.66666666666667
2026-08-27 08:25:00,01F0956N,01F0928N,31,98,95,01F0956N>01F0928N,20260827,101,98,105.0
2026-08-27 08:30:00,01F0956N,01F0928N,31,103,131,01F0956N>01F0928N,20260827,102,103,106.33333333333333
2026-08-27 08:35:00,01F0956N,01F0928N,31,110,127,01F0956N>01F0928N,20260827,103,110,107.33333333333333
2026-08-27 08:40:00,01F0956N,01F0928N,31,106,133,01F0956N>01F0928N,20260827,104,106,108.33333333333333
2026-08-27 08:45:00,01F0956N,01F0928N,31,103,162,01F0956N>01F0928N,20260827,105,103,108.66666666666667
2026-08-27 08:50:00,01F0956N,01F0928N,31,105,147,01F0956N>01F0928N,20260827,106,105,110.33333333333333
2026-08-27 08:55:00,01F0956N,01F0928N,31,107,164,01F0956N>01F0928N,20260827,107,107,114.33333333333333
2026-08-27 09:00:00,01F0956N,01F0928N,31,113,167,01F0956N>01F0928N,20260827,108,113,117.33333333333333
2026-08-27 09:05:00,01F0956N,01F0928N,31,104,117,01F0956N>01F0928N,20260827,109,104,121.33333333333333
2026-08-27 09:10:00,01F0956N,01F0928N,31,101,111,01F0956N>01F0928N,20260827,110,101,135.33333333333334
2026-08-27 09:15:00,01F0956N,01F0928N,31,104,149,01F0956N>01F0928N,20260827,111,104,130.33333333333334
2026-08-27 09:20:00,01F0956N,01F0928N,31,105,139,01F0956N>01F0928N,20260827,112,105,124.33333333333333
2026-08-27 09:25:00,01F0956N,01F0928N,31,106,128,01F0956N>01F0928N,20260827,113,106,138.33333333333334
2026-08-27 09:30:00,01F0956N,01F0928N,31,105,143,01F0956N>01F0928N,20260827,114,105,134.33333333333334
2026-08-27 09:35:00,01F0956N,01F0928N,31,104,134,01F0956N>01F0928N,20260827,115,104,123.0
2026-08-27 09:40:00,01F0956N,01F0928N,31,105,143,01F0956N>01F0928N,20260827,116,105,118.0
2026-08-27 09:45:00,01F0956N,01F0928N,31,103,149,01F0956N>01F0928N,20260827,117,103,105.33333333333333
2026-08-27 09:50:00,01F0956N,01F0928N,31,102,141,01F0956N>01F0928N,20260827,118,102,105.0
2026-08-27 09:55:00,01F0956N,01F0928N,31,108,127,01F0956N>01F0928N,20260827,119,108,106.66666666666667
2026-08-27 10:00:00,01F0956N,01F0928N,31,102,136,01F0956N>01F0928N,20260827,120,102,105.33333333333333
2026-08-27 10:05:00,01F0956N,01F0928N,31,103,123,01F0956N>01F0928N,20260827,121,103,105.0
2026-08-27 10:10:00,01F0956N,01F0928N,31,103,118,01F0956N>01F0928N,20260827,122,103,105.0
2026-08-27 10:15:00,01F0956N,01F0928N,31,104,130,01F0956N>01F0928N,20260827,123,104,105.66666666666667
2026-08-27 10:20:00,01F0956N,01F0928N,31,105,145,01F0956N>01F0928N,20260827,124,105,107.33333333333333
2026-08-27 10:25:00,01F0956N,01F0928N,31,111,152,01F0956N>01F0928N,20260827,125,111,109.0
2026-08-27 10:30:00,01F0956N,01F0928N,31,108,140,01F0956N>01F0928N,20260827,126,108,110.33333333333333
2026-08-27 10:35:00,01F0956N,01F0928N,31,100,130,01F0956N>01F0928N,20260827,127,100,108.66666666666667
2026-08-27 10:40:00,01F0956N,01F0928N,31,106,166,01F0956N>01F0928N,20260827,128,106,108.66666666666667
2026-08-27 10:45:00,01F0956N,01F0928N,31,103,127,01F0956N>01F0928N,20260827,129,103,106.66666666666667
2026-08-27 10:50:00,01F0956N,01F0928N,31,106,140,01F0956N>01F0928N,20260827,130,106,106.0
2026-08-27 10:55:00,01F0956N,01F0928N,31,103,131,01F0956N>01F0928N,20260827,131,103,105.33333333333333
2026-08-27 11:00:00,01F0956N,01F0928N,31,105,131,01F0956N>01F0928N,20260827,132,105,106.66666666666667
2026-08-27 11:05:00,01F0956N,01F0928N,31,100,112,01F0956N>01F0928N,20260827,133,100,103.33333333333333
2026-08-27 11:10:00,01F0956N,01F0928N,31,104,132,01F0956N>01F0928N,20260827,134,104,107.66666666666667
2026-08-27 11:15:00,01F0956N,01F0928N,31,106,139,01F0956N>01F0928N,20260827,135,106,106.0
2026-08-27 11:20:00,01F0956N,01F0928N,31,108,121,01F0956N>01F0928N,20260827,136,108,103.66666666666667
2026-08-27 11:25:00,01F0956N,01F0928N,31,102,130,01F0956N>01F0928N,20260827,137,102,103.66666666666667
2026-08-27 11:30:00,01F0956N,01F0928N,31,107,124,01F0956N>01F0928N,20260827,138,107,105.33333333333333
2026-08-27 11:35:00,01F0956N,01F0928N,31,102,121,01F0956N>01F0928N,20260827,139,102,101.66666666666667
2026-08-27 11:40:00,01F0956N,01F0928N,31,104,130,01F0956N>01F0928N,20260827,140,104,104.66666666666667
2026-08-27 11:45:00,01F0956N,01F0928N,31,101,126,01F0956N>01F0928N,20260827,141,101,102.33333333333333
2026-08-27 11:50:00,01F0956N,01F0928N,31,106,114,01F0956N>01F0928N,20260827,142,106,103.66666666666667
2026-08-27 11:55:00,01F0956N,01F0928N,31,101,93,01F0956N>01F0928N,20260827,143,101,103.66666666666667
2026-08-27 12:00:00,01F0956N,01F0928N,31,101,113,01F0956N>01F0928N,20260827,144,101,103.0
2026-08-27 12:05:00,01F0956N,01F0928N,31,101,123,01F0956N>01F0928N,20260827,145,101,104.33333333333333
2026-08-27 12:10:00,01F0956N,01F0928N,31,103,106,01F0956N>01F0928N,20260827,146,103,102.66666666666667
2026-08-27 12:15:00,01F0956N,01F0928N,31,105,135,01F0956N>01F0928N,20260827,147,105,103.66666666666667
2026-08-27 12:20:00,01F0956N,01F0928N,31,106,131,01F0956N>01F0928N,20260827,148,106,107.66666666666667
2026-08-27 12:25:00,01F0956N,01F0928N,31,102,124,01F0956N>01F0928N,20260827,149,102,107.33333333333333
2026-08-27 12:30:00,01F0956N,01F0928N,31,104,133,01F0956N>01F0928N,20260827,150,104,106.33333333333333
2026-08-27 12:35:00,01F0956N,01F0928N,31,100,126,01F0956N>01F0928N,20260827,151,100,104.66666666666667
2026-08-27 12:40:00,01F0956N,01F0928N,31,100,144,01F0956N>01F0928N,20260827,152,100,104.66666666666667
2026-08-27 12:45:00,01F0956N,01F0928N,31,102,102,01F0956N>01F0928N,20260827,153,102,102.0
2026-08-27 12:50:00,01F0956N,01F0928N,31,103,145,01F0956N>01F0928N,20260827,154,103,104.0
2026-08-27 12:55:00,01F0956N,01F0928N,31,101,128,01F0956N>01F0928N,20260827,155,101,103.0
2026-08-27 13:00:00,01F0956N,01F0928N,31,103,116,01F0956N>01F0928N,20260827,156,103,101.0
2026-08-27 13:05:00,01F0956N,01F0928N,31,102,104,01F0956N>01F0928N,20260827,157,102,102.66666666666667
2026-08-27 13:10:00,01F0956N,01F0928N,31,452,20,01F0956N>01F0928N,20260827,158,452,219.33333333333334
2026-08-27 13:15:00,01F0956N,01F0928N,31,402,157,01F0956N>01F0928N,20260827,159,402,203.0
2026-08-27 13:20:00,01F0956N,01F0928N,31,307,149,01F0956N>01F0928N,20260827,160,307,175.33333333333334
2026-08-27 13:25:00,01F0956N,01F0928N,31,289,148,01F0956N>01F0928N,20260827,161,289,178.0
2026-08-27 13:30:00,01F0956N,01F0928N,31,297,139,01F0956N>01F0928N,20260827,162,297,186.0
2026-08-27 13:35:00,01F0956N,01F0928N,31,259,143,01F0956N>01F0928N,20260827,163,259,186.66666666666666
2026-08-27 13:40:00,01F0956N,01F0928N,31,241,138,01F0956N>01F0928N,20260827,164,241,173.66666666666666
2026-08-27 13:45:00,01F0956N,01F0928N,31,205,109,01F0956N>01F0928N,20260827,165,205,164.66666666666666
2026-08-27 13:50:00,01F0956N,01F0928N,31,222,150,01F0956N>01F0928N,20260827,166,222,175.33333333333334
2026-08-27 13:55:00,01F0956N,01F0928N,31,199,150,01F0956N>01F0928N,20260827,167,199,164.66666666666666
2026-08-27 14:00:00,01F0956N,01F0928N,31,160,156,01F0956N>01F0928N,20260827,168,160,149.33333333333334
2026-08-27 14:05:00,01F0956N,01F0928N,31,117,137,01F0956N>01F0928N,20260827,169,117,128.33333333333334
2026-08-27 14:10:00,01F0956N,01F0928N,31,125,137,01F0956N>01F0928N,20260827,170,125,129.66666666666666
2026-08-27 14:15:00,01F0956N,01F0928N,31,145,130,01F0956N>01F0928N,20260827,171,145,147.33333333333334
2026-08-27 14:20:00,01F0956N,01F0928N,31,181,121,01F0956N>01F0928N,20260827,172,181,165.0
2026-08-27 14:25:00,01F0956N,01F0928N,31,226,161,01F0956N>01F0928N,20260827,173,226,191.0
2026-08-27 14:30:00,01F0956N,01F0928N,31,234,145,01F0956N>01F0928N,20260827,174,234,194.33333333333334
2026-08-27 14:35:00,01F0956N,01F0928N,31,240,157,01F0956N>01F0928N,20260827,175,240,213.0
2026-08-27 14:40:00,01F0956N,01F0928N,31,221,115,01F0956N>01F0928N,20260827,176,221,217.0
2026-08-27 14:45:00,01F0956N,01F0928N,31,214,141,01F0956N>01F0928N,20260827,177,214,214.0
2026-08-27 14:50:00,01F0956N,01F0928N,31,216,131,01F0956N>01F0928N,20260827,178,216,234.66666666666666
2026-08-27 14:55:00,01F0956N,01F0928N,31,249,131,01F0956N>01F0928N,20260827,179,249,268.3333333333333
2026-08-27 15:00:00,01F0956N,01F0928N,31,287,134,01F0956N>01F0928N,20260827,180,287,265.6666666666667
2026-08-27 15:05:00,01F0956N,01F0928N,31,279,147,01F0956N>01F0928N,20260827,181,279,258.3333333333333
2026-08-27 15:10:00,01F0956N,01F0928N,31,283,166,01F0956N>01F0928N,20260827,182,283,263.0
2026-08-27 15:15:00,01F0956N,01F0928N,31,301,121,01F0956N>01F0928N,20260827,183,301,255.66666666666666
2026-08-27 15:20:00,01F0956N,01F0928N,31,322,159,01F0956N>01F0928N,20260827,184,322,262.6666666666667
2026-08-27 15:25:00,01F0956N,01F0928N,31,362,141,01F0956N>01F0928N,20260827,185,362,326.3333333333333
2026-08-27 15:30:00,01F0956N,01F0928N,31,392,164,01F0956N>01F0928N,20260827,186,392,373.0
2026-08-27 15:35:00,01F0956N,01F0928N,31,385,150,01F0956N>01F0928N,20260827,187,385,428.0
2026-08-27 15:40:00,01F0956N,01F0928N,31,389,153,01F0956N>01F0928N,20260827,188,389,425.6666666666667
2026-08-27 15:45:00,01F0956N,01F0928N,31,377,159,01F0956N>01F0928N,20260827,189,377,390.3333333333333
2026-08-27 15:50:00,01F0956N,01F0928N,31,378,138,01F0956N>01F0928N,20260827,190,378,369.0
2026-08-27 15:55:00,01F0956N,01F0928N,31,384,172,01F0956N>01F0928N,20260827,191,384,391.6666666666667
2026-08-27 16:00:00,01F0956N,01F0928N,31,368,169,01F0956N>01F0928N,20260827,192,368,390.6666666666667
2026-08-27 16:05:00,01F0956N,01F0928N,31,383,162,01F0956N>01F0928N,20260827,193,383,380.6666666666667
2026-08-27 16:10:00,01F0956N,01F0928N,31,360,167,01F0956N>01F0928N,20260827,194,360,351.3333333333333
2026-08-27 16:15:00,01F0956N,01F0928N,31,322,155,01F0956N>01F0928N,20260827,195,322,331.3333333333333
2026-08-27 16:20:00,01F0956N,01F0928N,31,319,152,01F0956N>01F0928N,20260827,196,319,316.0
2026-08-27 16:25:00,01F0956N,01F0928N,31,342,172,01F0956N>01F0928N,20260827,197,342,325.0
2026-08-27 16:30:00,01F0956N,01F0928N,31,302,165,01F0956N>01F0928N,20260827,198,302,304.3333333333333
2026-08-27 16:35:00,01F0956N,01F0928N,31,275,182,01F0956N>01F0928N,20260827,199,275,293.0
2026-08-27 16:40:00,01F0956N,01F0928N,31,278,171,01F0956N>01F0928N,20260827,200,278,301.3333333333333
2026-08-27 16:45:00,01F0956N,01F0928N,31,288,158,01F0956N>01F0928N,20260827,201,288,316.3333333333333
2026-08-27 16:50:00,01F0956N,01F0928N,31,308,158,01F0956N>01F0928N,20260827,202,308,308.6666666666667
2026-08-27 16:55:00,01F0956N,01F0928N,31,326,192,01F0956N>01F0928N,20260827,203,326,318.0
2026-08-27 17:00:00,01F0956N,01F0928N,31,327,179,01F0956N>01F0928N,20260827,204,327,316.3333333333333
2026-08-27 17:05:00,01F0956N,01F0928N,31,324,185,01F0956N>01F0928N,20260827,205,324,320.6666666666667
2026-08-27 17:10:00,01F0956N,01F0928N,31,329,186,01F0956N>01F0928N,20260827,206,329,307.6666666666667
2026-08-27 17:15:00,01F0956N,01F0928N,31,336,182,01F0956N>01F0928N,20260827,207,336,308.0
2026-08-27 17:20:00,01F0956N,01F0928N,31,327,167,01F0956N>01F0928N,20260827,208,327,306.3333333333333
2026-08-27 17:25:00,01F0956N,01F0928N,31,300,193,01F0956N>01F0928N,20260827,209,300,297.3333333333333
2026-08-27 17:30:00,01F0956N,01F0928N,31,292,176,01F0956N>01F0928N,20260827,210,292,274.6666666666667
2026-08-27 17:35:00,01F0956N,01F0928N,31,302,186,01F0956N>01F0928N,20260827,211,302,276.3333333333333
2026-08-27 17:40:00,01F0956N,01F0928N,31,275,174,01F0956N>01F0928N,20260827,212,275,270.0
2026-08-27 17:45:00,01F0956N,01F0928N,31,297,205,01F0956N>01F0928N,20260827,213,297,293.3333333333333
2026-08-27 17:50:00,01F0956N,01F0928N,31,306,196,01F0956N>01F0928N,20260827,214,306,289.3333333333333
2026-08-27 17:55:00,01F0956N,01F0928N,31,284,204,01F0956N>01F0928N,20260827,215,284,273.0
2026-08-27 18:00:00,01F0956N,01F0928N,31,276,196,01F0956N>01F0928N,20260827,216,276,265.0
2026-08-27 18:05:00,01F0956N,01F0928N,31,292,197,01F0956N>01F0928N,20260827,217,292,277.6666666666667
2026-08-27 18:10:00,01F0956N,01F0928N,31,277,206,01F0956N>01F0928N,20260827,218,277,295.3333333333333
2026-08-27 18:15:00,01F0956N,01F0928N,31,276,211,01F0956N>01F0928N,20260827,219,276,307.0
2026-08-27 18:20:00,01F0956N,01F0928N,31,287,189,01F0956N>01F0928N,20260827,220,287,308.3333333333333
2026-08-27 18:25:00,01F0956N,01F0928N,31,303,212,01F0956N>01F0928N,20260827,221,303,311.3333333333333
2026-08-27 18:30:00,01F0956N,01F0928N,31,301,181,01F0956N>01F0928N,20260827,222,301,302.3333333333333
2026-08-27 18:35:00,01F0956N,01F0928N,31,304,189,01F0956N>01F0928N,20260827,223,304,309.3333333333333
2026-08-27 18:40:00,01F0956N,01F0928N,31,276,186,01F0956N>01F0928N,20260827,224,276,294.3333333333333
2026-08-27 18:45:00,01F0956N,01F0928N,31,247,181,01F0956N>01F0928N,20260827,225,247,285.0
2026-08-27 18:50:00,01F0956N,01F0928N,31,243,160,01F0956N>01F0928N,20260827,226,243,293.6666666666667
2026-08-27 18:55:00,01F0956N,01F0928N,31,284,160,01F0956N>01F0928N,20260827,227,284,298.6666666666667
2026-08-27 19:00:00,01F0956N,01F0928N,31,311,188,01F0956N>01F0928N,20260827,228,311,299.6666666666667
2026-08-27 19:05:00,01F0956N,01F0928N,31,306,182,01F0956N>01F0928N,20260827,229,306,284.3333333333333
2026-08-27 19:10:00,01F0956N,01F0928N,31,292,151,01F0956N>01F0928N,20260827,230,292,287.0
2026-08-27 19:15:00,01F0956N,01F0928N,31,288,176,01F0956N>01F0928N,20260827,231,288,287.3333333333333
2026-08-27 19:20:00,01F0956N,01F0928N,31,278,154,01F0956N>01F0928N,20260827,232,278,259.3333333333333
2026-08-27 19:25:00,01F0956N,01F0928N,31,289,168,01F0956N>01F0928N,20260827,233,289,262.3333333333333
2026-08-27 19:30:00,01F0956N,01F0928N,31,278,148,01F0956N>01F0928N,20260827,234,278,252.66666666666666
2026-08-27 19:35:00,01F0956N,01F0928N,31,269,160,01F0956N>01F0928N,20260827,235,269,230.0
2026-08-27 19:40:00,01F0956N,01F0928N,31,240,166,01F0956N>01F0928N,20260827,236,240,216.0
2026-08-27 19:45:00,01F0956N,01F0928N,31,192,156,01F0956N>01F0928N,20260827,237,192,193.0
2026-08-27 19:50:00,01F0956N,01F0928N,31,159,144,01F0956N>01F0928N,20260827,238,159,167.33333333333334
2026-08-27 19:55:00,01F0956N,01F0928N,31,129,161,01F0956N>01F0928N,20260827,239,129,140.33333333333334
2026-08-27 20:00:00,01F0956N,01F0928N,31,113,148,01F0956N>01F0928N,20260827,240,113,118.66666666666667
2026-08-27 20:05:00,01F0956N,01F0928N,31,104,118,01F0956N>01F0928N,20260827,241,104,110.33333333333333
2026-08-27 20:10:00,01F0956N,01F0928N,31,106,141,01F0956N>01F0928N,20260827,242,106,106.66666666666667
2026-08-27 20:15:00,01F0956N,01F0928N,31,106,129,01F0956N>01F0928N,20260827,243,106,108.0
2026-08-27 20:20:00,01F0956N,01F0928N,31,109,139,01F0956N>01F0928N,20260827,244,109,107.33333333333333
2026-08-27 20:25:00,01F0956N,01F0928N,31,103,105,01F0956N>01F0928N,20260827,245,103,103.0
2026-08-27 20:30:00,01F0956N,01F0928N,31,105,116,01F0956N>01F0928N,20260827,246,105,108.66666666666667
2026-08-27 20:35:00,01F0956N,01F0928N,31,102,140,01F0956N>01F0928N,20260827,247,102,103.33333333333333
2026-08-27 20:40:00,01F0956N,01F0928N,31,107,118,01F0956N>01F0928N,20260827,248,107,105.0
2026-08-27 20:45:00,01F0956N,01F0928N,31,103,115,01F0956N>01F0928N,20260827,249,103,104.0
2026-08-27 20:50:00,01F0956N,01F0928N,31,101,95,01F0956N>01F0928N,20260827,250,101,102.0
2026-08-27 20:55:00,01F0956N,01F0928N,31,99,109,01F0956N>01F0928N,20260827,251,99,103.33333333333333
2026-08-27 21:00:00,01F0956N,01F0928N,31,102,110,01F0956N>01F0928N,20260827,252,102,103.0
2026-08-27 21:05:00,01F0956N,01F0928N,31,100,114,01F0956N>01F0928N,20260827,253,100,99.66666666666667
2026-08-27 21:10:00,01F0956N,01F0928N,31,100,102,01F0956N>01F0928N,20260827,254,100,100.0
2026-08-27 21:15:00,01F0956N,01F0928N,31,99,106,01F0956N>01F0928N,20260827,255,99,101.66666666666667
2026-08-27 21:20:00,01F0956N,01F0928N,31,99,105,01F0956N>01F0928N,20260827,256,99,100.0
2026-08-27 21:25:00,01F0956N,01F0928N,31,102,108,01F0956N>01F0928N,20260827,257,102,100.33333333333333
2026-08-27 21:30:00,01F0956N,01F0928N,31,102,95,01F0956N>01F0928N,20260827,258,102,99.0
2026-08-27 21:35:00,01F0956N,01F0928N,31,102,98,01F0956N>01F0928N,20260827,259,102,99.0
2026-08-27 21:40:00,01F0956N,01F0928N,31,99,74,01F0956N>01F0928N,20260827,260,99,100.33333333333333
2026-08-27 21:45:00,01F0956N,01F0928N,31,97,82,01F0956N>01F0928N,20260827,261,97,97.66666666666667
2026-08-27 21:50:00,01F0956N,01F0928N,31,97,90,01F0956N>01F0928N,20260827,262,97,99.0
2026-08-27 21:55:00,01F0956N,01F0928N,31,101,79,01F0956N>01F0928N,20260827,263,101,101.66666666666667
2026-08-27 22:00:00,01F0956N,01F0928N,31,97,70,01F0956N>01F0928N,20260827,264,97,98.33333333333333
2026-08-27 22:05:00,01F0956N,01F0928N,31,98,92,01F0956N>01F0928N,20260827,265,98,97.33333333333333
2026-08-27 22:10:00,01F0956N,01F0928N,31,96,88,01F0956N>01F0928N,20260827,266,96,97.66666666666667
2026-08-27 22:15:00,01F0956N,01F0928N,31,97,81,01F0956N>01F0928N,20260827,267,97,97.66666666666667
2026-08-27 22:20:00,01F0956N,01F0928N,31,97,67,01F0956N>01F0928N,20260827,268,97,98.33333333333333
2026-08-27 22:25:00,01F0956N,01F0928N,31,100,73,01F0956N>01F0928N,20260827,269,100,100.33333333333333
2026-08-27 22:30:00,01F0956N,01F0928N,31,96,58,01F0956N>01F0928N,20260827,270,96,96.66666666666667
2026-08-27 22:35:00,01F0956N,01F0928N,31,96,44,01F0956N>01F0928N,20260827,271,96,98.0
2026-08-27 22:40:00,01F0956N,01F0928N,31,96,52,01F0956N>01F0928N,20260827,272,96,97.0
2026-08-27 22:45:00,01F0956N,01F0928N,31,97,52,01F0956N>01F0928N,20260827,273,97,97.33333333333333
2026-08-27 22:50:00,01F0956N,01F0928N,31,97,54,01F0956N>01F0928N,20260827,274,97,95.33333333333333
2026-08-27 22:55:00,01F0956N,01F0928N,31,90,35,01F0956N>01F0928N,20260827,275,90,93.66666666666667
2026-08-27 23:00:00,01F0956N,01F0928N,31,96,50,01F0956N>01F0928N,20260827,276,96,95.66666666666667
2026-08-27 23:05:00,01F0956N,01F0928N,31,96,42,01F0956N>01F0928N,20260827,277,96,95.66666666666667
2026-08-27 23:10:00,01F0956N,01F0928N,31,94,43,01F0956N>01F0928N,20260827,278,94,95.0
2026-08-27 23:15:00,01F0956N,01F0928N,31,96,44,01F0956N>01F0928N,20260827,279,96,96.33333333333333
2026-08-27 23:20:00,01F0956N,01F0928N,31,95,42,01F0956N>01F0928N,20260827,280,95,96.0
2026-08-27 23:25:00,01F0956N,01F0928N,31,96,32,01F0956N>01F0928N,20260827,281,96,95.66666666666667
2026-08-27 23:30:00,01F0956N,01F0928N,31,97,29,01F0956N>01F0928N,20260827,282,97,95.33333333333333
2026-08-27 23:35:00,01F0956N,01F0928N,31,96,30,01F0956N>01F0928N,20260827,283,96,97.0
2026-08-27 23:40:00,01F0956N,01F0928N,31,94,40,01F0956N>01F0928N,20260827,284,94,94.0
2026-08-27 23:45:00,01F0956N,01F0928N,31,93,24,01F0956N>01F0928N,20260827,285,93,94.66666666666667
2026-08-27 23:50:00,01F0956N,01F0928N,31,96,31,01F0956N>01F0928N,20260827,286,96,95.33333333333333
2026-08-27 23:55:00,01F0956N,01F0928N,31,96,26,01F0956N>01F0928N,20260827,287,96,94.66666666666667
2026-08-28 00:00:00,01F0956N,01F0928N,31,89,21,01F0956N>01F0928N,20260828,0,89,92.0
2026-08-28 00:05:00,01F0956N,01F0928N,31,96,26,01F0956N>01F0928N,20260828,1,96,95.66666666666667
2026-08-28 00:10:00,01F0956N,01F0928N,31,96,39,01F0956N>01F0928N,20260828,2,96,95.0
2026-08-28 00:15:00,01F0956N,01F0928N,31,99,36,01F0956N>01F0928N,20260828,3,99,94.0
2026-08-28 00:20:00,01F0956N,01F0928N,31,96,20,01F0956N>01F0928N,20260828,4,96,95.33333333333333
2026-08-28 00:25:00,01F0956N,01F0928N,31,93,25,01F0956N>01F0928N,20260828,5,93,94.0
2026-08-28 00:30:00,01F0956N,01F0928N,31,92,21,01F0956N>01F0928N,20260828,6,92,93.66666666666667
2026-08-28 00:35:00,01F0956N,01F0928N,31,96,25,01F0956N>01F0928N,20260828,7,96,95.66666666666667
2026-08-28 00:40:00,01F0956N,01F0928N,31,94,17,01F0956N>01F0928N,20260828,8,94,94.33333333333333
2026-08-28 00:45:00,01F0956N,01F0928N,31,94,25,01F0956N>01F0928N,20260828,9,94,94.33333333333333
2026-08-28 00:50:00,01F0956N,01F0928N,31,98,32,01F0956N>01F0928N,20260828,10,98,96.33333333333333
2026-08-28 00:55:00,01F0956N,01F0928N,31,94,24,01F0956N>01F0928N,20260828,11,94,95.0
2026-08-28 01:00:00,01F0956N,01F0928N,31,96,23,01F0956N>01F0928N,20260828,12,96,95.33333333333333
2026-08-28 01:05:00,01F0956N,01F0928N,31,95,20,01F0956N>01F0928N,20260828,13,95,94.66666666666667
2026-08-28 01:10:00,01F0956N,01F0928N,31,96,11,01F0956N>01F0928N,20260828,14,96,94.0
2026-08-28 01:15:00,01F0956N,01F0928N,31,96,16,01F0956N>01F0928N,20260828,15,96,95.0
2026-08-28 01:20:00,01F0956N,01F0928N,31,97,18,01F0956N>01F0928N,20260828,16,97,97.0
2026-08-28 01:25:00,01F0956N,01F0928N,31,89,19,01F0956N>01F0928N,20260828,17,89,91.0
2026-08-28 01:30:00,01F0956N,01F0928N,31,91,10,01F0956N>01F0928N,20260828,18,91,93.66666666666667
2026-08-28 01:35:00,01F0956N,01F0928N,31,93,16,01F0956N>01F0928N,20260828,19,93,94.66666666666667
2026-08-28 01:40:00,01F0956N,01F0928N,31,93,20,01F0956N>01F0928N,20260828,20,93,94.0
2026-08-28 01:45:00,01F0956N,01F0928N,31,95,13,01F0956N>01F0928N,20260828,21,95,93.0
2026-08-28 01:50:00,01F0956N,01F0928N,31,95,17,01F0956N>01F0928N,20260828,22,95,93.0
2026-08-28 01:55:00,01F0956N,01F0928N,31,96,14,01F0956N>01F0928N,20260828,23,96,96.33333333333333
2026-08-28 02:00:00,01F0956N,01F0928N,31,96,13,01F0956N>01F0928N,20260828,24,96,95.0
2026-08-28 02:05:00,01F0956N,01F0928N,31,95,16,01F0956N>01F0928N,20260828,25,95,94.66666666666667
2026-08-28 02:10:00,01F0956N,01F0928N,31,96,18,01F0956N>01F0928N,20260828,26,96,95.66666666666667
2026-08-28 02:15:00,01F0956N,01F0928N,31,95,16,01F0956N>01F0928N,20260828,27,95,95.0
2026-08-28 02:20:00,01F0956N,01F0928N,31,93,22,01F0956N>01F0928N,20260828,28,93,93.66666666666667
2026-08-28 02:25:00,01F0956N,01F0928N,31,95,13,01F0956N>01F0928N,20260828,29,95,95.0
2026-08-28 02:30:00,01F0956N,01F0928N,31,94,14,01F0956N>01F0928N,20260828,30,94,93.66666666666667
2026-08-28 02:35:00,01F0956N,01F0928N,31,96,20,01F0956N>01F0928N,20260828,31,96,95.33333333333333
2026-08-28 02:40:00,01F0956N,01F0928N,31,93,13,01F0956N>01F0928N,20260828,32,93,95.33333333333333
2026-08-28 02:45:00,01F0956N,01F0928N,31,96,12,01F0956N>01F0928N,20260828,33,96,94.0
2026-08-28 02:50:00,01F0956N,01F0928N,31,94,26,01F0956N>01F0928N,20260828,34,94,95.0
2026-08-28 02:55:00,01F0956N,01F0928N,31,95,26,01F0956N>01F0928N,20260828,35,95,93.66666666666667
2026-08-28 03:00:00,01F0956N,01F0928N,31,96,16,01F0956N>01F0928N,20260828,36,96,95.0
2026-08-28 03:05:00,01F0956N,01F0928N,31,97,16,01F0956N>01F0928N,20260828,37,97,94.33333333333333
2026-08-28 03:10:00,01F0956N,01F0928N,31,88,16,01F0956N>01F0928N,20260828,38,88,93.66666666666667
2026-08-28 03:15:00,01F0956N,01F0928N,31,93,21,01F0956N>01F0928N,20260828,39,93,94.66666666666667
2026-08-28 03:20:00,01F0956N,01F0928N,31,92,26,01F0956N>01F0928N,20260828,40,92,93.66666666666667
2026-08-28 03:25:00,01F0956N,01F0928N,31,95,20,01F0956N>01F0928N,20260828,41,95,94.0
2026-08-28 03:30:00,01F0956N,01F0928N,31,96,28,01F0956N>01F0928N,20260828,42,96,96.0
2026-08-28 03:35:00,01F0956N,01F0928N,31,96,24,01F0956N>01F0928N,20260828,43,96,95.0
2026-08-28 03:40:00,01F0956N,01F0928N,31,94,22,01F0956N>01F0928N,20260828,44,94,93.66666666666667
2026-08-28 03:45:00,01F0956N,01F0928N,31,95,26,01F0956N>01F0928N,20260828,45,95,92.0
2026-08-28 03:50:00,01F0956N,01F0928N,31,93,28,01F0956N>01F0928N,20260828,46,93,93.33333333333333
2026-08-28 03:55:00,01F0956N,01F0928N,31,95,29,01F0956N>01F0928N,20260828,47,95,94.66666666666667
2026-08-28 04:00:00,01F0956N,01F0928N,31,92,19,01F0956N>01F0928N,20260828,48,92,90.0
2026-08-28 04:05:00,01F0956N,01F0928N,31,95,37,01F0956N>01F0928N,20260828,49,95,94.33333333333333
2026-08-28 04:10:00,01F0956N,01F0928N,31,94,42,01F0956N>01F0928N,20260828,50,94,94.0
2026-08-28 04:15:00,01F0956N,01F0928N,31,94,33,01F0956N>01F0928N,20260828,51,94,95.66666666666667
2026-08-28 04:20:00,01F0956N,01F0928N,31,93,18,01F0956N>01F0928N,20260828,52,93,94.0
2026-08-28 04:25:00,01F0956N,01F0928N,31,93,27,01F0956N>01F0928N,20260828,53,93,94.33333333333333
2026-08-28 04:30:00,01F0956N,01F0928N,31,97,34,01F0956N>01F0928N,20260828,54,97,95.0
2026-08-28 04:35:00,01F0956N,01F0928N,31,95,37,01F0956N>01F0928N,20260828,55,95,95.0
2026-08-28 04:40:00,01F0956N,01F0928N,31,96,29,01F0956N>01F0928N,20260828,56,96,96.33333333333333
2026-08-28 04:45:00,01F0956N,01F0928N,31,94,29,01F0956N>01F0928N,20260828,57,94,93.0
2026-08-28 04:50:00,01F0956N,01F0928N,31,93,36,01F0956N>01F0928N,20260828,58,93,93.0
2026-08-28 04:55:00,01F0956N,01F0928N,31,94,36,01F0956N>01F0928N,20260828,59,94,94.66666666666667
2026-08-28 05:00:00,01F0956N,01F0928N,31,95,28,01F0956N>01F0928N,20260828,60,95,94.66666666666667
2026-08-28 05:05:00,01F0956N,01F0928N,31,95,32,01F0956N>01F0928N,20260828,61,95,94.0
2026-08-28 05:10:00,01F0956N,01F0928N,31,93,25,01F0956N>01F0928N,20260828,62,93,93.33333333333333
2026-08-28 05:15:00,01F0956N,01F0928N,31,91,40,01F0956N>01F0928N,20260828,63,91,92.66666666666667
2026-08-28 05:20:00,01F0956N,01F0928N,31,91,35,01F0956N>01F0928N,20260828,64,91,93.0
2026-08-28 05:25:00,01F0956N,01F0928N,31,95,37,01F0956N>01F0928N,20260828,65,95,94.66666666666667
2026-08-28 05:30:00,01F0956N,01F0928N,31,93,31,01F0956N>01F0928N,20260828,66,93,93.33333333333333
2026-08-28 05:35:00,01F0956N,01F0928N,31,94,38,01F0956N>01F0928N,20260828,67,94,93.0
2026-08-28 05:40:00,01F0956N,01F0928N,31,93,43,01F0956N>01F0928N,20260828,68,93,92.66666666666667
2026-08-28 05:45:00,01F0956N,01F0928N,31,92,41,01F0956N>01F0928N,20260828,69,92,92.66666666666667
2026-08-28 05:50:00,01F0956N,01F0928N,31,94,46,01F0956N>01F0928N,20260828,70,94,94.0
2026-08-28 05:55:00,01F0956N,01F0928N,31,94,48,01F0956N>01F0928N,20260828,71,94,93.33333333333333
2026-08-28 06:00:00,01F0956N,01F0928N,31,92,73,01F0956N>01F0928N,20260828,72,92,92.33333333333333
2026-08-28 06:05:00,01F0956N,01F0928N,31,95,83,01F0956N>01F0928N,20260828,73,95,94.33333333333333
2026-08-28 06:10:00,01F0956N,01F0928N,31,92,61,01F0956N>01F0928N,20260828,74,92,94.0
2026-08-28 06:15:00,01F0956N,01F0928N,31,95,73,01F0956N>01F0928N,20260828,75,95,94.66666666666667
2026-08-28 06:20:00,01F0956N,01F0928N,31,95,89,01F0956N>01F0928N,20260828,76,95,96.0
2026-08-28 06:25:00,01F0956N,01F0928N,31,95,103,01F0956N>01F0928N,20260828,77,95,97.0
2026-08-28 06:30:00,01F0956N,01F0928N,31,97,109,01F0956N>01F0928N,20260828,78,97,96.66666666666667
2026-08-28 06:35:00,01F0956N,01F0928N,31,98,110,01F0956N>01F0928N,20260828,79,98,97.66666666666667
2026-08-28 06:40:00,01F0956N,01F0928N,31,97,112,01F0956N>01F0928N,20260828,80,97,97.66666666666667
2026-08-28 06:45:00,01F0956N,01F0928N,31,99,130,01F0956N>01F0928N,20260828,81,99,100.0
2026-08-28 06:50:00,01F0956N,01F0928N,31,100,148,01F0956N>01F0928N,20260828,82,100,101.33333333333333
2026-08-28 06:55:00,01F0956N,01F0928N,31,102,158,01F0956N>01F0928N,20260828,83,102,102.0
2026-08-28 07:00:00,01F0956N,01F0928N,31,103,175,01F0956N>01F0928N,20260828,84,103,103.33333333333333
2026-08-28 07:05:00,01F0956N,01F0928N,31,106,161,01F0956N>01F0928N,20260828,85,106,104.33333333333333
2026-08-28 07:10:00,01F0956N,01F0928N,31,102,123,01F0956N>01F0928N,20260828,86,102,104.33333333333333
2026-08-28 07:15:00,01F0956N,01F0928N,31,106,171,01F0956N>01F0928N,20260828,87,106,104.66666666666667
2026-08-28 07:20:00,01F0956N,01F0928N,31,108,170,01F0956N>01F0928N,20260828,88,108,107.33333333333333
2026-08-28 07:25:00,01F0956N,01F0928N,31,101,152,01F0956N>01F0928N,20260828,89,101,102.33333333333333
2026-08-28 07:30:00,01F0956N,01F0928N,31,103,129,01F0956N>01F0928N,20260828,90,103,103.0
2026-08-28 07:35:00,01F0956N,01F0928N,31,103,156,01F0956N>01F0928N,20260828,91,103,105.0
2026-08-28 07:40:00,01F0956N,01F0928N,31,103,128,01F0956N>01F0928N,20260828,92,103,103.66666666666667
2026-08-28 07:45:00,01F0956N,01F0928N,31,104,117,01F0956N>01F0928N,20260828,93,104,105.33333333333333
2026-08-28 07:50:00,01F0956N,01F0928N,31,105,135,01F0956N>01F0928N,20260828,94,105,104.33333333333333
2026-08-28 07:55:00,01F0956N,01F0928N,31,101,124,01F0956N>01F0928N,20260828,95,101,104.66666666666667
2026-08-28 08:00:00,01F0956N,01F0928N,31,103,127,01F0956N>01F0928N,20260828,96,103,104.66666666666667
2026-08-28 08:05:00,01F0956N,01F0928N,31,99,128,01F0956N>01F0928N,20260828,97,99,109.0
2026-08-28 08:10:00,01F0956N,01F0928N,31,103,144,01F0956N>01F0928N,20260828,98,103,106.33333333333333
2026-08-28 08:15:00,01F0956N,01F0928N,31,102,120,01F0956N>01F0928N,20260828,99,102,105.66666666666667
2026-08-28 08:20:00,01F0956N,01F0928N,31,102,128,01F0956N>01F0928N,20260828,100,102,105.66666666666667
2026-08-28 08:25:00,01F0956N,01F0928N,31,105,123,01F0956N>01F0928N,20260828,101,105,105.0
2026-08-28 08:30:00,01F0956N,01F0928N,31,108,141,01F0956N>01F0928N,20260828,102,108,106.33333333333333
2026-08-28 08:35:00,01F0956N,01F0928N,31,108,169,01F0956N>01F0928N,20260828,103,108,107.33333333333333
2026-08-28 08:40:00,01F0956N,01F0928N,31,114,186,01F0956N>01F0928N,20260828,104,114,108.33333333333333
2026-08-28 08:45:00,01F0956N,01F0928N,31,116,161,01F0956N>01F0928N,20260828,105,116,108.66666666666667
2026-08-28 08:50:00,01F0956N,01F0928N,31,112,154,01F0956N>01F0928N,20260828,106,112,110.33333333333333
2026-08-28 08:55:00,01F0956N,01F0928N,31,111,160,01F0956N>01F0928N,20260828,107,111,114.33333333333333
2026-08-28 09:00:00,01F0956N,01F0928N,31,100,124,01F0956N>01F0928N,20260828,108,100,117.33333333333333
2026-08-28 09:05:00,01F0956N,01F0928N,31,101,124,01F0956N>01F0928N,20260828,109,101,121.33333333333333
2026-08-28 09:10:00,01F0956N,01F0928N,31,102,122,01F0956N>01F0928N,20260828,110,102,135.33333333333334
2026-08-28 09:15:00,01F0956N,01F0928N,31,104,134,01F0956N>01F0928N,20260828,111,104,130.33333333333334
2026-08-28 09:20:00,01F0956N,01F0928N,31,104,143,01F0956N>01F0928N,20260828,112,104,124.33333333333333
2026-08-28 09:25:00,01F0956N,01F0928N,31,105,145,01F0956N>01F0928N,20260828,113,105,138.33333333333334
2026-08-28 09:30:00,01F0956N,01F0928N,31,104,135,01F0956N>01F0928N,20260828,114,104,134.33333333333334
2026-08-28 09:35:00,01F0956N,01F0928N,31,108,153,01F0956N>01F0928N,20260828,115,108,123.0
2026-08-28 09:40:00,01F0956N,01F0928N,31,111,178,01F0956N>01F0928N,20260828,116,111,118.0
2026-08-28 09:45:00,01F0956N,01F0928N,31,104,134,01F0956N>01F0928N,20260828,117,104,105.33333333333333
2026-08-28 09:50:00,01F0956N,01F0928N,31,103,128,01F0956N>01F0928N,20260828,118,103,105.0
2026-08-28 09:55:00,01F0956N,01F0928N,31,105,133,01F0956N>01F0928N,20260828,119,105,106.66666666666667
2026-08-28 10:00:00,01F0956N,01F0928N,31,105,151,01F0956N>01F0928N,20260828,120,105,105.33333333333333
2026-08-28 10:05:00,01F0956N,01F0928N,31,108,141,01F0956N>01F0928N,20260828,121,108,105.0
2026-08-28 10:10:00,01F0956N,01F0928N,31,104,137,01F0956N>01F0928N,20260828,122,104,105.0
2026-08-28 10:15:00,01F0956N,01F0928N,31,107,146,01F0956N>01F0928N,20260828,123,107,105.66666666666667
2026-08-28 10:20:00,01F0956N,01F0928N,31,110,138,01F0956N>01F0928N,20260828,124,110,107.33333333333333
2026-08-28 10:25:00,01F0956N,01F0928N,31,105,135,01F0956N>01F0928N,20260828,125,105,109.0
2026-08-28 10:30:00,01F0956N,01F0928N,31,101,141,01F0956N>01F0928N,20260828,126,101,110.33333333333333
2026-08-28 10:35:00,01F0956N,01F0928N,31,105,134,01F0956N>01F0928N,20260828,127,105,108.66666666666667
2026-08-28 10:40:00,01F0956N,01F0928N,31,104,156,01F0956N>01F0928N,20260828,128,104,108.66666666666667
2026-08-28 10:45:00,01F0956N,01F0928N,31,107,123,01F0956N>01F0928N,20260828,129,107,106.66666666666667
2026-08-28 10:50:00,01F0956N,01F0928N,31,107,157,01F0956N>01F0928N,20260828,130,107,106.0
2026-08-28 10:55:00,01F0956N,01F0928N,31,108,141,01F0956N>01F0928N,20260828,131,108,105.33333333333333
2026-08-28 11:00:00,01F0956N,01F0928N,31,114,138,01F0956N>01F0928N,20260828,132,114,106.66666666666667
2026-08-28 11:05:00,01F0956N,01F0928N,31,106,134,01F0956N>01F0928N,20260828,133,106,103.33333333333333
2026-08-28 11:10:00,01F0956N,01F0928N,31,106,155,01F0956N>01F0928N,20260828,134,106,107.66666666666667
2026-08-28 11:15:00,01F0956N,01F0928N,31,103,139,01F0956N>01F0928N,20260828,135,103,106.0
2026-08-28 11:20:00,01F0956N,01F0928N,31,102,141,01F0956N>01F0928N,20260828,136,102,103.66666666666667
2026-08-28 11:25:00,01F0956N,01F0928N,31,107,152,01F0956N>01F0928N,20260828,137,107,103.66666666666667
2026-08-28 11:30:00,01F0956N,01F0928N,31,106,153,01F0956N>01F0928N,20260828,138,106,105.33333333333333
2026-08-28 11:35:00,01F0956N,01F0928N,31,100,128,01F0956N>01F0928N,20260828,139,100,101.66666666666667
2026-08-28 11:40:00,01F0956N,01F0928N,31,108,178,01F0956N>01F0928N,20260828,140,108,104.66666666666667
2026-08-28 11:45:00,01F0956N,01F0928N,31,106,140,01F0956N>01F0928N,20260828,141,106,102.33333333333333
2026-08-28 11:50:00,01F0956N,01F0928N,31,102,115,01F0956N>01F0928N,20260828,142,102,103.66666666666667
2026-08-28 11:55:00,01F0956N,01F0928N,31,108,153,01F0956N>01F0928N,20260828,143,108,103.66666666666667
2026-08-28 12:00:00,01F0956N,01F0928N,31,102,132,01F0956N>01F0928N,20260828,144,102,103.0
2026-08-28 12:05:00,01F0956N,01F0928N,31,108,164,01F0956N>01F0928N,20260828,145,108,104.33333333333333
2026-08-28 12:10:00,01F0956N,01F0928N,31,102,140,01F0956N>01F0928N,20260828,146,102,102.66666666666667
2026-08-28 12:15:00,01F0956N,01F0928N,31,104,121,01F0956N>01F0928N,20260828,147,104,103.66666666666667
2026-08-28 12:20:00,01F0956N,01F0928N,31,118,152,01F0956N>01F0928N,20260828,148,118,107.66666666666667
2026-08-28 12:25:00,01F0956N,01F0928N,31,119,149,01F0956N>01F0928N,20260828,149,119,107.33333333333333
2026-08-28 12:30:00,01F0956N,01F0928N,31,113,144,01F0956N>01F0928N,20260828,150,113,106.33333333333333
2026-08-28 12:35:00,01F0956N,01F0928N,31,114,148,01F0956N>01F0928N,20260828,151,114,104.66666666666667
2026-08-28 12:40:00,01F0956N,01F0928N,31,112,134,01F0956N>01F0928N,20260828,152,112,104.66666666666667
2026-08-28 12:45:00,01F0956N,01F0928N,31,105,158,01F0956N>01F0928N,20260828,153,105,102.0
2026-08-28 12:50:00,01F0956N,01F0928N,31,102,139,01F0956N>01F0928N,20260828,154,102,104.0
2026-08-28 12:55:00,01F0956N,01F0928N,31,103,143,01F0956N>01F0928N,20260828,155,103,103.0
2026-08-28 13:00:00,01F0956N,01F0928N,31,102,138,01F0956N>01F0928N,20260828,156,102,101.0
2026-08-28 13:05:00,01F0956N,01F0928N,31,104,165,01F0956N>01F0928N,20260828,157,104,102.66666666666667
2026-08-28 13:10:00,01F0956N,01F0928N,31,106,152,01F0956N>01F0928N,20260828,158,106,219.33333333333334
2026-08-28 13:15:00,01F0956N,01F0928N,31,107,161,01F0956N>01F0928N,20260828,159,107,203.0
2026-08-28 13:20:00,01F0956N,01F0928N,31,116,140,01F0956N>01F0928N,20260828,160,116,175.33333333333334
2026-08-28 13:25:00,01F0956N,01F0928N,31,138,159,01F0956N>01F0928N,20260828,161,138,178.0
2026-08-28 13:30:00,01F0956N,01F0928N,31,159,140,01F0956N>01F0928N,20260828,162,159,186.0
2026-08-28 13:35:00,01F0956N,01F0928N,31,197,146,01F0956N>01F0928N,20260828,163,197,186.66666666666666
2026-08-28 13:40:00,01F0956N,01F0928N,31,179,149,01F0956N>01F0928N,20260828,164,179,173.66666666666666
2026-08-28 13:45:00,01F0956N,01F0928N,31,186,167,01F0956N>01F0928N,20260828,165,186,164.66666666666666
2026-08-28 13:50:00,01F0956N,01F0928N,31,196,145,01F0956N>01F0928N,20260828,166,196,175.33333333333334
2026-08-28 13:55:00,01F0956N,01F0928N,31,194,141,01F0956N>01F0928N,20260828,167,194,164.66666666666666
2026-08-28 14:00:00,01F0956N,01F0928N,31,182,141,01F0956N>01F0928N,20260828,168,182,149.33333333333334
2026-08-28 14:05:00,01F0956N,01F0928N,31,164,164,01F0956N>01F0928N,20260828,169,164,128.33333333333334
2026-08-28 14:10:00,01F0956N,01F0928N,31,161,146,01F0956N>01F0928N,20260828,170,161,129.66666666666666
2026-08-28 14:15:00,01F0956N,01F0928N,31,192,151,01F0956N>01F0928N,20260828,171,192,147.33333333333334
2026-08-28 14:20:00,01F0956N,01F0928N,31,208,132,01F0956N>01F0928N,20260828,172,208,165.0
2026-08-28 14:25:00,01F0956N,01F0928N,31,243,140,01F0956N>01F0928N,20260828,173,243,191.0
2026-08-28 14:30:00,01F0956N,01F0928N,31,246,127,01F0956N>01F0928N,20260828,174,246,194.33333333333334
2026-08-28 14:35:00,01F0956N,01F0928N,31,291,146,01F0956N>01F0928N,20260828,175,291,213.0
2026-08-28 14:40:00,01F0956N,01F0928N,31,317,145,01F0956N>01F0928N,20260828,176,317,217.0
2026-08-28 14:45:00,01F0956N,01F0928N,31,320,150,01F0956N>01F0928N,20260828,177,320,214.0
2026-08-28 14:50:00,01F0956N,01F0928N,31,363,152,01F0956N>01F0928N,20260828,178,363,234.66666666666666
2026-08-28 14:55:00,01F0956N,01F0928N,31,375,134,01F0956N>01F0928N,20260828,179,375,268.3333333333333
2026-08-28 15:00:00,01F0956N,01F0928N,31,357,150,01F0956N>01F0928N,20260828,180,357,265.6666666666667
2026-08-28 15:05:00,01F0956N,01F0928N,31,344,145,01F0956N>01F0928N,20260828,181,344,258.3333333333333
2026-08-28 15:10:00,01F0956N,01F0928N,31,352,147,01F0956N>01F0928N,20260828,182,352,263.0
2026-08-28 15:15:00,01F0956N,01F0928N,31,319,144,01F0956N>01F0928N,20260828,183,319,255.66666666666666
2026-08-28 15:20:00,01F0956N,01F0928N,31,310,130,01F0956N>01F0928N,20260828,184,310,262.6666666666667
2026-08-28 15:25:00,01F0956N,01F0928N,31,317,159,01F0956N>01F0928N,20260828,185,317,326.3333333333333
2026-08-28 15:30:00,01F0956N,01F0928N,31,332,153,01F0956N>01F0928N,20260828,186,332,373.0
2026-08-28 15:35:00,01F0956N,01F0928N,31,335,143,01F0956N>01F0928N,20260828,187,335,428.0
2026-08-28 15:40:00,01F0956N,01F0928N,31,346,174,01F0956N>01F0928N,20260828,188,346,425.6666666666667
2026-08-28 15:45:00,01F0956N,01F0928N,31,349,144,01F0956N>01F0928N,20260828,189,349,390.3333333333333
2026-08-28 15:50:00,01F0956N,01F0928N,31,360,156,01F0956N>01F0928N,20260828,190,360,369.0
2026-08-28 15:55:00,01F0956N,01F0928N,31,364,159,01F0956N>01F0928N,20260828,191,364,391.6666666666667
2026-08-28 16:00:00,01F0956N,01F0928N,31,369,168,01F0956N>01F0928N,20260828,192,369,390.6666666666667
2026-08-28 16:05:00,01F0956N,01F0928N,31,366,161,01F0956N>01F0928N,20260828,193,366,380.6666666666667
2026-08-28 16:10:00,01F0956N,01F0928N,31,351,167,01F0956N>01F0928N,20260828,194,351,351.3333333333333
2026-08-28 16:15:00,01F0956N,01F0928N,31,340,174,01F0956N>01F0928N,20260828,195,340,331.3333333333333
2026-08-28 16:20:00,01F0956N,01F0928N,31,326,183,01F0956N>01F0928N,20260828,196,326,316.0
2026-08-28 16:25:00,01F0956N,01F0928N,31,334,173,01F0956N>01F0928N,20260828,197,334,325.0
2026-08-28 16:30:00,01F0956N,01F0928N,31,316,180,01F0956N>01F0928N,20260828,198,316,304.3333333333333
2026-08-28 16:35:00,01F0956N,01F0928N,31,315,181,01F0956N>01F0928N,20260828,199,315,293.0
2026-08-28 16:40:00,01F0956N,01F0928N,31,328,179,01F0956N>01F0928N,20260828,200,328,301.3333333333333
2026-08-28 16:45:00,01F0956N,01F0928N,31,341,169,01F0956N>01F0928N,20260828,201,341,316.3333333333333
2026-08-28 16:50:00,01F0956N,01F0928N,31,318,207,01F0956N>01F0928N,20260828,202,318,308.6666666666667
2026-08-28 16:55:00,01F0956N,01F0928N,31,318,180,01F0956N>01F0928N,20260828,203,318,318.0
2026-08-28 17:00:00,01F0956N,01F0928N,31,316,161,01F0956N>01F0928N,20260828,204,316,316.3333333333333
2026-08-28 17:05:00,01F0956N,01F0928N,31,323,188,01F0956N>01F0928N,20260828,205,323,320.6666666666667
2026-08-28 17:10:00,01F0956N,01F0928N,31,286,194,01F0956N>01F0928N,20260828,206,286,307.6666666666667
2026-08-28 17:15:00,01F0956N,01F0928N,31,283,164,01F0956N>01F0928N,20260828,207,283,308.0
2026-08-28 17:20:00,01F0956N,01F0928N,31,300,161,01F0956N>01F0928N,20260828,208,300,306.3333333333333
2026-08-28 17:25:00,01F0956N,01F0928N,31,319,165,01F0956N>01F0928N,20260828,209,319,297.3333333333333
2026-08-28 17:30:00,01F0956N,01F0928N,31,296,191,01F0956N>01F0928N,20260828,210,296,274.6666666666667
2026-08-28 17:35:00,01F0956N,01F0928N,31,275,198,01F0956N>01F0928N,20260828,211,275,276.3333333333333
2026-08-28 17:40:00,01F0956N,01F0928N,31,273,193,01F0956N>01F0928N,20260828,212,273,270.0
2026-08-28 17:45:00,01F0956N,01F0928N,31,295,194,01F0956N>01F0928N,20260828,213,295,293.3333333333333
2026-08-28 17:50:00,01F0956N,01F0928N,31,271,199,01F0956N>01F0928N,20260828,214,271,289.3333333333333
2026-08-28 17:55:00,01F0956N,01F0928N,31,275,195,01F0956N>01F0928N,20260828,215,275,273.0
2026-08-28 18:00:00,01F0956N,01F0928N,31,268,213,01F0956N>01F0928N,20260828,216,268,265.0
2026-08-28 18:05:00,01F0956N,01F0928N,31,281,172,01F0956N>01F0928N,20260828,217,281,277.6666666666667
2026-08-28 18:10:00,01F0956N,01F0928N,31,322,180,01F0956N>01F0928N,20260828,218,322,295.3333333333333
2026-08-28 18:15:00,01F0956N,01F0928N,31,328,201,01F0956N>01F0928N,20260828,219,328,307.0
2026-08-28 18:20:00,01F0956N,01F0928N,31,327,182,01F0956N>01F0928N,20260828,220,327,308.3333333333333
2026-08-28 18:25:00,01F0956N,01F0928N,31,335,222,01F0956N>01F0928N,20260828,221,335,311.3333333333333
2026-08-28 18:30:00,01F0956N,01F0928N,31,300,211,01F0956N>01F0928N,20260828,222,300,302.3333333333333
2026-08-28 18:35:00,01F0956N,01F0928N,31,304,199,01F0956N>01F0928N,20260828,223,304,309.3333333333333
2026-08-28 18:40:00,01F0956N,01F0928N,31,301,195,01F0956N>01F0928N,20260828,224,301,294.3333333333333
2026-08-28 18:45:00,01F0956N,01F0928N,31,318,192,01F0956N>01F0928N,20260828,225,318,285.0
2026-08-28 18:50:00,01F0956N,01F0928N,31,328,190,01F0956N>01F0928N,20260828,226,328,293.6666666666667
2026-08-28 18:55:00,01F0956N,01F0928N,31,310,202,01F0956N>01F0928N,20260828,227,310,298.6666666666667
2026-08-28 19:00:00,01F0956N,01F0928N,31,294,196,01F0956N>01F0928N,20260828,228,294,299.6666666666667
2026-08-28 19:05:00,01F0956N,01F0928N,31,283,213,01F0956N>01F0928N,20260828,229,283,284.3333333333333
2026-08-28 19:10:00,01F0956N,01F0928N,31,308,189,01F0956N>01F0928N,20260828,230,308,287.0
2026-08-28 19:15:00,01F0956N,01F0928N,31,310,193,01F0956N>01F0928N,20260828,231,310,287.3333333333333
2026-08-28 19:20:00,01F0956N,01F0928N,31,285,184,01F0956N>01F0928N,20260828,232,285,259.3333333333333
2026-08-28 19:25:00,01F0956N,01F0928N,31,309,159,01F0956N>01F0928N,20260828,233,309,262.3333333333333
2026-08-28 19:30:00,01F0956N,01F0928N,31,309,187,01F0956N>01F0928N,20260828,234,309,252.66666666666666
2026-08-28 19:35:00,01F0956N,01F0928N,31,303,164,01F0956N>01F0928N,20260828,235,303,230.0
2026-08-28 19:40:00,01F0956N,01F0928N,31,292,152,01F0956N>01F0928N,20260828,236,292,216.0
2026-08-28 19:45:00,01F0956N,01F0928N,31,276,158,01F0956N>01F0928N,20260828,237,276,193.0
2026-08-28 19:50:00,01F0956N,01F0928N,31,225,175,01F0956N>01F0928N,20260828,238,225,167.33333333333334
2026-08-28 19:55:00,01F0956N,01F0928N,31,183,174,01F0956N>01F0928N,20260828,239,183,140.33333333333334
2026-08-28 20:00:00,01F0956N,01F0928N,31,135,181,01F0956N>01F0928N,20260828,240,135,118.66666666666667
2026-08-28 20:05:00,01F0956N,01F0928N,31,107,139,01F0956N>01F0928N,20260828,241,107,110.33333333333333
2026-08-28 20:10:00,01F0956N,01F0928N,31,107,158,01F0956N>01F0928N,20260828,242,107,106.66666666666667
2026-08-28 20:15:00,01F0956N,01F0928N,31,106,119,01F0956N>01F0928N,20260828,243,106,108.0
2026-08-28 20:20:00,01F0956N,01F0928N,31,105,160,01F0956N>01F0928N,20260828,244,105,107.33333333333333
2026-08-28 20:25:00,01F0956N,01F0928N,31,100,147,01F0956N>01F0928N,20260828,245,100,103.0
2026-08-28 20:30:00,01F0956N,01F0928N,31,105,171,01F0956N>01F0928N,20260828,246,105,108.66666666666667
2026-08-28 20:35:00,01F0956N,01F0928N,31,103,148,01F0956N>01F0928N,20260828,247,103,103.33333333333333
2026-08-28 20:40:00,01F0956N,01F0928N,31,102,131,01F0956N>01F0928N,20260828,248,102,105.0
2026-08-28 20:45:00,01F0956N,01F0928N,31,104,169,01F0956N>01F0928N,20260828,249,104,104.0
2026-08-28 20:50:00,01F0956N,01F0928N,31,104,151,01F0956N>01F0928N,20260828,250,104,102.0
2026-08-28 20:55:00,01F0956N,01F0928N,31,109,142,01F0956N>01F0928N,20260828,251,109,103.33333333333333
2026-08-28 21:00:00,01F0956N,01F0928N,31,105,131,01F0956N>01F0928N,20260828,252,105,103.0
2026-08-28 21:05:00,01F0956N,01F0928N,31,100,144,01F0956N>01F0928N,20260828,253,100,99.66666666666667
2026-08-28 21:10:00,01F0956N,01F0928N,31,101,141,01F0956N>01F0928N,20260828,254,101,100.0
2026-08-28 21:15:00,01F0956N,01F0928N,31,106,159,01F0956N>01F0928N,20260828,255,106,101.66666666666667
2026-08-28 21:20:00,01F0956N,01F0928N,31,102,129,01F0956N>01F0928N,20260828,256,102,100.0
2026-08-28 21:25:00,01F0956N,01F0928N,31,102,108,01F0956N>01F0928N,20260828,257,102,100.33333333333333
2026-08-28 21:30:00,01F0956N,01F0928N,31,98,128,01F0956N>01F0928N,20260828,258,98,99.0
2026-08-28 21:35:00,01F0956N,01F0928N,31,99,139,01F0956N>01F0928N,20260828,259,99,99.0
2026-08-28 21:40:00,01F0956N,01F0928N,31,101,120,01F0956N>01F0928N,20260828,260,101,100.33333333333333
2026-08-28 21:45:00,01F0956N,01F0928N,31,99,107,01F0956N>01F0928N,20260828,261,99,97.66666666666667
2026-08-28 21:50:00,01F0956N,01F0928N,31,101,110,01F0956N>01F0928N,20260828,262,101,99.0
2026-08-28 21:55:00,01F0956N,01F0928N,31,101,126,01F0956N>01F0928N,20260828,263,101,101.66666666666667
2026-08-28 22:00:00,01F0956N,01F0928N,31,100,123,01F0956N>01F0928N,20260828,264,100,98.33333333333333
2026-08-28 22:05:00,01F0956N,01F0928N,31,98,110,01F0956N>01F0928N,20260828,265,98,97.33333333333333
2026-08-28 22:10:00,01F0956N,01F0928N,31,97,105,01F0956N>01F0928N,20260828,266,97,97.66666666666667
2026-08-28 22:15:00,01F0956N,01F0928N,31,100,110,01F0956N>01F0928N,20260828,267,100,97.66666666666667
2026-08-28 22:20:00,01F0956N,01F0928N,31,100,93,01F0956N>01F0928N,20260828,268,100,98.33333333333333
2026-08-28 22:25:00,01F0956N,01F0928N,31,102,112,01F0956N>01F0928N,20260828,269,102,100.33333333333333
2026-08-28 22:30:00,01F0956N,01F0928N,31,98,117,01F0956N>01F0928N,20260828,270,98,96.66666666666667
2026-08-28 22:35:00,01F0956N,01F0928N,31,97,105,01F0956N>01F0928N,20260828,271,97,98.0
2026-08-28 22:40:00,01F0956N,01F0928N,31,98,79,01F0956N>01F0928N,20260828,272,98,97.0
2026-08-28 22:45:00,01F0956N,01F0928N,31,99,117,01F0956N>01F0928N,20260828,273,99,97.33333333333333
2026-08-28 22:50:00,01F0956N,01F0928N,31,94,101,01F0956N>01F0928N,20260828,274,94,95.33333333333333
2026-08-28 22:55:00,01F0956N,01F0928N,31,96,90,01F0956N>01F0928N,20260828,275,96,93.66666666666667
2026-08-28 23:00:00,01F0956N,01F0928N,31,96,92,01F0956N>01F0928N,20260828,276,96,95.66666666666667
2026-08-28 23:05:00,01F0956N,01F0928N,31,97,90,01F0956N>01F0928N,20260828,277,97,95.66666666666667
2026-08-28 23:10:00,01F0956N,01F0928N,31,95,91,01F0956N>01F0928N,20260828,278,95,95.0
2026-08-28 23:15:00,01F0956N,01F0928N,31,97,96,01F0956N>01F0928N,20260828,279,97,96.33333333333333
2026-08-28 23:20:00,01F0956N,01F0928N,31,96,63,01F0956N>01F0928N,20260828,280,96,96.0
2026-08-28 23:25:00,01F0956N,01F0928N,31,96,69,01F0956N>01F0928N,20260828,281,96,95.66666666666667
2026-08-28 23:30:00,01F0956N,01F0928N,31,94,64,01F0956N>01F0928N,20260828,282,94,95.33333333333333
2026-08-28 23:35:00,01F0956N,01F0928N,31,97,57,01F0956N>01F0928N,20260828,283,97,97.0
2026-08-28 23:40:00,01F0956N,01F0928N,31,95,66,01F0956N>01F0928N,20260828,284,95,94.0
2026-08-28 23:45:00,01F0956N,01F0928N,31,95,60,01F0956N>01F0928N,20260828,285,95,94.66666666666667
2026-08-28 23:50:00,01F0956N,01F0928N,31,95,66,01F0956N>01F0928N,20260828,286,95,95.33333333333333
2026-08-28 23:55:00,01F0956N,01F0928N,31,95,60,01F0956N>01F0928N,20260828,287,95,94.66666666666667
2026-08-31 00:00:00,01F0956N,01F0928N,31,96,77,01F0956N>01F0928N,20260831,0,96,92.0
2026-08-31 00:05:00,01F0956N,01F0928N,31,94,80,01F0956N>01F0928N,20260831,1,94,95.66666666666667
2026-08-31 00:10:00,01F0956N,01F0928N,31,94,60,01F0956N>01F0928N,20260831,2,94,95.0
2026-08-31 00:15:00,01F0956N,01F0928N,31,93,64,01F0956N>01F0928N,20260831,3,93,94.0
2026-08-31 00:20:00,01F0956N,01F0928N,31,97,57,01F0956N>01F0928N,20260831,4,97,95.33333333333333
2026-08-31 00:25:00,01F0956N,01F0928N,31,94,42,01F0956N>01F0928N,20260831,5,94,94.0
2026-08-31 00:30:00,01F0956N,01F0928N,31,95,53,01F0956N>01F0928N,20260831,6,95,93.66666666666667
2026-08-31 00:35:00,01F0956N,01F0928N,31,96,39,01F0956N>01F0928N,20260831,7,96,95.66666666666667
2026-08-31 00:40:00,01F0956N,01F0928N,31,94,59,01F0956N>01F0928N,20260831,8,94,94.33333333333333
2026-08-31 00:45:00,01F0956N,01F0928N,31,94,48,01F0956N>01F0928N,20260831,9,94,94.33333333333333
2026-08-31 00:50:00,01F0956N,01F0928N,31,95,47,01F0956N>01F0928N,20260831,10,95,96.33333333333333
2026-08-31 00:55:00,01F0956N,01F0928N,31,96,49,01F0956N>01F0928N,20260831,11,96,95.0
2026-08-31 01:00:00,01F0956N,01F0928N,31,94,37,01F0956N>01F0928N,20260831,12,94,95.33333333333333
2026-08-31 01:05:00,01F0956N,01F0928N,31,98,33,01F0956N>01F0928N,20260831,13,98,94.66666666666667
2026-08-31 01:10:00,01F0956N,01F0928N,31,94,40,01F0956N>01F0928N,20260831,14,94,94.0
2026-08-31 01:15:00,01F0956N,01F0928N,31,94,28,01F0956N>01F0928N,20260831,15,94,95.0
2026-08-31 01:20:00,01F0956N,01F0928N,31,93,44,01F0956N>01F0928N,20260831,16,93,97.0
2026-08-31 01:25:00,01F0956N,01F0928N,31,88,26,01F0956N>01F0928N,20260831,17,88,91.0
2026-08-31 01:30:00,01F0956N,01F0928N,31,95,27,01F0956N>01F0928N,20260831,18,95,93.66666666666667
2026-08-31 01:35:00,01F0956N,01F0928N,31,94,35,01F0956N>01F0928N,20260831,19,94,94.66666666666667
2026-08-31 01:40:00,01F0956N,01F0928N,31,91,21,01F0956N>01F0928N,20260831,20,91,94.0
2026-08-31 01:45:00,01F0956N,01F0928N,31,93,28,01F0956N>01F0928N,20260831,21,93,93.0
2026-08-31 01:50:00,01F0956N,01F0928N,31,86,30,01F0956N>01F0928N,20260831,22,86,93.0
2026-08-31 01:55:00,01F0956N,01F0928N,31,94,20,01F0956N>01F0928N,20260831,23,94,96.33333333333333
2026-08-31 02:00:00,01F0956N,01F0928N,31,93,21,01F0956N>01F0928N,20260831,24,93,95.0
2026-08-31 02:05:00,01F0956N,01F0928N,31,94,14,01F0956N>01F0928N,20260831,25,94,94.66666666666667
2026-08-31 02:10:00,01F0956N,01F0928N,31,98,16,01F0956N>01F0928N,20260831,26,98,95.66666666666667
2026-08-31 02:15:00,01F0956N,01F0928N,31,96,23,01F0956N>01F0928N,20260831,27,96,95.0
2026-08-31 02:20:00,01F0956N,01F0928N,31,93,15,01F0956N>01F0928N,20260831,28,93,93.66666666666667
2026-08-31 02:25:00,01F0956N,01F0928N,31,95,22,01F0956N>01F0928N,20260831,29,95,95.0
2026-08-31 02:30:00,01F0956N,01F0928N,31,96,19,01F0956N>01F0928N,20260831,30,96,93.66666666666667
2026-08-31 02:35:00,01F0956N,01F0928N,31,96,16,01F0956N>01F0928N,20260831,31,96,95.33333333333333
2026-08-31 02:40:00,01F0956N,01F0928N,31,97,24,01F0956N>01F0928N,20260831,32,97,95.33333333333333
2026-08-31 02:45:00,01F0956N,01F0928N,31,93,21,01F0956N>01F0928N,20260831,33,93,94.0
2026-08-31 02:50:00,01F0956N,01F0928N,31,94,20,01F0956N>01F0928N,20260831,34,94,95.0
2026-08-31 02:55:00,01F0956N,01F0928N,31,95,30,01F0956N>01F0928N,20260831,35,95,93.66666666666667
2026-08-31 03:00:00,01F0956N,01F0928N,31,92,26,01F0956N>01F0928N,20260831,36,92,95.0
2026-08-31 03:05:00,01F0956N,01F0928N,31,93,30,01F0956N>01F0928N,20260831,37,93,94.33333333333333
2026-08-31 03:10:00,01F0956N,01F0928N,31,93,20,01F0956N>01F0928N,20260831,38,93,93.66666666666667
2026-08-31 03:15:00,01F0956N,01F0928N,31,95,18,01F0956N>01F0928N,20260831,39,95,94.66666666666667
2026-08-31 03:20:00,01F0956N,01F0928N,31,93,18,01F0956N>01F0928N,20260831,40,93,93.66666666666667
2026-08-31 03:25:00,01F0956N,01F0928N,31,95,15,01F0956N>01F0928N,20260831,41,95,94.0
2026-08-31 03:30:00,01F0956N,01F0928N,31,96,15,01F0956N>01F0928N,20260831,42,96,96.0
2026-08-31 03:35:00,01F0956N,01F0928N,31,94,21,01F0956N>01F0928N,20260831,43,94,95.0
2026-08-31 03:40:00,01F0956N,01F0928N,31,93,15,01F0956N>01F0928N,20260831,44,93,93.66666666666667
2026-08-31 03:45:00,01F0956N,01F0928N,31,88,20,01F0956N>01F0928N,20260831,45,88,92.0
2026-08-31 03:50:00,01F0956N,01F0928N,31,90,25,01F0956N>01F0928N,20260831,46,90,93.33333333333333
2026-08-31 03:55:00,01F0956N,01F0928N,31,94,26,01F0956N>01F0928N,20260831,47,94,94.66666666666667
2026-08-31 04:00:00,01F0956N,01F0928N,31,89,20,01F0956N>01F0928N,20260831,48,89,90.0
2026-08-31 04:05:00,01F0956N,01F0928N,31,94,26,01F0956N>01F0928N,20260831,49,94,94.33333333333333
2026-08-31 04:10:00,01F0956N,01F0928N,31,94,27,01F0956N>01F0928N,20260831,50,94,94.0
2026-08-31 04:15:00,01F0956N,01F0928N,31,97,29,01F0956N>01F0928N,20260831,51,97,95.66666666666667
2026-08-31 04:20:00,01F0956N,01F0928N,31,96,36,01F0956N>01F0928N,20260831,52,96,94.0
2026-08-31 04:25:00,01F0956N,01F0928N,31,95,28,01F0956N>01F0928N,20260831,53,95,94.33333333333333
2026-08-31 04:30:00,01F0956N,01F0928N,31,93,44,01F0956N>01F0928N,20260831,54,93,95.0
2026-08-31 04:35:00,01F0956N,01F0928N,31,96,28,01F0956N>01F0928N,20260831,55,96,95.0
2026-08-31 04:40:00,01F0956N,01F0928N,31,97,25,01F0956N>01F0928N,20260831,56,97,96.33333333333333
2026-08-31 04:45:00,01F0956N,01F0928N,31,94,35,01F0956N>01F0928N,20260831,57,94,93.0
2026-08-31 04:50:00,01F0956N,01F0928N,31,94,32,01F0956N>01F0928N,20260831,58,94,93.0
2026-08-31 04:55:00,01F0956N,01F0928N,31,95,44,01F0956N>01F0928N,20260831,59,95,94.66666666666667
2026-08-31 05:00:00,01F0956N,01F0928N,31,95,41,01F0956N>01F0928N,20260831,60,95,94.66666666666667
2026-08-31 05:05:00,01F0956N,01F0928N,31,95,36,01F0956N>01F0928N,20260831,61,95,94.0
2026-08-31 05:10:00,01F0956N,01F0928N,31,94,47,01F0956N>01F0928N,20260831,62,94,93.33333333333333
2026-08-31 05:15:00,01F0956N,01F0928N,31,93,53,01F0956N>01F0928N,20260831,63,93,92.66666666666667
2026-08-31 05:20:00,01F0956N,01F0928N,31,94,59,01F0956N>01F0928N,20260831,64,94,93.0
2026-08-31 05:25:00,01F0956N,01F0928N,31,95,61,01F0956N>01F0928N,20260831,65,95,94.66666666666667
2026-08-31 05:30:00,01F0956N,01F0928N,31,94,74,01F0956N>01F0928N,20260831,66,94,93.33333333333333
2026-08-31 05:35:00,01F0956N,01F0928N,31,93,51,01F0956N>01F0928N,20260831,67,93,93.0
2026-08-31 05:40:00,01F0956N,01F0928N,31,93,68,01F0956N>01F0928N,20260831,68,93,92.66666666666667
2026-08-31 05:45:00,01F0956N,01F0928N,31,93,80,01F0956N>01F0928N,20260831,69,93,92.66666666666667
2026-08-31 05:50:00,01F0956N,01F0928N,31,95,81,01F0956N>01F0928N,20260831,70,95,94.0
2026-08-31 05:55:00,01F0956N,01F0928N,31,93,89,01F0956N>01F0928N,20260831,71,93,93.33333333333333
2026-08-31 06:00:00,01F0956N,01F0928N,31,93,91,01F0956N>01F0928N,20260831,72,93,92.33333333333333
2026-08-31 06:05:00,01F0956N,01F0928N,31,94,95,01F0956N>01F0928N,20260831,73,94,94.33333333333333
2026-08-31 06:10:00,01F0956N,01F0928N,31,96,117,01F0956N>01F0928N,20260831,74,96,94.0
2026-08-31 06:15:00,01F0956N,01F0928N,31,96,135,01F0956N>01F0928N,20260831,75,96,94.66666666666667
2026-08-31 06:20:00,01F0956N,01F0928N,31,98,141,01F0956N>01F0928N,20260831,76,98,96.0
2026-08-31 06:25:00,01F0956N,01F0928N,31,99,170,01F0956N>01F0928N,20260831,77,99,97.0
2026-08-31 06:30:00,01F0956N,01F0928N,31,98,154,01F0956N>01F0928N,20260831,78,98,96.66666666666667
2026-08-31 06:35:00,01F0956N,01F0928N,31,98,141,01F0956N>01F0928N,20260831,79,98,97.66666666666667
2026-08-31 06:40:00,01F0956N,01F0928N,31,100,158,01F0956N>01F0928N,20260831,80,100,97.66666666666667
2026-08-31 06:45:00,01F0956N,01F0928N,31,102,159,01F0956N>01F0928N,20260831,81,102,100.0
2026-08-31 06:50:00,01F0956N,01F0928N,31,103,196,01F0956N>01F0928N,20260831,82,103,101.33333333333333
2026-08-31 06:55:00,01F0956N,01F0928N,31,102,172,01F0956N>01F0928N,20260831,83,102,102.0
2026-08-31 07:00:00,01F0956N,01F0928N,31,103,208,01F0956N>01F0928N,20260831,84,103,103.33333333333333
2026-08-31 07:05:00,01F0956N,01F0928N,31,105,179,01F0956N>01F0928N,20260831,85,105,104.33333333333333
2026-08-31 07:10:00,01F0956N,01F0928N,31,106,168,01F0956N>01F0928N,20260831,86,106,104.33333333333333
2026-08-31 07:15:00,01F0956N,01F0928N,31,107,190,01F0956N>01F0928N,20260831,87,107,104.66666666666667
2026-08-31 07:20:00,01F0956N,01F0928N,31,104,184,01F0956N>01F0928N,20260831,88,104,107.33333333333333
2026-08-31 07:25:00,01F0956N,01F0928N,31,105,159,01F0956N>01F0928N,20260831,89,105,102.33333333333333
2026-08-31 07:30:00,01F0956N,01F0928N,31,106,169,01F0956N>01F0928N,20260831,90,106,103.0
2026-08-31 07:35:00,01F0956N,01F0928N,31,107,137,01F0956N>01F0928N,20260831,91,107,105.0
2026-08-31 07:40:00,01F0956N,01F0928N,31,104,135,01F0956N>01F0928N,20260831,92,104,103.66666666666667
2026-08-31 07:45:00,01F0956N,01F0928N,31,106,139,01F0956N>01F0928N,20260831,93,106,105.33333333333333
2026-08-31 07:50:00,01F0956N,01F0928N,31,104,141,01F0956N>01F0928N,20260831,94,104,104.33333333333333
2026-08-31 07:55:00,01F0956N,01F0928N,31,110,141,01F0956N>01F0928N,20260831,95,110,104.66666666666667
2026-08-31 08:00:00,01F0956N,01F0928N,31,105,114,01F0956N>01F0928N,20260831,96,105,104.66666666666667
2026-08-31 08:05:00,01F0956N,01F0928N,31,125,124,01F0956N>01F0928N,20260831,97,125,109.0
2026-08-31 08:10:00,01F0956N,01F0928N,31,114,147,01F0956N>01F0928N,20260831,98,114,106.33333333333333
2026-08-31 08:15:00,01F0956N,01F0928N,31,112,156,01F0956N>01F0928N,20260831,99,112,105.66666666666667
2026-08-31 08:20:00,01F0956N,01F0928N,31,114,126,01F0956N>01F0928N,20260831,100,114,105.66666666666667
2026-08-31 08:25:00,01F0956N,01F0928N,31,112,134,01F0956N>01F0928N,20260831,101,112,105.0
2026-08-31 08:30:00,01F0956N,01F0928N,31,108,132,01F0956N>01F0928N,20260831,102,108,106.33333333333333
2026-08-31 08:35:00,01F0956N,01F0928N,31,104,142,01F0956N>01F0928N,20260831,103,104,107.33333333333333
2026-08-31 08:40:00,01F0956N,01F0928N,31,105,165,01F0956N>01F0928N,20260831,104,105,108.33333333333333
2026-08-31 08:45:00,01F0956N,01F0928N,31,107,145,01F0956N>01F0928N,20260831,105,107,108.66666666666667
2026-08-31 08:50:00,01F0956N,01F0928N,31,114,159,01F0956N>01F0928N,20260831,106,114,110.33333333333333
2026-08-31 08:55:00,01F0956N,01F0928N,31,125,178,01F0956N>01F0928N,20260831,107,125,114.33333333333333
2026-08-31 09:00:00,01F0956N,01F0928N,31,139,162,01F0956N>01F0928N,20260831,108,139,117.33333333333333
2026-08-31 09:05:00,01F0956N,01F0928N,31,159,145,01F0956N>01F0928N,20260831,109,159,121.33333333333333
2026-08-31 09:10:00,01F0956N,01F0928N,31,203,153,01F0956N>01F0928N,20260831,110,203,135.33333333333334
2026-08-31 09:15:00,01F0956N,01F0928N,31,183,154,01F0956N>01F0928N,20260831,111,183,130.33333333333334
2026-08-31 09:20:00,01F0956N,01F0928N,31,164,115,01F0956N>01F0928N,20260831,112,164,124.33333333333333
2026-08-31 09:25:00,01F0956N,01F0928N,31,204,147,01F0956N>01F0928N,20260831,113,204,138.33333333333334
2026-08-31 09:30:00,01F0956N,01F0928N,31,194,189,01F0956N>01F0928N,20260831,114,194,134.33333333333334
2026-08-31 09:35:00,01F0956N,01F0928N,31,157,149,01F0956N>01F0928N,20260831,115,157,123.0
2026-08-31 09:40:00,01F0956N,01F0928N,31,138,172,01F0956N>01F0928N,20260831,116,138,118.0
2026-08-31 09:45:00,01F0956N,01F0928N,31,109,166,01F0956N>01F0928N,20260831,117,109,105.33333333333333
2026-08-31 09:50:00,01F0956N,01F0928N,31,110,154,01F0956N>01F0928N,20260831,118,110,105.0
2026-08-31 09:55:00,01F0956N,01F0928N,31,107,153,01F0956N>01F0928N,20260831,119,107,106.66666666666667
2026-08-31 10:00:00,01F0956N,01F0928N,31,109,143,01F0956N>01F0928N,20260831,120,109,105.33333333333333
2026-08-31 10:05:00,01F0956N,01F0928N,31,104,153,01F0956N>01F0928N,20260831,121,104,105.0
2026-08-31 10:10:00,01F0956N,01F0928N,31,108,151,01F0956N>01F0928N,20260831,122,108,105.0
2026-08-31 10:15:00,01F0956N,01F0928N,31,106,121,01F0956N>01F0928N,20260831,123,106,105.66666666666667
2026-08-31 10:20:00,01F0956N,01F0928N,31,107,124,01F0956N>01F0928N,20260831,124,107,107.33333333333333
2026-08-31 10:25:00,01F0956N,01F0928N,31,111,146,01F0956N>01F0928N,20260831,125,111,109.0
2026-08-31 10:30:00,01F0956N,01F0928N,31,122,150,01F0956N>01F0928N,20260831,126,122,110.33333333333333
2026-08-31 10:35:00,01F0956N,01F0928N,31,121,139,01F0956N>01F0928N,20260831,127,121,108.66666666666667
2026-08-31 10:40:00,01F0956N,01F0928N,31,116,140,01F0956N>01F0928N,20260831,128,116,108.66666666666667
2026-08-31 10:45:00,01F0956N,01F0928N,31,110,146,01F0956N>01F0928N,20260831,129,110,106.66666666666667
2026-08-31 10:50:00,01F0956N,01F0928N,31,105,145,01F0956N>01F0928N,20260831,130,105,106.0
2026-08-31 10:55:00,01F0956N,01F0928N,31,105,149,01F0956N>01F0928N,20260831,131,105,105.33333333333333
2026-08-31 11:00:00,01F0956N,01F0928N,31,101,137,01F0956N>01F0928N,20260831,132,101,106.66666666666667
2026-08-31 11:05:00,01F0956N,01F0928N,31,104,151,01F0956N>01F0928N,20260831,133,104,103.33333333333333
2026-08-31 11:10:00,01F0956N,01F0928N,31,113,152,01F0956N>01F0928N,20260831,134,113,107.66666666666667
2026-08-31 11:15:00,01F0956N,01F0928N,31,109,143,01F0956N>01F0928N,20260831,135,109,106.0
2026-08-31 11:20:00,01F0956N,01F0928N,31,101,125,01F0956N>01F0928N,20260831,136,101,103.66666666666667
2026-08-31 11:25:00,01F0956N,01F0928N,31,102,141,01F0956N>01F0928N,20260831,137,102,103.66666666666667
2026-08-31 11:30:00,01F0956N,01F0928N,31,103,132,01F0956N>01F0928N,20260831,138,103,105.33333333333333
2026-08-31 11:35:00,01F0956N,01F0928N,31,103,134,01F0956N>01F0928N,20260831,139,103,101.66666666666667
2026-08-31 11:40:00,01F0956N,01F0928N,31,102,142,01F0956N>01F0928N,20260831,140,102,104.66666666666667
2026-08-31 11:45:00,01F0956N,01F0928N,31,100,116,01F0956N>01F0928N,20260831,141,100,102.33333333333333
2026-08-31 11:50:00,01F0956N,01F0928N,31,103,134,01F0956N>01F0928N,20260831,142,103,103.66666666666667
2026-08-31 11:55:00,01F0956N,01F0928N,31,102,150,01F0956N>01F0928N,20260831,143,102,103.66666666666667
2026-08-31 12:00:00,01F0956N,01F0928N,31,106,131,01F0956N>01F0928N,20260831,144,106,103.0
2026-08-31 12:05:00,01F0956N,01F0928N,31,104,124,01F0956N>01F0928N,20260831,145,104,104.33333333333333
2026-08-31 12:10:00,01F0956N,01F0928N,31,103,126,01F0956N>01F0928N,20260831,146,103,102.66666666666667
2026-08-31 12:15:00,01F0956N,01F0928N,31,102,125,01F0956N>01F0928N,20260831,147,102,103.66666666666667
2026-08-31 12:20:00,01F0956N,01F0928N,31,99,147,01F0956N>01F0928N,20260831,148,99,107.66666666666667
2026-08-31 12:25:00,01F0956N,01F0928N,31,101,137,01F0956N>01F0928N,20260831,149,101,107.33333333333333
2026-08-31 12:30:00,01F0956N,01F0928N,31,102,143,01F0956N>01F0928N,20260831,150,102,106.33333333333333
2026-08-31 12:35:00,01F0956N,01F0928N,31,100,122,01F0956N>01F0928N,20260831,151,100,104.66666666666667
2026-08-31 12:40:00,01F0956N,01F0928N,31,102,140,01F0956N>01F0928N,20260831,152,102,104.66666666666667
2026-08-31 12:45:00,01F0956N,01F0928N,31,99,138,01F0956N>01F0928N,20260831,153,99,102.0
2026-08-31 12:50:00,01F0956N,01F0928N,31,107,134,01F0956N>01F0928N,20260831,154,107,104.0
2026-08-31 12:55:00,01F0956N,01F0928N,31,105,159,01F0956N>01F0928N,20260831,155,105,103.0
2026-08-31 13:00:00,01F0956N,01F0928N,31,98,116,01F0956N>01F0928N,20260831,156,98,101.0
2026-08-31 13:05:00,01F0956N,01F0928N,31,102,144,01F0956N>01F0928N,20260831,157,102,102.66666666666667
2026-08-31 13:10:00,01F0956N,01F0928N,31,100,131,01F0956N>01F0928N,20260831,158,100,219.33333333333334
2026-08-31 13:15:00,01F0956N,01F0928N,31,100,136,01F0956N>01F0928N,20260831,159,100,203.0
2026-08-31 13:20:00,01F0956N,01F0928N,31,103,157,01F0956N>01F0928N,20260831,160,103,175.33333333333334
2026-08-31 13:25:00,01F0956N,01F0928N,31,107,129,01F0956N>01F0928N,20260831,161,107,178.0
2026-08-31 13:30:00,01F0956N,01F0928N,31,102,118,01F0956N>01F0928N,20260831,162,102,186.0
2026-08-31 13:35:00,01F0956N,01F0928N,31,104,156,01F0956N>01F0928N,20260831,163,104,186.66666666666666
2026-08-31 13:40:00,01F0956N,01F0928N,31,101,136,01F0956N>01F0928N,20260831,164,101,173.66666666666666
2026-08-31 13:45:00,01F0956N,01F0928N,31,103,133,01F0956N>01F0928N,20260831,165,103,164.66666666666666
2026-08-31 13:50:00,01F0956N,01F0928N,31,108,154,01F0956N>01F0928N,20260831,166,108,175.33333333333334
2026-08-31 13:55:00,01F0956N,01F0928N,31,101,134,01F0956N>01F0928N,20260831,167,101,164.66666666666666
2026-08-31 14:00:00,01F0956N,01F0928N,31,106,147,01F0956N>01F0928N,20260831,168,106,149.33333333333334
2026-08-31 14:05:00,01F0956N,01F0928N,31,104,132,01F0956N>01F0928N,20260831,169,104,128.33333333333334
2026-08-31 14:10:00,01F0956N,01F0928N,31,103,141,01F0956N>01F0928N,20260831,170,103,129.66666666666666
2026-08-31 14:15:00,01F0956N,01F0928N,31,105,160,01F0956N>01F0928N,20260831,171,105,147.33333333333334
2026-08-31 14:20:00,01F0956N,01F0928N,31,106,150,01F0956N>01F0928N,20260831,172,106,165.0
2026-08-31 14:25:00,01F0956N,01F0928N,31,104,153,01F0956N>01F0928N,20260831,173,104,191.0
2026-08-31 14:30:00,01F0956N,01F0928N,31,103,148,01F0956N>01F0928N,20260831,174,103,194.33333333333334
2026-08-31 14:35:00,01F0956N,01F0928N,31,108,152,01F0956N>01F0928N,20260831,175,108,213.0
2026-08-31 14:40:00,01F0956N,01F0928N,31,113,150,01F0956N>01F0928N,20260831,176,113,217.0
2026-08-31 14:45:00,01F0956N,01F0928N,31,108,138,01F0956N>01F0928N,20260831,177,108,214.0
2026-08-31 14:50:00,01F0956N,01F0928N,31,125,133,01F0956N>01F0928N,20260831,178,125,234.66666666666666
2026-08-31 14:55:00,01F0956N,01F0928N,31,181,155,01F0956N>01F0928N,20260831,179,181,268.3333333333333
2026-08-31 15:00:00,01F0956N,01F0928N,31,153,151,01F0956N>01F0928N,20260831,180,153,265.6666666666667
2026-08-31 15:05:00,01F0956N,01F0928N,31,152,149,01F0956N>01F0928N,20260831,181,152,258.3333333333333
2026-08-31 15:10:00,01F0956N,01F0928N,31,154,157,01F0956N>01F0928N,20260831,182,154,263.0
2026-08-31 15:15:00,01F0956N,01F0928N,31,147,148,01F0956N>01F0928N,20260831,183,147,255.66666666666666
2026-08-31 15:20:00,01F0956N,01F0928N,31,156,116,01F0956N>01F0928N,20260831,184,156,262.6666666666667
2026-08-31 15:25:00,01F0956N,01F0928N,31,300,86,01F0956N>01F0928N,20260831,185,300,326.3333333333333
2026-08-31 15:30:00,01F0956N,01F0928N,31,395,81,01F0956N>01F0928N,20260831,186,395,373.0
2026-08-31 15:35:00,01F0956N,01F0928N,31,564,126,01F0956N>01F0928N,20260831,187,564,428.0
2026-08-31 15:40:00,01F0956N,01F0928N,31,542,158,01F0956N>01F0928N,20260831,188,542,425.6666666666667
2026-08-31 15:45:00,01F0956N,01F0928N,31,445,140,01F0956N>01F0928N,20260831,189,445,390.3333333333333
2026-08-31 15:50:00,01F0956N,01F0928N,31,369,124,01F0956N>01F0928N,20260831,190,369,369.0
2026-08-31 15:55:00,01F0956N,01F0928N,31,427,147,01F0956N>01F0928N,20260831,191,427,391.6666666666667
2026-08-31 16:00:00,01F0956N,01F0928N,31,435,149,01F0956N>01F0928N,20260831,192,435,390.6666666666667
2026-08-31 16:05:00,01F0956N,01F0928N,31,393,160,01F0956N>01F0928N,20260831,193,393,380.6666666666667
2026-08-31 16:10:00,01F0956N,01F0928N,31,343,157,01F0956N>01F0928N,20260831,194,343,351.3333333333333
2026-08-31 16:15:00,01F0956N,01F0928N,31,332,180,01F0956N>01F0928N,20260831,195,332,331.3333333333333
2026-08-31 16:20:00,01F0956N,01F0928N,31,303,172,01F0956N>01F0928N,20260831,196,303,316.0
2026-08-31 16:25:00,01F0956N,01F0928N,31,299,183,01F0956N>01F0928N,20260831,197,299,325.0
2026-08-31 16:30:00,01F0956N,01F0928N,31,295,177,01F0956N>01F0928N,20260831,198,295,304.3333333333333
2026-08-31 16:35:00,01F0956N,01F0928N,31,289,140,01F0956N>01F0928N,20260831,199,289,293.0
2026-08-31 16:40:00,01F0956N,01F0928N,31,298,156,01F0956N>01F0928N,20260831,200,298,301.3333333333333
2026-08-31 16:45:00,01F0956N,01F0928N,31,320,173,01F0956N>01F0928N,20260831,201,320,316.3333333333333
2026-08-31 16:50:00,01F0956N,01F0928N,31,300,164,01F0956N>01F0928N,20260831,202,300,308.6666666666667
2026-08-31 16:55:00,01F0956N,01F0928N,31,310,153,01F0956N>01F0928N,20260831,203,310,318.0
2026-08-31 17:00:00,01F0956N,01F0928N,31,306,157,01F0956N>01F0928N,20260831,204,306,316.3333333333333
2026-08-31 17:05:00,01F0956N,01F0928N,31,315,154,01F0956N>01F0928N,20260831,205,315,320.6666666666667
2026-08-31 17:10:00,01F0956N,01F0928N,31,308,158,01F0956N>01F0928N,20260831,206,308,307.6666666666667
2026-08-31 17:15:00,01F0956N,01F0928N,31,305,146,01F0956N>01F0928N,20260831,207,305,308.0
2026-08-31 17:20:00,01F0956N,01F0928N,31,292,170,01F0956N>01F0928N,20260831,208,292,306.3333333333333
2026-08-31 17:25:00,01F0956N,01F0928N,31,273,165,01F0956N>01F0928N,20260831,209,273,297.3333333333333
2026-08-31 17:30:00,01F0956N,01F0928N,31,236,182,01F0956N>01F0928N,20260831,210,236,274.6666666666667
2026-08-31 17:35:00,01F0956N,01F0928N,31,252,166,01F0956N>01F0928N,20260831,211,252,276.3333333333333
2026-08-31 17:40:00,01F0956N,01F0928N,31,262,168,01F0956N>01F0928N,20260831,212,262,270.0
2026-08-31 17:45:00,01F0956N,01F0928N,31,288,190,01F0956N>01F0928N,20260831,213,288,293.3333333333333
2026-08-31 17:50:00,01F0956N,01F0928N,31,291,209,01F0956N>01F0928N,20260831,214,291,289.3333333333333
2026-08-31 17:55:00,01F0956N,01F0928N,31,260,197,01F0956N>01F0928N,20260831,215,260,273.0
2026-08-31 18:00:00,01F0956N,01F0928N,31,251,167,01F0956N>01F0928N,20260831,216,251,265.0
2026-08-31 18:05:00,01F0956N,01F0928N,31,260,162,01F0956N>01F0928N,20260831,217,260,277.6666666666667
2026-08-31 18:10:00,01F0956N,01F0928N,31,287,168,01F0956N>01F0928N,20260831,218,287,295.3333333333333
2026-08-31 18:15:00,01F0956N,01F0928N,31,317,161,01F0956N>01F0928N,20260831,219,317,307.0
2026-08-31 18:20:00,01F0956N,01F0928N,31,311,190,01F0956N>01F0928N,20260831,220,311,308.3333333333333
2026-08-31 18:25:00,01F0956N,01F0928N,31,296,171,01F0956N>01F0928N,20260831,221,296,311.3333333333333
2026-08-31 18:30:00,01F0956N,01F0928N,31,306,183,01F0956N>01F0928N,20260831,222,306,302.3333333333333
2026-08-31 18:35:00,01F0956N,01F0928N,31,320,163,01F0956N>01F0928N,20260831,223,320,309.3333333333333
2026-08-31 18:40:00,01F0956N,01F0928N,31,306,193,01F0956N>01F0928N,20260831,224,306,294.3333333333333
2026-08-31 18:45:00,01F0956N,01F0928N,31,290,147,01F0956N>01F0928N,20260831,225,290,285.0
2026-08-31 18:50:00,01F0956N,01F0928N,31,310,149,01F0956N>01F0928N,20260831,226,310,293.6666666666667
2026-08-31 18:55:00,01F0956N,01F0928N,31,302,146,01F0956N>01F0928N,20260831,227,302,298.6666666666667
2026-08-31 19:00:00,01F0956N,01F0928N,31,294,160,01F0956N>01F0928N,20260831,228,294,299.6666666666667
2026-08-31 19:05:00,01F0956N,01F0928N,31,264,156,01F0956N>01F0928N,20260831,229,264,284.3333333333333
2026-08-31 19:10:00,01F0956N,01F0928N,31,261,152,01F0956N>01F0928N,20260831,230,261,287.0
2026-08-31 19:15:00,01F0956N,01F0928N,31,264,147,01F0956N>01F0928N,20260831,231,264,287.3333333333333
2026-08-31 19:20:00,01F0956N,01F0928N,31,215,133,01F0956N>01F0928N,20260831,232,215,259.3333333333333
2026-08-31 19:25:00,01F0956N,01F0928N,31,189,135,01F0956N>01F0928N,20260831,233,189,262.3333333333333
2026-08-31 19:30:00,01F0956N,01F0928N,31,171,170,01F0956N>01F0928N,20260831,234,171,252.66666666666666
2026-08-31 19:35:00,01F0956N,01F0928N,31,118,143,01F0956N>01F0928N,20260831,235,118,230.0
2026-08-31 19:40:00,01F0956N,01F0928N,31,116,132,01F0956N>01F0928N,20260831,236,116,216.0
2026-08-31 19:45:00,01F0956N,01F0928N,31,111,149,01F0956N>01F0928N,20260831,237,111,193.0
2026-08-31 19:50:00,01F0956N,01F0928N,31,118,119,01F0956N>01F0928N,20260831,238,118,167.33333333333334
2026-08-31 19:55:00,01F0956N,01F0928N,31,109,108,01F0956N>01F0928N,20260831,239,109,140.33333333333334
2026-08-31 20:00:00,01F0956N,01F0928N,31,108,126,01F0956N>01F0928N,20260831,240,108,118.66666666666667
2026-08-31 20:05:00,01F0956N,01F0928N,31,120,141,01F0956N>01F0928N,20260831,241,120,110.33333333333333
2026-08-31 20:10:00,01F0956N,01F0928N,31,107,116,01F0956N>01F0928N,20260831,242,107,106.66666666666667
2026-08-31 20:15:00,01F0956N,01F0928N,31,112,124,01F0956N>01F0928N,20260831,243,112,108.0
2026-08-31 20:20:00,01F0956N,01F0928N,31,108,118,01F0956N>01F0928N,20260831,244,108,107.33333333333333
2026-08-31 20:25:00,01F0956N,01F0928N,31,106,112,01F0956N>01F0928N,20260831,245,106,103.0
2026-08-31 20:30:00,01F0956N,01F0928N,31,116,118,01F0956N>01F0928N,20260831,246,116,108.66666666666667
2026-08-31 20:35:00,01F0956N,01F0928N,31,105,113,01F0956N>01F0928N,20260831,247,105,103.33333333333333
2026-08-31 20:40:00,01F0956N,01F0928N,31,106,104,01F0956N>01F0928N,20260831,248,106,105.0
2026-08-31 20:45:00,01F0956N,01F0928N,31,105,112,01F0956N>01F0928N,20260831,249,105,104.0
2026-08-31 20:50:00,01F0956N,01F0928N,31,101,82,01F0956N>01F0928N,20260831,250,101,102.0
2026-08-31 20:55:00,01F0956N,01F0928N,31,102,96,01F0956N>01F0928N,20260831,251,102,103.33333333333333
2026-08-31 21:00:00,01F0956N,01F0928N,31,102,103,01F0956N>01F0928N,20260831,252,102,103.0
2026-08-31 21:05:00,01F0956N,01F0928N,31,99,99,01F0956N>01F0928N,20260831,253,99,99.66666666666667
2026-08-31 21:10:00,01F0956N,01F0928N,31,99,103,01F0956N>01F0928N,20260831,254,99,100.0
2026-08-31 21:15:00,01F0956N,01F0928N,31,100,101,01F0956N>01F0928N,20260831,255,100,101.66666666666667
2026-08-31 21:20:00,01F0956N,01F0928N,31,99,90,01F0956N>01F0928N,20260831,256,99,100.0
2026-08-31 21:25:00,01F0956N,01F0928N,31,97,77,01F0956N>01F0928N,20260831,257,97,100.33333333333333
2026-08-31 21:30:00,01F0956N,01F0928N,31,97,86,01F0956N>01F0928N,20260831,258,97,99.0
2026-08-31 21:35:00,01F0956N,01F0928N,31,96,67,01F0956N>01F0928N,20260831,259,96,99.0
2026-08-31 21:40:00,01F0956N,01F0928N,31,101,91,01F0956N>01F0928N,20260831,260,101,100.33333333333333
2026-08-31 21:45:00,01F0956N,01F0928N,31,97,69,01F0956N>01F0928N,20260831,261,97,97.66666666666667
2026-08-31 21:50:00,01F0956N,01F0928N,31,99,90,01F0956N>01F0928N,20260831,262,99,99.0
2026-08-31 21:55:00,01F0956N,01F0928N,31,103,84,01F0956N>01F0928N,20260831,263,103,101.66666666666667
2026-08-31 22:00:00,01F0956N,01F0928N,31,98,84,01F0956N>01F0928N,20260831,264,98,98.33333333333333
2026-08-31 22:05:00,01F0956N,01F0928N,31,96,75,01F0956N>01F0928N,20260831,265,96,97.33333333333333
2026-08-31 22:10:00,01F0956N,01F0928N,31,100,86,01F0956N>01F0928N,20260831,266,100,97.66666666666667
2026-08-31 22:15:00,01F0956N,01F0928N,31,96,81,01F0956N>01F0928N,20260831,267,96,97.66666666666667
2026-08-31 22:20:00,01F0956N,01F0928N,31,98,72,01F0956N>01F0928N,20260831,268,98,98.33333333333333
2026-08-31 22:25:00,01F0956N,01F0928N,31,99,67,01F0956N>01F0928N,20260831,269,99,100.33333333333333
2026-08-31 22:30:00,01F0956N,01F0928N,31,96,68,01F0956N>01F0928N,20260831,270,96,96.66666666666667
2026-08-31 22:35:00,01F0956N,01F0928N,31,101,71,01F0956N>01F0928N,20260831,271,101,98.0
2026-08-31 22:40:00,01F0956N,01F0928N,31,97,62,01F0956N>01F0928N,20260831,272,97,97.0
2026-08-31 22:45:00,01F0956N,01F0928N,31,96,64,01F0956N>01F0928N,20260831,273,96,97.33333333333333
2026-08-31 22:50:00,01F0956N,01F0928N,31,95,60,01F0956N>01F0928N,20260831,274,95,95.33333333333333
2026-08-31 22:55:00,01F0956N,01F0928N,31,95,60,01F0956N>01F0928N,20260831,275,95,93.66666666666667
2026-08-31 23:00:00,01F0956N,01F0928N,31,95,71,01F0956N>01F0928N,20260831,276,95,95.66666666666667
2026-08-31 23:05:00,01F0956N,01F0928N,31,94,56,01F0956N>01F0928N,20260831,277,94,95.66666666666667
2026-08-31 23:10:00,01F0956N,01F0928N,31,96,43,01F0956N>01F0928N,20260831,278,96,95.0
2026-08-31 23:15:00,01F0956N,01F0928N,31,96,42,01F0956N>01F0928N,20260831,279,96,96.33333333333333
2026-08-31 23:20:00,01F0956N,01F0928N,31,97,46,01F0956N>01F0928N,20260831,280,97,96.0
2026-08-31 23:25:00,01F0956N,01F0928N,31,95,43,01F0956N>01F0928N,20260831,281,95,95.66666666666667
2026-08-31 23:30:00,01F0956N,01F0928N,31,95,32,01F0956N>01F0928N,20260831,282,95,95.33333333333333
2026-08-31 23:35:00,01F0956N,01F0928N,31,98,41,01F0956N>01F0928N,20260831,283,98,97.0
2026-08-31 23:40:00,01F0956N,01F0928N,31,93,30,01F0956N>01F0928N,20260831,284,93,94.0
2026-08-31 23:45:00,01F0956N,01F0928N,31,96,39,01F0956N>01F0928N,20260831,285,96,94.66666666666667
2026-08-31 23:50:00,01F0956N,01F0928N,31,95,27,01F0956N>01F0928N,20260831,286,95,95.33333333333333
2026-08-31 23:55:00,01F0956N,01F0928N,31,93,33,01F0956N>01F0928N,20260831,287,93,94.66666666666667
2026-09-01 00:00:00,01F0956N,01F0928N,31,95,35,01F0956N>01F0928N,20260901,0,95,92.0
2026-09-01 00:05:00,01F0956N,01F0928N,31,96,28,01F0956N>01F0928N,20260901,1,96,95.66666666666667
2026-09-01 00:10:00,01F0956N,01F0928N,31,93,27,01F0956N>01F0928N,20260901,2,93,95.0
2026-09-01 00:15:00,01F0956N,01F0928N,31,94,22,01F0956N>01F0928N,20260901,3,94,94.0
2026-09-01 00:20:00,01F0956N,01F0928N,31,99,18,01F0956N>01F0928N,20260901,4,99,95.33333333333333
2026-09-01 00:25:00,01F0956N,01F0928N,31,96,29,01F0956N>01F0928N,20260901,5,96,94.0
2026-09-01 00:30:00,01F0956N,01F0928N,31,95,34,01F0956N>01F0928N,20260901,6,95,93.66666666666667
2026-09-01 00:35:00,01F0956N,01F0928N,31,92,25,01F0956N>01F0928N,20260901,7,92,95.66666666666667
2026-09-01 00:40:00,01F0956N,01F0928N,31,96,26,01F0956N>01F0928N,20260901,8,96,94.33333333333333
2026-09-01 00:45:00,01F0956N,01F0928N,31,96,17,01F0956N>01F0928N,20260901,9,96,94.33333333333333
2026-09-01 00:50:00,01F0956N,01F0928N,31,92,26,01F0956N>01F0928N,20260901,10,92,96.33333333333333
2026-09-01 00:55:00,01F0956N,01F0928N,31,94,18,01F0956N>01F0928N,20260901,11,94,95.0
2026-09-01 01:00:00,01F0956N,01F0928N,31,92,18,01F0956N>01F0928N,20260901,12,92,95.33333333333333
2026-09-01 01:05:00,01F0956N,01F0928N,31,100,17,01F0956N>01F0928N,20260901,13,100,94.66666666666667
2026-09-01 01:10:00,01F0956N,01F0928N,31,98,20,01F0956N>01F0928N,20260901,14,98,94.0
2026-09-01 01:15:00,01F0956N,01F0928N,31,91,25,01F0956N>01F0928N,20260901,15,91,95.0
2026-09-01 01:20:00,01F0956N,01F0928N,31,99,17,01F0956N>01F0928N,20260901,16,99,97.0
2026-09-01 01:25:00,01F0956N,01F0928N,31,95,17,01F0956N>01F0928N,20260901,17,95,91.0
2026-09-01 01:30:00,01F0956N,01F0928N,31,96,15,01F0956N>01F0928N,20260901,18,96,93.66666666666667
2026-09-01 01:35:00,01F0956N,01F0928N,31,92,14,01F0956N>01F0928N,20260901,19,92,94.66666666666667
2026-09-01 01:40:00,01F0956N,01F0928N,31,97,11,01F0956N>01F0928N,20260901,20,97,94.0
2026-09-01 01:45:00,01F0956N,01F0928N,31,95,15,01F0956N>01F0928N,20260901,21,95,93.0
2026-09-01 01:50:00,01F0956N,01F0928N,31,95,13,01F0956N>01F0928N,20260901,22,95,93.0
2026-09-01 01:55:00,01F0956N,01F0928N,31,91,15,01F0956N>01F0928N,20260901,23,91,96.33333333333333
2026-09-01 02:00:00,01F0956N,01F0928N,31,96,17,01F0956N>01F0928N,20260901,24,96,95.0
2026-09-01 02:05:00,01F0956N,01F0928N,31,98,16,01F0956N>01F0928N,20260901,25,98,94.66666666666667
2026-09-01 02:10:00,01F0956N,01F0928N,31,96,9,01F0956N>01F0928N,20260901,26,96,95.66666666666667
2026-09-01 02:15:00,01F0956N,01F0928N,31,97,23,01F0956N>01F0928N,20260901,27,97,95.0
2026-09-01 02:20:00,01F0956N,01F0928N,31,94,12,01F0956N>01F0928N,20260901,28,94,93.66666666666667
2026-09-01 02:25:00,01F0956N,01F0928N,31,96,16,01F0956N>01F0928N,20260901,29,96,95.0
2026-09-01 02:30:00,01F0956N,01F0928N,31,94,9,01F0956N>01F0928N,20260901,30,94,93.66666666666667
2026-09-01 02:35:00,01F0956N,01F0928N,31,104,14,01F0956N>01F0928N,20260901,31,104,95.33333333333333
2026-09-01 02:40:00,01F0956N,01F0928N,31,93,20,01F0956N>01F0928N,20260901,32,93,95.33333333333333
2026-09-01 02:45:00,01F0956N,01F0928N,31,96,12,01F0956N>01F0928N,20260901,33,96,94.0
2026-09-01 02:50:00,01F0956N,01F0928N,31,95,15,01F0956N>01F0928N,20260901,34,95,95.0
2026-09-01 02:55:00,01F0956N,01F0928N,31,92,18,01F0956N>01F0928N,20260901,35,92,93.66666666666667
2026-09-01 03:00:00,01F0956N,01F0928N,31,94,18,01F0956N>01F0928N,20260901,36,94,95.0
2026-09-01 03:05:00,01F0956N,01F0928N,31,93,17,01F0956N>01F0928N,20260901,37,93,94.33333333333333
2026-09-01 03:10:00,01F0956N,01F0928N,31,92,17,01F0956N>01F0928N,20260901,38,92,93.66666666666667
2026-09-01 03:15:00,01F0956N,01F0928N,31,94,21,01F0956N>01F0928N,20260901,39,94,94.66666666666667
2026-09-01 03:20:00,01F0956N,01F0928N,31,96,20,01F0956N>01F0928N,20260901,40,96,93.66666666666667
2026-09-01 03:25:00,01F0956N,01F0928N,31,98,22,01F0956N>01F0928N,20260901,41,98,94.0
2026-09-01 03:30:00,01F0956N,01F0928N,31,96,17,01F0956N>01F0928N,20260901,42,96,96.0
2026-09-01 03:35:00,01F0956N,01F0928N,31,95,12,01F0956N>01F0928N,20260901,43,95,95.0
2026-09-01 03:40:00,01F0956N,01F0928N,31,94,22,01F0956N>01F0928N,20260901,44,94,93.66666666666667
2026-09-01 03:45:00,01F0956N,01F0928N,31,95,33,01F0956N>01F0928N,20260901,45,95,92.0
2026-09-01 03:50:00,01F0956N,01F0928N,31,96,24,01F0956N>01F0928N,20260901,46,96,93.33333333333333
2026-09-01 03:55:00,01F0956N,01F0928N,31,93,19,01F0956N>01F0928N,20260901,47,93,94.66666666666667
2026-09-01 04:00:00,01F0956N,01F0928N,31,94,17,01F0956N>01F0928N,20260901,48,94,90.0
2026-09-01 04:05:00,01F0956N,01F0928N,31,97,15,01F0956N>01F0928N,20260901,49,97,94.33333333333333
2026-09-01 04:10:00,01F0956N,01F0928N,31,96,28,01F0956N>01F0928N,20260901,50,96,94.0
2026-09-01 04:15:00,01F0956N,01F0928N,31,95,29,01F0956N>01F0928N,20260901,51,95,95.66666666666667
2026-09-01 04:20:00,01F0956N,01F0928N,31,93,23,01F0956N>01F0928N,20260901,52,93,94.0
2026-09-01 04:25:00,01F0956N,01F0928N,31,94,29,01F0956N>01F0928N,20260901,53,94,94.33333333333333
2026-09-01 04:30:00,01F0956N,01F0928N,31,92,27,01F0956N>01F0928N,20260901,54,92,95.0
2026-09-01 04:35:00,01F0956N,01F0928N,31,94,30,01F0956N>01F0928N,20260901,55,94,95.0
2026-09-01 04:40:00,01F0956N,01F0928N,31,94,35,01F0956N>01F0928N,20260901,56,94,96.33333333333333
2026-09-01 04:45:00,01F0956N,01F0928N,31,97,24,01F0956N>01F0928N,20260901,57,97,93.0
2026-09-01 04:50:00,01F0956N,01F0928N,31,95,41,01F0956N>01F0928N,20260901,58,95,93.0
2026-09-01 04:55:00,01F0956N,01F0928N,31,96,38,01F0956N>01F0928N,20260901,59,96,94.66666666666667
2026-09-01 05:00:00,01F0956N,01F0928N,31,94,34,01F0956N>01F0928N,20260901,60,94,94.66666666666667
2026-09-01 05:05:00,01F0956N,01F0928N,31,94,32,01F0956N>01F0928N,20260901,61,94,94.0
2026-09-01 05:10:00,01F0956N,01F0928N,31,95,36,01F0956N>01F0928N,20260901,62,95,93.33333333333333
2026-09-01 05:15:00,01F0956N,01F0928N,31,95,26,01F0956N>01F0928N,20260901,63,95,92.66666666666667
2026-09-01 05:20:00,01F0956N,01F0928N,31,93,36,01F0956N>01F0928N,20260901,64,93,93.0
2026-09-01 05:25:00,01F0956N,01F0928N,31,91,49,01F0956N>01F0928N,20260901,65,91,94.66666666666667
2026-09-01 05:30:00,01F0956N,01F0928N,31,94,43,01F0956N>01F0928N,20260901,66,94,93.33333333333333
2026-09-01 05:35:00,01F0956N,01F0928N,31,94,43,01F0956N>01F0928N,20260901,67,94,93.0
2026-09-01 05:40:00,01F0956N,01F0928N,31,96,40,01F0956N>01F0928N,20260901,68,96,92.66666666666667
2026-09-01 05:45:00,01F0956N,01F0928N,31,92,55,01F0956N>01F0928N,20260901,69,92,92.66666666666667
2026-09-01 05:50:00,01F0956N,01F0928N,31,92,46,01F0956N>01F0928N,20260901,70,92,94.0
2026-09-01 05:55:00,01F0956N,01F0928N,31,92,72,01F0956N>01F0928N,20260901,71,92,93.33333333333333
2026-09-01 06:00:00,01F0956N,01F0928N,31,93,86,01F0956N>01F0928N,20260901,72,93,92.33333333333333
2026-09-01 06:05:00,01F0956N,01F0928N,31,94,60,01F0956N>01F0928N,20260901,73,94,94.33333333333333
2026-09-01 06:10:00,01F0956N,01F0928N,31,94,80,01F0956N>01F0928N,20260901,74,94,94.0
2026-09-01 06:15:00,01F0956N,01F0928N,31,94,83,01F0956N>01F0928N,20260901,75,94,94.66666666666667
2026-09-01 06:20:00,01F0956N,01F0928N,31,96,104,01F0956N>01F0928N,20260901,76,96,96.0
2026-09-01 06:25:00,01F0956N,01F0928N,31,96,87,01F0956N>01F0928N,20260901,77,96,97.0
2026-09-01 06:30:00,01F0956N,01F0928N,31,96,118,01F0956N>01F0928N,20260901,78,96,96.66666666666667
2026-09-01 06:35:00,01F0956N,01F0928N,31,97,111,01F0956N>01F0928N,20260901,79,97,97.66666666666667
2026-09-01 06:40:00,01F0956N,01F0928N,31,99,129,01F0956N>01F0928N,20260901,80,99,97.66666666666667
2026-09-01 06:45:00,01F0956N,01F0928N,31,96,135,01F0956N>01F0928N,20260901,81,96,100.0
2026-09-01 06:50:00,01F0956N,01F0928N,31,101,137,01F0956N>01F0928N,20260901,82,101,101.33333333333333
2026-09-01 06:55:00,01F0956N,01F0928N,31,104,132,01F0956N>01F0928N,20260901,83,104,102.0
2026-09-01 07:00:00,01F0956N,01F0928N,31,105,167,01F0956N>01F0928N,20260901,84,105,103.33333333333333
2026-09-01 07:05:00,01F0956N,01F0928N,31,111,160,01F0956N>01F0928N,20260901,85,111,104.33333333333333
2026-09-01 07:10:00,01F0956N,01F0928N,31,101,146,01F0956N>01F0928N,20260901,86,101,104.33333333333333
2026-09-01 07:15:00,01F0956N,01F0928N,31,102,158,01F0956N>01F0928N,20260901,87,102,104.66666666666667
2026-09-01 07:20:00,01F0956N,01F0928N,31,110,170,01F0956N>01F0928N,20260901,88,110,107.33333333333333
2026-09-01 07:25:00,01F0956N,01F0928N,31,102,154,01F0956N>01F0928N,20260901,89,102,102.33333333333333
2026-09-01 07:30:00,01F0956N,01F0928N,31,103,146,01F0956N>01F0928N,20260901,90,103,103.0
2026-09-01 07:35:00,01F0956N,01F0928N,31,102,134,01F0956N>01F0928N,20260901,91,102,105.0
2026-09-01 07:40:00,01F0956N,01F0928N,31,104,156,01F0956N>01F0928N,20260901,92,104,103.66666666666667
2026-09-01 07:45:00,01F0956N,01F0928N,31,101,119,01F0956N>01F0928N,20260901,93,101,105.33333333333333
2026-09-01 07:50:00,01F0956N,01F0928N,31,104,132,01F0956N>01F0928N,20260901,94,104,104.33333333333333
2026-09-01 07:55:00,01F0956N,01F0928N,31,105,116,01F0956N>01F0928N,20260901,95,105,104.66666666666667
2026-09-01 08:00:00,01F0956N,01F0928N,31,104,135,01F0956N>01F0928N,20260901,96,104,104.66666666666667
2026-09-01 08:05:00,01F0956N,01F0928N,31,104,145,01F0956N>01F0928N,20260901,97,104,109.0
2026-09-01 08:10:00,01F0956N,01F0928N,31,105,125,01F0956N>01F0928N,20260901,98,105,106.33333333333333
2026-09-01 08:15:00,01F0956N,01F0928N,31,103,111,01F0956N>01F0928N,20260901,99,103,105.66666666666667
2026-09-01 08:20:00,01F0956N,01F0928N,31,105,135,01F0956N>01F0928N,20260901,100,105,105.66666666666667
2026-09-01 08:25:00,01F0956N,01F0928N,31,104,113,01F0956N>01F0928N,20260901,101,104,105.0
2026-09-01 08:30:00,01F0956N,01F0928N,31,104,131,01F0956N>01F0928N,20260901,102,104,106.33333333333333
2026-09-01 08:35:00,01F0956N,01F0928N,31,107,142,01F0956N>01F0928N,20260901,103,107,107.33333333333333
2026-09-01 08:40:00,01F0956N,01F0928N,31,109,150,01F0956N>01F0928N,20260901,104,109,108.33333333333333
2026-09-01 08:45:00,01F0956N,01F0928N,31,102,134,01F0956N>01F0928N,20260901,105,102,108.66666666666667
2026-09-01 08:50:00,01F0956N,01F0928N,31,108,137,01F0956N>01F0928N,20260901,106,108,110.33333333333333
2026-09-01 08:55:00,01F0956N,01F0928N,31,113,151,01F0956N>01F0928N,20260901,107,113,114.33333333333333
2026-09-01 09:00:00,01F0956N,01F0928N,31,116,147,01F0956N>01F0928N,20260901,108,116,117.33333333333333
2026-09-01 09:05:00,01F0956N,01F0928N,31,109,127,01F0956N>01F0928N,20260901,109,109,121.33333333333333
2026-09-01 09:10:00,01F0956N,01F0928N,31,119,145,01F0956N>01F0928N,20260901,110,119,135.33333333333334
2026-09-01 09:15:00,01F0956N,01F0928N,31,139,166,01F0956N>01F0928N,20260901,111,139,130.33333333333334
2026-09-01 09:20:00,01F0956N,01F0928N,31,153,144,01F0956N>01F0928N,20260901,112,153,124.33333333333333
2026-09-01 09:25:00,01F0956N,01F0928N,31,179,164,01F0956N>01F0928N,20260901,113,179,138.33333333333334
2026-09-01 09:30:00,01F0956N,01F0928N,31,189,157,01F0956N>01F0928N,20260901,114,189,134.33333333333334
2026-09-01 09:35:00,01F0956N,01F0928N,31,206,143,01F0956N>01F0928N,20260901,115,206,123.0
2026-09-01 09:40:00,01F0956N,01F0928N,31,223,130,01F0956N>01F0928N,20260901,116,223,118.0
2026-09-01 09:45:00,01F0956N,01F0928N,31,222,150,01F0956N>01F0928N,20260901,117,222,105.33333333333333
2026-09-01 09:50:00,01F0956N,01F0928N,31,231,162,01F0956N>01F0928N,20260901,118,231,105.0
2026-09-01 09:55:00,01F0956N,01F0928N,31,188,137,01F0956N>01F0928N,20260901,119,188,106.66666666666667
2026-09-01 10:00:00,01F0956N,01F0928N,31,175,127,01F0956N>01F0928N,20260901,120,175,105.33333333333333
2026-09-01 10:05:00,01F0956N,01F0928N,31,217,118,01F0956N>01F0928N,20260901,121,217,105.0
2026-09-01 10:10:00,01F0956N,01F0928N,31,234,124,01F0956N>01F0928N,20260901,122,234,105.0
2026-09-01 10:15:00,01F0956N,01F0928N,31,234,114,01F0956N>01F0928N,20260901,123,234,105.66666666666667
2026-09-01 10:20:00,01F0956N,01F0928N,31,211,126,01F0956N>01F0928N,20260901,124,211,107.33333333333333
2026-09-01 10:25:00,01F0956N,01F0928N,31,203,118,01F0956N>01F0928N,20260901,125,203,109.0
2026-09-01 10:30:00,01F0956N,01F0928N,31,153,144,01F0956N>01F0928N,20260901,126,153,110.33333333333333
2026-09-01 10:35:00,01F0956N,01F0928N,31,116,130,01F0956N>01F0928N,20260901,127,116,108.66666666666667
2026-09-01 10:40:00,01F0956N,01F0928N,31,109,126,01F0956N>01F0928N,20260901,128,109,108.66666666666667
2026-09-01 10:45:00,01F0956N,01F0928N,31,108,129,01F0956N>01F0928N,20260901,129,108,106.66666666666667
2026-09-01 10:50:00,01F0956N,01F0928N,31,102,109,01F0956N>01F0928N,20260901,130,102,106.0
2026-09-01 10:55:00,01F0956N,01F0928N,31,100,122,01F0956N>01F0928N,20260901,131,100,105.33333333333333
2026-09-01 11:00:00,01F0956N,01F0928N,31,101,96,01F0956N>01F0928N,20260901,132,101,106.66666666666667
2026-09-01 11:05:00,01F0956N,01F0928N,31,103,93,01F0956N>01F0928N,20260901,133,103,103.33333333333333
2026-09-01 11:10:00,01F0956N,01F0928N,31,106,134,01F0956N>01F0928N,20260901,134,106,107.66666666666667
2026-09-01 11:15:00,01F0956N,01F0928N,31,100,116,01F0956N>01F0928N,20260901,135,100,106.0
2026-09-01 11:20:00,01F0956N,01F0928N,31,104,114,01F0956N>01F0928N,20260901,136,104,103.66666666666667
2026-09-01 11:25:00,01F0956N,01F0928N,31,102,111,01F0956N>01F0928N,20260901,137,102,103.66666666666667
2026-09-01 11:30:00,01F0956N,01F0928N,31,101,103,01F0956N>01F0928N,20260901,138,101,105.33333333333333
2026-09-01 11:35:00,01F0956N,01F0928N,31,101,125,01F0956N>01F0928N,20260901,139,101,101.66666666666667
2026-09-01 11:40:00,01F0956N,01F0928N,31,103,104,01F0956N>01F0928N,20260901,140,103,104.66666666666667
2026-09-01 11:45:00,01F0956N,01F0928N,31,108,124,01F0956N>01F0928N,20260901,141,108,102.33333333333333
2026-09-01 11:50:00,01F0956N,01F0928N,31,100,121,01F0956N>01F0928N,20260901,142,100,103.66666666666667
2026-09-01 11:55:00,01F0956N,01F0928N,31,107,113,01F0956N>01F0928N,20260901,143,107,103.66666666666667
2026-09-01 12:00:00,01F0956N,01F0928N,31,102,125,01F0956N>01F0928N,20260901,144,102,103.0
2026-09-01 12:05:00,01F0956N,01F0928N,31,105,100,01F0956N>01F0928N,20260901,145,105,104.33333333333333
2026-09-01 12:10:00,01F0956N,01F0928N,31,103,119,01F0956N>01F0928N,20260901,146,103,102.66666666666667
2026-09-01 12:15:00,01F0956N,01F0928N,31,105,126,01F0956N>01F0928N,20260901,147,105,103.66666666666667
2026-09-01 12:20:00,01F0956N,01F0928N,31,107,114,01F0956N>01F0928N,20260901,148,107,107.66666666666667
2026-09-01 12:25:00,01F0956N,01F0928N,31,105,122,01F0956N>01F0928N,20260901,149,105,107.33333333333333
2026-09-01 12:30:00,01F0956N,01F0928N,31,106,123,01F0956N>01F0928N,20260901,150,106,106.33333333333333
2026-09-01 12:35:00,01F0956N,01F0928N,31,106,120,01F0956N>01F0928N,20260901,151,106,104.66666666666667
2026-09-01 12:40:00,01F0956N,01F0928N,31,105,114,01F0956N>01F0928N,20260901,152,105,104.66666666666667
2026-09-01 12:45:00,01F0956N,01F0928N,31,105,110,01F0956N>01F0928N,20260901,153,105,102.0
2026-09-01 12:50:00,01F0956N,01F0928N,31,113,133,01F0956N>01F0928N,20260901,154,113,104.0
2026-09-01 12:55:00,01F0956N,01F0928N,31,107,140,01F0956N>01F0928N,20260901,155,107,103.0
2026-09-01 13:00:00,01F0956N,01F0928N,31,106,121,01F0956N>01F0928N,20260901,156,106,101.0
2026-09-01 13:05:00,01F0956N,01F0928N,31,101,121,01F0956N>01F0928N,20260901,157,101,102.66666666666667
2026-09-01 13:10:00,01F0956N,01F0928N,31,101,122,01F0956N>01F0928N,20260901,158,101,219.33333333333334
2026-09-01 13:15:00,01F0956N,01F0928N,31,107,127,01F0956N>01F0928N,20260901,159,107,203.0
2026-09-01 13:20:00,01F0956N,01F0928N,31,105,120,01F0956N>01F0928N,20260901,160,105,175.33333333333334
2026-09-01 13:25:00,01F0956N,01F0928N,31,102,103,01F0956N>01F0928N,20260901,161,102,178.0
2026-09-01 13:30:00,01F0956N,01F0928N,31,104,128,01F0956N>01F0928N,20260901,162,104,186.0
2026-09-01 13:35:00,01F0956N,01F0928N,31,111,132,01F0956N>01F0928N,20260901,163,111,186.66666666666666
2026-09-01 13:40:00,01F0956N,01F0928N,31,131,121,01F0956N>01F0928N,20260901,164,131,173.66666666666666
2026-09-01 13:45:00,01F0956N,01F0928N,31,132,126,01F0956N>01F0928N,20260901,165,132,164.66666666666666
2026-09-01 13:50:00,01F0956N,01F0928N,31,114,128,01F0956N>01F0928N,20260901,166,114,175.33333333333334
2026-09-01 13:55:00,01F0956N,01F0928N,31,107,81,01F0956N>01F0928N,20260901,167,107,164.66666666666666
2026-09-01 14:00:00,01F0956N,01F0928N,31,105,119,01F0956N>01F0928N,20260901,168,105,149.33333333333334
2026-09-01 14:05:00,01F0956N,01F0928N,31,107,109,01F0956N>01F0928N,20260901,169,107,128.33333333333334
2026-09-01 14:10:00,01F0956N,01F0928N,31,109,109,01F0956N>01F0928N,20260901,170,109,129.66666666666666
2026-09-01 14:15:00,01F0956N,01F0928N,31,108,95,01F0956N>01F0928N,20260901,171,108,147.33333333333334
2026-09-01 14:20:00,01F0956N,01F0928N,31,119,93,01F0956N>01F0928N,20260901,172,119,165.0
2026-09-01 14:25:00,01F0956N,01F0928N,31,121,104,01F0956N>01F0928N,20260901,173,121,191.0
2026-09-01 14:30:00,01F0956N,01F0928N,31,130,107,01F0956N>01F0928N,20260901,174,130,194.33333333333334
2026-09-01 14:35:00,01F0956N,01F0928N,31,139,110,01F0956N>01F0928N,20260901,175,139,213.0
2026-09-01 14:40:00,01F0956N,01F0928N,31,142,106,01F0956N>01F0928N,20260901,176,142,217.0
2026-09-01 14:45:00,01F0956N,01F0928N,31,143,110,01F0956N>01F0928N,20260901,177,143,214.0
2026-09-01 14:50:00,01F0956N,01F0928N,31,169,117,01F0956N>01F0928N,20260901,178,169,234.66666666666666
2026-09-01 14:55:00,01F0956N,01F0928N,31,191,120,01F0956N>01F0928N,20260901,179,191,268.3333333333333
2026-09-01 15:00:00,01F0956N,01F0928N,31,170,111,01F0956N>01F0928N,20260901,180,170,265.6666666666667
2026-09-01 15:05:00,01F0956N,01F0928N,31,190,123,01F0956N>01F0928N,20260901,181,190,258.3333333333333
2026-09-01 15:10:00,01F0956N,01F0928N,31,235,120,01F0956N>01F0928N,20260901,182,235,263.0
2026-09-01 15:15:00,01F0956N,01F0928N,31,262,121,01F0956N>01F0928N,20260901,183,262,255.66666666666666
2026-09-01 15:20:00,01F0956N,01F0928N,31,295,97,01F0956N>01F0928N,20260901,184,295,262.6666666666667
2026-09-01 15:25:00,01F0956N,01F0928N,31,351,124,01F0956N>01F0928N,20260901,185,351,326.3333333333333
2026-09-01 15:30:00,01F0956N,01F0928N,31,334,100,01F0956N>01F0928N,20260901,186,334,373.0
2026-09-01 15:35:00,01F0956N,01F0928N,31,395,126,01F0956N>01F0928N,20260901,187,395,428.0
2026-09-01 15:40:00,01F0956N,01F0928N,31,411,119,01F0956N>01F0928N,20260901,188,411,425.6666666666667
2026-09-01 15:45:00,01F0956N,01F0928N,31,437,103,01F0956N>01F0928N,20260901,189,437,390.3333333333333
2026-09-01 15:50:00,01F0956N,01F0928N,31,435,137,01F0956N>01F0928N,20260901,190,435,369.0
2026-09-01 15:55:00,01F0956N,01F0928N,31,448,114,01F0956N>01F0928N,20260901,191,448,391.6666666666667
2026-09-01 16:00:00,01F0956N,01F0928N,31,428,146,01F0956N>01F0928N,20260901,192,428,390.6666666666667
2026-09-01 16:05:00,01F0956N,01F0928N,31,406,139,01F0956N>01F0928N,20260901,193,406,380.6666666666667
2026-09-01 16:10:00,01F0956N,01F0928N,31,380,133,01F0956N>01F0928N,20260901,194,380,351.3333333333333
2026-09-01 16:15:00,01F0956N,01F0928N,31,381,120,01F0956N>01F0928N,20260901,195,381,331.3333333333333
2026-09-01 16:20:00,01F0956N,01F0928N,31,380,146,01F0956N>01F0928N,20260901,196,380,316.0
2026-09-01 16:25:00,01F0956N,01F0928N,31,355,135,01F0956N>01F0928N,20260901,197,355,325.0
2026-09-01 16:30:00,01F0956N,01F0928N,31,351,147,01F0956N>01F0928N,20260901,198,351,304.3333333333333
2026-09-01 16:35:00,01F0956N,01F0928N,31,339,152,01F0956N>01F0928N,20260901,199,339,293.0
2026-09-01 16:40:00,01F0956N,01F0928N,31,345,155,01F0956N>01F0928N,20260901,200,345,301.3333333333333
2026-09-01 16:45:00,01F0956N,01F0928N,31,349,152,01F0956N>01F0928N,20260901,201,349,316.3333333333333
2026-09-01 16:50:00,01F0956N,01F0928N,31,313,134,01F0956N>01F0928N,20260901,202,313,308.6666666666667
2026-09-01 16:55:00,01F0956N,01F0928N,31,319,138,01F0956N>01F0928N,20260901,203,319,318.0
2026-09-01 17:00:00,01F0956N,01F0928N,31,337,130,01F0956N>01F0928N,20260901,204,337,316.3333333333333
2026-09-01 17:05:00,01F0956N,01F0928N,31,343,144,01F0956N>01F0928N,20260901,205,343,320.6666666666667
2026-09-01 17:10:00,01F0956N,01F0928N,31,340,172,01F0956N>01F0928N,20260901,206,340,307.6666666666667
2026-09-01 17:15:00,01F0956N,01F0928N,31,331,142,01F0956N>01F0928N,20260901,207,331,308.0
2026-09-01 17:20:00,01F0956N,01F0928N,31,310,137,01F0956N>01F0928N,20260901,208,310,306.3333333333333
2026-09-01 17:25:00,01F0956N,01F0928N,31,336,116,01F0956N>01F0928N,20260901,209,336,297.3333333333333
2026-09-01 17:30:00,01F0956N,01F0928N,31,365,137,01F0956N>01F0928N,20260901,210,365,274.6666666666667
2026-09-01 17:35:00,01F0956N,01F0928N,31,355,157,01F0956N>01F0928N,20260901,211,355,276.3333333333333
2026-09-01 17:40:00,01F0956N,01F0928N,31,330,195,01F0956N>01F0928N,20260901,212,330,270.0
2026-09-01 17:45:00,01F0956N,01F0928N,31,289,188,01F0956N>01F0928N,20260901,213,289,293.3333333333333
2026-09-01 17:50:00,01F0956N,01F0928N,31,272,191,01F0956N>01F0928N,20260901,214,272,289.3333333333333
2026-09-01 17:55:00,01F0956N,01F0928N,31,232,177,01F0956N>01F0928N,20260901,215,232,273.0
2026-09-01 18:00:00,01F0956N,01F0928N,31,230,170,01F0956N>01F0928N,20260901,216,230,265.0
2026-09-01 18:05:00,01F0956N,01F0928N,31,236,156,01F0956N>01F0928N,20260901,217,236,277.6666666666667
2026-09-01 18:10:00,01F0956N,01F0928N,31,229,148,01F0956N>01F0928N,20260901,218,229,295.3333333333333
2026-09-01 18:15:00,01F0956N,01F0928N,31,256,151,01F0956N>01F0928N,20260901,219,256,307.0
2026-09-01 18:20:00,01F0956N,01F0928N,31,268,176,01F0956N>01F0928N,20260901,220,268,308.3333333333333
2026-09-01 18:25:00,01F0956N,01F0928N,31,268,156,01F0956N>01F0928N,20260901,221,268,311.3333333333333
2026-09-01 18:30:00,01F0956N,01F0928N,31,287,157,01F0956N>01F0928N,20260901,222,287,302.3333333333333
2026-09-01 18:35:00,01F0956N,01F0928N,31,285,155,01F0956N>01F0928N,20260901,223,285,309.3333333333333
2026-09-01 18:40:00,01F0956N,01F0928N,31,272,164,01F0956N>01F0928N,20260901,224,272,294.3333333333333
2026-09-01 18:45:00,01F0956N,01F0928N,31,262,156,01F0956N>01F0928N,20260901,225,262,285.0
2026-09-01 18:50:00,01F0956N,01F0928N,31,251,160,01F0956N>01F0928N,20260901,226,251,293.6666666666667
2026-09-01 18:55:00,01F0956N,01F0928N,31,244,133,01F0956N>01F0928N,20260901,227,244,298.6666666666667
2026-09-01 19:00:00,01F0956N,01F0928N,31,247,164,01F0956N>01F0928N,20260901,228,247,299.6666666666667
2026-09-01 19:05:00,01F0956N,01F0928N,31,267,140,01F0956N>01F0928N,20260901,229,267,284.3333333333333
2026-09-01 19:10:00,01F0956N,01F0928N,31,286,117,01F0956N>01F0928N,20260901,230,286,287.0
2026-09-01 19:15:00,01F0956N,01F0928N,31,340,145,01F0956N>01F0928N,20260901,231,340,287.3333333333333
2026-09-01 19:20:00,01F0956N,01F0928N,31,313,138,01F0956N>01F0928N,20260901,232,313,259.3333333333333
2026-09-01 19:25:00,01F0956N,01F0928N,31,317,115,01F0956N>01F0928N,20260901,233,317,262.3333333333333
2026-09-01 19:30:00,01F0956N,01F0928N,31,327,136,01F0956N>01F0928N,20260901,234,327,252.66666666666666
2026-09-01 19:35:00,01F0956N,01F0928N,31,314,153,01F0956N>01F0928N,20260901,235,314,230.0
2026-09-01 19:40:00,01F0956N,01F0928N,31,242,130,01F0956N>01F0928N,20260901,236,242,216.0
2026-09-01 19:45:00,01F0956N,01F0928N,31,241,132,01F0956N>01F0928N,20260901,237,241,193.0
2026-09-01 19:50:00,01F0956N,01F0928N,31,204,121,01F0956N>01F0928N,20260901,238,204,167.33333333333334
2026-09-01 19:55:00,01F0956N,01F0928N,31,175,136,01F0956N>01F0928N,20260901,239,175,140.33333333333334
2026-09-01 20:00:00,01F0956N,01F0928N,31,167,131,01F0956N>01F0928N,20260901,240,167,118.66666666666667
2026-09-01 20:05:00,01F0956N,01F0928N,31,170,106,01F0956N>01F0928N,20260901,241,170,110.33333333333333
2026-09-01 20:10:00,01F0956N,01F0928N,31,174,104,01F0956N>01F0928N,20260901,242,174,106.66666666666667
2026-09-01 20:15:00,01F0956N,01F0928N,31,144,112,01F0956N>01F0928N,20260901,243,144,108.0
2026-09-01 20:20:00,01F0956N,01F0928N,31,151,106,01F0956N>01F0928N,20260901,244,151,107.33333333333333
2026-09-01 20:25:00,01F0956N,01F0928N,31,126,97,01F0956N>01F0928N,20260901,245,126,103.0
2026-09-01 20:30:00,01F0956N,01F0928N,31,122,106,01F0956N>01F0928N,20260901,246,122,108.66666666666667
2026-09-01 20:35:00,01F0956N,01F0928N,31,123,104,01F0956N>01F0928N,20260901,247,123,103.33333333333333
2026-09-01 20:40:00,01F0956N,01F0928N,31,105,97,01F0956N>01F0928N,20260901,248,105,105.0
2026-09-01 20:45:00,01F0956N,01F0928N,31,103,79,01F0956N>01F0928N,20260901,249,103,104.0
2026-09-01 20:50:00,01F0956N,01F0928N,31,104,84,01F0956N>01F0928N,20260901,250,104,102.0
2026-09-01 20:55:00,01F0956N,01F0928N,31,99,80,01F0956N>01F0928N,20260901,251,99,103.33333333333333
2026-09-01 21:00:00,01F0956N,01F0928N,31,98,67,01F0956N>01F0928N,20260901,252,98,103.0
2026-09-01 21:05:00,01F0956N,01F0928N,31,97,86,01F0956N>01F0928N,20260901,253,97,99.66666666666667
2026-09-01 21:10:00,01F0956N,01F0928N,31,99,65,01F0956N>01F0928N,20260901,254,99,100.0
2026-09-01 21:15:00,01F0956N,01F0928N,31,102,74,01F0956N>01F0928N,20260901,255,102,101.66666666666667
2026-09-01 21:20:00,01F0956N,01F0928N,31,102,78,01F0956N>01F0928N,20260901,256,102,100.0
2026-09-01 21:25:00,01F0956N,01F0928N,31,102,89,01F0956N>01F0928N,20260901,257,102,100.33333333333333
2026-09-01 21:30:00,01F0956N,01F0928N,31,99,68,01F0956N>01F0928N,20260901,258,99,99.0
2026-09-01 21:35:00,01F0956N,01F0928N,31,99,57,01F0956N>01F0928N,20260901,259,99,99.0
2026-09-01 21:40:00,01F0956N,01F0928N,31,98,73,01F0956N>01F0928N,20260901,260,98,100.33333333333333
2026-09-01 21:45:00,01F0956N,01F0928N,31,98,82,01F0956N>01F0928N,20260901,261,98,97.66666666666667
2026-09-01 21:50:00,01F0956N,01F0928N,31,100,77,01F0956N>01F0928N,20260901,262,100,99.0
2026-09-01 21:55:00,01F0956N,01F0928N,31,100,62,01F0956N>01F0928N,20260901,263,100,101.66666666666667
2026-09-01 22:00:00,01F0956N,01F0928N,31,99,70,01F0956N>01F0928N,20260901,264,99,98.33333333333333
2026-09-01 22:05:00,01F0956N,01F0928N,31,97,48,01F0956N>01F0928N,20260901,265,97,97.33333333333333
2026-09-01 22:10:00,01F0956N,01F0928N,31,97,60,01F0956N>01F0928N,20260901,266,97,97.66666666666667
2026-09-01 22:15:00,01F0956N,01F0928N,31,97,60,01F0956N>01F0928N,20260901,267,97,97.66666666666667
2026-09-01 22:20:00,01F0956N,01F0928N,31,97,65,01F0956N>01F0928N,20260901,268,97,98.33333333333333
2026-09-01 22:25:00,01F0956N,01F0928N,31,97,56,01F0956N>01F0928N,20260901,269,97,100.33333333333333
2026-09-01 22:30:00,01F0956N,01F0928N,31,95,48,01F0956N>01F0928N,20260901,270,95,96.66666666666667
2026-09-01 22:35:00,01F0956N,01F0928N,31,98,59,01F0956N>01F0928N,20260901,271,98,98.0
2026-09-01 22:40:00,01F0956N,01F0928N,31,93,33,01F0956N>01F0928N,20260901,272,93,97.0
2026-09-01 22:45:00,01F0956N,01F0928N,31,95,57,01F0956N>01F0928N,20260901,273,95,97.33333333333333
2026-09-01 22:50:00,01F0956N,01F0928N,31,96,64,01F0956N>01F0928N,20260901,274,96,95.33333333333333
2026-09-01 22:55:00,01F0956N,01F0928N,31,98,48,01F0956N>01F0928N,20260901,275,98,93.66666666666667
2026-09-01 23:00:00,01F0956N,01F0928N,31,96,47,01F0956N>01F0928N,20260901,276,96,95.66666666666667
2026-09-01 23:05:00,01F0956N,01F0928N,31,96,48,01F0956N>01F0928N,20260901,277,96,95.66666666666667
2026-09-01 23:10:00,01F0956N,01F0928N,31,95,41,01F0956N>01F0928N,20260901,278,95,95.0
2026-09-01 23:15:00,01F0956N,01F0928N,31,96,49,01F0956N>01F0928N,20260901,279,96,96.33333333333333
2026-09-01 23:20:00,01F0956N,01F0928N,31,95,38,01F0956N>01F0928N,20260901,280,95,96.0
2026-09-01 23:25:00,01F0956N,01F0928N,31,93,35,01F0956N>01F0928N,20260901,281,93,95.66666666666667
2026-09-01 23:30:00,01F0956N,01F0928N,31,96,36,01F0956N>01F0928N,20260901,282,96,95.33333333333333
2026-09-01 23:35:00,01F0956N,01F0928N,31,97,35,01F0956N>01F0928N,20260901,283,97,97.0
2026-09-01 23:40:00,01F0956N,01F0928N,31,99,36,01F0956N>01F0928N,20260901,284,99,94.0
2026-09-01 23:45:00,01F0956N,01F0928N,31,93,48,01F0956N>01F0928N,20260901,285,93,94.66666666666667
2026-09-01 23:50:00,01F0956N,01F0928N,31,96,35,01F0956N>01F0928N,20260901,286,96,95.33333333333333
2026-09-01 23:55:00,01F0956N,01F0928N,31,95,30,01F0956N>01F0928N,20260901,287,95,94.66666666666667
2026-09-02 00:00:00,01F0956N,01F0928N,31,96,19,01F0956N>01F0928N,20260902,0,96,92.0
2026-09-02 00:05:00,01F0956N,01F0928N,31,95,15,01F0956N>01F0928N,20260902,1,95,95.66666666666667
2026-09-02 00:10:00,01F0956N,01F0928N,31,95,18,01F0956N>01F0928N,20260902,2,95,95.0
2026-09-02 00:15:00,01F0956N,01F0928N,31,94,18,01F0956N>01F0928N,20260902,3,94,94.0
2026-09-02 00:20:00,01F0956N,01F0928N,31,95,20,01F0956N>01F0928N,20260902,4,95,95.33333333333333
2026-09-02 00:25:00,01F0956N,01F0928N,31,97,17,01F0956N>01F0928N,20260902,5,97,94.0
2026-09-02 00:30:00,01F0956N,01F0928N,31,95,19,01F0956N>01F0928N,20260902,6,95,93.66666666666667
2026-09-02 00:35:00,01F0956N,01F0928N,31,102,15,01F0956N>01F0928N,20260902,7,102,95.66666666666667
2026-09-02 00:40:00,01F0956N,01F0928N,31,91,15,01F0956N>01F0928N,20260902,8,91,94.33333333333333
2026-09-02 00:45:00,01F0956N,01F0928N,31,97,27,01F0956N>01F0928N,20260902,9,97,94.33333333333333
2026-09-02 00:50:00,01F0956N,01F0928N,31,94,19,01F0956N>01F0928N,20260902,10,94,96.33333333333333
2026-09-02 00:55:00,01F0956N,01F0928N,31,97,18,01F0956N>01F0928N,20260902,11,97,95.0
2026-09-02 01:00:00,01F0956N,01F0928N,31,95,21,01F0956N>01F0928N,20260902,12,95,95.33333333333333
2026-09-02 01:05:00,01F0956N,01F0928N,31,94,19,01F0956N>01F0928N,20260902,13,94,94.66666666666667
2026-09-02 01:10:00,01F0956N,01F0928N,31,94,15,01F0956N>01F0928N,20260902,14,94,94.0
2026-09-02 01:15:00,01F0956N,01F0928N,31,102,9,01F0956N>01F0928N,20260902,15,102,95.0
2026-09-02 01:20:00,01F0956N,01F0928N,31,97,19,01F0956N>01F0928N,20260902,16,97,97.0
2026-09-02 01:25:00,01F0956N,01F0928N,31,95,14,01F0956N>01F0928N,20260902,17,95,91.0
2026-09-02 01:30:00,01F0956N,01F0928N,31,97,17,01F0956N>01F0928N,20260902,18,97,93.66666666666667
2026-09-02 01:35:00,01F0956N,01F0928N,31,100,12,01F0956N>01F0928N,20260902,19,100,94.66666666666667
2026-09-02 01:40:00,01F0956N,01F0928N,31,91,12,01F0956N>01F0928N,20260902,20,91,94.0
2026-09-02 01:45:00,01F0956N,01F0928N,31,97,13,01F0956N>01F0928N,20260902,21,97,93.0
2026-09-02 01:50:00,01F0956N,01F0928N,31,96,14,01F0956N>01F0928N,20260902,22,96,93.0
2026-09-02 01:55:00,01F0956N,01F0928N,31,95,16,01F0956N>01F0928N,20260902,23,95,96.33333333333333
2026-09-02 02:00:00,01F0956N,01F0928N,31,93,12,01F0956N>01F0928N,20260902,24,93,95.0
2026-09-02 02:05:00,01F0956N,01F0928N,31,95,15,01F0956N>01F0928N,20260902,25,95,94.66666666666667
2026-09-02 02:10:00,01F0956N,01F0928N,31,96,8,01F0956N>01F0928N,20260902,26,96,95.66666666666667
2026-09-02 02:15:00,01F0956N,01F0928N,31,94,12,01F0956N>01F0928N,20260902,27,94,95.0
2026-09-02 02:20:00,01F0956N,01F0928N,31,90,14,01F0956N>01F0928N,20260902,28,90,93.66666666666667
2026-09-02 02:25:00,01F0956N,01F0928N,31,98,14,01F0956N>01F0928N,20260902,29,98,95.0
2026-09-02 02:30:00,01F0956N,01F0928N,31,93,8,01F0956N>01F0928N,20260902,30,93,93.66666666666667
2026-09-02 02:35:00,01F0956N,01F0928N,31,96,10,01F0956N>01F0928N,20260902,31,96,95.33333333333333
2026-09-02 02:40:00,01F0956N,01F0928N,31,97,15,01F0956N>01F0928N,20260902,32,97,95.33333333333333
2026-09-02 02:45:00,01F0956N,01F0928N,31,92,16,01F0956N>01F0928N,20260902,33,92,94.0
2026-09-02 02:50:00,01F0956N,01F0928N,31,93,24,01F0956N>01F0928N,20260902,34,93,95.0
2026-09-02 02:55:00,01F0956N,01F0928N,31,94,14,01F0956N>01F0928N,20260902,35,94,93.66666666666667
2026-09-02 03:00:00,01F0956N,01F0928N,31,91,10,01F0956N>01F0928N,20260902,36,91,95.0
2026-09-02 03:05:00,01F0956N,01F0928N,31,96,19,01F0956N>01F0928N,20260902,37,96,94.33333333333333
2026-09-02 03:10:00,01F0956N,01F0928N,31,95,19,01F0956N>01F0928N,20260902,38,95,93.66666666666667
2026-09-02 03:15:00,01F0956N,01F0928N,31,93,18,01F0956N>01F0928N,20260902,39,93,94.66666666666667
2026-09-02 03:20:00,01F0956N,01F0928N,31,94,20,01F0956N>01F0928N,20260902,40,94,93.66666666666667
2026-09-02 03:25:00,01F0956N,01F0928N,31,93,24,01F0956N>01F0928N,20260902,41,93,94.0
2026-09-02 03:30:00,01F0956N,01F0928N,31,95,21,01F0956N>01F0928N,20260902,42,95,96.0
2026-09-02 03:35:00,01F0956N,01F0928N,31,94,27,01F0956N>01F0928N,20260902,43,94,95.0
2026-09-02 03:40:00,01F0956N,01F0928N,31,95,18,01F0956N>01F0928N,20260902,44,95,93.66666666666667
2026-09-02 03:45:00,01F0956N,01F0928N,31,94,15,01F0956N>01F0928N,20260902,45,94,92.0
2026-09-02 03:50:00,01F0956N,01F0928N,31,93,20,01F0956N>01F0928N,20260902,46,93,93.33333333333333
2026-09-02 03:55:00,01F0956N,01F0928N,31,94,18,01F0956N>01F0928N,20260902,47,94,94.66666666666667
2026-09-02 04:00:00,01F0956N,01F0928N,31,95,22,01F0956N>01F0928N,20260902,48,95,90.0
2026-09-02 04:05:00,01F0956N,01F0928N,31,96,16,01F0956N>01F0928N,20260902,49,96,94.33333333333333
2026-09-02 04:10:00,01F0956N,01F0928N,31,93,19,01F0956N>01F0928N,20260902,50,93,94.0
2026-09-02 04:15:00,01F0956N,01F0928N,31,94,32,01F0956N>01F0928N,20260902,51,94,95.66666666666667
2026-09-02 04:20:00,01F0956N,01F0928N,31,95,27,01F0956N>01F0928N,20260902,52,95,94.0
2026-09-02 04:25:00,01F0956N,01F0928N,31,96,22,01F0956N>01F0928N,20260902,53,96,94.33333333333333
2026-09-02 04:30:00,01F0956N,01F0928N,31,95,18,01F0956N>01F0928N,20260902,54,95,95.0
2026-09-02 04:35:00,01F0956N,01F0928N,31,95,23,01F0956N>01F0928N,20260902,55,95,95.0
2026-09-02 04:40:00,01F0956N,01F0928N,31,94,19,01F0956N>01F0928N,20260902,56,94,96.33333333333333
2026-09-02 04:45:00,01F0956N,01F0928N,31,93,26,01F0956N>01F0928N,20260902,57,93,93.0
2026-09-02 04:50:00,01F0956N,01F0928N,31,93,28,01F0956N>01F0928N,20260902,58,93,93.0
2026-09-02 04:55:00,01F0956N,01F0928N,31,96,27,01F0956N>01F0928N,20260902,59,96,94.66666666666667
2026-09-02 05:00:00,01F0956N,01F0928N,31,98,25,01F0956N>01F0928N,20260902,60,98,94.66666666666667
2026-09-02 05:05:00,01F0956N,01F0928N,31,96,19,01F0956N>01F0928N,20260902,61,96,94.0
2026-09-02 05:10:00,01F0956N,01F0928N,31,94,21,01F0956N>01F0928N,20260902,62,94,93.33333333333333
2026-09-02 05:15:00,01F0956N,01F0928N,31,94,32,01F0956N>01F0928N,20260902,63,94,92.66666666666667
2026-09-02 05:20:00,01F0956N,01F0928N,31,95,44,01F0956N>01F0928N,20260902,64,95,93.0
2026-09-02 05:25:00,01F0956N,01F0928N,31,95,32,01F0956N>01F0928N,20260902,65,95,94.66666666666667
2026-09-02 05:30:00,01F0956N,01F0928N,31,94,24,01F0956N>01F0928N,20260902,66,94,93.33333333333333
2026-09-02 05:35:00,01F0956N,01F0928N,31,92,42,01F0956N>01F0928N,20260902,67,92,93.0
2026-09-02 05:40:00,01F0956N,01F0928N,31,95,49,01F0956N>01F0928N,20260902,68,95,92.66666666666667
2026-09-02 05:45:00,01F0956N,01F0928N,31,93,50,01F0956N>01F0928N,20260902,69,93,92.66666666666667
2026-09-02 05:50:00,01F0956N,01F0928N,31,96,44,01F0956N>01F0928N,20260902,70,96,94.0
2026-09-02 05:55:00,01F0956N,01F0928N,31,94,47,01F0956N>01F0928N,20260902,71,94,93.33333333333333
2026-09-02 06:00:00,01F0956N,01F0928N,31,96,67,01F0956N>01F0928N,20260902,72,96,92.33333333333333
2026-09-02 06:05:00,01F0956N,01F0928N,31,93,55,01F0956N>01F0928N,20260902,73,93,94.33333333333333
2026-09-02 06:10:00,01F0956N,01F0928N,31,94,68,01F0956N>01F0928N,20260902,74,94,94.0
2026-09-02 06:15:00,01F0956N,01F0928N,31,95,72,01F0956N>01F0928N,20260902,75,95,94.66666666666667
2026-09-02 06:20:00,01F0956N,01F0928N,31,96,96,01F0956N>01F0928N,20260902,76,96,96.0
2026-09-02 06:25:00,01F0956N,01F0928N,31,97,103,01F0956N>01F0928N,20260902,77,97,97.0
2026-09-02 06:30:00,01F0956N,01F0928N,31,97,81,01F0956N>01F0928N,20260902,78,97,96.66666666666667
2026-09-02 06:35:00,01F0956N,01F0928N,31,99,106,01F0956N>01F0928N,20260902,79,99,97.66666666666667
2026-09-02 06:40:00,01F0956N,01F0928N,31,98,117,01F0956N>01F0928N,20260902,80,98,97.66666666666667
2026-09-02 06:45:00,01F0956N,01F0928N,31,97,136,01F0956N>01F0928N,20260902,81,97,100.0
2026-09-02 06:50:00,01F0956N,01F0928N,31,100,129,01F0956N>01F0928N,20260902,82,100,101.33333333333333
2026-09-02 06:55:00,01F0956N,01F0928N,31,103,173,01F0956N>01F0928N,20260902,83,103,102.0
2026-09-02 07:00:00,01F0956N,01F0928N,31,104,164,01F0956N>01F0928N,20260902,84,104,103.33333333333333
2026-09-02 07:05:00,01F0956N,01F0928N,31,104,166,01F0956N>01F0928N,20260902,85,104,104.33333333333333
2026-09-02 07:10:00,01F0956N,01F0928N,31,109,165,01F0956N>01F0928N,20260902,86,109,104.33333333333333
2026-09-02 07:15:00,01F0956N,01F0928N,31,110,151,01F0956N>01F0928N,20260902,87,110,104.66666666666667
2026-09-02 07:20:00,01F0956N,01F0928N,31,107,176,01F0956N>01F0928N,20260902,88,107,107.33333333333333
2026-09-02 07:25:00,01F0956N,01F0928N,31,106,165,01F0956N>01F0928N,20260902,89,106,102.33333333333333
2026-09-02 07:30:00,01F0956N,01F0928N,31,105,145,01F0956N>01F0928N,20260902,90,105,103.0
2026-09-02 07:35:00,01F0956N,01F0928N,31,103,129,01F0956N>01F0928N,20260902,91,103,105.0
2026-09-02 07:40:00,01F0956N,01F0928N,31,106,138,01F0956N>01F0928N,20260902,92,106,103.66666666666667
2026-09-02 07:45:00,01F0956N,01F0928N,31,104,113,01F0956N>01F0928N,20260902,93,104,105.33333333333333
2026-09-02 07:50:00,01F0956N,01F0928N,31,103,115,01F0956N>01F0928N,20260902,94,103,104.33333333333333
2026-09-02 07:55:00,01F0956N,01F0928N,31,107,130,01F0956N>01F0928N,20260902,95,107,104.66666666666667
2026-09-02 08:00:00,01F0956N,01F0928N,31,107,122,01F0956N>01F0928N,20260902,96,107,104.66666666666667
2026-09-02 08:05:00,01F0956N,01F0928N,31,105,126,01F0956N>01F0928N,20260902,97,105,109.0
2026-09-02 08:10:00,01F0956N,01F0928N,31,105,131,01F0956N>01F0928N,20260902,98,105,106.33333333333333
2026-09-02 08:15:00,01F0956N,01F0928N,31,107,137,01F0956N>01F0928N,20260902,99,107,105.66666666666667
2026-09-02 08:20:00,01F0956N,01F0928N,31,104,120,01F0956N>01F0928N,20260902,100,104,105.66666666666667
2026-09-02 08:25:00,01F0956N,01F0928N,31,106,136,01F0956N>01F0928N,20260902,101,106,105.0
2026-09-02 08:30:00,01F0956N,01F0928N,31,111,131,01F0956N>01F0928N,20260902,102,111,106.33333333333333
2026-09-02 08:35:00,01F0956N,01F0928N,31,114,138,01F0956N>01F0928N,20260902,103,114,107.33333333333333
2026-09-02 08:40:00,01F0956N,01F0928N,31,111,149,01F0956N>01F0928N,20260902,104,111,108.33333333333333
2026-09-02 08:45:00,01F0956N,01F0928N,31,115,140,01F0956N>01F0928N,20260902,105,115,108.66666666666667
2026-09-02 08:50:00,01F0956N,01F0928N,31,126,143,01F0956N>01F0928N,20260902,106,126,110.33333333333333
2026-09-02 08:55:00,01F0956N,01F0928N,31,145,137,01F0956N>01F0928N,20260902,107,145,114.33333333333333
2026-09-02 09:00:00,01F0956N,01F0928N,31,129,165,01F0956N>01F0928N,20260902,108,129,117.33333333333333
2026-09-02 09:05:00,01F0956N,01F0928N,31,152,136,01F0956N>01F0928N,20260902,109,152,121.33333333333333
2026-09-02 09:10:00,01F0956N,01F0928N,31,200,119,01F0956N>01F0928N,20260902,110,200,135.33333333333334
2026-09-02 09:15:00,01F0956N,01F0928N,31,264,134,01F0956N>01F0928N,20260902,111,264,130.33333333333334
2026-09-02 09:20:00,01F0956N,01F0928N,31,344,153,01F0956N>01F0928N,20260902,112,344,124.33333333333333
2026-09-02 09:25:00,01F0956N,01F0928N,31,381,187,01F0956N>01F0928N,20260902,113,381,138.33333333333334
2026-09-02 09:30:00,01F0956N,01F0928N,31,366,147,01F0956N>01F0928N,20260902,114,366,134.33333333333334
2026-09-02 09:35:00,01F0956N,01F0928N,31,303,153,01F0956N>01F0928N,20260902,115,303,123.0
2026-09-02 09:40:00,01F0956N,01F0928N,31,277,194,01F0956N>01F0928N,20260902,116,277,118.0
2026-09-02 09:45:00,01F0956N,01F0928N,31,255,160,01F0956N>01F0928N,20260902,117,255,105.33333333333333
2026-09-02 09:50:00,01F0956N,01F0928N,31,227,163,01F0956N>01F0928N,20260902,118,227,105.0
2026-09-02 09:55:00,01F0956N,01F0928N,31,177,168,01F0956N>01F0928N,20260902,119,177,106.66666666666667
2026-09-02 10:00:00,01F0956N,01F0928N,31,134,123,01F0956N>01F0928N,20260902,120,134,105.33333333333333
2026-09-02 10:05:00,01F0956N,01F0928N,31,148,122,01F0956N>01F0928N,20260902,121,148,105.0
2026-09-02 10:10:00,01F0956N,01F0928N,31,235,70,01F0956N>01F0928N,20260902,122,235,105.0
2026-09-02 10:15:00,01F0956N,01F0928N,31,296,130,01F0956N>01F0928N,20260902,123,296,105.66666666666667
2026-09-02 10:20:00,01F0956N,01F0928N,31,271,124,01F0956N>01F0928N,20260902,124,271,107.33333333333333
2026-09-02 10:25:00,01F0956N,01F0928N,31,263,134,01F0956N>01F0928N,20260902,125,263,109.0
2026-09-02 10:30:00,01F0956N,01F0928N,31,213,149,01F0956N>01F0928N,20260902,126,213,110.33333333333333
2026-09-02 10:35:00,01F0956N,01F0928N,31,136,128,01F0956N>01F0928N,20260902,127,136,108.66666666666667
2026-09-02 10:40:00,01F0956N,01F0928N,31,105,116,01F0956N>01F0928N,20260902,128,105,108.66666666666667
2026-09-02 10:45:00,01F0956N,01F0928N,31,102,108,01F0956N>01F0928N,20260902,129,102,106.66666666666667
2026-09-02 10:50:00,01F0956N,01F0928N,31,108,145,01F0956N>01F0928N,20260902,130,108,106.0
2026-09-02 10:55:00,01F0956N,01F0928N,31,104,111,01F0956N>01F0928N,20260902,131,104,105.33333333333333
2026-09-02 11:00:00,01F0956N,01F0928N,31,104,131,01F0956N>01F0928N,20260902,132,104,106.66666666666667
2026-09-02 11:05:00,01F0956N,01F0928N,31,102,99,01F0956N>01F0928N,20260902,133,102,103.33333333333333
2026-09-02 11:10:00,01F0956N,01F0928N,31,105,123,01F0956N>01F0928N,20260902,134,105,107.66666666666667
2026-09-02 11:15:00,01F0956N,01F0928N,31,104,112,01F0956N>01F0928N,20260902,135,104,106.0
2026-09-02 11:20:00,01F0956N,01F0928N,31,100,111,01F0956N>01F0928N,20260902,136,100,103.66666666666667
2026-09-02 11:25:00,01F0956N,01F0928N,31,102,119,01F0956N>01F0928N,20260902,137,102,103.66666666666667
2026-09-02 11:30:00,01F0956N,01F0928N,31,106,125,01F0956N>01F0928N,20260902,138,106,105.33333333333333
2026-09-02 11:35:00,01F0956N,01F0928N,31,104,105,01F0956N>01F0928N,20260902,139,104,101.66666666666667
2026-09-02 11:40:00,01F0956N,01F0928N,31,110,112,01F0956N>01F0928N,20260902,140,110,104.66666666666667
2026-09-02 11:45:00,01F0956N,01F0928N,31,112,115,01F0956N>01F0928N,20260902,141,112,102.33333333333333
2026-09-02 11:50:00,01F0956N,01F0928N,31,101,105,01F0956N>01F0928N,20260902,142,101,103.66666666666667
2026-09-02 11:55:00,01F0956N,01F0928N,31,101,106,01F0956N>01F0928N,20260902,143,101,103.66666666666667
2026-09-02 12:00:00,01F0956N,01F0928N,31,99,101,01F0956N>01F0928N,20260902,144,99,103.0
2026-09-02 12:05:00,01F0956N,01F0928N,31,103,152,01F0956N>01F0928N,20260902,145,103,104.33333333333333
2026-09-02 12:10:00,01F0956N,01F0928N,31,102,105,01F0956N>01F0928N,20260902,146,102,102.66666666666667
2026-09-02 12:15:00,01F0956N,01F0928N,31,101,107,01F0956N>01F0928N,20260902,147,101,103.66666666666667
2026-09-02 12:20:00,01F0956N,01F0928N,31,105,142,01F0956N>01F0928N,20260902,148,105,107.66666666666667
2026-09-02 12:25:00,01F0956N,01F0928N,31,102,132,01F0956N>01F0928N,20260902,149,102,107.33333333333333
2026-09-02 12:30:00,01F0956N,01F0928N,31,110,130,01F0956N>01F0928N,20260902,150,110,106.33333333333333
2026-09-02 12:35:00,01F0956N,01F0928N,31,105,120,01F0956N>01F0928N,20260902,151,105,104.66666666666667
2026-09-02 12:40:00,01F0956N,01F0928N,31,101,118,01F0956N>01F0928N,20260902,152,101,104.66666666666667
2026-09-02 12:45:00,01F0956N,01F0928N,31,105,120,01F0956N>01F0928N,20260902,153,105,102.0
2026-09-02 12:50:00,01F0956N,01F0928N,31,101,100,01F0956N>01F0928N,20260902,154,101,104.0
2026-09-02 12:55:00,01F0956N,01F0928N,31,103,108,01F0956N>01F0928N,20260902,155,103,103.0
2026-09-02 13:00:00,01F0956N,01F0928N,31,104,117,01F0956N>01F0928N,20260902,156,104,101.0
2026-09-02 13:05:00,01F0956N,01F0928N,31,100,111,01F0956N>01F0928N,20260902,157,100,102.66666666666667
2026-09-02 13:10:00,01F0956N,01F0928N,31,101,115,01F0956N>01F0928N,20260902,158,101,219.33333333333334
2026-09-02 13:15:00,01F0956N,01F0928N,31,102,116,01F0956N>01F0928N,20260902,159,102,203.0
2026-09-02 13:20:00,01F0956N,01F0928N,31,107,121,01F0956N>01F0928N,20260902,160,107,175.33333333333334
2026-09-02 13:25:00,01F0956N,01F0928N,31,102,115,01F0956N>01F0928N,20260902,161,102,178.0
2026-09-02 13:30:00,01F0956N,01F0928N,31,104,126,01F0956N>01F0928N,20260902,162,104,186.0
2026-09-02 13:35:00,01F0956N,01F0928N,31,104,133,01F0956N>01F0928N,20260902,163,104,186.66666666666666
2026-09-02 13:40:00,01F0956N,01F0928N,31,102,111,01F0956N>01F0928N,20260902,164,102,173.66666666666666
2026-09-02 13:45:00,01F0956N,01F0928N,31,103,106,01F0956N>01F0928N,20260902,165,103,164.66666666666666
2026-09-02 13:50:00,01F0956N,01F0928N,31,104,132,01F0956N>01F0928N,20260902,166,104,175.33333333333334
2026-09-02 13:55:00,01F0956N,01F0928N,31,102,122,01F0956N>01F0928N,20260902,167,102,164.66666666666666
2026-09-02 14:00:00,01F0956N,01F0928N,31,102,117,01F0956N>01F0928N,20260902,168,102,149.33333333333334
2026-09-02 14:05:00,01F0956N,01F0928N,31,103,126,01F0956N>01F0928N,20260902,169,103,128.33333333333334
2026-09-02 14:10:00,01F0956N,01F0928N,31,106,123,01F0956N>01F0928N,20260902,170,106,129.66666666666666
2026-09-02 14:15:00,01F0956N,01F0928N,31,101,115,01F0956N>01F0928N,20260902,171,101,147.33333333333334
2026-09-02 14:20:00,01F0956N,01F0928N,31,100,130,01F0956N>01F0928N,20260902,172,100,165.0
2026-09-02 14:25:00,01F0956N,01F0928N,31,106,119,01F0956N>01F0928N,20260902,173,106,191.0
2026-09-02 14:30:00,01F0956N,01F0928N,31,104,130,01F0956N>01F0928N,20260902,174,104,194.33333333333334
2026-09-02 14:35:00,01F0956N,01F0928N,31,104,118,01F0956N>01F0928N,20260902,175,104,213.0
2026-09-02 14:40:00,01F0956N,01F0928N,31,106,141,01F0956N>01F0928N,20260902,176,106,217.0
2026-09-02 14:45:00,01F0956N,01F0928N,31,112,117,01F0956N>01F0928N,20260902,177,112,214.0
2026-09-02 14:50:00,01F0956N,01F0928N,31,114,152,01F0956N>01F0928N,20260902,178,114,234.66666666666666
2026-09-02 14:55:00,01F0956N,01F0928N,31,104,119,01F0956N>01F0928N,20260902,179,104,268.3333333333333
2026-09-02 15:00:00,01F0956N,01F0928N,31,114,163,01F0956N>01F0928N,20260902,180,114,265.6666666666667
2026-09-02 15:05:00,01F0956N,01F0928N,31,105,134,01F0956N>01F0928N,20260902,181,105,258.3333333333333
2026-09-02 15:10:00,01F0956N,01F0928N,31,109,131,01F0956N>01F0928N,20260902,182,109,263.0
2026-09-02 15:15:00,01F0956N,01F0928N,31,111,140,01F0956N>01F0928N,20260902,183,111,255.66666666666666
2026-09-02 15:20:00,01F0956N,01F0928N,31,115,137,01F0956N>01F0928N,20260902,184,115,262.6666666666667
2026-09-02 15:25:00,01F0956N,01F0928N,31,106,118,01F0956N>01F0928N,20260902,185,106,326.3333333333333
2026-09-02 15:30:00,01F0956N,01F0928N,31,112,136,01F0956N>01F0928N,20260902,186,112,373.0
2026-09-02 15:35:00,01F0956N,01F0928N,31,103,138,01F0956N>01F0928N,20260902,187,103,428.0
2026-09-02 15:40:00,01F0956N,01F0928N,31,102,131,01F0956N>01F0928N,20260902,188,102,425.6666666666667
2026-09-02 15:45:00,01F0956N,01F0928N,31,109,134,01F0956N>01F0928N,20260902,189,109,390.3333333333333
2026-09-02 15:50:00,01F0956N,01F0928N,31,107,131,01F0956N>01F0928N,20260902,190,107,369.0
2026-09-02 15:55:00,01F0956N,01F0928N,31,112,135,01F0956N>01F0928N,20260902,191,112,391.6666666666667
2026-09-02 16:00:00,01F0956N,01F0928N,31,120,168,01F0956N>01F0928N,20260902,192,120,390.6666666666667
2026-09-02 16:05:00,01F0956N,01F0928N,31,106,112,01F0956N>01F0928N,20260902,193,106,380.6666666666667
2026-09-02 16:10:00,01F0956N,01F0928N,31,125,153,01F0956N>01F0928N,20260902,194,125,351.3333333333333
2026-09-02 16:15:00,01F0956N,01F0928N,31,129,173,01F0956N>01F0928N,20260902,195,129,331.3333333333333
2026-09-02 16:20:00,01F0956N,01F0928N,31,124,163,01F0956N>01F0928N,20260902,196,124,316.0
2026-09-02 16:25:00,01F0956N,01F0928N,31,112,143,01F0956N>01F0928N,20260902,197,112,325.0
2026-09-02 16:30:00,01F0956N,01F0928N,31,122,164,01F0956N>01F0928N,20260902,198,122,304.3333333333333
2026-09-02 16:35:00,01F0956N,01F0928N,31,122,165,01F0956N>01F0928N,20260902,199,122,293.0
2026-09-02 16:40:00,01F0956N,01F0928N,31,123,161,01F0956N>01F0928N,20260902,200,123,301.3333333333333
2026-09-02 16:45:00,01F0956N,01F0928N,31,127,123,01F0956N>01F0928N,20260902,201,127,316.3333333333333
2026-09-02 16:50:00,01F0956N,01F0928N,31,155,171,01F0956N>01F0928N,20260902,202,155,308.6666666666667
2026-09-02 16:55:00,01F0956N,01F0928N,31,158,151,01F0956N>01F0928N,20260902,203,158,318.0
2026-09-02 17:00:00,01F0956N,01F0928N,31,151,147,01F0956N>01F0928N,20260902,204,151,316.3333333333333
2026-09-02 17:05:00,01F0956N,01F0928N,31,143,168,01F0956N>01F0928N,20260902,205,143,320.6666666666667
2026-09-02 17:10:00,01F0956N,01F0928N,31,167,160,01F0956N>01F0928N,20260902,206,167,307.6666666666667
2026-09-02 17:15:00,01F0956N,01F0928N,31,182,143,01F0956N>01F0928N,20260902,207,182,308.0
2026-09-02 17:20:00,01F0956N,01F0928N,31,205,147,01F0956N>01F0928N,20260902,208,205,306.3333333333333
2026-09-02 17:25:00,01F0956N,01F0928N,31,248,159,01F0956N>01F0928N,20260902,209,248,297.3333333333333
2026-09-02 17:30:00,01F0956N,01F0928N,31,265,159,01F0956N>01F0928N,20260902,210,265,274.6666666666667
2026-09-02 17:35:00,01F0956N,01F0928N,31,255,168,01F0956N>01F0928N,20260902,211,255,276.3333333333333
2026-09-02 17:40:00,01F0956N,01F0928N,31,277,177,01F0956N>01F0928N,20260902,212,277,270.0
2026-09-02 17:45:00,01F0956N,01F0928N,31,279,168,01F0956N>01F0928N,20260902,213,279,293.3333333333333
2026-09-02 17:50:00,01F0956N,01F0928N,31,257,189,01F0956N>01F0928N,20260902,214,257,289.3333333333333
2026-09-02 17:55:00,01F0956N,01F0928N,31,261,167,01F0956N>01F0928N,20260902,215,261,273.0
2026-09-02 18:00:00,01F0956N,01F0928N,31,271,155,01F0956N>01F0928N,20260902,216,271,265.0
2026-09-02 18:05:00,01F0956N,01F0928N,31,257,191,01F0956N>01F0928N,20260902,217,257,277.6666666666667
2026-09-02 18:10:00,01F0956N,01F0928N,31,249,184,01F0956N>01F0928N,20260902,218,249,295.3333333333333
2026-09-02 18:15:00,01F0956N,01F0928N,31,259,157,01F0956N>01F0928N,20260902,219,259,307.0
2026-09-02 18:20:00,01F0956N,01F0928N,31,289,154,01F0956N>01F0928N,20260902,220,289,308.3333333333333
2026-09-02 18:25:00,01F0956N,01F0928N,31,298,178,01F0956N>01F0928N,20260902,221,298,311.3333333333333
2026-09-02 18:30:00,01F0956N,01F0928N,31,307,144,01F0956N>01F0928N,20260902,222,307,302.3333333333333
2026-09-02 18:35:00,01F0956N,01F0928N,31,324,139,01F0956N>01F0928N,20260902,223,324,309.3333333333333
2026-09-02 18:40:00,01F0956N,01F0928N,31,310,143,01F0956N>01F0928N,20260902,224,310,294.3333333333333
2026-09-02 18:45:00,01F0956N,01F0928N,31,319,179,01F0956N>01F0928N,20260902,225,319,285.0
2026-09-02 18:50:00,01F0956N,01F0928N,31,293,156,01F0956N>01F0928N,20260902,226,293,293.6666666666667
2026-09-02 18:55:00,01F0956N,01F0928N,31,278,163,01F0956N>01F0928N,20260902,227,278,298.6666666666667
2026-09-02 19:00:00,01F0956N,01F0928N,31,276,142,01F0956N>01F0928N,20260902,228,276,299.6666666666667
2026-09-02 19:05:00,01F0956N,01F0928N,31,247,159,01F0956N>01F0928N,20260902,229,247,284.3333333333333
2026-09-02 19:10:00,01F0956N,01F0928N,31,224,151,01F0956N>01F0928N,20260902,230,224,287.0
2026-09-02 19:15:00,01F0956N,01F0928N,31,189,118,01F0956N>01F0928N,20260902,231,189,287.3333333333333
2026-09-02 19:20:00,01F0956N,01F0928N,31,189,134,01F0956N>01F0928N,20260902,232,189,259.3333333333333
2026-09-02 19:25:00,01F0956N,01F0928N,31,144,145,01F0956N>01F0928N,20260902,233,144,262.3333333333333
2026-09-02 19:30:00,01F0956N,01F0928N,31,109,133,01F0956N>01F0928N,20260902,234,109,252.66666666666666
2026-09-02 19:35:00,01F0956N,01F0928N,31,107,106,01F0956N>01F0928N,20260902,235,107,230.0
2026-09-02 19:40:00,01F0956N,01F0928N,31,126,155,01F0956N>01F0928N,20260902,236,126,216.0
2026-09-02 19:45:00,01F0956N,01F0928N,31,116,130,01F0956N>01F0928N,20260902,237,116,193.0
2026-09-02 19:50:00,01F0956N,01F0928N,31,115,134,01F0956N>01F0928N,20260902,238,115,167.33333333333334
2026-09-02 19:55:00,01F0956N,01F0928N,31,108,131,01F0956N>01F0928N,20260902,239,108,140.33333333333334
2026-09-02 20:00:00,01F0956N,01F0928N,31,108,116,01F0956N>01F0928N,20260902,240,108,118.66666666666667
2026-09-02 20:05:00,01F0956N,01F0928N,31,109,116,01F0956N>01F0928N,20260902,241,109,110.33333333333333
2026-09-02 20:10:00,01F0956N,01F0928N,31,102,93,01F0956N>01F0928N,20260902,242,102,106.66666666666667
2026-09-02 20:15:00,01F0956N,01F0928N,31,103,124,01F0956N>01F0928N,20260902,243,103,108.0
2026-09-02 20:20:00,01F0956N,01F0928N,31,102,96,01F0956N>01F0928N,20260902,244,102,107.33333333333333
2026-09-02 20:25:00,01F0956N,01F0928N,31,100,95,01F0956N>01F0928N,20260902,245,100,103.0
2026-09-02 20:30:00,01F0956N,01F0928N,31,110,101,01F0956N>01F0928N,20260902,246,110,108.66666666666667
2026-09-02 20:35:00,01F0956N,01F0928N,31,103,98,01F0956N>01F0928N,20260902,247,103,103.33333333333333
2026-09-02 20:40:00,01F0956N,01F0928N,31,105,90,01F0956N>01F0928N,20260902,248,105,105.0
2026-09-02 20:45:00,01F0956N,01F0928N,31,101,95,01F0956N>01F0928N,20260902,249,101,104.0
2026-09-02 20:50:00,01F0956N,01F0928N,31,101,95,01F0956N>01F0928N,20260902,250,101,102.0
2026-09-02 20:55:00,01F0956N,01F0928N,31,99,78,01F0956N>01F0928N,20260902,251,99,103.33333333333333
2026-09-02 21:00:00,01F0956N,01F0928N,31,100,95,01F0956N>01F0928N,20260902,252,100,103.0
2026-09-02 21:05:00,01F0956N,01F0928N,31,97,78,01F0956N>01F0928N,20260902,253,97,99.66666666666667
2026-09-02 21:10:00,01F0956N,01F0928N,31,102,101,01F0956N>01F0928N,20260902,254,102,100.0
2026-09-02 21:15:00,01F0956N,01F0928N,31,101,86,01F0956N>01F0928N,20260902,255,101,101.66666666666667
2026-09-02 21:20:00,01F0956N,01F0928N,31,100,87,01F0956N>01F0928N,20260902,256,100,100.0
2026-09-02 21:25:00,01F0956N,01F0928N,31,100,97,01F0956N>01F0928N,20260902,257,100,100.33333333333333
2026-09-02 21:30:00,01F0956N,01F0928N,31,98,83,01F0956N>01F0928N,20260902,258,98,99.0
2026-09-02 21:35:00,01F0956N,01F0928N,31,98,74,01F0956N>01F0928N,20260902,259,98,99.0
2026-09-02 21:40:00,01F0956N,01F0928N,31,97,69,01F0956N>01F0928N,20260902,260,97,100.33333333333333
2026-09-02 21:45:00,01F0956N,01F0928N,31,98,87,01F0956N>01F0928N,20260902,261,98,97.66666666666667
2026-09-02 21:50:00,01F0956N,01F0928N,31,96,72,01F0956N>01F0928N,20260902,262,96,99.0
2026-09-02 21:55:00,01F0956N,01F0928N,31,97,64,01F0956N>01F0928N,20260902,263,97,101.66666666666667
2026-09-02 22:00:00,01F0956N,01F0928N,31,99,64,01F0956N>01F0928N,20260902,264,99,98.33333333333333
2026-09-02 22:05:00,01F0956N,01F0928N,31,99,71,01F0956N>01F0928N,20260902,265,99,97.33333333333333
2026-09-02 22:10:00,01F0956N,01F0928N,31,99,65,01F0956N>01F0928N,20260902,266,99,97.66666666666667
2026-09-02 22:15:00,01F0956N,01F0928N,31,97,80,01F0956N>01F0928N,20260902,267,97,97.66666666666667
2026-09-02 22:20:00,01F0956N,01F0928N,31,96,69,01F0956N>01F0928N,20260902,268,96,98.33333333333333
2026-09-02 22:25:00,01F0956N,01F0928N,31,95,50,01F0956N>01F0928N,20260902,269,95,100.33333333333333
2026-09-02 22:30:00,01F0956N,01F0928N,31,97,50,01F0956N>01F0928N,20260902,270,97,96.66666666666667
2026-09-02 22:35:00,01F0956N,01F0928N,31,97,61,01F0956N>01F0928N,20260902,271,97,98.0
2026-09-02 22:40:00,01F0956N,01F0928N,31,96,67,01F0956N>01F0928N,20260902,272,96,97.0
2026-09-02 22:45:00,01F0956N,01F0928N,31,95,49,01F0956N>01F0928N,20260902,273,95,97.33333333333333
2026-09-02 22:50:00,01F0956N,01F0928N,31,98,39,01F0956N>01F0928N,20260902,274,98,95.33333333333333
2026-09-02 22:55:00,01F0956N,01F0928N,31,97,49,01F0956N>01F0928N,20260902,275,97,93.66666666666667
2026-09-02 23:00:00,01F0956N,01F0928N,31,99,38,01F0956N>01F0928N,20260902,276,99,95.66666666666667
2026-09-02 23:05:00,01F0956N,01F0928N,31,96,51,01F0956N>01F0928N,20260902,277,96,95.66666666666667
2026-09-02 23:10:00,01F0956N,01F0928N,31,95,39,01F0956N>01F0928N,20260902,278,95,95.0
2026-09-02 23:15:00,01F0956N,01F0928N,31,92,43,01F0956N>01F0928N,20260902,279,92,96.33333333333333
2026-09-02 23:20:00,01F0956N,01F0928N,31,96,59,01F0956N>01F0928N,20260902,280,96,96.0
2026-09-02 23:25:00,01F0956N,01F0928N,31,91,42,01F0956N>01F0928N,20260902,281,91,95.66666666666667
2026-09-02 23:30:00,01F0956N,01F0928N,31,97,43,01F0956N>01F0928N,20260902,282,97,95.33333333333333
2026-09-02 23:35:00,01F0956N,01F0928N,31,94,31,01F0956N>01F0928N,20260902,283,94,97.0
2026-09-02 23:40:00,01F0956N,01F0928N,31,96,29,01F0956N>01F0928N,20260902,284,96,94.0
2026-09-02 23:45:00,01F0956N,01F0928N,31,94,27,01F0956N>01F0928N,20260902,285,94,94.66666666666667
2026-09-02 23:50:00,01F0956N,01F0928N,31,94,29,01F0956N>01F0928N,20260902,286,94,95.33333333333333
2026-09-02 23:55:00,01F0956N,01F0928N,31,94,32,01F0956N>01F0928N,20260902,287,94,94.66666666666667
2026-08-27 00:00:00,01F0979N,01F0956N,31,77,37,01F0979N>01F0956N,20260827,0,77,78.0
2026-08-27 00:05:00,01F0979N,01F0956N,31,78,28,01F0979N>01F0956N,20260827,1,78,78.33333333333333
2026-08-27 00:10:00,01F0979N,01F0956N,31,78,40,01F0979N>01F0956N,20260827,2,78,78.0
2026-08-27 00:15:00,01F0979N,01F0956N,31,77,30,01F0979N>01F0956N,20260827,3,77,78.33333333333333
2026-08-27 00:20:00,01F0979N,01F0956N,31,78,37,01F0979N>01F0956N,20260827,4,78,77.66666666666667
2026-08-27 00:25:00,01F0979N,01F0956N,31,79,20,01F0979N>01F0956N,20260827,5,79,77.33333333333333
2026-08-27 00:30:00,01F0979N,01F0956N,31,78,17,01F0979N>01F0956N,20260827,6,78,78.0
2026-08-27 00:35:00,01F0979N,01F0956N,31,79,28,01F0979N>01F0956N,20260827,7,79,78.33333333333333
2026-08-27 00:40:00,01F0979N,01F0956N,31,81,18,01F0979N>01F0956N,20260827,8,81,78.33333333333333
2026-08-27 00:45:00,01F0979N,01F0956N,31,76,22,01F0979N>01F0956N,20260827,9,76,77.33333333333333
2026-08-27 00:50:00,01F0979N,01F0956N,31,79,21,01F0979N>01F0956N,20260827,10,79,77.66666666666667
2026-08-27 00:55:00,01F0979N,01F0956N,31,80,27,01F0979N>01F0956N,20260827,11,80,78.66666666666667
2026-08-27 01:00:00,01F0979N,01F0956N,31,77,21,01F0979N>01F0956N,20260827,12,77,77.33333333333333
2026-08-27 01:05:00,01F0979N,01F0956N,31,77,13,01F0979N>01F0956N,20260827,13,77,77.0
2026-08-27 01:10:00,01F0979N,01F0956N,31,76,18,01F0979N>01F0956N,20260827,14,76,77.33333333333333
2026-08-27 01:15:00,01F0979N,01F0956N,31,81,24,01F0979N>01F0956N,20260827,15,81,78.0
2026-08-27 01:20:00,01F0979N,01F0956N,31,84,17,01F0979N>01F0956N,20260827,16,84,79.66666666666667
2026-08-27 01:25:00,01F0979N,01F0956N,31,80,17,01F0979N>01F0956N,20260827,17,80,75.66666666666667
2026-08-27 01:30:00,01F0979N,01F0956N,31,80,18,01F0979N>01F0956N,20260827,18,80,76.66666666666667
2026-08-27 01:35:00,01F0979N,01F0956N,31,78,13,01F0979N>01F0956N,20260827,19,78,77.0
2026-08-27 01:40:00,01F0979N,01F0956N,31,77,13,01F0979N>01F0956N,20260827,20,77,76.33333333333333
2026-08-27 01:45:00,01F0979N,01F0956N,31,78,16,01F0979N>01F0956N,20260827,21,78,76.66666666666667
2026-08-27 01:50:00,01F0979N,01F0956N,31,81,27,01F0979N>01F0956N,20260827,22,81,77.0
2026-08-27 01:55:00,01F0979N,01F0956N,31,79,14,01F0979N>01F0956N,20260827,23,79,77.66666666666667
2026-08-27 02:00:00,01F0979N,01F0956N,31,77,16,01F0979N>01F0956N,20260827,24,77,78.33333333333333
2026-08-27 02:05:00,01F0979N,01F0956N,31,81,17,01F0979N>01F0956N,20260827,25,81,79.0
2026-08-27 02:10:00,01F0979N,01F0956N,31,78,9,01F0979N>01F0956N,20260827,26,78,77.33333333333333
2026-08-27 02:15:00,01F0979N,01F0956N,31,76,14,01F0979N>01F0956N,20260827,27,76,77.0
2026-08-27 02:20:00,01F0979N,01F0956N,31,80,19,01F0979N>01F0956N,20260827,28,80,78.0
2026-08-27 02:25:00,01F0979N,01F0956N,31,79,17,01F0979N>01F0956N,20260827,29,79,79.66666666666667
2026-08-27 02:30:00,01F0979N,01F0956N,31,79,10,01F0979N>01F0956N,20260827,30,79,78.66666666666667
2026-08-27 02:35:00,01F0979N,01F0956N,31,76,11,01F0979N>01F0956N,20260827,31,76,77.33333333333333
2026-08-27 02:40:00,01F0979N,01F0956N,31,79,11,01F0979N>01F0956N,20260827,32,79,78.66666666666667
2026-08-27 02:45:00,01F0979N,01F0956N,31,77,22,01F0979N>01F0956N,20260827,33,77,76.33333333333333
2026-08-27 02:50:00,01F0979N,01F0956N,31,80,15,01F0979N>01F0956N,20260827,34,80,78.0
2026-08-27 02:55:00,01F0979N,01F0956N,31,75,16,01F0979N>01F0956N,20260827,35,75,76.33333333333333
2026-08-27 03:00:00,01F0979N,01F0956N,31,81,19,01F0979N>01F0956N,20260827,36,81,77.66666666666667
2026-08-27 03:05:00,01F0979N,01F0956N,31,76,16,01F0979N>01F0956N,20260827,37,76,75.66666666666667
2026-08-27 03:10:00,01F0979N,01F0956N,31,78,13,01F0979N>01F0956N,20260827,38,78,77.0
2026-08-27 03:15:00,01F0979N,01F0956N,31,79,23,01F0979N>01F0956N,20260827,39,79,76.66666666666667
2026-08-27 03:20:00,01F0979N,01F0956N,31,78,21,01F0979N>01F0956N,20260827,40,78,77.0
2026-08-27 03:25:00,01F0979N,01F0956N,31,77,19,01F0979N>01F0956N,20260827,41,77,78.33333333333333
2026-08-27 03:30:00,01F0979N,01F0956N,31,76,16,01F0979N>01F0956N,20260827,42,76,78.0
2026-08-27 03:35:00,01F0979N,01F0956N,31,77,22,01F0979N>01F0956N,20260827,43,77,77.33333333333333
2026-08-27 03:40:00,01F0979N,01F0956N,31,77,17,01F0979N>01F0956N,20260827,44,77,76.33333333333333
2026-08-27 03:45:00,01F0979N,01F0956N,31,79,19,01F0979N>01F0956N,20260827,45,79,77.0
2026-08-27 03:50:00,01F0979N,01F0956N,31,77,22,01F0979N>01F0956N,20260827,46,77,75.66666666666667
2026-08-27 03:55:00,01F0979N,01F0956N,31,76,21,01F0979N>01F0956N,20260827,47,76,76.66666666666667
2026-08-27 04:00:00,01F0979N,01F0956N,31,74,18,01F0979N>01F0956N,20260827,48,74,75.33333333333333
2026-08-27 04:05:00,01F0979N,01F0956N,31,76,25,01F0979N>01F0956N,20260827,49,76,77.33333333333333
2026-08-27 04:10:00,01F0979N,01F0956N,31,78,23,01F0979N>01F0956N,20260827,50,78,76.33333333333333
2026-08-27 04:15:00,01F0979N,01F0956N,31,76,28,01F0979N>01F0956N,20260827,51,76,77.0
2026-08-27 04:20:00,01F0979N,01F0956N,31,76,26,01F0979N>01F0956N,20260827,52,76,77.33333333333333
2026-08-27 04:25:00,01F0979N,01F0956N,31,76,31,01F0979N>01F0956N,20260827,53,76,78.33333333333333
2026-08-27 04:30:00,01F0979N,01F0956N,31,77,32,01F0979N>01F0956N,20260827,54,77,77.0
2026-08-27 04:35:00,01F0979N,01F0956N,31,77,29,01F0979N>01F0956N,20260827,55,77,78.33333333333333
2026-08-27 04:40:00,01F0979N,01F0956N,31,75,17,01F0979N>01F0956N,20260827,56,75,76.66666666666667
2026-08-27 04:45:00,01F0979N,01F0956N,31,75,28,01F0979N>01F0956N,20260827,57,75,76.0
2026-08-27 04:50:00,01F0979N,01F0956N,31,76,29,01F0979N>01F0956N,20260827,58,76,76.0
2026-08-27 04:55:00,01F0979N,01F0956N,31,76,42,01F0979N>01F0956N,20260827,59,76,77.33333333333333
2026-08-27 05:00:00,01F0979N,01F0956N,31,77,39,01F0979N>01F0956N,20260827,60,77,77.33333333333333
2026-08-27 05:05:00,01F0979N,01F0956N,31,75,19,01F0979N>01F0956N,20260827,61,75,76.66666666666667
2026-08-27 05:10:00,01F0979N,01F0956N,31,78,32,01F0979N>01F0956N,20260827,62,78,76.66666666666667
2026-08-27 05:15:00,01F0979N,01F0956N,31,76,43,01F0979N>01F0956N,20260827,63,76,75.66666666666667
2026-08-27 05:20:00,01F0979N,01F0956N,31,77,37,01F0979N>01F0956N,20260827,64,77,76.66666666666667
2026-08-27 05:25:00,01F0979N,01F0956N,31,77,35,01F0979N>01F0956N,20260827,65,77,77.66666666666667
2026-08-27 05:30:00,01F0979N,01F0956N,31,74,26,01F0979N>01F0956N,20260827,66,74,76.0
2026-08-27 05:35:00,01F0979N,01F0956N,31,77,45,01F0979N>01F0956N,20260827,67,77,76.66666666666667
2026-08-27 05:40:00,01F0979N,01F0956N,31,76,34,01F0979N>01F0956N,20260827,68,76,77.0
2026-08-27 05:45:00,01F0979N,01F0956N,31,75,37,01F0979N>01F0956N,20260827,69,75,76.0
2026-08-27 05:50:00,01F0979N,01F0956N,31,76,46,01F0979N>01F0956N,20260827,70,76,76.66666666666667
2026-08-27 05:55:00,01F0979N,01F0956N,31,76,40,01F0979N>01F0956N,20260827,71,76,76.33333333333333
2026-08-27 06:00:00,01F0979N,01F0956N,31,75,63,01F0979N>01F0956N,20260827,72,75,76.33333333333333
2026-08-27 06:05:00,01F0979N,01F0956N,31,76,71,01F0979N>01F0956N,20260827,73,76,76.66666666666667
2026-08-27 06:10:00,01F0979N,01F0956N,31,78,56,01F0979N>01F0956N,20260827,74,78,77.66666666666667
2026-08-27 06:15:00,01F0979N,01F0956N,31,76,55,01F0979N>01F0956N,20260827,75,76,77.0
2026-08-27 06:20:00,01F0979N,01F0956N,31,78,84,01F0979N>01F0956N,20260827,76,78,79.0
2026-08-27 06:25:00,01F0979N,01F0956N,31,79,92,01F0979N>01F0956N,20260827,77,79,79.66666666666667
2026-08-27 06:30:00,01F0979N,01F0956N,31,78,93,01F0979N>01F0956N,20260827,78,78,79.33333333333333
2026-08-27 06:35:00,01F0979N,01F0956N,31,80,109,01F0979N>01F0956N,20260827,79,80,80.66666666666667
2026-08-27 06:40:00,01F0979N,01F0956N,31,79,122,01F0979N>01F0956N,20260827,80,79,80.66666666666667
2026-08-27 06:45:00,01F0979N,01F0956N,31,80,134,01F0979N>01F0956N,20260827,81,80,82.33333333333333
2026-08-27 06:50:00,01F0979N,01F0956N,31,85,150,01F0979N>01F0956N,20260827,82,85,84.33333333333333
2026-08-27 06:55:00,01F0979N,01F0956N,31,81,182,01F0979N>01F0956N,20260827,83,81,82.33333333333333
2026-08-27 07:00:00,01F0979N,01F0956N,31,86,163,01F0979N>01F0956N,20260827,84,86,87.0
2026-08-27 07:05:00,01F0979N,01F0956N,31,82,161,01F0979N>01F0956N,20260827,85,82,85.0
2026-08-27 07:10:00,01F0979N,01F0956N,31,82,134,01F0979N>01F0956N,20260827,86,82,84.0
2026-08-27 07:15:00,01F0979N,01F0956N,31,85,135,01F0979N>01F0956N,20260827,87,85,86.33333333333333
2026-08-27 07:20:00,01F0979N,01F0956N,31,84,164,01F0979N>01F0956N,20260827,88,84,84.66666666666667
2026-08-27 07:25:00,01F0979N,01F0956N,31,82,116,01F0979N>01F0956N,20260827,89,82,83.33333333333333
2026-08-27 07:30:00,01F0979N,01F0956N,31,82,140,01F0979N>01F0956N,20260827,90,82,85.0
2026-08-27 07:35:00,01F0979N,01F0956N,31,86,129,01F0979N>01F0956N,20260827,91,86,85.66666666666667
2026-08-27 07:40:00,01F0979N,01F0956N,31,84,152,01F0979N>01F0956N,20260827,92,84,86.33333333333333
2026-08-27 07:45:00,01F0979N,01F0956N,31,84,123,01F0979N>01F0956N,20260827,93,84,84.0
2026-08-27 07:50:00,01F0979N,01F0956N,31,89,130,01F0979N>01F0956N,20260827,94,89,87.0
2026-08-27 07:55:00,01F0979N,01F0956N,31,85,136,01F0979N>01F0956N,20260827,95,85,85.33333333333333
2026-08-27 08:00:00,01F0979N,01F0956N,31,86,137,01F0979N>01F0956N,20260827,96,86,86.0
2026-08-27 08:05:00,01F0979N,01F0956N,31,84,141,01F0979N>01F0956N,20260827,97,84,83.33333333333333
2026-08-27 08:10:00,01F0979N,01F0956N,31,86,130,01F0979N>01F0956N,20260827,98,86,85.0
2026-08-27 08:15:00,01F0979N,01F0956N,31,85,119,01F0979N>01F0956N,20260827,99,85,85.66666666666667
2026-08-27 08:20:00,01F0979N,01F0956N,31,89,131,01F0979N>01F0956N,20260827,100,89,87.33333333333333
2026-08-27 08:25:00,01F0979N,01F0956N,31,87,104,01F0979N>01F0956N,20260827,101,87,87.0
2026-08-27 08:30:00,01F0979N,01F0956N,31,87,119,01F0979N>01F0956N,20260827,102,87,89.33333333333333
2026-08-27 08:35:00,01F0979N,01F0956N,31,91,138,01F0979N>01F0956N,20260827,103,91,94.33333333333333
2026-08-27 08:40:00,01F0979N,01F0956N,31,87,136,01F0979N>01F0956N,20260827,104,87,96.66666666666667
2026-08-27 08:45:00,01F0979N,01F0956N,31,90,164,01F0979N>01F0956N,20260827,105,90,96.66666666666667
2026-08-27 08:50:00,01F0979N,01F0956N,31,96,151,01F0979N>01F0956N,20260827,106,96,96.33333333333333
2026-08-27 08:55:00,01F0979N,01F0956N,31,112,149,01F0979N>01F0956N,20260827,107,112,102.33333333333333
2026-08-27 09:00:00,01F0979N,01F0956N,31,97,166,01F0979N>01F0956N,20260827,108,97,98.0
2026-08-27 09:05:00,01F0979N,01F0956N,31,81,113,01F0979N>01F0956N,20260827,109,81,90.33333333333333
2026-08-27 09:10:00,01F0979N,01F0956N,31,83,121,01F0979N>01F0956N,20260827,110,83,92.66666666666667
2026-08-27 09:15:00,01F0979N,01F0956N,31,84,152,01F0979N>01F0956N,20260827,111,84,96.0
2026-08-27 09:20:00,01F0979N,01F0956N,31,85,136,01F0979N>01F0956N,20260827,112,85,92.33333333333333
2026-08-27 09:25:00,01F0979N,01F0956N,31,87,130,01F0979N>01F0956N,20260827,113,87,85.66666666666667
2026-08-27 09:30:00,01F0979N,01F0956N,31,83,141,01F0979N>01F0956N,20260827,114,83,85.33333333333333
2026-08-27 09:35:00,01F0979N,01F0956N,31,85,141,01F0979N>01F0956N,20260827,115,85,86.33333333333333
2026-08-27 09:40:00,01F0979N,01F0956N,31,85,140,01F0979N>01F0956N,20260827,116,85,86.0
2026-08-27 09:45:00,01F0979N,01F0956N,31,86,150,01F0979N>01F0956N,20260827,117,86,85.33333333333333
2026-08-27 09:50:00,01F0979N,01F0956N,31,83,129,01F0979N>01F0956N,20260827,118,83,84.66666666666667
2026-08-27 09:55:00,01F0979N,01F0956N,31,86,136,01F0979N>01F0956N,20260827,119,86,84.66666666666667
2026-08-27 10:00:00,01F0979N,01F0956N,31,83,120,01F0979N>01F0956N,20260827,120,83,84.33333333333333
2026-08-27 10:05:00,01F0979N,01F0956N,31,85,127,01F0979N>01F0956N,20260827,121,85,85.33333333333333
2026-08-27 10:10:00,01F0979N,01F0956N,31,84,128,01F0979N>01F0956N,20260827,122,84,84.66666666666667
2026-08-27 10:15:00,01F0979N,01F0956N,31,83,136,01F0979N>01F0956N,20260827,123,83,84.66666666666667
2026-08-27 10:20:00,01F0979N,01F0956N,31,83,131,01F0979N>01F0956N,20260827,124,83,84.0
2026-08-27 10:25:00,01F0979N,01F0956N,31,86,154,01F0979N>01F0956N,20260827,125,86,86.0
2026-08-27 10:30:00,01F0979N,01F0956N,31,83,135,01F0979N>01F0956N,20260827,126,83,85.66666666666667
2026-08-27 10:35:00,01F0979N,01F0956N,31,84,145,01F0979N>01F0956N,20260827,127,84,86.0
2026-08-27 10:40:00,01F0979N,01F0956N,31,85,153,01F0979N>01F0956N,20260827,128,85,85.0
2026-08-27 10:45:00,01F0979N,01F0956N,31,85,143,01F0979N>01F0956N,20260827,129,85,84.66666666666667
2026-08-27 10:50:00,01F0979N,01F0956N,31,81,124,01F0979N>01F0956N,20260827,130,81,83.0
2026-08-27 10:55:00,01F0979N,01F0956N,31,88,142,01F0979N>01F0956N,20260827,131,88,84.33333333333333
2026-08-27 11:00:00,01F0979N,01F0956N,31,82,119,01F0979N>01F0956N,20260827,132,82,81.66666666666667
2026-08-27 11:05:00,01F0979N,01F0956N,31,83,123,01F0979N>01F0956N,20260827,133,83,83.33333333333333
2026-08-27 11:10:00,01F0979N,01F0956N,31,83,123,01F0979N>01F0956N,20260827,134,83,83.66666666666667
2026-08-27 11:15:00,01F0979N,01F0956N,31,82,138,01F0979N>01F0956N,20260827,135,82,82.66666666666667
2026-08-27 11:20:00,01F0979N,01F0956N,31,82,131,01F0979N>01F0956N,20260827,136,82,84.0
2026-08-27 11:25:00,01F0979N,01F0956N,31,83,117,01F0979N>01F0956N,20260827,137,83,83.66666666666667
2026-08-27 11:30:00,01F0979N,01F0956N,31,84,130,01F0979N>01F0956N,20260827,138,84,83.0
2026-08-27 11:35:00,01F0979N,01F0956N,31,83,124,01F0979N>01F0956N,20260827,139,83,83.66666666666667
2026-08-27 11:40:00,01F0979N,01F0956N,31,82,129,01F0979N>01F0956N,20260827,140,82,83.0
2026-08-27 11:45:00,01F0979N,01F0956N,31,82,120,01F0979N>01F0956N,20260827,141,82,82.33333333333333
2026-08-27 11:50:00,01F0979N,01F0956N,31,85,105,01F0979N>01F0956N,20260827,142,85,84.33333333333333
2026-08-27 11:55:00,01F0979N,01F0956N,31,83,108,01F0979N>01F0956N,20260827,143,83,83.0
2026-08-27 12:00:00,01F0979N,01F0956N,31,82,103,01F0979N>01F0956N,20260827,144,82,82.66666666666667
2026-08-27 12:05:00,01F0979N,01F0956N,31,81,130,01F0979N>01F0956N,20260827,145,81,83.0
2026-08-27 12:10:00,01F0979N,01F0956N,31,83,109,01F0979N>01F0956N,20260827,146,83,82.66666666666667
2026-08-27 12:15:00,01F0979N,01F0956N,31,85,133,01F0979N>01F0956N,20260827,147,85,85.0
2026-08-27 12:20:00,01F0979N,01F0956N,31,87,132,01F0979N>01F0956N,20260827,148,87,85.0
2026-08-27 12:25:00,01F0979N,01F0956N,31,82,119,01F0979N>01F0956N,20260827,149,82,83.0
2026-08-27 12:30:00,01F0979N,01F0956N,31,85,131,01F0979N>01F0956N,20260827,150,85,84.0
2026-08-27 12:35:00,01F0979N,01F0956N,31,83,144,01F0979N>01F0956N,20260827,151,83,83.0
2026-08-27 12:40:00,01F0979N,01F0956N,31,83,119,01F0979N>01F0956N,20260827,152,83,83.33333333333333
2026-08-27 12:45:00,01F0979N,01F0956N,31,81,124,01F0979N>01F0956N,20260827,153,81,83.0
2026-08-27 12:50:00,01F0979N,01F0956N,31,83,133,01F0979N>01F0956N,20260827,154,83,83.66666666666667
2026-08-27 12:55:00,01F0979N,01F0956N,31,82,126,01F0979N>01F0956N,20260827,155,82,83.33333333333333
2026-08-27 13:00:00,01F0979N,01F0956N,31,84,122,01F0979N>01F0956N,20260827,156,84,83.66666666666667
2026-08-27 13:05:00,01F0979N,01F0956N,31,86,143,01F0979N>01F0956N,20260827,157,86,84.33333333333333
2026-08-27 13:10:00,01F0979N,01F0956N,31,82,112,01F0979N>01F0956N,20260827,158,82,83.0
2026-08-27 13:15:00,01F0979N,01F0956N,31,110,116,01F0979N>01F0956N,20260827,159,110,92.33333333333333
2026-08-27 13:20:00,01F0979N,01F0956N,31,88,160,01F0979N>01F0956N,20260827,160,88,85.0
2026-08-27 13:25:00,01F0979N,01F0956N,31,84,143,01F0979N>01F0956N,20260827,161,84,86.0
2026-08-27 13:30:00,01F0979N,01F0956N,31,81,111,01F0979N>01F0956N,20260827,162,81,83.0
2026-08-27 13:35:00,01F0979N,01F0956N,31,86,139,01F0979N>01F0956N,20260827,163,86,84.33333333333333
2026-08-27 13:40:00,01F0979N,01F0956N,31,86,106,01F0979N>01F0956N,20260827,164,86,84.66666666666667
2026-08-27 13:45:00,01F0979N,01F0956N,31,86,148,01F0979N>01F0956N,20260827,165,86,85.33333333333333
2026-08-27 13:50:00,01F0979N,01F0956N,31,84,138,01F0979N>01F0956N,20260827,166,84,84.66666666666667
2026-08-27 13:55:00,01F0979N,01F0956N,31,82,125,01F0979N>01F0956N,20260827,167,82,82.66666666666667
2026-08-27 14:00:00,01F0979N,01F0956N,31,90,129,01F0979N>01F0956N,20260827,168,90,87.33333333333333
2026-08-27 14:05:00,01F0979N,01F0956N,31,104,144,01F0979N>01F0956N,20260827,169,104,90.66666666666667
2026-08-27 14:10:00,01F0979N,01F0956N,31,105,150,01F0979N>01F0956N,20260827,170,105,92.66666666666667
2026-08-27 14:15:00,01F0979N,01F0956N,31,86,135,01F0979N>01F0956N,20260827,171,86,85.66666666666667
2026-08-27 14:20:00,01F0979N,01F0956N,31,87,172,01F0979N>01F0956N,20260827,172,87,85.0
2026-08-27 14:25:00,01F0979N,01F0956N,31,83,147,01F0979N>01F0956N,20260827,173,83,84.66666666666667
2026-08-27 14:30:00,01F0979N,01F0956N,31,86,147,01F0979N>01F0956N,20260827,174,86,85.66666666666667
2026-08-27 14:35:00,01F0979N,01F0956N,31,86,120,01F0979N>01F0956N,20260827,175,86,86.66666666666667
2026-08-27 14:40:00,01F0979N,01F0956N,31,83,127,01F0979N>01F0956N,20260827,176,83,85.66666666666667
2026-08-27 14:45:00,01F0979N,01F0956N,31,84,148,01F0979N>01F0956N,20260827,177,84,84.33333333333333
2026-08-27 14:50:00,01F0979N,01F0956N,31,85,148,01F0979N>01F0956N,20260827,178,85,85.33333333333333
2026-08-27 14:55:00,01F0979N,01F0956N,31,83,136,01F0979N>01F0956N,20260827,179,83,84.33333333333333
2026-08-27 15:00:00,01F0979N,01F0956N,31,86,160,01F0979N>01F0956N,20260827,180,86,85.0
2026-08-27 15:05:00,01F0979N,01F0956N,31,83,156,01F0979N>01F0956N,20260827,181,83,84.0
2026-08-27 15:10:00,01F0979N,01F0956N,31,86,145,01F0979N>01F0956N,20260827,182,86,84.0
2026-08-27 15:15:00,01F0979N,01F0956N,31,84,161,01F0979N>01F0956N,20260827,183,84,84.0
2026-08-27 15:20:00,01F0979N,01F0956N,31,87,178,01F0979N>01F0956N,20260827,184,87,86.66666666666667
2026-08-27 15:25:00,01F0979N,01F0956N,31,84,160,01F0979N>01F0956N,20260827,185,84,85.33333333333333
2026-08-27 15:30:00,01F0979N,01F0956N,31,86,150,01F0979N>01F0956N,20260827,186,86,86.66666666666667
2026-08-27 15:35:00,01F0979N,01F0956N,31,89,148,01F0979N>01F0956N,20260827,187,89,90.66666666666667
2026-08-27 15:40:00,01F0979N,01F0956N,31,85,153,01F0979N>01F0956N,20260827,188,85,131.66666666666666
2026-08-27 15:45:00,01F0979N,01F0956N,31,87,152,01F0979N>01F0956N,20260827,189,87,117.0
2026-08-27 15:50:00,01F0979N,01F0956N,31,90,161,01F0979N>01F0956N,20260827,190,90,111.33333333333333
2026-08-27 15:55:00,01F0979N,01F0956N,31,90,169,01F0979N>01F0956N,20260827,191,90,101.0
2026-08-27 16:00:00,01F0979N,01F0956N,31,102,156,01F0979N>01F0956N,20260827,192,102,110.0
2026-08-27 16:05:00,01F0979N,01F0956N,31,90,147,01F0979N>01F0956N,20260827,193,90,99.0
2026-08-27 16:10:00,01F0979N,01F0956N,31,91,152,01F0979N>01F0956N,20260827,194,91,109.0
2026-08-27 16:15:00,01F0979N,01F0956N,31,89,158,01F0979N>01F0956N,20260827,195,89,103.0
2026-08-27 16:20:00,01F0979N,01F0956N,31,87,162,01F0979N>01F0956N,20260827,196,87,105.66666666666667
2026-08-27 16:25:00,01F0979N,01F0956N,31,89,156,01F0979N>01F0956N,20260827,197,89,108.66666666666667
2026-08-27 16:30:00,01F0979N,01F0956N,31,100,172,01F0979N>01F0956N,20260827,198,100,118.0
2026-08-27 16:35:00,01F0979N,01F0956N,31,84,173,01F0979N>01F0956N,20260827,199,84,101.66666666666667
2026-08-27 16:40:00,01F0979N,01F0956N,31,84,171,01F0979N>01F0956N,20260827,200,84,91.66666666666667
2026-08-27 16:45:00,01F0979N,01F0956N,31,85,162,01F0979N>01F0956N,20260827,201,85,91.33333333333333
2026-08-27 16:50:00,01F0979N,01F0956N,31,103,210,01F0979N>01F0956N,20260827,202,103,98.33333333333333
2026-08-27 16:55:00,01F0979N,01F0956N,31,107,180,01F0979N>01F0956N,20260827,203,107,97.33333333333333
2026-08-27 17:00:00,01F0979N,01F0956N,31,117,174,01F0979N>01F0956N,20260827,204,117,101.0
2026-08-27 17:05:00,01F0979N,01F0956N,31,111,193,01F0979N>01F0956N,20260827,205,111,98.33333333333333
2026-08-27 17:10:00,01F0979N,01F0956N,31,90,176,01F0979N>01F0956N,20260827,206,90,88.33333333333333
2026-08-27 17:15:00,01F0979N,01F0956N,31,89,157,01F0979N>01F0956N,20260827,207,89,88.66666666666667
2026-08-27 17:20:00,01F0979N,01F0956N,31,91,196,01F0979N>01F0956N,20260827,208,91,89.66666666666667
2026-08-27 17:25:00,01F0979N,01F0956N,31,87,167,01F0979N>01F0956N,20260827,209,87,89.0
2026-08-27 17:30:00,01F0979N,01F0956N,31,90,191,01F0979N>01F0956N,20260827,210,90,90.0
2026-08-27 17:35:00,01F0979N,01F0956N,31,87,157,01F0979N>01F0956N,20260827,211,87,95.33333333333333
2026-08-27 17:40:00,01F0979N,01F0956N,31,91,222,01F0979N>01F0956N,20260827,212,91,94.66666666666667
2026-08-27 17:45:00,01F0979N,01F0956N,31,99,197,01F0979N>01F0956N,20260827,213,99,92.66666666666667
2026-08-27 17:50:00,01F0979N,01F0956N,31,122,193,01F0979N>01F0956N,20260827,214,122,101.0
2026-08-27 17:55:00,01F0979N,01F0956N,31,163,206,01F0979N>01F0956N,20260827,215,163,122.66666666666667
2026-08-27 18:00:00,01F0979N,01F0956N,31,168,198,01F0979N>01F0956N,20260827,216,168,128.66666666666666
2026-08-27 18:05:00,01F0979N,01F0956N,31,179,193,01F0979N>01F0956N,20260827,217,179,138.66666666666666
2026-08-27 18:10:00,01F0979N,01F0956N,31,159,215,01F0979N>01F0956N,20260827,218,159,143.33333333333334
2026-08-27 18:15:00,01F0979N,01F0956N,31,173,201,01F0979N>01F0956N,20260827,219,173,151.66666666666666
2026-08-27 18:20:00,01F0979N,01F0956N,31,124,211,01F0979N>01F0956N,20260827,220,124,135.66666666666666
2026-08-27 18:25:00,01F0979N,01F0956N,31,100,193,01F0979N>01F0956N,20260827,221,100,132.33333333333334
2026-08-27 18:30:00,01F0979N,01F0956N,31,100,172,01F0979N>01F0956N,20260827,222,100,133.0
2026-08-27 18:35:00,01F0979N,01F0956N,31,94,168,01F0979N>01F0956N,20260827,223,94,129.0
2026-08-27 18:40:00,01F0979N,01F0956N,31,110,168,01F0979N>01F0956N,20260827,224,110,125.66666666666667
2026-08-27 18:45:00,01F0979N,01F0956N,31,102,167,01F0979N>01F0956N,20260827,225,102,108.33333333333333
2026-08-27 18:50:00,01F0979N,01F0956N,31,92,183,01F0979N>01F0956N,20260827,226,92,96.66666666666667
2026-08-27 18:55:00,01F0979N,01F0956N,31,97,207,01F0979N>01F0956N,20260827,227,97,95.33333333333333
2026-08-27 19:00:00,01F0979N,01F0956N,31,92,159,01F0979N>01F0956N,20260827,228,92,101.0
2026-08-27 19:05:00,01F0979N,01F0956N,31,88,153,01F0979N>01F0956N,20260827,229,88,99.33333333333333
2026-08-27 19:10:00,01F0979N,01F0956N,31,88,156,01F0979N>01F0956N,20260827,230,88,103.0
2026-08-27 19:15:00,01F0979N,01F0956N,31,92,175,01F0979N>01F0956N,20260827,231,92,89.33333333333333
2026-08-27 19:20:00,01F0979N,01F0956N,31,94,161,01F0979N>01F0956N,20260827,232,94,91.66666666666667
2026-08-27 19:25:00,01F0979N,01F0956N,31,88,143,01F0979N>01F0956N,20260827,233,88,90.66666666666667
2026-08-27 19:30:00,01F0979N,01F0956N,31,87,157,01F0979N>01F0956N,20260827,234,87,87.0
2026-08-27 19:35:00,01F0979N,01F0956N,31,84,147,01F0979N>01F0956N,20260827,235,84,85.0
2026-08-27 19:40:00,01F0979N,01F0956N,31,87,135,01F0979N>01F0956N,20260827,236,87,84.66666666666667
2026-08-27 19:45:00,01F0979N,01F0956N,31,83,132,01F0979N>01F0956N,20260827,237,83,83.66666666666667
2026-08-27 19:50:00,01F0979N,01F0956N,31,86,143,01F0979N>01F0956N,20260827,238,86,85.0
2026-08-27 19:55:00,01F0979N,01F0956N,31,83,132,01F0979N>01F0956N,20260827,239,83,84.33333333333333
2026-08-27 20:00:00,01F0979N,01F0956N,31,85,145,01F0979N>01F0956N,20260827,240,85,84.66666666666667
2026-08-27 20:05:00,01F0979N,01F0956N,31,83,115,01F0979N>01F0956N,20260827,241,83,83.66666666666667
2026-08-27 20:10:00,01F0979N,01F0956N,31,82,137,01F0979N>01F0956N,20260827,242,82,84.33333333333333
2026-08-27 20:15:00,01F0979N,01F0956N,31,84,138,01F0979N>01F0956N,20260827,243,84,83.0
2026-08-27 20:20:00,01F0979N,01F0956N,31,83,125,01F0979N>01F0956N,20260827,244,83,83.0
2026-08-27 20:25:00,01F0979N,01F0956N,31,81,111,01F0979N>01F0956N,20260827,245,81,83.66666666666667
2026-08-27 20:30:00,01F0979N,01F0956N,31,83,118,01F0979N>01F0956N,20260827,246,83,83.0
2026-08-27 20:35:00,01F0979N,01F0956N,31,84,150,01F0979N>01F0956N,20260827,247,84,84.0
2026-08-27 20:40:00,01F0979N,01F0956N,31,80,93,01F0979N>01F0956N,20260827,248,80,81.66666666666667
2026-08-27 20:45:00,01F0979N,01F0956N,31,85,120,01F0979N>01F0956N,20260827,249,85,85.0
2026-08-27 20:50:00,01F0979N,01F0956N,31,80,100,01F0979N>01F0956N,20260827,250,80,81.66666666666667
2026-08-27 20:55:00,01F0979N,01F0956N,31,82,111,01F0979N>01F0956N,20260827,251,82,81.66666666666667
2026-08-27 21:00:00,01F0979N,01F0956N,31,82,101,01F0979N>01F0956N,20260827,252,82,83.66666666666667
2026-08-27 21:05:00,01F0979N,01F0956N,31,82,112,01F0979N>01F0956N,20260827,253,82,81.33333333333333
2026-08-27 21:10:00,01F0979N,01F0956N,31,81,105,01F0979N>01F0956N,20260827,254,81,81.33333333333333
2026-08-27 21:15:00,01F0979N,01F0956N,31,81,107,01F0979N>01F0956N,20260827,255,81,82.66666666666667
2026-08-27 21:20:00,01F0979N,01F0956N,31,83,116,01F0979N>01F0956N,20260827,256,83,81.0
2026-08-27 21:25:00,01F0979N,01F0956N,31,82,91,01F0979N>01F0956N,20260827,257,82,80.66666666666667
2026-08-27 21:30:00,01F0979N,01F0956N,31,81,97,01F0979N>01F0956N,20260827,258,81,80.66666666666667
2026-08-27 21:35:00,01F0979N,01F0956N,31,81,86,01F0979N>01F0956N,20260827,259,81,80.66666666666667
2026-08-27 21:40:00,01F0979N,01F0956N,31,80,80,01F0979N>01F0956N,20260827,260,80,81.0
2026-08-27 21:45:00,01F0979N,01F0956N,31,78,86,01F0979N>01F0956N,20260827,261,78,80.33333333333333
2026-08-27 21:50:00,01F0979N,01F0956N,31,80,96,01F0979N>01F0956N,20260827,262,80,80.33333333333333
2026-08-27 21:55:00,01F0979N,01F0956N,31,82,76,01F0979N>01F0956N,20260827,263,82,82.66666666666667
2026-08-27 22:00:00,01F0979N,01F0956N,31,81,67,01F0979N>01F0956N,20260827,264,81,80.66666666666667
2026-08-27 22:05:00,01F0979N,01F0956N,31,79,90,01F0979N>01F0956N,20260827,265,79,81.0
2026-08-27 22:10:00,01F0979N,01F0956N,31,79,85,01F0979N>01F0956N,20260827,266,79,79.66666666666667
2026-08-27 22:15:00,01F0979N,01F0956N,31,77,78,01F0979N>01F0956N,20260827,267,77,80.0
2026-08-27 22:20:00,01F0979N,01F0956N,31,80,64,01F0979N>01F0956N,20260827,268,80,81.33333333333333
2026-08-27 22:25:00,01F0979N,01F0956N,31,81,80,01F0979N>01F0956N,20260827,269,81,80.33333333333333
2026-08-27 22:30:00,01F0979N,01F0956N,31,79,46,01F0979N>01F0956N,20260827,270,79,80.33333333333333
2026-08-27 22:35:00,01F0979N,01F0956N,31,79,54,01F0979N>01F0956N,20260827,271,79,82.0
2026-08-27 22:40:00,01F0979N,01F0956N,31,79,54,01F0979N>01F0956N,20260827,272,79,80.33333333333333
2026-08-27 22:45:00,01F0979N,01F0956N,31,81,43,01F0979N>01F0956N,20260827,273,81,80.33333333333333
2026-08-27 22:50:00,01F0979N,01F0956N,31,79,53,01F0979N>01F0956N,20260827,274,79,80.0
2026-08-27 22:55:00,01F0979N,01F0956N,31,77,46,01F0979N>01F0956N,20260827,275,77,78.66666666666667
2026-08-27 23:00:00,01F0979N,01F0956N,31,80,36,01F0979N>01F0956N,20260827,276,80,79.66666666666667
2026-08-27 23:05:00,01F0979N,01F0956N,31,78,43,01F0979N>01F0956N,20260827,277,78,78.66666666666667
2026-08-27 23:10:00,01F0979N,01F0956N,31,79,44,01F0979N>01F0956N,20260827,278,79,79.33333333333333
2026-08-27 23:15:00,01F0979N,01F0956N,31,80,50,01F0979N>01F0956N,20260827,279,80,79.66666666666667
2026-08-27 23:20:00,01F0979N,01F0956N,31,77,32,01F0979N>01F0956N,20260827,280,77,79.33333333333333
2026-08-27 23:25:00,01F0979N,01F0956N,31,79,33,01F0979N>01F0956N,20260827,281,79,78.66666666666667
2026-08-27 23:30:00,01F0979N,01F0956N,31,84,27,01F0979N>01F0956N,20260827,282,84,80.33333333333333
2026-08-27 23:35:00,01F0979N,01F0956N,31,79,38,01F0979N>01F0956N,20260827,283,79,78.33333333333333
2026-08-27 23:40:00,01F0979N,01F0956N,31,78,31,01F0979N>01F0956N,20260827,284,78,78.0
2026-08-27 23:45:00,01F0979N,01F0956N,31,77,28,01F0979N>01F0956N,20260827,285,77,78.0
2026-08-27 23:50:00,01F0979N,01F0956N,31,79,24,01F0979N>01F0956N,20260827,286,79,79.0
2026-08-27 23:55:00,01F0979N,01F0956N,31,78,26,01F0979N>01F0956N,20260827,287,78,77.33333333333333
2026-08-28 00:00:00,01F0979N,01F0956N,31,78,27,01F0979N>01F0956N,20260828,0,78,78.0
2026-08-28 00:05:00,01F0979N,01F0956N,31,79,29,01F0979N>01F0956N,20260828,1,79,78.33333333333333
2026-08-28 00:10:00,01F0979N,01F0956N,31,79,35,01F0979N>01F0956N,20260828,2,79,78.0
2026-08-28 00:15:00,01F0979N,01F0956N,31,81,34,01F0979N>01F0956N,20260828,3,81,78.33333333333333
2026-08-28 00:20:00,01F0979N,01F0956N,31,76,20,01F0979N>01F0956N,20260828,4,76,77.66666666666667
2026-08-28 00:25:00,01F0979N,01F0956N,31,77,25,01F0979N>01F0956N,20260828,5,77,77.33333333333333
2026-08-28 00:30:00,01F0979N,01F0956N,31,77,21,01F0979N>01F0956N,20260828,6,77,78.0
2026-08-28 00:35:00,01F0979N,01F0956N,31,78,22,01F0979N>01F0956N,20260828,7,78,78.33333333333333
2026-08-28 00:40:00,01F0979N,01F0956N,31,77,20,01F0979N>01F0956N,20260828,8,77,78.33333333333333
2026-08-28 00:45:00,01F0979N,01F0956N,31,78,29,01F0979N>01F0956N,20260828,9,78,77.33333333333333
2026-08-28 00:50:00,01F0979N,01F0956N,31,78,30,01F0979N>01F0956N,20260828,10,78,77.66666666666667
2026-08-28 00:55:00,01F0979N,01F0956N,31,78,24,01F0979N>01F0956N,20260828,11,78,78.66666666666667
2026-08-28 01:00:00,01F0979N,01F0956N,31,77,19,01F0979N>01F0956N,20260828,12,77,77.33333333333333
2026-08-28 01:05:00,01F0979N,01F0956N,31,76,18,01F0979N>01F0956N,20260828,13,76,77.0
2026-08-28 01:10:00,01F0979N,01F0956N,31,80,16,01F0979N>01F0956N,20260828,14,80,77.33333333333333
2026-08-28 01:15:00,01F0979N,01F0956N,31,76,16,01F0979N>01F0956N,20260828,15,76,78.0
2026-08-28 01:20:00,01F0979N,01F0956N,31,79,19,01F0979N>01F0956N,20260828,16,79,79.66666666666667
2026-08-28 01:25:00,01F0979N,01F0956N,31,72,13,01F0979N>01F0956N,20260828,17,72,75.66666666666667
2026-08-28 01:30:00,01F0979N,01F0956N,31,74,10,01F0979N>01F0956N,20260828,18,74,76.66666666666667
2026-08-28 01:35:00,01F0979N,01F0956N,31,75,20,01F0979N>01F0956N,20260828,19,75,77.0
2026-08-28 01:40:00,01F0979N,01F0956N,31,77,15,01F0979N>01F0956N,20260828,20,77,76.33333333333333
2026-08-28 01:45:00,01F0979N,01F0956N,31,77,18,01F0979N>01F0956N,20260828,21,77,76.66666666666667
2026-08-28 01:50:00,01F0979N,01F0956N,31,77,13,01F0979N>01F0956N,20260828,22,77,77.0
2026-08-28 01:55:00,01F0979N,01F0956N,31,78,13,01F0979N>01F0956N,20260828,23,78,77.66666666666667
2026-08-28 02:00:00,01F0979N,01F0956N,31,80,17,01F0979N>01F0956N,20260828,24,80,78.33333333333333
2026-08-28 02:05:00,01F0979N,01F0956N,31,75,17,01F0979N>01F0956N,20260828,25,75,79.0
2026-08-28 02:10:00,01F0979N,01F0956N,31,78,13,01F0979N>01F0956N,20260828,26,78,77.33333333333333
2026-08-28 02:15:00,01F0979N,01F0956N,31,77,20,01F0979N>01F0956N,20260828,27,77,77.0
2026-08-28 02:20:00,01F0979N,01F0956N,31,78,16,01F0979N>01F0956N,20260828,28,78,78.0
2026-08-28 02:25:00,01F0979N,01F0956N,31,78,15,01F0979N>01F0956N,20260828,29,78,79.66666666666667
2026-08-28 02:30:00,01F0979N,01F0956N,31,77,20,01F0979N>01F0956N,20260828,30,77,78.66666666666667
2026-08-28 02:35:00,01F0979N,01F0956N,31,79,17,01F0979N>01F0956N,20260828,31,79,77.33333333333333
2026-08-28 02:40:00,01F0979N,01F0956N,31,76,13,01F0979N>01F0956N,20260828,32,76,78.66666666666667
2026-08-28 02:45:00,01F0979N,01F0956N,31,75,10,01F0979N>01F0956N,20260828,33,75,76.33333333333333
2026-08-28 02:50:00,01F0979N,01F0956N,31,76,32,01F0979N>01F0956N,20260828,34,76,78.0
2026-08-28 02:55:00,01F0979N,01F0956N,31,77,23,01F0979N>01F0956N,20260828,35,77,76.33333333333333
2026-08-28 03:00:00,01F0979N,01F0956N,31,77,15,01F0979N>01F0956N,20260828,36,77,77.66666666666667
2026-08-28 03:05:00,01F0979N,01F0956N,31,76,18,01F0979N>01F0956N,20260828,37,76,75.66666666666667
2026-08-28 03:10:00,01F0979N,01F0956N,31,75,16,01F0979N>01F0956N,20260828,38,75,77.0
2026-08-28 03:15:00,01F0979N,01F0956N,31,75,26,01F0979N>01F0956N,20260828,39,75,76.66666666666667
2026-08-28 03:20:00,01F0979N,01F0956N,31,76,19,01F0979N>01F0956N,20260828,40,76,77.0
2026-08-28 03:25:00,01F0979N,01F0956N,31,78,23,01F0979N>01F0956N,20260828,41,78,78.33333333333333
2026-08-28 03:30:00,01F0979N,01F0956N,31,78,28,01F0979N>01F0956N,20260828,42,78,78.0
2026-08-28 03:35:00,01F0979N,01F0956N,31,78,22,01F0979N>01F0956N,20260828,43,78,77.33333333333333
2026-08-28 03:40:00,01F0979N,01F0956N,31,77,20,01F0979N>01F0956N,20260828,44,77,76.33333333333333
2026-08-28 03:45:00,01F0979N,01F0956N,31,77,30,01F0979N>01F0956N,20260828,45,77,77.0
2026-08-28 03:50:00,01F0979N,01F0956N,31,76,27,01F0979N>01F0956N,20260828,46,76,75.66666666666667
2026-08-28 03:55:00,01F0979N,01F0956N,31,77,29,01F0979N>01F0956N,20260828,47,77,76.66666666666667
2026-08-28 04:00:00,01F0979N,01F0956N,31,77,21,01F0979N>01F0956N,20260828,48,77,75.33333333333333
2026-08-28 04:05:00,01F0979N,01F0956N,31,79,47,01F0979N>01F0956N,20260828,49,79,77.33333333333333
2026-08-28 04:10:00,01F0979N,01F0956N,31,76,28,01F0979N>01F0956N,20260828,50,76,76.33333333333333
2026-08-28 04:15:00,01F0979N,01F0956N,31,77,36,01F0979N>01F0956N,20260828,51,77,77.0
2026-08-28 04:20:00,01F0979N,01F0956N,31,77,21,01F0979N>01F0956N,20260828,52,77,77.33333333333333
2026-08-28 04:25:00,01F0979N,01F0956N,31,79,29,01F0979N>01F0956N,20260828,53,79,78.33333333333333
2026-08-28 04:30:00,01F0979N,01F0956N,31,77,34,01F0979N>01F0956N,20260828,54,77,77.0
2026-08-28 04:35:00,01F0979N,01F0956N,31,78,33,01F0979N>01F0956N,20260828,55,78,78.33333333333333
2026-08-28 04:40:00,01F0979N,01F0956N,31,76,26,01F0979N>01F0956N,20260828,56,76,76.66666666666667
2026-08-28 04:45:00,01F0979N,01F0956N,31,76,35,01F0979N>01F0956N,20260828,57,76,76.0
2026-08-28 04:50:00,01F0979N,01F0956N,31,76,35,01F0979N>01F0956N,20260828,58,76,76.0
2026-08-28 04:55:00,01F0979N,01F0956N,31,77,34,01F0979N>01F0956N,20260828,59,77,77.33333333333333
2026-08-28 05:00:00,01F0979N,01F0956N,31,78,30,01F0979N>01F0956N,20260828,60,78,77.33333333333333
2026-08-28 05:05:00,01F0979N,01F0956N,31,77,28,01F0979N>01F0956N,20260828,61,77,76.66666666666667
2026-08-28 05:10:00,01F0979N,01F0956N,31,76,28,01F0979N>01F0956N,20260828,62,76,76.66666666666667
2026-08-28 05:15:00,01F0979N,01F0956N,31,75,37,01F0979N>01F0956N,20260828,63,75,75.66666666666667
2026-08-28 05:20:00,01F0979N,01F0956N,31,76,41,01F0979N>01F0956N,20260828,64,76,76.66666666666667
2026-08-28 05:25:00,01F0979N,01F0956N,31,77,33,01F0979N>01F0956N,20260828,65,77,77.66666666666667
2026-08-28 05:30:00,01F0979N,01F0956N,31,77,38,01F0979N>01F0956N,20260828,66,77,76.0
2026-08-28 05:35:00,01F0979N,01F0956N,31,77,32,01F0979N>01F0956N,20260828,67,77,76.66666666666667
2026-08-28 05:40:00,01F0979N,01F0956N,31,79,46,01F0979N>01F0956N,20260828,68,79,77.0
2026-08-28 05:45:00,01F0979N,01F0956N,31,76,38,01F0979N>01F0956N,20260828,69,76,76.0
2026-08-28 05:50:00,01F0979N,01F0956N,31,76,46,01F0979N>01F0956N,20260828,70,76,76.66666666666667
2026-08-28 05:55:00,01F0979N,01F0956N,31,76,56,01F0979N>01F0956N,20260828,71,76,76.33333333333333
2026-08-28 06:00:00,01F0979N,01F0956N,31,77,88,01F0979N>01F0956N,20260828,72,77,76.33333333333333
2026-08-28 06:05:00,01F0979N,01F0956N,31,77,69,01F0979N>01F0956N,20260828,73,77,76.66666666666667
2026-08-28 06:10:00,01F0979N,01F0956N,31,76,60,01F0979N>01F0956N,20260828,74,76,77.66666666666667
2026-08-28 06:15:00,01F0979N,01F0956N,31,77,81,01F0979N>01F0956N,20260828,75,77,77.0
2026-08-28 06:20:00,01F0979N,01F0956N,31,78,91,01F0979N>01F0956N,20260828,76,78,79.0
2026-08-28 06:25:00,01F0979N,01F0956N,31,78,107,01F0979N>01F0956N,20260828,77,78,79.66666666666667
2026-08-28 06:30:00,01F0979N,01F0956N,31,80,117,01F0979N>01F0956N,20260828,78,80,79.33333333333333
2026-08-28 06:35:00,01F0979N,01F0956N,31,79,112,01F0979N>01F0956N,20260828,79,79,80.66666666666667
2026-08-28 06:40:00,01F0979N,01F0956N,31,80,114,01F0979N>01F0956N,20260828,80,80,80.66666666666667
2026-08-28 06:45:00,01F0979N,01F0956N,31,80,130,01F0979N>01F0956N,20260828,81,80,82.33333333333333
2026-08-28 06:50:00,01F0979N,01F0956N,31,82,165,01F0979N>01F0956N,20260828,82,82,84.33333333333333
2026-08-28 06:55:00,01F0979N,01F0956N,31,81,159,01F0979N>01F0956N,20260828,83,81,82.33333333333333
2026-08-28 07:00:00,01F0979N,01F0956N,31,85,174,01F0979N>01F0956N,20260828,84,85,87.0
2026-08-28 07:05:00,01F0979N,01F0956N,31,83,142,01F0979N>01F0956N,20260828,85,83,85.0
2026-08-28 07:10:00,01F0979N,01F0956N,31,84,149,01F0979N>01F0956N,20260828,86,84,84.0
2026-08-28 07:15:00,01F0979N,01F0956N,31,87,171,01F0979N>01F0956N,20260828,87,87,86.33333333333333
2026-08-28 07:20:00,01F0979N,01F0956N,31,84,159,01F0979N>01F0956N,20260828,88,84,84.66666666666667
2026-08-28 07:25:00,01F0979N,01F0956N,31,83,151,01F0979N>01F0956N,20260828,89,83,83.33333333333333
2026-08-28 07:30:00,01F0979N,01F0956N,31,86,136,01F0979N>01F0956N,20260828,90,86,85.0
2026-08-28 07:35:00,01F0979N,01F0956N,31,83,145,01F0979N>01F0956N,20260828,91,83,85.66666666666667
2026-08-28 07:40:00,01F0979N,01F0956N,31,87,128,01F0979N>01F0956N,20260828,92,87,86.33333333333333
2026-08-28 07:45:00,01F0979N,01F0956N,31,82,116,01F0979N>01F0956N,20260828,93,82,84.0
2026-08-28 07:50:00,01F0979N,01F0956N,31,85,147,01F0979N>01F0956N,20260828,94,85,87.0
2026-08-28 07:55:00,01F0979N,01F0956N,31,84,109,01F0979N>01F0956N,20260828,95,84,85.33333333333333
2026-08-28 08:00:00,01F0979N,01F0956N,31,85,125,01F0979N>01F0956N,20260828,96,85,86.0
2026-08-28 08:05:00,01F0979N,01F0956N,31,82,138,01F0979N>01F0956N,20260828,97,82,83.33333333333333
2026-08-28 08:10:00,01F0979N,01F0956N,31,86,136,01F0979N>01F0956N,20260828,98,86,85.0
2026-08-28 08:15:00,01F0979N,01F0956N,31,86,124,01F0979N>01F0956N,20260828,99,86,85.66666666666667
2026-08-28 08:20:00,01F0979N,01F0956N,31,87,123,01F0979N>01F0956N,20260828,100,87,87.33333333333333
2026-08-28 08:25:00,01F0979N,01F0956N,31,87,128,01F0979N>01F0956N,20260828,101,87,87.0
2026-08-28 08:30:00,01F0979N,01F0956N,31,94,156,01F0979N>01F0956N,20260828,102,94,89.33333333333333
2026-08-28 08:35:00,01F0979N,01F0956N,31,105,175,01F0979N>01F0956N,20260828,103,105,94.33333333333333
2026-08-28 08:40:00,01F0979N,01F0956N,31,112,169,01F0979N>01F0956N,20260828,104,112,96.66666666666667
2026-08-28 08:45:00,01F0979N,01F0956N,31,107,171,01F0979N>01F0956N,20260828,105,107,96.66666666666667
2026-08-28 08:50:00,01F0979N,01F0956N,31,82,141,01F0979N>01F0956N,20260828,106,82,96.33333333333333
2026-08-28 08:55:00,01F0979N,01F0956N,31,84,151,01F0979N>01F0956N,20260828,107,84,102.33333333333333
2026-08-28 09:00:00,01F0979N,01F0956N,31,84,120,01F0979N>01F0956N,20260828,108,84,98.0
2026-08-28 09:05:00,01F0979N,01F0956N,31,81,123,01F0979N>01F0956N,20260828,109,81,90.33333333333333
2026-08-28 09:10:00,01F0979N,01F0956N,31,84,135,01F0979N>01F0956N,20260828,110,84,92.66666666666667
2026-08-28 09:15:00,01F0979N,01F0956N,31,87,136,01F0979N>01F0956N,20260828,111,87,96.0
2026-08-28 09:20:00,01F0979N,01F0956N,31,85,150,01F0979N>01F0956N,20260828,112,85,92.33333333333333
2026-08-28 09:25:00,01F0979N,01F0956N,31,85,135,01F0979N>01F0956N,20260828,113,85,85.66666666666667
2026-08-28 09:30:00,01F0979N,01F0956N,31,86,143,01F0979N>01F0956N,20260828,114,86,85.33333333333333
2026-08-28 09:35:00,01F0979N,01F0956N,31,88,174,01F0979N>01F0956N,20260828,115,88,86.33333333333333
2026-08-28 09:40:00,01F0979N,01F0956N,31,86,142,01F0979N>01F0956N,20260828,116,86,86.0
2026-08-28 09:45:00,01F0979N,01F0956N,31,83,137,01F0979N>01F0956N,20260828,117,83,85.33333333333333
2026-08-28 09:50:00,01F0979N,01F0956N,31,85,130,01F0979N>01F0956N,20260828,118,85,84.66666666666667
2026-08-28 09:55:00,01F0979N,01F0956N,31,84,142,01F0979N>01F0956N,20260828,119,84,84.66666666666667
2026-08-28 10:00:00,01F0979N,01F0956N,31,83,136,01F0979N>01F0956N,20260828,120,83,84.33333333333333
2026-08-28 10:05:00,01F0979N,01F0956N,31,86,151,01F0979N>01F0956N,20260828,121,86,85.33333333333333
2026-08-28 10:10:00,01F0979N,01F0956N,31,86,142,01F0979N>01F0956N,20260828,122,86,84.66666666666667
2026-08-28 10:15:00,01F0979N,01F0956N,31,86,138,01F0979N>01F0956N,20260828,123,86,84.66666666666667
2026-08-28 10:20:00,01F0979N,01F0956N,31,83,137,01F0979N>01F0956N,20260828,124,83,84.0
2026-08-28 10:25:00,01F0979N,01F0956N,31,84,138,01F0979N>01F0956N,20260828,125,84,86.0
2026-08-28 10:30:00,01F0979N,01F0956N,31,87,136,01F0979N>01F0956N,20260828,126,87,85.66666666666667
2026-08-28 10:35:00,01F0979N,01F0956N,31,85,136,01F0979N>01F0956N,20260828,127,85,86.0
2026-08-28 10:40:00,01F0979N,01F0956N,31,84,143,01F0979N>01F0956N,20260828,128,84,85.0
2026-08-28 10:45:00,01F0979N,01F0956N,31,83,143,01F0979N>01F0956N,20260828,129,83,84.66666666666667
2026-08-28 10:50:00,01F0979N,01F0956N,31,84,153,01F0979N>01F0956N,20260828,130,84,83.0
2026-08-28 10:55:00,01F0979N,01F0956N,31,83,146,01F0979N>01F0956N,20260828,131,83,84.33333333333333
2026-08-28 11:00:00,01F0979N,01F0956N,31,79,130,01F0979N>01F0956N,20260828,132,79,81.66666666666667
2026-08-28 11:05:00,01F0979N,01F0956N,31,83,134,01F0979N>01F0956N,20260828,133,83,83.33333333333333
2026-08-28 11:10:00,01F0979N,01F0956N,31,84,145,01F0979N>01F0956N,20260828,134,84,83.66666666666667
2026-08-28 11:15:00,01F0979N,01F0956N,31,83,146,01F0979N>01F0956N,20260828,135,83,82.66666666666667
2026-08-28 11:20:00,01F0979N,01F0956N,31,86,146,01F0979N>01F0956N,20260828,136,86,84.0
2026-08-28 11:25:00,01F0979N,01F0956N,31,83,154,01F0979N>01F0956N,20260828,137,83,83.66666666666667
2026-08-28 11:30:00,01F0979N,01F0956N,31,82,154,01F0979N>01F0956N,20260828,138,82,83.0
2026-08-28 11:35:00,01F0979N,01F0956N,31,84,146,01F0979N>01F0956N,20260828,139,84,83.66666666666667
2026-08-28 11:40:00,01F0979N,01F0956N,31,84,160,01F0979N>01F0956N,20260828,140,84,83.0
2026-08-28 11:45:00,01F0979N,01F0956N,31,83,122,01F0979N>01F0956N,20260828,141,83,82.33333333333333
2026-08-28 11:50:00,01F0979N,01F0956N,31,84,144,01F0979N>01F0956N,20260828,142,84,84.33333333333333
2026-08-28 11:55:00,01F0979N,01F0956N,31,83,143,01F0979N>01F0956N,20260828,143,83,83.0
2026-08-28 12:00:00,01F0979N,01F0956N,31,83,139,01F0979N>01F0956N,20260828,144,83,82.66666666666667
2026-08-28 12:05:00,01F0979N,01F0956N,31,85,145,01F0979N>01F0956N,20260828,145,85,83.0
2026-08-28 12:10:00,01F0979N,01F0956N,31,83,137,01F0979N>01F0956N,20260828,146,83,82.66666666666667
2026-08-28 12:15:00,01F0979N,01F0956N,31,86,145,01F0979N>01F0956N,20260828,147,86,85.0
2026-08-28 12:20:00,01F0979N,01F0956N,31,85,155,01F0979N>01F0956N,20260828,148,85,85.0
2026-08-28 12:25:00,01F0979N,01F0956N,31,83,130,01F0979N>01F0956N,20260828,149,83,83.0
2026-08-28 12:30:00,01F0979N,01F0956N,31,85,158,01F0979N>01F0956N,20260828,150,85,84.0
2026-08-28 12:35:00,01F0979N,01F0956N,31,84,147,01F0979N>01F0956N,20260828,151,84,83.0
2026-08-28 12:40:00,01F0979N,01F0956N,31,83,133,01F0979N>01F0956N,20260828,152,83,83.33333333333333
2026-08-28 12:45:00,01F0979N,01F0956N,31,84,138,01F0979N>01F0956N,20260828,153,84,83.0
2026-08-28 12:50:00,01F0979N,01F0956N,31,83,142,01F0979N>01F0956N,20260828,154,83,83.66666666666667
2026-08-28 12:55:00,01F0979N,01F0956N,31,83,154,01F0979N>01F0956N,20260828,155,83,83.33333333333333
2026-08-28 13:00:00,01F0979N,01F0956N,31,85,145,01F0979N>01F0956N,20260828,156,85,83.66666666666667
2026-08-28 13:05:00,01F0979N,01F0956N,31,84,156,01F0979N>01F0956N,20260828,157,84,84.33333333333333
2026-08-28 13:10:00,01F0979N,01F0956N,31,84,165,01F0979N>01F0956N,20260828,158,84,83.0
2026-08-28 13:15:00,01F0979N,01F0956N,31,84,145,01F0979N>01F0956N,20260828,159,84,92.33333333333333
2026-08-28 13:20:00,01F0979N,01F0956N,31,84,163,01F0979N>01F0956N,20260828,160,84,85.0
2026-08-28 13:25:00,01F0979N,01F0956N,31,88,168,01F0979N>01F0956N,20260828,161,88,86.0
2026-08-28 13:30:00,01F0979N,01F0956N,31,84,163,01F0979N>01F0956N,20260828,162,84,83.0
2026-08-28 13:35:00,01F0979N,01F0956N,31,83,141,01F0979N>01F0956N,20260828,163,83,84.33333333333333
2026-08-28 13:40:00,01F0979N,01F0956N,31,87,153,01F0979N>01F0956N,20260828,164,87,84.66666666666667
2026-08-28 13:45:00,01F0979N,01F0956N,31,85,145,01F0979N>01F0956N,20260828,165,85,85.33333333333333
2026-08-28 13:50:00,01F0979N,01F0956N,31,86,160,01F0979N>01F0956N,20260828,166,86,84.66666666666667
2026-08-28 13:55:00,01F0979N,01F0956N,31,83,133,01F0979N>01F0956N,20260828,167,83,82.66666666666667
2026-08-28 14:00:00,01F0979N,01F0956N,31,84,144,01F0979N>01F0956N,20260828,168,84,87.33333333333333
2026-08-28 14:05:00,01F0979N,01F0956N,31,84,157,01F0979N>01F0956N,20260828,169,84,90.66666666666667
2026-08-28 14:10:00,01F0979N,01F0956N,31,88,149,01F0979N>01F0956N,20260828,170,88,92.66666666666667
2026-08-28 14:15:00,01F0979N,01F0956N,31,87,167,01F0979N>01F0956N,20260828,171,87,85.66666666666667
2026-08-28 14:20:00,01F0979N,01F0956N,31,83,146,01F0979N>01F0956N,20260828,172,83,85.0
2026-08-28 14:25:00,01F0979N,01F0956N,31,86,133,01F0979N>01F0956N,20260828,173,86,84.66666666666667
2026-08-28 14:30:00,01F0979N,01F0956N,31,87,165,01F0979N>01F0956N,20260828,174,87,85.66666666666667
2026-08-28 14:35:00,01F0979N,01F0956N,31,87,146,01F0979N>01F0956N,20260828,175,87,86.66666666666667
2026-08-28 14:40:00,01F0979N,01F0956N,31,88,179,01F0979N>01F0956N,20260828,176,88,85.66666666666667
2026-08-28 14:45:00,01F0979N,01F0956N,31,84,153,01F0979N>01F0956N,20260828,177,84,84.33333333333333
2026-08-28 14:50:00,01F0979N,01F0956N,31,86,135,01F0979N>01F0956N,20260828,178,86,85.33333333333333
2026-08-28 14:55:00,01F0979N,01F0956N,31,87,144,01F0979N>01F0956N,20260828,179,87,84.33333333333333
2026-08-28 15:00:00,01F0979N,01F0956N,31,85,149,01F0979N>01F0956N,20260828,180,85,85.0
2026-08-28 15:05:00,01F0979N,01F0956N,31,86,139,01F0979N>01F0956N,20260828,181,86,84.0
2026-08-28 15:10:00,01F0979N,01F0956N,31,82,125,01F0979N>01F0956N,20260828,182,82,84.0
2026-08-28 15:15:00,01F0979N,01F0956N,31,85,128,01F0979N>01F0956N,20260828,183,85,84.0
2026-08-28 15:20:00,01F0979N,01F0956N,31,88,168,01F0979N>01F0956N,20260828,184,88,86.66666666666667
2026-08-28 15:25:00,01F0979N,01F0956N,31,85,151,01F0979N>01F0956N,20260828,185,85,85.33333333333333
2026-08-28 15:30:00,01F0979N,01F0956N,31,89,157,01F0979N>01F0956N,20260828,186,89,86.66666666666667
2026-08-28 15:35:00,01F0979N,01F0956N,31,93,172,01F0979N>01F0956N,20260828,187,93,90.66666666666667
2026-08-28 15:40:00,01F0979N,01F0956N,31,100,143,01F0979N>01F0956N,20260828,188,100,131.66666666666666
2026-08-28 15:45:00,01F0979N,01F0956N,31,120,170,01F0979N>01F0956N,20260828,189,120,117.0
2026-08-28 15:50:00,01F0979N,01F0956N,31,120,162,01F0979N>01F0956N,20260828,190,120,111.33333333333333
2026-08-28 15:55:00,01F0979N,01F0956N,31,109,165,01F0979N>01F0956N,20260828,191,109,101.0
2026-08-28 16:00:00,01F0979N,01F0956N,31,125,155,01F0979N>01F0956N,20260828,192,125,110.0
2026-08-28 16:05:00,01F0979N,01F0956N,31,117,160,01F0979N>01F0956N,20260828,193,117,99.0
2026-08-28 16:10:00,01F0979N,01F0956N,31,148,158,01F0979N>01F0956N,20260828,194,148,109.0
2026-08-28 16:15:00,01F0979N,01F0956N,31,136,190,01F0979N>01F0956N,20260828,195,136,103.0
2026-08-28 16:20:00,01F0979N,01F0956N,31,140,174,01F0979N>01F0956N,20260828,196,140,105.66666666666667
2026-08-28 16:25:00,01F0979N,01F0956N,31,149,167,01F0979N>01F0956N,20260828,197,149,108.66666666666667
2026-08-28 16:30:00,01F0979N,01F0956N,31,162,185,01F0979N>01F0956N,20260828,198,162,118.0
2026-08-28 16:35:00,01F0979N,01F0956N,31,130,201,01F0979N>01F0956N,20260828,199,130,101.66666666666667
2026-08-28 16:40:00,01F0979N,01F0956N,31,101,147,01F0979N>01F0956N,20260828,200,101,91.66666666666667
2026-08-28 16:45:00,01F0979N,01F0956N,31,101,211,01F0979N>01F0956N,20260828,201,101,91.33333333333333
2026-08-28 16:50:00,01F0979N,01F0956N,31,100,178,01F0979N>01F0956N,20260828,202,100,98.33333333333333
2026-08-28 16:55:00,01F0979N,01F0956N,31,94,167,01F0979N>01F0956N,20260828,203,94,97.33333333333333
2026-08-28 17:00:00,01F0979N,01F0956N,31,100,160,01F0979N>01F0956N,20260828,204,100,101.0
2026-08-28 17:05:00,01F0979N,01F0956N,31,94,200,01F0979N>01F0956N,20260828,205,94,98.33333333333333
2026-08-28 17:10:00,01F0979N,01F0956N,31,85,150,01F0979N>01F0956N,20260828,206,85,88.33333333333333
2026-08-28 17:15:00,01F0979N,01F0956N,31,87,193,01F0979N>01F0956N,20260828,207,87,88.66666666666667
2026-08-28 17:20:00,01F0979N,01F0956N,31,86,162,01F0979N>01F0956N,20260828,208,86,89.66666666666667
2026-08-28 17:25:00,01F0979N,01F0956N,31,90,179,01F0979N>01F0956N,20260828,209,90,89.0
2026-08-28 17:30:00,01F0979N,01F0956N,31,90,187,01F0979N>01F0956N,20260828,210,90,90.0
2026-08-28 17:35:00,01F0979N,01F0956N,31,107,199,01F0979N>01F0956N,20260828,211,107,95.33333333333333
2026-08-28 17:40:00,01F0979N,01F0956N,31,97,199,01F0979N>01F0956N,20260828,212,97,94.66666666666667
2026-08-28 17:45:00,01F0979N,01F0956N,31,88,182,01F0979N>01F0956N,20260828,213,88,92.66666666666667
2026-08-28 17:50:00,01F0979N,01F0956N,31,93,207,01F0979N>01F0956N,20260828,214,93,101.0
2026-08-28 17:55:00,01F0979N,01F0956N,31,118,196,01F0979N>01F0956N,20260828,215,118,122.66666666666667
2026-08-28 18:00:00,01F0979N,01F0956N,31,126,199,01F0979N>01F0956N,20260828,216,126,128.66666666666666
2026-08-28 18:05:00,01F0979N,01F0956N,31,141,200,01F0979N>01F0956N,20260828,217,141,138.66666666666666
2026-08-28 18:10:00,01F0979N,01F0956N,31,174,199,01F0979N>01F0956N,20260828,218,174,143.33333333333334
2026-08-28 18:15:00,01F0979N,01F0956N,31,192,199,01F0979N>01F0956N,20260828,219,192,151.66666666666666
2026-08-28 18:20:00,01F0979N,01F0956N,31,186,204,01F0979N>01F0956N,20260828,220,186,135.66666666666666
2026-08-28 18:25:00,01F0979N,01F0956N,31,203,204,01F0979N>01F0956N,20260828,221,203,132.33333333333334
2026-08-28 18:30:00,01F0979N,01F0956N,31,203,190,01F0979N>01F0956N,20260828,222,203,133.0
2026-08-28 18:35:00,01F0979N,01F0956N,31,196,198,01F0979N>01F0956N,20260828,223,196,129.0
2026-08-28 18:40:00,01F0979N,01F0956N,31,172,210,01F0979N>01F0956N,20260828,224,172,125.66666666666667
2026-08-28 18:45:00,01F0979N,01F0956N,31,130,177,01F0979N>01F0956N,20260828,225,130,108.33333333333333
2026-08-28 18:50:00,01F0979N,01F0956N,31,110,202,01F0979N>01F0956N,20260828,226,110,96.66666666666667
2026-08-28 18:55:00,01F0979N,01F0956N,31,98,193,01F0979N>01F0956N,20260828,227,98,95.33333333333333
2026-08-28 19:00:00,01F0979N,01F0956N,31,116,223,01F0979N>01F0956N,20260828,228,116,101.0
2026-08-28 19:05:00,01F0979N,01F0956N,31,122,189,01F0979N>01F0956N,20260828,229,122,99.33333333333333
2026-08-28 19:10:00,01F0979N,01F0956N,31,132,173,01F0979N>01F0956N,20260828,230,132,103.0
2026-08-28 19:15:00,01F0979N,01F0956N,31,92,188,01F0979N>01F0956N,20260828,231,92,89.33333333333333
2026-08-28 19:20:00,01F0979N,01F0956N,31,96,175,01F0979N>01F0956N,20260828,232,96,91.66666666666667
2026-08-28 19:25:00,01F0979N,01F0956N,31,97,169,01F0979N>01F0956N,20260828,233,97,90.66666666666667
2026-08-28 19:30:00,01F0979N,01F0956N,31,89,165,01F0979N>01F0956N,20260828,234,89,87.0
2026-08-28 19:35:00,01F0979N,01F0956N,31,88,138,01F0979N>01F0956N,20260828,235,88,85.0
2026-08-28 19:40:00,01F0979N,01F0956N,31,85,156,01F0979N>01F0956N,20260828,236,85,84.66666666666667
2026-08-28 19:45:00,01F0979N,01F0956N,31,86,145,01F0979N>01F0956N,20260828,237,86,83.66666666666667
2026-08-28 19:50:00,01F0979N,01F0956N,31,85,144,01F0979N>01F0956N,20260828,238,85,85.0
2026-08-28 19:55:00,01F0979N,01F0956N,31,87,153,01F0979N>01F0956N,20260828,239,87,84.33333333333333
2026-08-28 20:00:00,01F0979N,01F0956N,31,83,153,01F0979N>01F0956N,20260828,240,83,84.66666666666667
2026-08-28 20:05:00,01F0979N,01F0956N,31,86,164,01F0979N>01F0956N,20260828,241,86,83.66666666666667
2026-08-28 20:10:00,01F0979N,01F0956N,31,83,135,01F0979N>01F0956N,20260828,242,83,84.33333333333333
2026-08-28 20:15:00,01F0979N,01F0956N,31,83,120,01F0979N>01F0956N,20260828,243,83,83.0
2026-08-28 20:20:00,01F0979N,01F0956N,31,82,162,01F0979N>01F0956N,20260828,244,82,83.0
2026-08-28 20:25:00,01F0979N,01F0956N,31,83,160,01F0979N>01F0956N,20260828,245,83,83.66666666666667
2026-08-28 20:30:00,01F0979N,01F0956N,31,83,152,01F0979N>01F0956N,20260828,246,83,83.0
2026-08-28 20:35:00,01F0979N,01F0956N,31,83,136,01F0979N>01F0956N,20260828,247,83,84.0
2026-08-28 20:40:00,01F0979N,01F0956N,31,84,160,01F0979N>01F0956N,20260828,248,84,81.66666666666667
2026-08-28 20:45:00,01F0979N,01F0956N,31,84,148,01F0979N>01F0956N,20260828,249,84,85.0
2026-08-28 20:50:00,01F0979N,01F0956N,31,84,159,01F0979N>01F0956N,20260828,250,84,81.66666666666667
2026-08-28 20:55:00,01F0979N,01F0956N,31,81,127,01F0979N>01F0956N,20260828,251,81,81.66666666666667
2026-08-28 21:00:00,01F0979N,01F0956N,31,84,149,01F0979N>01F0956N,20260828,252,84,83.66666666666667
2026-08-28 21:05:00,01F0979N,01F0956N,31,81,141,01F0979N>01F0956N,20260828,253,81,81.33333333333333
2026-08-28 21:10:00,01F0979N,01F0956N,31,81,145,01F0979N>01F0956N,20260828,254,81,81.33333333333333
2026-08-28 21:15:00,01F0979N,01F0956N,31,86,150,01F0979N>01F0956N,20260828,255,86,82.66666666666667
2026-08-28 21:20:00,01F0979N,01F0956N,31,80,108,01F0979N>01F0956N,20260828,256,80,81.0
2026-08-28 21:25:00,01F0979N,01F0956N,31,81,120,01F0979N>01F0956N,20260828,257,81,80.66666666666667
2026-08-28 21:30:00,01F0979N,01F0956N,31,82,138,01F0979N>01F0956N,20260828,258,82,80.66666666666667
2026-08-28 21:35:00,01F0979N,01F0956N,31,82,129,01F0979N>01F0956N,20260828,259,82,80.66666666666667
2026-08-28 21:40:00,01F0979N,01F0956N,31,82,114,01F0979N>01F0956N,20260828,260,82,81.0
2026-08-28 21:45:00,01F0979N,01F0956N,31,83,117,01F0979N>01F0956N,20260828,261,83,80.33333333333333
2026-08-28 21:50:00,01F0979N,01F0956N,31,81,113,01F0979N>01F0956N,20260828,262,81,80.33333333333333
2026-08-28 21:55:00,01F0979N,01F0956N,31,81,120,01F0979N>01F0956N,20260828,263,81,82.66666666666667
2026-08-28 22:00:00,01F0979N,01F0956N,31,81,115,01F0979N>01F0956N,20260828,264,81,80.66666666666667
2026-08-28 22:05:00,01F0979N,01F0956N,31,83,122,01F0979N>01F0956N,20260828,265,83,81.0
2026-08-28 22:10:00,01F0979N,01F0956N,31,80,106,01F0979N>01F0956N,20260828,266,80,79.66666666666667
2026-08-28 22:15:00,01F0979N,01F0956N,31,83,88,01F0979N>01F0956N,20260828,267,83,80.0
2026-08-28 22:20:00,01F0979N,01F0956N,31,83,113,01F0979N>01F0956N,20260828,268,83,81.33333333333333
2026-08-28 22:25:00,01F0979N,01F0956N,31,80,103,01F0979N>01F0956N,20260828,269,80,80.33333333333333
2026-08-28 22:30:00,01F0979N,01F0956N,31,81,125,01F0979N>01F0956N,20260828,270,81,80.33333333333333
2026-08-28 22:35:00,01F0979N,01F0956N,31,85,83,01F0979N>01F0956N,20260828,271,85,82.0
2026-08-28 22:40:00,01F0979N,01F0956N,31,82,93,01F0979N>01F0956N,20260828,272,82,80.33333333333333
2026-08-28 22:45:00,01F0979N,01F0956N,31,81,112,01F0979N>01F0956N,20260828,273,81,80.33333333333333
2026-08-28 22:50:00,01F0979N,01F0956N,31,81,97,01F0979N>01F0956N,20260828,274,81,80.0
2026-08-28 22:55:00,01F0979N,01F0956N,31,80,98,01F0979N>01F0956N,20260828,275,80,78.66666666666667
2026-08-28 23:00:00,01F0979N,01F0956N,31,80,92,01F0979N>01F0956N,20260828,276,80,79.66666666666667
2026-08-28 23:05:00,01F0979N,01F0956N,31,79,98,01F0979N>01F0956N,20260828,277,79,78.66666666666667
2026-08-28 23:10:00,01F0979N,01F0956N,31,79,84,01F0979N>01F0956N,20260828,278,79,79.33333333333333
2026-08-28 23:15:00,01F0979N,01F0956N,31,80,81,01F0979N>01F0956N,20260828,279,80,79.66666666666667
2026-08-28 23:20:00,01F0979N,01F0956N,31,80,67,01F0979N>01F0956N,20260828,280,80,79.33333333333333
2026-08-28 23:25:00,01F0979N,01F0956N,31,79,74,01F0979N>01F0956N,20260828,281,79,78.66666666666667
2026-08-28 23:30:00,01F0979N,01F0956N,31,79,55,01F0979N>01F0956N,20260828,282,79,80.33333333333333
2026-08-28 23:35:00,01F0979N,01F0956N,31,78,61,01F0979N>01F0956N,20260828,283,78,78.33333333333333
2026-08-28 23:40:00,01F0979N,01F0956N,31,79,62,01F0979N>01F0956N,20260828,284,79,78.0
2026-08-28 23:45:00,01F0979N,01F0956N,31,80,60,01F0979N>01F0956N,20260828,285,80,78.0
2026-08-28 23:50:00,01F0979N,01F0956N,31,79,69,01F0979N>01F0956N,20260828,286,79,79.0
2026-08-28 23:55:00,01F0979N,01F0956N,31,77,53,01F0979N>01F0956N,20260828,287,77,77.33333333333333
2026-08-31 00:00:00,01F0979N,01F0956N,31,79,74,01F0979N>01F0956N,20260831,0,79,78.0
2026-08-31 00:05:00,01F0979N,01F0956N,31,78,74,01F0979N>01F0956N,20260831,1,78,78.33333333333333
2026-08-31 00:10:00,01F0979N,01F0956N,31,77,62,01F0979N>01F0956N,20260831,2,77,78.0
2026-08-31 00:15:00,01F0979N,01F0956N,31,77,60,01F0979N>01F0956N,20260831,3,77,78.33333333333333
2026-08-31 00:20:00,01F0979N,01F0956N,31,79,54,01F0979N>01F0956N,20260831,4,79,77.66666666666667
2026-08-31 00:25:00,01F0979N,01F0956N,31,76,44,01F0979N>01F0956N,20260831,5,76,77.33333333333333
2026-08-31 00:30:00,01F0979N,01F0956N,31,79,53,01F0979N>01F0956N,20260831,6,79,78.0
2026-08-31 00:35:00,01F0979N,01F0956N,31,78,51,01F0979N>01F0956N,20260831,7,78,78.33333333333333
2026-08-31 00:40:00,01F0979N,01F0956N,31,77,52,01F0979N>01F0956N,20260831,8,77,78.33333333333333
2026-08-31 00:45:00,01F0979N,01F0956N,31,78,44,01F0979N>01F0956N,20260831,9,78,77.33333333333333
2026-08-31 00:50:00,01F0979N,01F0956N,31,76,40,01F0979N>01F0956N,20260831,10,76,77.66666666666667
2026-08-31 00:55:00,01F0979N,01F0956N,31,78,51,01F0979N>01F0956N,20260831,11,78,78.66666666666667
2026-08-31 01:00:00,01F0979N,01F0956N,31,78,38,01F0979N>01F0956N,20260831,12,78,77.33333333333333
2026-08-31 01:05:00,01F0979N,01F0956N,31,78,27,01F0979N>01F0956N,20260831,13,78,77.0
2026-08-31 01:10:00,01F0979N,01F0956N,31,76,41,01F0979N>01F0956N,20260831,14,76,77.33333333333333
2026-08-31 01:15:00,01F0979N,01F0956N,31,77,33,01F0979N>01F0956N,20260831,15,77,78.0
2026-08-31 01:20:00,01F0979N,01F0956N,31,76,41,01F0979N>01F0956N,20260831,16,76,79.66666666666667
2026-08-31 01:25:00,01F0979N,01F0956N,31,75,28,01F0979N>01F0956N,20260831,17,75,75.66666666666667
2026-08-31 01:30:00,01F0979N,01F0956N,31,76,25,01F0979N>01F0956N,20260831,18,76,76.66666666666667
2026-08-31 01:35:00,01F0979N,01F0956N,31,78,33,01F0979N>01F0956N,20260831,19,78,77.0
2026-08-31 01:40:00,01F0979N,01F0956N,31,75,23,01F0979N>01F0956N,20260831,20,75,76.33333333333333
2026-08-31 01:45:00,01F0979N,01F0956N,31,75,26,01F0979N>01F0956N,20260831,21,75,76.66666666666667
2026-08-31 01:50:00,01F0979N,01F0956N,31,73,30,01F0979N>01F0956N,20260831,22,73,77.0
2026-08-31 01:55:00,01F0979N,01F0956N,31,76,20,01F0979N>01F0956N,20260831,23,76,77.66666666666667
2026-08-31 02:00:00,01F0979N,01F0956N,31,78,16,01F0979N>01F0956N,20260831,24,78,78.33333333333333
2026-08-31 02:05:00,01F0979N,01F0956N,31,81,17,01F0979N>01F0956N,20260831,25,81,79.0
2026-08-31 02:10:00,01F0979N,01F0956N,31,76,19,01F0979N>01F0956N,20260831,26,76,77.33333333333333
2026-08-31 02:15:00,01F0979N,01F0956N,31,78,20,01F0979N>01F0956N,20260831,27,78,77.0
2026-08-31 02:20:00,01F0979N,01F0956N,31,76,19,01F0979N>01F0956N,20260831,28,76,78.0
2026-08-31 02:25:00,01F0979N,01F0956N,31,82,19,01F0979N>01F0956N,20260831,29,82,79.66666666666667
2026-08-31 02:30:00,01F0979N,01F0956N,31,80,14,01F0979N>01F0956N,20260831,30,80,78.66666666666667
2026-08-31 02:35:00,01F0979N,01F0956N,31,77,25,01F0979N>01F0956N,20260831,31,77,77.33333333333333
2026-08-31 02:40:00,01F0979N,01F0956N,31,81,22,01F0979N>01F0956N,20260831,32,81,78.66666666666667
2026-08-31 02:45:00,01F0979N,01F0956N,31,77,16,01F0979N>01F0956N,20260831,33,77,76.33333333333333
2026-08-31 02:50:00,01F0979N,01F0956N,31,78,26,01F0979N>01F0956N,20260831,34,78,78.0
2026-08-31 02:55:00,01F0979N,01F0956N,31,77,30,01F0979N>01F0956N,20260831,35,77,76.33333333333333
2026-08-31 03:00:00,01F0979N,01F0956N,31,75,29,01F0979N>01F0956N,20260831,36,75,77.66666666666667
2026-08-31 03:05:00,01F0979N,01F0956N,31,75,24,01F0979N>01F0956N,20260831,37,75,75.66666666666667
2026-08-31 03:10:00,01F0979N,01F0956N,31,78,18,01F0979N>01F0956N,20260831,38,78,77.0
2026-08-31 03:15:00,01F0979N,01F0956N,31,76,21,01F0979N>01F0956N,20260831,39,76,76.66666666666667
2026-08-31 03:20:00,01F0979N,01F0956N,31,77,15,01F0979N>01F0956N,20260831,40,77,77.0
2026-08-31 03:25:00,01F0979N,01F0956N,31,80,15,01F0979N>01F0956N,20260831,41,80,78.33333333333333
2026-08-31 03:30:00,01F0979N,01F0956N,31,80,17,01F0979N>01F0956N,20260831,42,80,78.0
2026-08-31 03:35:00,01F0979N,01F0956N,31,77,17,01F0979N>01F0956N,20260831,43,77,77.33333333333333
2026-08-31 03:40:00,01F0979N,01F0956N,31,75,20,01F0979N>01F0956N,20260831,44,75,76.33333333333333
2026-08-31 03:45:00,01F0979N,01F0956N,31,75,17,01F0979N>01F0956N,20260831,45,75,77.0
2026-08-31 03:50:00,01F0979N,01F0956N,31,74,30,01F0979N>01F0956N,20260831,46,74,75.66666666666667
2026-08-31 03:55:00,01F0979N,01F0956N,31,77,23,01F0979N>01F0956N,20260831,47,77,76.66666666666667
2026-08-31 04:00:00,01F0979N,01F0956N,31,75,21,01F0979N>01F0956N,20260831,48,75,75.33333333333333
2026-08-31 04:05:00,01F0979N,01F0956N,31,77,26,01F0979N>01F0956N,20260831,49,77,77.33333333333333
2026-08-31 04:10:00,01F0979N,01F0956N,31,75,28,01F0979N>01F0956N,20260831,50,75,76.33333333333333
2026-08-31 04:15:00,01F0979N,01F0956N,31,78,30,01F0979N>01F0956N,20260831,51,78,77.0
2026-08-31 04:20:00,01F0979N,01F0956N,31,79,36,01F0979N>01F0956N,20260831,52,79,77.33333333333333
2026-08-31 04:25:00,01F0979N,01F0956N,31,80,27,01F0979N>01F0956N,20260831,53,80,78.33333333333333
2026-08-31 04:30:00,01F0979N,01F0956N,31,77,47,01F0979N>01F0956N,20260831,54,77,77.0
2026-08-31 04:35:00,01F0979N,01F0956N,31,80,29,01F0979N>01F0956N,20260831,55,80,78.33333333333333
2026-08-31 04:40:00,01F0979N,01F0956N,31,79,21,01F0979N>01F0956N,20260831,56,79,76.66666666666667
2026-08-31 04:45:00,01F0979N,01F0956N,31,77,40,01F0979N>01F0956N,20260831,57,77,76.0
2026-08-31 04:50:00,01F0979N,01F0956N,31,76,26,01F0979N>01F0956N,20260831,58,76,76.0
2026-08-31 04:55:00,01F0979N,01F0956N,31,79,45,01F0979N>01F0956N,20260831,59,79,77.33333333333333
2026-08-31 05:00:00,01F0979N,01F0956N,31,77,46,01F0979N>01F0956N,20260831,60,77,77.33333333333333
2026-08-31 05:05:00,01F0979N,01F0956N,31,78,32,01F0979N>01F0956N,20260831,61,78,76.66666666666667
2026-08-31 05:10:00,01F0979N,01F0956N,31,76,49,01F0979N>01F0956N,20260831,62,76,76.66666666666667
2026-08-31 05:15:00,01F0979N,01F0956N,31,76,59,01F0979N>01F0956N,20260831,63,76,75.66666666666667
2026-08-31 05:20:00,01F0979N,01F0956N,31,77,59,01F0979N>01F0956N,20260831,64,77,76.66666666666667
2026-08-31 05:25:00,01F0979N,01F0956N,31,79,68,01F0979N>01F0956N,20260831,65,79,77.66666666666667
2026-08-31 05:30:00,01F0979N,01F0956N,31,77,63,01F0979N>01F0956N,20260831,66,77,76.0
2026-08-31 05:35:00,01F0979N,01F0956N,31,76,57,01F0979N>01F0956N,20260831,67,76,76.66666666666667
2026-08-31 05:40:00,01F0979N,01F0956N,31,76,73,01F0979N>01F0956N,20260831,68,76,77.0
2026-08-31 05:45:00,01F0979N,01F0956N,31,77,79,01F0979N>01F0956N,20260831,69,77,76.0
2026-08-31 05:50:00,01F0979N,01F0956N,31,78,75,01F0979N>01F0956N,20260831,70,78,76.66666666666667
2026-08-31 05:55:00,01F0979N,01F0956N,31,77,99,01F0979N>01F0956N,20260831,71,77,76.33333333333333
2026-08-31 06:00:00,01F0979N,01F0956N,31,77,97,01F0979N>01F0956N,20260831,72,77,76.33333333333333
2026-08-31 06:05:00,01F0979N,01F0956N,31,77,102,01F0979N>01F0956N,20260831,73,77,76.66666666666667
2026-08-31 06:10:00,01F0979N,01F0956N,31,79,121,01F0979N>01F0956N,20260831,74,79,77.66666666666667
2026-08-31 06:15:00,01F0979N,01F0956N,31,78,136,01F0979N>01F0956N,20260831,75,78,77.0
2026-08-31 06:20:00,01F0979N,01F0956N,31,81,150,01F0979N>01F0956N,20260831,76,81,79.0
2026-08-31 06:25:00,01F0979N,01F0956N,31,82,171,01F0979N>01F0956N,20260831,77,82,79.66666666666667
2026-08-31 06:30:00,01F0979N,01F0956N,31,80,151,01F0979N>01F0956N,20260831,78,80,79.33333333333333
2026-08-31 06:35:00,01F0979N,01F0956N,31,83,149,01F0979N>01F0956N,20260831,79,83,80.66666666666667
2026-08-31 06:40:00,01F0979N,01F0956N,31,83,149,01F0979N>01F0956N,20260831,80,83,80.66666666666667
2026-08-31 06:45:00,01F0979N,01F0956N,31,87,190,01F0979N>01F0956N,20260831,81,87,82.33333333333333
2026-08-31 06:50:00,01F0979N,01F0956N,31,86,177,01F0979N>01F0956N,20260831,82,86,84.33333333333333
2026-08-31 06:55:00,01F0979N,01F0956N,31,85,183,01F0979N>01F0956N,20260831,83,85,82.33333333333333
2026-08-31 07:00:00,01F0979N,01F0956N,31,90,207,01F0979N>01F0956N,20260831,84,90,87.0
2026-08-31 07:05:00,01F0979N,01F0956N,31,90,163,01F0979N>01F0956N,20260831,85,90,85.0
2026-08-31 07:10:00,01F0979N,01F0956N,31,86,184,01F0979N>01F0956N,20260831,86,86,84.0
2026-08-31 07:15:00,01F0979N,01F0956N,31,87,184,01F0979N>01F0956N,20260831,87,87,86.33333333333333
2026-08-31 07:20:00,01F0979N,01F0956N,31,86,169,01F0979N>01F0956N,20260831,88,86,84.66666666666667
2026-08-31 07:25:00,01F0979N,01F0956N,31,85,157,01F0979N>01F0956N,20260831,89,85,83.33333333333333
2026-08-31 07:30:00,01F0979N,01F0956N,31,87,174,01F0979N>01F0956N,20260831,90,87,85.0
2026-08-31 07:35:00,01F0979N,01F0956N,31,88,129,01F0979N>01F0956N,20260831,91,88,85.66666666666667
2026-08-31 07:40:00,01F0979N,01F0956N,31,88,146,01F0979N>01F0956N,20260831,92,88,86.33333333333333
2026-08-31 07:45:00,01F0979N,01F0956N,31,86,127,01F0979N>01F0956N,20260831,93,86,84.0
2026-08-31 07:50:00,01F0979N,01F0956N,31,87,138,01F0979N>01F0956N,20260831,94,87,87.0
2026-08-31 07:55:00,01F0979N,01F0956N,31,87,139,01F0979N>01F0956N,20260831,95,87,85.33333333333333
2026-08-31 08:00:00,01F0979N,01F0956N,31,87,133,01F0979N>01F0956N,20260831,96,87,86.0
2026-08-31 08:05:00,01F0979N,01F0956N,31,84,117,01F0979N>01F0956N,20260831,97,84,83.33333333333333
2026-08-31 08:10:00,01F0979N,01F0956N,31,83,154,01F0979N>01F0956N,20260831,98,83,85.0
2026-08-31 08:15:00,01F0979N,01F0956N,31,86,142,01F0979N>01F0956N,20260831,99,86,85.66666666666667
2026-08-31 08:20:00,01F0979N,01F0956N,31,86,130,01F0979N>01F0956N,20260831,100,86,87.33333333333333
2026-08-31 08:25:00,01F0979N,01F0956N,31,87,130,01F0979N>01F0956N,20260831,101,87,87.0
2026-08-31 08:30:00,01F0979N,01F0956N,31,87,134,01F0979N>01F0956N,20260831,102,87,89.33333333333333
2026-08-31 08:35:00,01F0979N,01F0956N,31,87,144,01F0979N>01F0956N,20260831,103,87,94.33333333333333
2026-08-31 08:40:00,01F0979N,01F0956N,31,91,157,01F0979N>01F0956N,20260831,104,91,96.66666666666667
2026-08-31 08:45:00,01F0979N,01F0956N,31,93,164,01F0979N>01F0956N,20260831,105,93,96.66666666666667
2026-08-31 08:50:00,01F0979N,01F0956N,31,111,179,01F0979N>01F0956N,20260831,106,111,96.33333333333333
2026-08-31 08:55:00,01F0979N,01F0956N,31,111,175,01F0979N>01F0956N,20260831,107,111,102.33333333333333
2026-08-31 09:00:00,01F0979N,01F0956N,31,113,163,01F0979N>01F0956N,20260831,108,113,98.0
2026-08-31 09:05:00,01F0979N,01F0956N,31,109,170,01F0979N>01F0956N,20260831,109,109,90.33333333333333
2026-08-31 09:10:00,01F0979N,01F0956N,31,111,143,01F0979N>01F0956N,20260831,110,111,92.66666666666667
2026-08-31 09:15:00,01F0979N,01F0956N,31,117,123,01F0979N>01F0956N,20260831,111,117,96.0
2026-08-31 09:20:00,01F0979N,01F0956N,31,107,167,01F0979N>01F0956N,20260831,112,107,92.33333333333333
2026-08-31 09:25:00,01F0979N,01F0956N,31,85,151,01F0979N>01F0956N,20260831,113,85,85.66666666666667
2026-08-31 09:30:00,01F0979N,01F0956N,31,87,151,01F0979N>01F0956N,20260831,114,87,85.33333333333333
2026-08-31 09:35:00,01F0979N,01F0956N,31,86,151,01F0979N>01F0956N,20260831,115,86,86.33333333333333
2026-08-31 09:40:00,01F0979N,01F0956N,31,87,151,01F0979N>01F0956N,20260831,116,87,86.0
2026-08-31 09:45:00,01F0979N,01F0956N,31,87,166,01F0979N>01F0956N,20260831,117,87,85.33333333333333
2026-08-31 09:50:00,01F0979N,01F0956N,31,86,156,01F0979N>01F0956N,20260831,118,86,84.66666666666667
2026-08-31 09:55:00,01F0979N,01F0956N,31,84,134,01F0979N>01F0956N,20260831,119,84,84.66666666666667
2026-08-31 10:00:00,01F0979N,01F0956N,31,87,156,01F0979N>01F0956N,20260831,120,87,84.33333333333333
2026-08-31 10:05:00,01F0979N,01F0956N,31,85,152,01F0979N>01F0956N,20260831,121,85,85.33333333333333
2026-08-31 10:10:00,01F0979N,01F0956N,31,84,140,01F0979N>01F0956N,20260831,122,84,84.66666666666667
2026-08-31 10:15:00,01F0979N,01F0956N,31,85,120,01F0979N>01F0956N,20260831,123,85,84.66666666666667
2026-08-31 10:20:00,01F0979N,01F0956N,31,86,139,01F0979N>01F0956N,20260831,124,86,84.0
2026-08-31 10:25:00,01F0979N,01F0956N,31,88,154,01F0979N>01F0956N,20260831,125,88,86.0
2026-08-31 10:30:00,01F0979N,01F0956N,31,87,133,01F0979N>01F0956N,20260831,126,87,85.66666666666667
2026-08-31 10:35:00,01F0979N,01F0956N,31,89,146,01F0979N>01F0956N,20260831,127,89,86.0
2026-08-31 10:40:00,01F0979N,01F0956N,31,86,127,01F0979N>01F0956N,20260831,128,86,85.0
2026-08-31 10:45:00,01F0979N,01F0956N,31,86,150,01F0979N>01F0956N,20260831,129,86,84.66666666666667
2026-08-31 10:50:00,01F0979N,01F0956N,31,84,148,01F0979N>01F0956N,20260831,130,84,83.0
2026-08-31 10:55:00,01F0979N,01F0956N,31,82,135,01F0979N>01F0956N,20260831,131,82,84.33333333333333
2026-08-31 11:00:00,01F0979N,01F0956N,31,84,163,01F0979N>01F0956N,20260831,132,84,81.66666666666667
2026-08-31 11:05:00,01F0979N,01F0956N,31,84,146,01F0979N>01F0956N,20260831,133,84,83.33333333333333
2026-08-31 11:10:00,01F0979N,01F0956N,31,84,143,01F0979N>01F0956N,20260831,134,84,83.66666666666667
2026-08-31 11:15:00,01F0979N,01F0956N,31,83,138,01F0979N>01F0956N,20260831,135,83,82.66666666666667
2026-08-31 11:20:00,01F0979N,01F0956N,31,84,121,01F0979N>01F0956N,20260831,136,84,84.0
2026-08-31 11:25:00,01F0979N,01F0956N,31,85,153,01F0979N>01F0956N,20260831,137,85,83.66666666666667
2026-08-31 11:30:00,01F0979N,01F0956N,31,83,128,01F0979N>01F0956N,20260831,138,83,83.0
2026-08-31 11:35:00,01F0979N,01F0956N,31,84,129,01F0979N>01F0956N,20260831,139,84,83.66666666666667
2026-08-31 11:40:00,01F0979N,01F0956N,31,83,136,01F0979N>01F0956N,20260831,140,83,83.0
2026-08-31 11:45:00,01F0979N,01F0956N,31,82,124,01F0979N>01F0956N,20260831,141,82,82.33333333333333
2026-08-31 11:50:00,01F0979N,01F0956N,31,84,152,01F0979N>01F0956N,20260831,142,84,84.33333333333333
2026-08-31 11:55:00,01F0979N,01F0956N,31,83,128,01F0979N>01F0956N,20260831,143,83,83.0
2026-08-31 12:00:00,01F0979N,01F0956N,31,83,140,01F0979N>01F0956N,20260831,144,83,82.66666666666667
2026-08-31 12:05:00,01F0979N,01F0956N,31,83,117,01F0979N>01F0956N,20260831,145,83,83.0
2026-08-31 12:10:00,01F0979N,01F0956N,31,82,132,01F0979N>01F0956N,20260831,146,82,82.66666666666667
2026-08-31 12:15:00,01F0979N,01F0956N,31,84,122,01F0979N>01F0956N,20260831,147,84,85.0
2026-08-31 12:20:00,01F0979N,01F0956N,31,83,158,01F0979N>01F0956N,20260831,148,83,85.0
2026-08-31 12:25:00,01F0979N,01F0956N,31,84,146,01F0979N>01F0956N,20260831,149,84,83.0
2026-08-31 12:30:00,01F0979N,01F0956N,31,82,116,01F0979N>01F0956N,20260831,150,82,84.0
2026-08-31 12:35:00,01F0979N,01F0956N,31,82,128,01F0979N>01F0956N,20260831,151,82,83.0
2026-08-31 12:40:00,01F0979N,01F0956N,31,84,147,01F0979N>01F0956N,20260831,152,84,83.33333333333333
2026-08-31 12:45:00,01F0979N,01F0956N,31,84,115,01F0979N>01F0956N,20260831,153,84,83.0
2026-08-31 12:50:00,01F0979N,01F0956N,31,85,150,01F0979N>01F0956N,20260831,154,85,83.66666666666667
2026-08-31 12:55:00,01F0979N,01F0956N,31,85,143,01F0979N>01F0956N,20260831,155,85,83.33333333333333
2026-08-31 13:00:00,01F0979N,01F0956N,31,82,133,01F0979N>01F0956N,20260831,156,82,83.66666666666667
2026-08-31 13:05:00,01F0979N,01F0956N,31,83,148,01F0979N>01F0956N,20260831,157,83,84.33333333333333
2026-08-31 13:10:00,01F0979N,01F0956N,31,83,133,01F0979N>01F0956N,20260831,158,83,83.0
2026-08-31 13:15:00,01F0979N,01F0956N,31,83,135,01F0979N>01F0956N,20260831,159,83,92.33333333333333
2026-08-31 13:20:00,01F0979N,01F0956N,31,83,143,01F0979N>01F0956N,20260831,160,83,85.0
2026-08-31 13:25:00,01F0979N,01F0956N,31,86,139,01F0979N>01F0956N,20260831,161,86,86.0
2026-08-31 13:30:00,01F0979N,01F0956N,31,84,138,01F0979N>01F0956N,20260831,162,84,83.0
2026-08-31 13:35:00,01F0979N,01F0956N,31,84,130,01F0979N>01F0956N,20260831,163,84,84.33333333333333
2026-08-31 13:40:00,01F0979N,01F0956N,31,81,134,01F0979N>01F0956N,20260831,164,81,84.66666666666667
2026-08-31 13:45:00,01F0979N,01F0956N,31,85,144,01F0979N>01F0956N,20260831,165,85,85.33333333333333
2026-08-31 13:50:00,01F0979N,01F0956N,31,84,157,01F0979N>01F0956N,20260831,166,84,84.66666666666667
2026-08-31 13:55:00,01F0979N,01F0956N,31,83,123,01F0979N>01F0956N,20260831,167,83,82.66666666666667
2026-08-31 14:00:00,01F0979N,01F0956N,31,88,151,01F0979N>01F0956N,20260831,168,88,87.33333333333333
2026-08-31 14:05:00,01F0979N,01F0956N,31,84,126,01F0979N>01F0956N,20260831,169,84,90.66666666666667
2026-08-31 14:10:00,01F0979N,01F0956N,31,85,159,01F0979N>01F0956N,20260831,170,85,92.66666666666667
2026-08-31 14:15:00,01F0979N,01F0956N,31,84,150,01F0979N>01F0956N,20260831,171,84,85.66666666666667
2026-08-31 14:20:00,01F0979N,01F0956N,31,85,151,01F0979N>01F0956N,20260831,172,85,85.0
2026-08-31 14:25:00,01F0979N,01F0956N,31,85,153,01F0979N>01F0956N,20260831,173,85,84.66666666666667
2026-08-31 14:30:00,01F0979N,01F0956N,31,84,144,01F0979N>01F0956N,20260831,174,84,85.66666666666667
2026-08-31 14:35:00,01F0979N,01F0956N,31,87,157,01F0979N>01F0956N,20260831,175,87,86.66666666666667
2026-08-31 14:40:00,01F0979N,01F0956N,31,86,156,01F0979N>01F0956N,20260831,176,86,85.66666666666667
2026-08-31 14:45:00,01F0979N,01F0956N,31,85,148,01F0979N>01F0956N,20260831,177,85,84.33333333333333
2026-08-31 14:50:00,01F0979N,01F0956N,31,85,156,01F0979N>01F0956N,20260831,178,85,85.33333333333333
2026-08-31 14:55:00,01F0979N,01F0956N,31,83,139,01F0979N>01F0956N,20260831,179,83,84.33333333333333
2026-08-31 15:00:00,01F0979N,01F0956N,31,84,143,01F0979N>01F0956N,20260831,180,84,85.0
2026-08-31 15:05:00,01F0979N,01F0956N,31,83,164,01F0979N>01F0956N,20260831,181,83,84.0
2026-08-31 15:10:00,01F0979N,01F0956N,31,84,148,01F0979N>01F0956N,20260831,182,84,84.0
2026-08-31 15:15:00,01F0979N,01F0956N,31,83,145,01F0979N>01F0956N,20260831,183,83,84.0
2026-08-31 15:20:00,01F0979N,01F0956N,31,85,147,01F0979N>01F0956N,20260831,184,85,86.66666666666667
2026-08-31 15:25:00,01F0979N,01F0956N,31,87,163,01F0979N>01F0956N,20260831,185,87,85.33333333333333
2026-08-31 15:30:00,01F0979N,01F0956N,31,85,146,01F0979N>01F0956N,20260831,186,85,86.66666666666667
2026-08-31 15:35:00,01F0979N,01F0956N,31,90,113,01F0979N>01F0956N,20260831,187,90,90.66666666666667
2026-08-31 15:40:00,01F0979N,01F0956N,31,210,85,01F0979N>01F0956N,20260831,188,210,131.66666666666666
2026-08-31 15:45:00,01F0979N,01F0956N,31,144,170,01F0979N>01F0956N,20260831,189,144,117.0
2026-08-31 15:50:00,01F0979N,01F0956N,31,124,144,01F0979N>01F0956N,20260831,190,124,111.33333333333333
2026-08-31 15:55:00,01F0979N,01F0956N,31,104,137,01F0979N>01F0956N,20260831,191,104,101.0
2026-08-31 16:00:00,01F0979N,01F0956N,31,103,140,01F0979N>01F0956N,20260831,192,103,110.0
2026-08-31 16:05:00,01F0979N,01F0956N,31,90,146,01F0979N>01F0956N,20260831,193,90,99.0
2026-08-31 16:10:00,01F0979N,01F0956N,31,88,169,01F0979N>01F0956N,20260831,194,88,109.0
2026-08-31 16:15:00,01F0979N,01F0956N,31,84,160,01F0979N>01F0956N,20260831,195,84,103.0
2026-08-31 16:20:00,01F0979N,01F0956N,31,90,186,01F0979N>01F0956N,20260831,196,90,105.66666666666667
2026-08-31 16:25:00,01F0979N,01F0956N,31,88,172,01F0979N>01F0956N,20260831,197,88,108.66666666666667
2026-08-31 16:30:00,01F0979N,01F0956N,31,92,138,01F0979N>01F0956N,20260831,198,92,118.0
2026-08-31 16:35:00,01F0979N,01F0956N,31,91,166,01F0979N>01F0956N,20260831,199,91,101.66666666666667
2026-08-31 16:40:00,01F0979N,01F0956N,31,90,172,01F0979N>01F0956N,20260831,200,90,91.66666666666667
2026-08-31 16:45:00,01F0979N,01F0956N,31,88,165,01F0979N>01F0956N,20260831,201,88,91.33333333333333
2026-08-31 16:50:00,01F0979N,01F0956N,31,92,152,01F0979N>01F0956N,20260831,202,92,98.33333333333333
2026-08-31 16:55:00,01F0979N,01F0956N,31,91,167,01F0979N>01F0956N,20260831,203,91,97.33333333333333
2026-08-31 17:00:00,01F0979N,01F0956N,31,86,142,01F0979N>01F0956N,20260831,204,86,101.0
2026-08-31 17:05:00,01F0979N,01F0956N,31,90,152,01F0979N>01F0956N,20260831,205,90,98.33333333333333
2026-08-31 17:10:00,01F0979N,01F0956N,31,90,163,01F0979N>01F0956N,20260831,206,90,88.33333333333333
2026-08-31 17:15:00,01F0979N,01F0956N,31,90,145,01F0979N>01F0956N,20260831,207,90,88.66666666666667
2026-08-31 17:20:00,01F0979N,01F0956N,31,92,154,01F0979N>01F0956N,20260831,208,92,89.66666666666667
2026-08-31 17:25:00,01F0979N,01F0956N,31,90,167,01F0979N>01F0956N,20260831,209,90,89.0
2026-08-31 17:30:00,01F0979N,01F0956N,31,90,183,01F0979N>01F0956N,20260831,210,90,90.0
2026-08-31 17:35:00,01F0979N,01F0956N,31,92,180,01F0979N>01F0956N,20260831,211,92,95.33333333333333
2026-08-31 17:40:00,01F0979N,01F0956N,31,96,205,01F0979N>01F0956N,20260831,212,96,94.66666666666667
2026-08-31 17:45:00,01F0979N,01F0956N,31,91,188,01F0979N>01F0956N,20260831,213,91,92.66666666666667
2026-08-31 17:50:00,01F0979N,01F0956N,31,88,200,01F0979N>01F0956N,20260831,214,88,101.0
2026-08-31 17:55:00,01F0979N,01F0956N,31,87,158,01F0979N>01F0956N,20260831,215,87,122.66666666666667
2026-08-31 18:00:00,01F0979N,01F0956N,31,92,174,01F0979N>01F0956N,20260831,216,92,128.66666666666666
2026-08-31 18:05:00,01F0979N,01F0956N,31,96,192,01F0979N>01F0956N,20260831,217,96,138.66666666666666
2026-08-31 18:10:00,01F0979N,01F0956N,31,97,175,01F0979N>01F0956N,20260831,218,97,143.33333333333334
2026-08-31 18:15:00,01F0979N,01F0956N,31,90,169,01F0979N>01F0956N,20260831,219,90,151.66666666666666
2026-08-31 18:20:00,01F0979N,01F0956N,31,97,170,01F0979N>01F0956N,20260831,220,97,135.66666666666666
2026-08-31 18:25:00,01F0979N,01F0956N,31,94,193,01F0979N>01F0956N,20260831,221,94,132.33333333333334
2026-08-31 18:30:00,01F0979N,01F0956N,31,96,171,01F0979N>01F0956N,20260831,222,96,133.0
2026-08-31 18:35:00,01F0979N,01F0956N,31,97,178,01F0979N>01F0956N,20260831,223,97,129.0
2026-08-31 18:40:00,01F0979N,01F0956N,31,95,150,01F0979N>01F0956N,20260831,224,95,125.66666666666667
2026-08-31 18:45:00,01F0979N,01F0956N,31,93,147,01F0979N>01F0956N,20260831,225,93,108.33333333333333
2026-08-31 18:50:00,01F0979N,01F0956N,31,88,144,01F0979N>01F0956N,20260831,226,88,96.66666666666667
2026-08-31 18:55:00,01F0979N,01F0956N,31,91,150,01F0979N>01F0956N,20260831,227,91,95.33333333333333
2026-08-31 19:00:00,01F0979N,01F0956N,31,95,149,01F0979N>01F0956N,20260831,228,95,101.0
2026-08-31 19:05:00,01F0979N,01F0956N,31,88,159,01F0979N>01F0956N,20260831,229,88,99.33333333333333
2026-08-31 19:10:00,01F0979N,01F0956N,31,89,131,01F0979N>01F0956N,20260831,230,89,103.0
2026-08-31 19:15:00,01F0979N,01F0956N,31,84,112,01F0979N>01F0956N,20260831,231,84,89.33333333333333
2026-08-31 19:20:00,01F0979N,01F0956N,31,85,123,01F0979N>01F0956N,20260831,232,85,91.66666666666667
2026-08-31 19:25:00,01F0979N,01F0956N,31,87,158,01F0979N>01F0956N,20260831,233,87,90.66666666666667
2026-08-31 19:30:00,01F0979N,01F0956N,31,85,126,01F0979N>01F0956N,20260831,234,85,87.0
2026-08-31 19:35:00,01F0979N,01F0956N,31,83,125,01F0979N>01F0956N,20260831,235,83,85.0
2026-08-31 19:40:00,01F0979N,01F0956N,31,82,148,01F0979N>01F0956N,20260831,236,82,84.66666666666667
2026-08-31 19:45:00,01F0979N,01F0956N,31,82,127,01F0979N>01F0956N,20260831,237,82,83.66666666666667
2026-08-31 19:50:00,01F0979N,01F0956N,31,84,119,01F0979N>01F0956N,20260831,238,84,85.0
2026-08-31 19:55:00,01F0979N,01F0956N,31,83,113,01F0979N>01F0956N,20260831,239,83,84.33333333333333
2026-08-31 20:00:00,01F0979N,01F0956N,31,86,141,01F0979N>01F0956N,20260831,240,86,84.66666666666667
2026-08-31 20:05:00,01F0979N,01F0956N,31,82,127,01F0979N>01F0956N,20260831,241,82,83.66666666666667
2026-08-31 20:10:00,01F0979N,01F0956N,31,88,119,01F0979N>01F0956N,20260831,242,88,84.33333333333333
2026-08-31 20:15:00,01F0979N,01F0956N,31,82,117,01F0979N>01F0956N,20260831,243,82,83.0
2026-08-31 20:20:00,01F0979N,01F0956N,31,84,124,01F0979N>01F0956N,20260831,244,84,83.0
2026-08-31 20:25:00,01F0979N,01F0956N,31,87,112,01F0979N>01F0956N,20260831,245,87,83.66666666666667
2026-08-31 20:30:00,01F0979N,01F0956N,31,83,109,01F0979N>01F0956N,20260831,246,83,83.0
2026-08-31 20:35:00,01F0979N,01F0956N,31,85,123,01F0979N>01F0956N,20260831,247,85,84.0
2026-08-31 20:40:00,01F0979N,01F0956N,31,81,78,01F0979N>01F0956N,20260831,248,81,81.66666666666667
2026-08-31 20:45:00,01F0979N,01F0956N,31,86,115,01F0979N>01F0956N,20260831,249,86,85.0
2026-08-31 20:50:00,01F0979N,01F0956N,31,81,87,01F0979N>01F0956N,20260831,250,81,81.66666666666667
2026-08-31 20:55:00,01F0979N,01F0956N,31,82,93,01F0979N>01F0956N,20260831,251,82,81.66666666666667
2026-08-31 21:00:00,01F0979N,01F0956N,31,85,106,01F0979N>01F0956N,20260831,252,85,83.66666666666667
2026-08-31 21:05:00,01F0979N,01F0956N,31,81,97,01F0979N>01F0956N,20260831,253,81,81.33333333333333
2026-08-31 21:10:00,01F0979N,01F0956N,31,82,110,01F0979N>01F0956N,20260831,254,82,81.33333333333333
2026-08-31 21:15:00,01F0979N,01F0956N,31,81,92,01F0979N>01F0956N,20260831,255,81,82.66666666666667
2026-08-31 21:20:00,01F0979N,01F0956N,31,80,85,01F0979N>01F0956N,20260831,256,80,81.0
2026-08-31 21:25:00,01F0979N,01F0956N,31,79,80,01F0979N>01F0956N,20260831,257,79,80.66666666666667
2026-08-31 21:30:00,01F0979N,01F0956N,31,79,88,01F0979N>01F0956N,20260831,258,79,80.66666666666667
2026-08-31 21:35:00,01F0979N,01F0956N,31,79,64,01F0979N>01F0956N,20260831,259,79,80.66666666666667
2026-08-31 21:40:00,01F0979N,01F0956N,31,81,100,01F0979N>01F0956N,20260831,260,81,81.0
2026-08-31 21:45:00,01F0979N,01F0956N,31,80,68,01F0979N>01F0956N,20260831,261,80,80.33333333333333
2026-08-31 21:50:00,01F0979N,01F0956N,31,80,79,01F0979N>01F0956N,20260831,262,80,80.33333333333333
2026-08-31 21:55:00,01F0979N,01F0956N,31,85,83,01F0979N>01F0956N,20260831,263,85,82.66666666666667
2026-08-31 22:00:00,01F0979N,01F0956N,31,80,84,01F0979N>01F0956N,20260831,264,80,80.66666666666667
2026-08-31 22:05:00,01F0979N,01F0956N,31,81,87,01F0979N>01F0956N,20260831,265,81,81.0
2026-08-31 22:10:00,01F0979N,01F0956N,31,80,78,01F0979N>01F0956N,20260831,266,80,79.66666666666667
2026-08-31 22:15:00,01F0979N,01F0956N,31,80,79,01F0979N>01F0956N,20260831,267,80,80.0
2026-08-31 22:20:00,01F0979N,01F0956N,31,81,86,01F0979N>01F0956N,20260831,268,81,81.33333333333333
2026-08-31 22:25:00,01F0979N,01F0956N,31,80,50,01F0979N>01F0956N,20260831,269,80,80.33333333333333
2026-08-31 22:30:00,01F0979N,01F0956N,31,81,74,01F0979N>01F0956N,20260831,270,81,80.33333333333333
2026-08-31 22:35:00,01F0979N,01F0956N,31,82,56,01F0979N>01F0956N,20260831,271,82,82.0
2026-08-31 22:40:00,01F0979N,01F0956N,31,80,68,01F0979N>01F0956N,20260831,272,80,80.33333333333333
2026-08-31 22:45:00,01F0979N,01F0956N,31,79,72,01F0979N>01F0956N,20260831,273,79,80.33333333333333
2026-08-31 22:50:00,01F0979N,01F0956N,31,80,49,01F0979N>01F0956N,20260831,274,80,80.0
2026-08-31 22:55:00,01F0979N,01F0956N,31,79,64,01F0979N>01F0956N,20260831,275,79,78.66666666666667
2026-08-31 23:00:00,01F0979N,01F0956N,31,79,68,01F0979N>01F0956N,20260831,276,79,79.66666666666667
2026-08-31 23:05:00,01F0979N,01F0956N,31,79,57,01F0979N>01F0956N,20260831,277,79,78.66666666666667
2026-08-31 23:10:00,01F0979N,01F0956N,31,80,36,01F0979N>01F0956N,20260831,278,80,79.33333333333333
2026-08-31 23:15:00,01F0979N,01F0956N,31,79,47,01F0979N>01F0956N,20260831,279,79,79.66666666666667
2026-08-31 23:20:00,01F0979N,01F0956N,31,81,43,01F0979N>01F0956N,20260831,280,81,79.33333333333333
2026-08-31 23:25:00,01F0979N,01F0956N,31,78,38,01F0979N>01F0956N,20260831,281,78,78.66666666666667
2026-08-31 23:30:00,01F0979N,01F0956N,31,78,38,01F0979N>01F0956N,20260831,282,78,80.33333333333333
2026-08-31 23:35:00,01F0979N,01F0956N,31,78,39,01F0979N>01F0956N,20260831,283,78,78.33333333333333
2026-08-31 23:40:00,01F0979N,01F0956N,31,77,32,01F0979N>01F0956N,20260831,284,77,78.0
2026-08-31 23:45:00,01F0979N,01F0956N,31,77,34,01F0979N>01F0956N,20260831,285,77,78.0
2026-08-31 23:50:00,01F0979N,01F0956N,31,79,28,01F0979N>01F0956N,20260831,286,79,79.0
2026-08-31 23:55:00,01F0979N,01F0956N,31,77,31,01F0979N>01F0956N,20260831,287,77,77.33333333333333
2026-09-01 00:00:00,01F0979N,01F0956N,31,78,41,01F0979N>01F0956N,20260901,0,78,78.0
2026-09-01 00:05:00,01F0979N,01F0956N,31,78,24,01F0979N>01F0956N,20260901,1,78,78.33333333333333
2026-09-01 00:10:00,01F0979N,01F0956N,31,76,26,01F0979N>01F0956N,20260901,2,76,78.0
2026-09-01 00:15:00,01F0979N,01F0956N,31,79,19,01F0979N>01F0956N,20260901,3,79,78.33333333333333
2026-09-01 00:20:00,01F0979N,01F0956N,31,81,30,01F0979N>01F0956N,20260901,4,81,77.66666666666667
2026-09-01 00:25:00,01F0979N,01F0956N,31,79,27,01F0979N>01F0956N,20260901,5,79,77.33333333333333
2026-09-01 00:30:00,01F0979N,01F0956N,31,77,26,01F0979N>01F0956N,20260901,6,77,78.0
2026-09-01 00:35:00,01F0979N,01F0956N,31,77,31,01F0979N>01F0956N,20260901,7,77,78.33333333333333
2026-09-01 00:40:00,01F0979N,01F0956N,31,76,18,01F0979N>01F0956N,20260901,8,76,78.33333333333333
2026-09-01 00:45:00,01F0979N,01F0956N,31,76,22,01F0979N>01F0956N,20260901,9,76,77.33333333333333
2026-09-01 00:50:00,01F0979N,01F0956N,31,78,23,01F0979N>01F0956N,20260901,10,78,77.66666666666667
2026-09-01 00:55:00,01F0979N,01F0956N,31,77,19,01F0979N>01F0956N,20260901,11,77,78.66666666666667
2026-09-01 01:00:00,01F0979N,01F0956N,31,75,18,01F0979N>01F0956N,20260901,12,75,77.33333333333333
2026-09-01 01:05:00,01F0979N,01F0956N,31,82,15,01F0979N>01F0956N,20260901,13,82,77.0
2026-09-01 01:10:00,01F0979N,01F0956N,31,81,24,01F0979N>01F0956N,20260901,14,81,77.33333333333333
2026-09-01 01:15:00,01F0979N,01F0956N,31,74,20,01F0979N>01F0956N,20260901,15,74,78.0
2026-09-01 01:20:00,01F0979N,01F0956N,31,80,19,01F0979N>01F0956N,20260901,16,80,79.66666666666667
2026-09-01 01:25:00,01F0979N,01F0956N,31,77,14,01F0979N>01F0956N,20260901,17,77,75.66666666666667
2026-09-01 01:30:00,01F0979N,01F0956N,31,80,12,01F0979N>01F0956N,20260901,18,80,76.66666666666667
2026-09-01 01:35:00,01F0979N,01F0956N,31,77,19,01F0979N>01F0956N,20260901,19,77,77.0
2026-09-01 01:40:00,01F0979N,01F0956N,31,83,8,01F0979N>01F0956N,20260901,20,83,76.33333333333333
2026-09-01 01:45:00,01F0979N,01F0956N,31,81,15,01F0979N>01F0956N,20260901,21,81,76.66666666666667
2026-09-01 01:50:00,01F0979N,01F0956N,31,76,14,01F0979N>01F0956N,20260901,22,76,77.0
2026-09-01 01:55:00,01F0979N,01F0956N,31,79,17,01F0979N>01F0956N,20260901,23,79,77.66666666666667
2026-09-01 02:00:00,01F0979N,01F0956N,31,76,19,01F0979N>01F0956N,20260901,24,76,78.33333333333333
2026-09-01 02:05:00,01F0979N,01F0956N,31,82,14,01F0979N>01F0956N,20260901,25,82,79.0
2026-09-01 02:10:00,01F0979N,01F0956N,31,81,11,01F0979N>01F0956N,20260901,26,81,77.33333333333333
2026-09-01 02:15:00,01F0979N,01F0956N,31,79,21,01F0979N>01F0956N,20260901,27,79,77.0
2026-09-01 02:20:00,01F0979N,01F0956N,31,82,15,01F0979N>01F0956N,20260901,28,82,78.0
2026-09-01 02:25:00,01F0979N,01F0956N,31,76,11,01F0979N>01F0956N,20260901,29,76,79.66666666666667
2026-09-01 02:30:00,01F0979N,01F0956N,31,83,12,01F0979N>01F0956N,20260901,30,83,78.66666666666667
2026-09-01 02:35:00,01F0979N,01F0956N,31,84,12,01F0979N>01F0956N,20260901,31,84,77.33333333333333
2026-09-01 02:40:00,01F0979N,01F0956N,31,75,18,01F0979N>01F0956N,20260901,32,75,78.66666666666667
2026-09-01 02:45:00,01F0979N,01F0956N,31,77,11,01F0979N>01F0956N,20260901,33,77,76.33333333333333
2026-09-01 02:50:00,01F0979N,01F0956N,31,77,21,01F0979N>01F0956N,20260901,34,77,78.0
2026-09-01 02:55:00,01F0979N,01F0956N,31,78,15,01F0979N>01F0956N,20260901,35,78,76.33333333333333
2026-09-01 03:00:00,01F0979N,01F0956N,31,79,19,01F0979N>01F0956N,20260901,36,79,77.66666666666667
2026-09-01 03:05:00,01F0979N,01F0956N,31,75,17,01F0979N>01F0956N,20260901,37,75,75.66666666666667
2026-09-01 03:10:00,01F0979N,01F0956N,31,76,15,01F0979N>01F0956N,20260901,38,76,77.0
2026-09-01 03:15:00,01F0979N,01F0956N,31,77,22,01F0979N>01F0956N,20260901,39,77,76.66666666666667
2026-09-01 03:20:00,01F0979N,01F0956N,31,78,24,01F0979N>01F0956N,20260901,40,78,77.0
2026-09-01 03:25:00,01F0979N,01F0956N,31,79,17,01F0979N>01F0956N,20260901,41,79,78.33333333333333
2026-09-01 03:30:00,01F0979N,01F0956N,31,81,17,01F0979N>01F0956N,20260901,42,81,78.0
2026-09-01 03:35:00,01F0979N,01F0956N,31,75,14,01F0979N>01F0956N,20260901,43,75,77.33333333333333
2026-09-01 03:40:00,01F0979N,01F0956N,31,76,26,01F0979N>01F0956N,20260901,44,76,76.33333333333333
2026-09-01 03:45:00,01F0979N,01F0956N,31,80,29,01F0979N>01F0956N,20260901,45,80,77.0
2026-09-01 03:50:00,01F0979N,01F0956N,31,77,28,01F0979N>01F0956N,20260901,46,77,75.66666666666667
2026-09-01 03:55:00,01F0979N,01F0956N,31,74,17,01F0979N>01F0956N,20260901,47,74,76.66666666666667
2026-09-01 04:00:00,01F0979N,01F0956N,31,78,16,01F0979N>01F0956N,20260901,48,78,75.33333333333333
2026-09-01 04:05:00,01F0979N,01F0956N,31,77,23,01F0979N>01F0956N,20260901,49,77,77.33333333333333
2026-09-01 04:10:00,01F0979N,01F0956N,31,78,25,01F0979N>01F0956N,20260901,50,78,76.33333333333333
2026-09-01 04:15:00,01F0979N,01F0956N,31,77,24,01F0979N>01F0956N,20260901,51,77,77.0
2026-09-01 04:20:00,01F0979N,01F0956N,31,75,22,01F0979N>01F0956N,20260901,52,75,77.33333333333333
2026-09-01 04:25:00,01F0979N,01F0956N,31,76,34,01F0979N>01F0956N,20260901,53,76,78.33333333333333
2026-09-01 04:30:00,01F0979N,01F0956N,31,76,29,01F0979N>01F0956N,20260901,54,76,77.0
2026-09-01 04:35:00,01F0979N,01F0956N,31,77,29,01F0979N>01F0956N,20260901,55,77,78.33333333333333
2026-09-01 04:40:00,01F0979N,01F0956N,31,79,32,01F0979N>01F0956N,20260901,56,79,76.66666666666667
2026-09-01 04:45:00,01F0979N,01F0956N,31,78,28,01F0979N>01F0956N,20260901,57,78,76.0
2026-09-01 04:50:00,01F0979N,01F0956N,31,78,46,01F0979N>01F0956N,20260901,58,78,76.0
2026-09-01 04:55:00,01F0979N,01F0956N,31,75,25,01F0979N>01F0956N,20260901,59,75,77.33333333333333
2026-09-01 05:00:00,01F0979N,01F0956N,31,76,44,01F0979N>01F0956N,20260901,60,76,77.33333333333333
2026-09-01 05:05:00,01F0979N,01F0956N,31,79,30,01F0979N>01F0956N,20260901,61,79,76.66666666666667
2026-09-01 05:10:00,01F0979N,01F0956N,31,77,30,01F0979N>01F0956N,20260901,62,77,76.66666666666667
2026-09-01 05:15:00,01F0979N,01F0956N,31,77,34,01F0979N>01F0956N,20260901,63,77,75.66666666666667
2026-09-01 05:20:00,01F0979N,01F0956N,31,76,29,01F0979N>01F0956N,20260901,64,76,76.66666666666667
2026-09-01 05:25:00,01F0979N,01F0956N,31,79,52,01F0979N>01F0956N,20260901,65,79,77.66666666666667
2026-09-01 05:30:00,01F0979N,01F0956N,31,78,41,01F0979N>01F0956N,20260901,66,78,76.0
2026-09-01 05:35:00,01F0979N,01F0956N,31,78,50,01F0979N>01F0956N,20260901,67,78,76.66666666666667
2026-09-01 05:40:00,01F0979N,01F0956N,31,79,45,01F0979N>01F0956N,20260901,68,79,77.0
2026-09-01 05:45:00,01F0979N,01F0956N,31,76,43,01F0979N>01F0956N,20260901,69,76,76.0
2026-09-01 05:50:00,01F0979N,01F0956N,31,77,60,01F0979N>01F0956N,20260901,70,77,76.66666666666667
2026-09-01 05:55:00,01F0979N,01F0956N,31,76,84,01F0979N>01F0956N,20260901,71,76,76.33333333333333
2026-09-01 06:00:00,01F0979N,01F0956N,31,77,65,01F0979N>01F0956N,20260901,72,77,76.33333333333333
2026-09-01 06:05:00,01F0979N,01F0956N,31,76,69,01F0979N>01F0956N,20260901,73,76,76.66666666666667
2026-09-01 06:10:00,01F0979N,01F0956N,31,77,78,01F0979N>01F0956N,20260901,74,77,77.66666666666667
2026-09-01 06:15:00,01F0979N,01F0956N,31,79,96,01F0979N>01F0956N,20260901,75,79,77.0
2026-09-01 06:20:00,01F0979N,01F0956N,31,78,98,01F0979N>01F0956N,20260901,76,78,79.0
2026-09-01 06:25:00,01F0979N,01F0956N,31,80,95,01F0979N>01F0956N,20260901,77,80,79.66666666666667
2026-09-01 06:30:00,01F0979N,01F0956N,31,79,130,01F0979N>01F0956N,20260901,78,79,79.33333333333333
2026-09-01 06:35:00,01F0979N,01F0956N,31,80,113,01F0979N>01F0956N,20260901,79,80,80.66666666666667
2026-09-01 06:40:00,01F0979N,01F0956N,31,80,115,01F0979N>01F0956N,20260901,80,80,80.66666666666667
2026-09-01 06:45:00,01F0979N,01F0956N,31,80,129,01F0979N>01F0956N,20260901,81,80,82.33333333333333
2026-09-01 06:50:00,01F0979N,01F0956N,31,84,142,01F0979N>01F0956N,20260901,82,84,84.33333333333333
2026-09-01 06:55:00,01F0979N,01F0956N,31,87,160,01F0979N>01F0956N,20260901,83,87,82.33333333333333
2026-09-01 07:00:00,01F0979N,01F0956N,31,87,151,01F0979N>01F0956N,20260901,84,87,87.0
2026-09-01 07:05:00,01F0979N,01F0956N,31,89,159,01F0979N>01F0956N,20260901,85,89,85.0
2026-09-01 07:10:00,01F0979N,01F0956N,31,84,154,01F0979N>01F0956N,20260901,86,84,84.0
2026-09-01 07:15:00,01F0979N,01F0956N,31,85,171,01F0979N>01F0956N,20260901,87,85,86.33333333333333
2026-09-01 07:20:00,01F0979N,01F0956N,31,86,156,01F0979N>01F0956N,20260901,88,86,84.66666666666667
2026-09-01 07:25:00,01F0979N,01F0956N,31,83,141,01F0979N>01F0956N,20260901,89,83,83.33333333333333
2026-09-01 07:30:00,01F0979N,01F0956N,31,84,155,01F0979N>01F0956N,20260901,90,84,85.0
2026-09-01 07:35:00,01F0979N,01F0956N,31,85,132,01F0979N>01F0956N,20260901,91,85,85.66666666666667
2026-09-01 07:40:00,01F0979N,01F0956N,31,84,148,01F0979N>01F0956N,20260901,92,84,86.33333333333333
2026-09-01 07:45:00,01F0979N,01F0956N,31,82,123,01F0979N>01F0956N,20260901,93,82,84.0
2026-09-01 07:50:00,01F0979N,01F0956N,31,84,139,01F0979N>01F0956N,20260901,94,84,87.0
2026-09-01 07:55:00,01F0979N,01F0956N,31,86,113,01F0979N>01F0956N,20260901,95,86,85.33333333333333
2026-09-01 08:00:00,01F0979N,01F0956N,31,85,141,01F0979N>01F0956N,20260901,96,85,86.0
2026-09-01 08:05:00,01F0979N,01F0956N,31,84,134,01F0979N>01F0956N,20260901,97,84,83.33333333333333
2026-09-01 08:10:00,01F0979N,01F0956N,31,88,123,01F0979N>01F0956N,20260901,98,88,85.0
2026-09-01 08:15:00,01F0979N,01F0956N,31,85,118,01F0979N>01F0956N,20260901,99,85,85.66666666666667
2026-09-01 08:20:00,01F0979N,01F0956N,31,85,129,01F0979N>01F0956N,20260901,100,85,87.33333333333333
2026-09-01 08:25:00,01F0979N,01F0956N,31,86,119,01F0979N>01F0956N,20260901,101,86,87.0
2026-09-01 08:30:00,01F0979N,01F0956N,31,90,137,01F0979N>01F0956N,20260901,102,90,89.33333333333333
2026-09-01 08:35:00,01F0979N,01F0956N,31,90,121,01F0979N>01F0956N,20260901,103,90,94.33333333333333
2026-09-01 08:40:00,01F0979N,01F0956N,31,95,164,01F0979N>01F0956N,20260901,104,95,96.66666666666667
2026-09-01 08:45:00,01F0979N,01F0956N,31,90,132,01F0979N>01F0956N,20260901,105,90,96.66666666666667
2026-09-01 08:50:00,01F0979N,01F0956N,31,91,145,01F0979N>01F0956N,20260901,106,91,96.33333333333333
2026-09-01 08:55:00,01F0979N,01F0956N,31,92,153,01F0979N>01F0956N,20260901,107,92,102.33333333333333
2026-09-01 09:00:00,01F0979N,01F0956N,31,92,140,01F0979N>01F0956N,20260901,108,92,98.0
2026-09-01 09:05:00,01F0979N,01F0956N,31,94,138,01F0979N>01F0956N,20260901,109,94,90.33333333333333
2026-09-01 09:10:00,01F0979N,01F0956N,31,96,160,01F0979N>01F0956N,20260901,110,96,92.66666666666667
2026-09-01 09:15:00,01F0979N,01F0956N,31,102,171,01F0979N>01F0956N,20260901,111,102,96.0
2026-09-01 09:20:00,01F0979N,01F0956N,31,108,175,01F0979N>01F0956N,20260901,112,108,92.33333333333333
2026-09-01 09:25:00,01F0979N,01F0956N,31,113,157,01F0979N>01F0956N,20260901,113,113,85.66666666666667
2026-09-01 09:30:00,01F0979N,01F0956N,31,109,155,01F0979N>01F0956N,20260901,114,109,85.33333333333333
2026-09-01 09:35:00,01F0979N,01F0956N,31,84,137,01F0979N>01F0956N,20260901,115,84,86.33333333333333
2026-09-01 09:40:00,01F0979N,01F0956N,31,88,150,01F0979N>01F0956N,20260901,116,88,86.0
2026-09-01 09:45:00,01F0979N,01F0956N,31,87,156,01F0979N>01F0956N,20260901,117,87,85.33333333333333
2026-09-01 09:50:00,01F0979N,01F0956N,31,87,120,01F0979N>01F0956N,20260901,118,87,84.66666666666667
2026-09-01 09:55:00,01F0979N,01F0956N,31,83,125,01F0979N>01F0956N,20260901,119,83,84.66666666666667
2026-09-01 10:00:00,01F0979N,01F0956N,31,85,142,01F0979N>01F0956N,20260901,120,85,84.33333333333333
2026-09-01 10:05:00,01F0979N,01F0956N,31,84,132,01F0979N>01F0956N,20260901,121,84,85.33333333333333
2026-09-01 10:10:00,01F0979N,01F0956N,31,83,112,01F0979N>01F0956N,20260901,122,83,84.66666666666667
2026-09-01 10:15:00,01F0979N,01F0956N,31,84,119,01F0979N>01F0956N,20260901,123,84,84.66666666666667
2026-09-01 10:20:00,01F0979N,01F0956N,31,83,107,01F0979N>01F0956N,20260901,124,83,84.0
2026-09-01 10:25:00,01F0979N,01F0956N,31,84,117,01F0979N>01F0956N,20260901,125,84,86.0
2026-09-01 10:30:00,01F0979N,01F0956N,31,83,131,01F0979N>01F0956N,20260901,126,83,85.66666666666667
2026-09-01 10:35:00,01F0979N,01F0956N,31,86,127,01F0979N>01F0956N,20260901,127,86,86.0
2026-09-01 10:40:00,01F0979N,01F0956N,31,84,108,01F0979N>01F0956N,20260901,128,84,85.0
2026-09-01 10:45:00,01F0979N,01F0956N,31,86,127,01F0979N>01F0956N,20260901,129,86,84.66666666666667
2026-09-01 10:50:00,01F0979N,01F0956N,31,81,125,01F0979N>01F0956N,20260901,130,81,83.0
2026-09-01 10:55:00,01F0979N,01F0956N,31,81,104,01F0979N>01F0956N,20260901,131,81,84.33333333333333
2026-09-01 11:00:00,01F0979N,01F0956N,31,81,92,01F0979N>01F0956N,20260901,132,81,81.66666666666667
2026-09-01 11:05:00,01F0979N,01F0956N,31,85,118,01F0979N>01F0956N,20260901,133,85,83.33333333333333
2026-09-01 11:10:00,01F0979N,01F0956N,31,81,116,01F0979N>01F0956N,20260901,134,81,83.66666666666667
2026-09-01 11:15:00,01F0979N,01F0956N,31,83,110,01F0979N>01F0956N,20260901,135,83,82.66666666666667
2026-09-01 11:20:00,01F0979N,01F0956N,31,84,118,01F0979N>01F0956N,20260901,136,84,84.0
2026-09-01 11:25:00,01F0979N,01F0956N,31,83,109,01F0979N>01F0956N,20260901,137,83,83.66666666666667
2026-09-01 11:30:00,01F0979N,01F0956N,31,86,112,01F0979N>01F0956N,20260901,138,86,83.0
2026-09-01 11:35:00,01F0979N,01F0956N,31,81,113,01F0979N>01F0956N,20260901,139,81,83.66666666666667
2026-09-01 11:40:00,01F0979N,01F0956N,31,81,113,01F0979N>01F0956N,20260901,140,81,83.0
2026-09-01 11:45:00,01F0979N,01F0956N,31,82,126,01F0979N>01F0956N,20260901,141,82,82.33333333333333
2026-09-01 11:50:00,01F0979N,01F0956N,31,82,117,01F0979N>01F0956N,20260901,142,82,84.33333333333333
2026-09-01 11:55:00,01F0979N,01F0956N,31,84,117,01F0979N>01F0956N,20260901,143,84,83.0
2026-09-01 12:00:00,01F0979N,01F0956N,31,82,115,01F0979N>01F0956N,20260901,144,82,82.66666666666667
2026-09-01 12:05:00,01F0979N,01F0956N,31,81,97,01F0979N>01F0956N,20260901,145,81,83.0
2026-09-01 12:10:00,01F0979N,01F0956N,31,84,141,01F0979N>01F0956N,20260901,146,84,82.66666666666667
2026-09-01 12:15:00,01F0979N,01F0956N,31,85,119,01F0979N>01F0956N,20260901,147,85,85.0
2026-09-01 12:20:00,01F0979N,01F0956N,31,85,115,01F0979N>01F0956N,20260901,148,85,85.0
2026-09-01 12:25:00,01F0979N,01F0956N,31,88,110,01F0979N>01F0956N,20260901,149,88,83.0
2026-09-01 12:30:00,01F0979N,01F0956N,31,88,132,01F0979N>01F0956N,20260901,150,88,84.0
2026-09-01 12:35:00,01F0979N,01F0956N,31,82,112,01F0979N>01F0956N,20260901,151,82,83.0
2026-09-01 12:40:00,01F0979N,01F0956N,31,83,121,01F0979N>01F0956N,20260901,152,83,83.33333333333333
2026-09-01 12:45:00,01F0979N,01F0956N,31,84,112,01F0979N>01F0956N,20260901,153,84,83.0
2026-09-01 12:50:00,01F0979N,01F0956N,31,86,143,01F0979N>01F0956N,20260901,154,86,83.66666666666667
2026-09-01 12:55:00,01F0979N,01F0956N,31,85,114,01F0979N>01F0956N,20260901,155,85,83.33333333333333
2026-09-01 13:00:00,01F0979N,01F0956N,31,84,135,01F0979N>01F0956N,20260901,156,84,83.66666666666667
2026-09-01 13:05:00,01F0979N,01F0956N,31,84,112,01F0979N>01F0956N,20260901,157,84,84.33333333333333
2026-09-01 13:10:00,01F0979N,01F0956N,31,83,131,01F0979N>01F0956N,20260901,158,83,83.0
2026-09-01 13:15:00,01F0979N,01F0956N,31,85,132,01F0979N>01F0956N,20260901,159,85,92.33333333333333
2026-09-01 13:20:00,01F0979N,01F0956N,31,85,106,01F0979N>01F0956N,20260901,160,85,85.0
2026-09-01 13:25:00,01F0979N,01F0956N,31,85,112,01F0979N>01F0956N,20260901,161,85,86.0
2026-09-01 13:30:00,01F0979N,01F0956N,31,86,138,01F0979N>01F0956N,20260901,162,86,83.0
2026-09-01 13:35:00,01F0979N,01F0956N,31,90,135,01F0979N>01F0956N,20260901,163,90,84.33333333333333
2026-09-01 13:40:00,01F0979N,01F0956N,31,86,125,01F0979N>01F0956N,20260901,164,86,84.66666666666667
2026-09-01 13:45:00,01F0979N,01F0956N,31,86,109,01F0979N>01F0956N,20260901,165,86,85.33333333333333
2026-09-01 13:50:00,01F0979N,01F0956N,31,82,108,01F0979N>01F0956N,20260901,166,82,84.66666666666667
2026-09-01 13:55:00,01F0979N,01F0956N,31,86,98,01F0979N>01F0956N,20260901,167,86,82.66666666666667
2026-09-01 14:00:00,01F0979N,01F0956N,31,86,127,01F0979N>01F0956N,20260901,168,86,87.33333333333333
2026-09-01 14:05:00,01F0979N,01F0956N,31,86,95,01F0979N>01F0956N,20260901,169,86,90.66666666666667
2026-09-01 14:10:00,01F0979N,01F0956N,31,89,115,01F0979N>01F0956N,20260901,170,89,92.66666666666667
2026-09-01 14:15:00,01F0979N,01F0956N,31,90,89,01F0979N>01F0956N,20260901,171,90,85.66666666666667
2026-09-01 14:20:00,01F0979N,01F0956N,31,90,97,01F0979N>01F0956N,20260901,172,90,85.0
2026-09-01 14:25:00,01F0979N,01F0956N,31,91,108,01F0979N>01F0956N,20260901,173,91,84.66666666666667
2026-09-01 14:30:00,01F0979N,01F0956N,31,98,131,01F0979N>01F0956N,20260901,174,98,85.66666666666667
2026-09-01 14:35:00,01F0979N,01F0956N,31,95,90,01F0979N>01F0956N,20260901,175,95,86.66666666666667
2026-09-01 14:40:00,01F0979N,01F0956N,31,97,115,01F0979N>01F0956N,20260901,176,97,85.66666666666667
2026-09-01 14:45:00,01F0979N,01F0956N,31,99,119,01F0979N>01F0956N,20260901,177,99,84.33333333333333
2026-09-01 14:50:00,01F0979N,01F0956N,31,94,126,01F0979N>01F0956N,20260901,178,94,85.33333333333333
2026-09-01 14:55:00,01F0979N,01F0956N,31,96,111,01F0979N>01F0956N,20260901,179,96,84.33333333333333
2026-09-01 15:00:00,01F0979N,01F0956N,31,94,114,01F0979N>01F0956N,20260901,180,94,85.0
2026-09-01 15:05:00,01F0979N,01F0956N,31,96,156,01F0979N>01F0956N,20260901,181,96,84.0
2026-09-01 15:10:00,01F0979N,01F0956N,31,114,130,01F0979N>01F0956N,20260901,182,114,84.0
2026-09-01 15:15:00,01F0979N,01F0956N,31,96,125,01F0979N>01F0956N,20260901,183,96,84.0
2026-09-01 15:20:00,01F0979N,01F0956N,31,94,115,01F0979N>01F0956N,20260901,184,94,86.66666666666667
2026-09-01 15:25:00,01F0979N,01F0956N,31,104,133,01F0979N>01F0956N,20260901,185,104,85.33333333333333
2026-09-01 15:30:00,01F0979N,01F0956N,31,98,135,01F0979N>01F0956N,20260901,186,98,86.66666666666667
2026-09-01 15:35:00,01F0979N,01F0956N,31,111,129,01F0979N>01F0956N,20260901,187,111,90.66666666666667
2026-09-01 15:40:00,01F0979N,01F0956N,31,110,117,01F0979N>01F0956N,20260901,188,110,131.66666666666666
2026-09-01 15:45:00,01F0979N,01F0956N,31,119,120,01F0979N>01F0956N,20260901,189,119,117.0
2026-09-01 15:50:00,01F0979N,01F0956N,31,144,122,01F0979N>01F0956N,20260901,190,144,111.33333333333333
2026-09-01 15:55:00,01F0979N,01F0956N,31,146,134,01F0979N>01F0956N,20260901,191,146,101.0
2026-09-01 16:00:00,01F0979N,01F0956N,31,130,133,01F0979N>01F0956N,20260901,192,130,110.0
2026-09-01 16:05:00,01F0979N,01F0956N,31,100,113,01F0979N>01F0956N,20260901,193,100,99.0
2026-09-01 16:10:00,01F0979N,01F0956N,31,103,136,01F0979N>01F0956N,20260901,194,103,109.0
2026-09-01 16:15:00,01F0979N,01F0956N,31,103,120,01F0979N>01F0956N,20260901,195,103,103.0
2026-09-01 16:20:00,01F0979N,01F0956N,31,111,151,01F0979N>01F0956N,20260901,196,111,105.66666666666667
2026-09-01 16:25:00,01F0979N,01F0956N,31,113,135,01F0979N>01F0956N,20260901,197,113,108.66666666666667
2026-09-01 16:30:00,01F0979N,01F0956N,31,123,163,01F0979N>01F0956N,20260901,198,123,118.0
2026-09-01 16:35:00,01F0979N,01F0956N,31,120,149,01F0979N>01F0956N,20260901,199,120,101.66666666666667
2026-09-01 16:40:00,01F0979N,01F0956N,31,106,140,01F0979N>01F0956N,20260901,200,106,91.66666666666667
2026-09-01 16:45:00,01F0979N,01F0956N,31,99,128,01F0979N>01F0956N,20260901,201,99,91.33333333333333
2026-09-01 16:50:00,01F0979N,01F0956N,31,101,142,01F0979N>01F0956N,20260901,202,101,98.33333333333333
2026-09-01 16:55:00,01F0979N,01F0956N,31,103,134,01F0979N>01F0956N,20260901,203,103,97.33333333333333
2026-09-01 17:00:00,01F0979N,01F0956N,31,106,159,01F0979N>01F0956N,20260901,204,106,101.0
2026-09-01 17:05:00,01F0979N,01F0956N,31,108,161,01F0979N>01F0956N,20260901,205,108,98.33333333333333
2026-09-01 17:10:00,01F0979N,01F0956N,31,101,147,01F0979N>01F0956N,20260901,206,101,88.33333333333333
2026-09-01 17:15:00,01F0979N,01F0956N,31,96,137,01F0979N>01F0956N,20260901,207,96,88.66666666666667
2026-09-01 17:20:00,01F0979N,01F0956N,31,99,153,01F0979N>01F0956N,20260901,208,99,89.66666666666667
2026-09-01 17:25:00,01F0979N,01F0956N,31,105,148,01F0979N>01F0956N,20260901,209,105,89.0
2026-09-01 17:30:00,01F0979N,01F0956N,31,159,129,01F0979N>01F0956N,20260901,210,159,90.0
2026-09-01 17:35:00,01F0979N,01F0956N,31,138,176,01F0979N>01F0956N,20260901,211,138,95.33333333333333
2026-09-01 17:40:00,01F0979N,01F0956N,31,146,168,01F0979N>01F0956N,20260901,212,146,94.66666666666667
2026-09-01 17:45:00,01F0979N,01F0956N,31,111,164,01F0979N>01F0956N,20260901,213,111,92.66666666666667
2026-09-01 17:50:00,01F0979N,01F0956N,31,103,172,01F0979N>01F0956N,20260901,214,103,101.0
2026-09-01 17:55:00,01F0979N,01F0956N,31,103,164,01F0979N>01F0956N,20260901,215,103,122.66666666666667
2026-09-01 18:00:00,01F0979N,01F0956N,31,96,172,01F0979N>01F0956N,20260901,216,96,128.66666666666666
2026-09-01 18:05:00,01F0979N,01F0956N,31,95,149,01F0979N>01F0956N,20260901,217,95,138.66666666666666
2026-09-01 18:10:00,01F0979N,01F0956N,31,96,158,01F0979N>01F0956N,20260901,218,96,143.33333333333334
2026-09-01 18:15:00,01F0979N,01F0956N,31,101,176,01F0979N>01F0956N,20260901,219,101,151.66666666666666
2026-09-01 18:20:00,01F0979N,01F0956N,31,99,161,01F0979N>01F0956N,20260901,220,99,135.66666666666666
2026-09-01 18:25:00,01F0979N,01F0956N,31,98,159,01F0979N>01F0956N,20260901,221,98,132.33333333333334
2026-09-01 18:30:00,01F0979N,01F0956N,31,103,163,01F0979N>01F0956N,20260901,222,103,133.0
2026-09-01 18:35:00,01F0979N,01F0956N,31,102,167,01F0979N>01F0956N,20260901,223,102,129.0
2026-09-01 18:40:00,01F0979N,01F0956N,31,93,143,01F0979N>01F0956N,20260901,224,93,125.66666666666667
2026-09-01 18:45:00,01F0979N,01F0956N,31,91,128,01F0979N>01F0956N,20260901,225,91,108.33333333333333
2026-09-01 18:50:00,01F0979N,01F0956N,31,96,160,01F0979N>01F0956N,20260901,226,96,96.66666666666667
2026-09-01 18:55:00,01F0979N,01F0956N,31,92,146,01F0979N>01F0956N,20260901,227,92,95.33333333333333
2026-09-01 19:00:00,01F0979N,01F0956N,31,92,168,01F0979N>01F0956N,20260901,228,92,101.0
2026-09-01 19:05:00,01F0979N,01F0956N,31,93,135,01F0979N>01F0956N,20260901,229,93,99.33333333333333
2026-09-01 19:10:00,01F0979N,01F0956N,31,92,145,01F0979N>01F0956N,20260901,230,92,103.0
2026-09-01 19:15:00,01F0979N,01F0956N,31,89,130,01F0979N>01F0956N,20260901,231,89,89.33333333333333
2026-09-01 19:20:00,01F0979N,01F0956N,31,86,123,01F0979N>01F0956N,20260901,232,86,91.66666666666667
2026-09-01 19:25:00,01F0979N,01F0956N,31,89,152,01F0979N>01F0956N,20260901,233,89,90.66666666666667
2026-09-01 19:30:00,01F0979N,01F0956N,31,85,117,01F0979N>01F0956N,20260901,234,85,87.0
2026-09-01 19:35:00,01F0979N,01F0956N,31,84,110,01F0979N>01F0956N,20260901,235,84,85.0
2026-09-01 19:40:00,01F0979N,01F0956N,31,87,124,01F0979N>01F0956N,20260901,236,87,84.66666666666667
2026-09-01 19:45:00,01F0979N,01F0956N,31,86,114,01F0979N>01F0956N,20260901,237,86,83.66666666666667
2026-09-01 19:50:00,01F0979N,01F0956N,31,83,118,01F0979N>01F0956N,20260901,238,83,85.0
2026-09-01 19:55:00,01F0979N,01F0956N,31,86,136,01F0979N>01F0956N,20260901,239,86,84.33333333333333
2026-09-01 20:00:00,01F0979N,01F0956N,31,87,133,01F0979N>01F0956N,20260901,240,87,84.66666666666667
2026-09-01 20:05:00,01F0979N,01F0956N,31,82,106,01F0979N>01F0956N,20260901,241,82,83.66666666666667
2026-09-01 20:10:00,01F0979N,01F0956N,31,82,104,01F0979N>01F0956N,20260901,242,82,84.33333333333333
2026-09-01 20:15:00,01F0979N,01F0956N,31,84,101,01F0979N>01F0956N,20260901,243,84,83.0
2026-09-01 20:20:00,01F0979N,01F0956N,31,82,88,01F0979N>01F0956N,20260901,244,82,83.0
2026-09-01 20:25:00,01F0979N,01F0956N,31,83,98,01F0979N>01F0956N,20260901,245,83,83.66666666666667
2026-09-01 20:30:00,01F0979N,01F0956N,31,82,105,01F0979N>01F0956N,20260901,246,82,83.0
2026-09-01 20:35:00,01F0979N,01F0956N,31,87,86,01F0979N>01F0956N,20260901,247,87,84.0
2026-09-01 20:40:00,01F0979N,01F0956N,31,84,85,01F0979N>01F0956N,20260901,248,84,81.66666666666667
2026-09-01 20:45:00,01F0979N,01F0956N,31,83,90,01F0979N>01F0956N,20260901,249,83,85.0
2026-09-01 20:50:00,01F0979N,01F0956N,31,81,76,01F0979N>01F0956N,20260901,250,81,81.66666666666667
2026-09-01 20:55:00,01F0979N,01F0956N,31,80,82,01F0979N>01F0956N,20260901,251,80,81.66666666666667
2026-09-01 21:00:00,01F0979N,01F0956N,31,79,70,01F0979N>01F0956N,20260901,252,79,83.66666666666667
2026-09-01 21:05:00,01F0979N,01F0956N,31,81,77,01F0979N>01F0956N,20260901,253,81,81.33333333333333
2026-09-01 21:10:00,01F0979N,01F0956N,31,81,69,01F0979N>01F0956N,20260901,254,81,81.33333333333333
2026-09-01 21:15:00,01F0979N,01F0956N,31,81,77,01F0979N>01F0956N,20260901,255,81,82.66666666666667
2026-09-01 21:20:00,01F0979N,01F0956N,31,84,82,01F0979N>01F0956N,20260901,256,84,81.0
2026-09-01 21:25:00,01F0979N,01F0956N,31,81,85,01F0979N>01F0956N,20260901,257,81,80.66666666666667
2026-09-01 21:30:00,01F0979N,01F0956N,31,78,61,01F0979N>01F0956N,20260901,258,78,80.66666666666667
2026-09-01 21:35:00,01F0979N,01F0956N,31,82,68,01F0979N>01F0956N,20260901,259,82,80.66666666666667
2026-09-01 21:40:00,01F0979N,01F0956N,31,81,68,01F0979N>01F0956N,20260901,260,81,81.0
2026-09-01 21:45:00,01F0979N,01F0956N,31,81,77,01F0979N>01F0956N,20260901,261,81,80.33333333333333
2026-09-01 21:50:00,01F0979N,01F0956N,31,84,74,01F0979N>01F0956N,20260901,262,84,80.33333333333333
2026-09-01 21:55:00,01F0979N,01F0956N,31,82,62,01F0979N>01F0956N,20260901,263,82,82.66666666666667
2026-09-01 22:00:00,01F0979N,01F0956N,31,81,70,01F0979N>01F0956N,20260901,264,81,80.66666666666667
2026-09-01 22:05:00,01F0979N,01F0956N,31,79,47,01F0979N>01F0956N,20260901,265,79,81.0
2026-09-01 22:10:00,01F0979N,01F0956N,31,79,62,01F0979N>01F0956N,20260901,266,79,79.66666666666667
2026-09-01 22:15:00,01F0979N,01F0956N,31,82,64,01F0979N>01F0956N,20260901,267,82,80.0
2026-09-01 22:20:00,01F0979N,01F0956N,31,81,60,01F0979N>01F0956N,20260901,268,81,81.33333333333333
2026-09-01 22:25:00,01F0979N,01F0956N,31,79,55,01F0979N>01F0956N,20260901,269,79,80.33333333333333
2026-09-01 22:30:00,01F0979N,01F0956N,31,80,53,01F0979N>01F0956N,20260901,270,80,80.33333333333333
2026-09-01 22:35:00,01F0979N,01F0956N,31,81,53,01F0979N>01F0956N,20260901,271,81,82.0
2026-09-01 22:40:00,01F0979N,01F0956N,31,76,37,01F0979N>01F0956N,20260901,272,76,80.33333333333333
2026-09-01 22:45:00,01F0979N,01F0956N,31,79,60,01F0979N>01F0956N,20260901,273,79,80.33333333333333
2026-09-01 22:50:00,01F0979N,01F0956N,31,80,62,01F0979N>01F0956N,20260901,274,80,80.0
2026-09-01 22:55:00,01F0979N,01F0956N,31,81,43,01F0979N>01F0956N,20260901,275,81,78.66666666666667
2026-09-01 23:00:00,01F0979N,01F0956N,31,79,48,01F0979N>01F0956N,20260901,276,79,79.66666666666667
2026-09-01 23:05:00,01F0979N,01F0956N,31,80,47,01F0979N>01F0956N,20260901,277,80,78.66666666666667
2026-09-01 23:10:00,01F0979N,01F0956N,31,79,44,01F0979N>01F0956N,20260901,278,79,79.33333333333333
2026-09-01 23:15:00,01F0979N,01F0956N,31,77,44,01F0979N>01F0956N,20260901,279,77,79.66666666666667
2026-09-01 23:20:00,01F0979N,01F0956N,31,80,39,01F0979N>01F0956N,20260901,280,80,79.33333333333333
2026-09-01 23:25:00,01F0979N,01F0956N,31,77,38,01F0979N>01F0956N,20260901,281,77,78.66666666666667
2026-09-01 23:30:00,01F0979N,01F0956N,31,81,29,01F0979N>01F0956N,20260901,282,81,80.33333333333333
2026-09-01 23:35:00,01F0979N,01F0956N,31,80,41,01F0979N>01F0956N,20260901,283,80,78.33333333333333
2026-09-01 23:40:00,01F0979N,01F0956N,31,79,37,01F0979N>01F0956N,20260901,284,79,78.0
2026-09-01 23:45:00,01F0979N,01F0956N,31,76,45,01F0979N>01F0956N,20260901,285,76,78.0
2026-09-01 23:50:00,01F0979N,01F0956N,31,77,35,01F0979N>01F0956N,20260901,286,77,79.0
2026-09-01 23:55:00,01F0979N,01F0956N,31,79,23,01F0979N>01F0956N,20260901,287,79,77.33333333333333
2026-09-02 00:00:00,01F0979N,01F0956N,31,77,18,01F0979N>01F0956N,20260902,0,77,78.0
2026-09-02 00:05:00,01F0979N,01F0956N,31,79,15,01F0979N>01F0956N,20260902,1,79,78.33333333333333
2026-09-02 00:10:00,01F0979N,01F0956N,31,80,20,01F0979N>01F0956N,20260902,2,80,78.0
2026-09-02 00:15:00,01F0979N,01F0956N,31,76,17,01F0979N>01F0956N,20260902,3,76,78.33333333333333
2026-09-02 00:20:00,01F0979N,01F0956N,31,80,22,01F0979N>01F0956N,20260902,4,80,77.66666666666667
2026-09-02 00:25:00,01F0979N,01F0956N,31,79,19,01F0979N>01F0956N,20260902,5,79,77.33333333333333
2026-09-02 00:30:00,01F0979N,01F0956N,31,79,14,01F0979N>01F0956N,20260902,6,79,78.0
2026-09-02 00:35:00,01F0979N,01F0956N,31,80,21,01F0979N>01F0956N,20260902,7,80,78.33333333333333
2026-09-02 00:40:00,01F0979N,01F0956N,31,78,15,01F0979N>01F0956N,20260902,8,78,78.33333333333333
2026-09-02 00:45:00,01F0979N,01F0956N,31,79,26,01F0979N>01F0956N,20260902,9,79,77.33333333333333
2026-09-02 00:50:00,01F0979N,01F0956N,31,77,20,01F0979N>01F0956N,20260902,10,77,77.66666666666667
2026-09-02 00:55:00,01F0979N,01F0956N,31,80,19,01F0979N>01F0956N,20260902,11,80,78.66666666666667
2026-09-02 01:00:00,01F0979N,01F0956N,31,78,19,01F0979N>01F0956N,20260902,12,78,77.33333333333333
2026-09-02 01:05:00,01F0979N,01F0956N,31,74,14,01F0979N>01F0956N,20260902,13,74,77.0
2026-09-02 01:10:00,01F0979N,01F0956N,31,77,14,01F0979N>01F0956N,20260902,14,77,77.33333333333333
2026-09-02 01:15:00,01F0979N,01F0956N,31,82,19,01F0979N>01F0956N,20260902,15,82,78.0
2026-09-02 01:20:00,01F0979N,01F0956N,31,81,12,01F0979N>01F0956N,20260902,16,81,79.66666666666667
2026-09-02 01:25:00,01F0979N,01F0956N,31,77,16,01F0979N>01F0956N,20260902,17,77,75.66666666666667
2026-09-02 01:30:00,01F0979N,01F0956N,31,83,15,01F0979N>01F0956N,20260902,18,83,76.66666666666667
2026-09-02 01:35:00,01F0979N,01F0956N,31,83,9,01F0979N>01F0956N,20260902,19,83,77.0
2026-09-02 01:40:00,01F0979N,01F0956N,31,79,15,01F0979N>01F0956N,20260902,20,79,76.33333333333333
2026-09-02 01:45:00,01F0979N,01F0956N,31,79,14,01F0979N>01F0956N,20260902,21,79,76.66666666666667
2026-09-02 01:50:00,01F0979N,01F0956N,31,77,14,01F0979N>01F0956N,20260902,22,77,77.0
2026-09-02 01:55:00,01F0979N,01F0956N,31,79,14,01F0979N>01F0956N,20260902,23,79,77.66666666666667
2026-09-02 02:00:00,01F0979N,01F0956N,31,78,15,01F0979N>01F0956N,20260902,24,78,78.33333333333333
2026-09-02 02:05:00,01F0979N,01F0956N,31,76,12,01F0979N>01F0956N,20260902,25,76,79.0
2026-09-02 02:10:00,01F0979N,01F0956N,31,78,11,01F0979N>01F0956N,20260902,26,78,77.33333333333333
2026-09-02 02:15:00,01F0979N,01F0956N,31,76,9,01F0979N>01F0956N,20260902,27,76,77.0
2026-09-02 02:20:00,01F0979N,01F0956N,31,77,15,01F0979N>01F0956N,20260902,28,77,78.0
2026-09-02 02:25:00,01F0979N,01F0956N,31,80,11,01F0979N>01F0956N,20260902,29,80,79.66666666666667
2026-09-02 02:30:00,01F0979N,01F0956N,31,80,12,01F0979N>01F0956N,20260902,30,80,78.66666666666667
2026-09-02 02:35:00,01F0979N,01F0956N,31,81,8,01F0979N>01F0956N,20260902,31,81,77.33333333333333
2026-09-02 02:40:00,01F0979N,01F0956N,31,78,16,01F0979N>01F0956N,20260902,32,78,78.66666666666667
2026-09-02 02:45:00,01F0979N,01F0956N,31,74,19,01F0979N>01F0956N,20260902,33,74,76.33333333333333
2026-09-02 02:50:00,01F0979N,01F0956N,31,77,21,01F0979N>01F0956N,20260902,34,77,78.0
2026-09-02 02:55:00,01F0979N,01F0956N,31,78,13,01F0979N>01F0956N,20260902,35,78,76.33333333333333
2026-09-02 03:00:00,01F0979N,01F0956N,31,74,12,01F0979N>01F0956N,20260902,36,74,77.66666666666667
2026-09-02 03:05:00,01F0979N,01F0956N,31,79,20,01F0979N>01F0956N,20260902,37,79,75.66666666666667
2026-09-02 03:10:00,01F0979N,01F0956N,31,77,14,01F0979N>01F0956N,20260902,38,77,77.0
2026-09-02 03:15:00,01F0979N,01F0956N,31,75,22,01F0979N>01F0956N,20260902,39,75,76.66666666666667
2026-09-02 03:20:00,01F0979N,01F0956N,31,78,26,01F0979N>01F0956N,20260902,40,78,77.0
2026-09-02 03:25:00,01F0979N,01F0956N,31,76,23,01F0979N>01F0956N,20260902,41,76,78.33333333333333
2026-09-02 03:30:00,01F0979N,01F0956N,31,77,19,01F0979N>01F0956N,20260902,42,77,78.0
2026-09-02 03:35:00,01F0979N,01F0956N,31,76,22,01F0979N>01F0956N,20260902,43,76,77.33333333333333
2026-09-02 03:40:00,01F0979N,01F0956N,31,78,19,01F0979N>01F0956N,20260902,44,78,76.33333333333333
2026-09-02 03:45:00,01F0979N,01F0956N,31,76,15,01F0979N>01F0956N,20260902,45,76,77.0
2026-09-02 03:50:00,01F0979N,01F0956N,31,76,24,01F0979N>01F0956N,20260902,46,76,75.66666666666667
2026-09-02 03:55:00,01F0979N,01F0956N,31,77,17,01F0979N>01F0956N,20260902,47,77,76.66666666666667
2026-09-02 04:00:00,01F0979N,01F0956N,31,79,17,01F0979N>01F0956N,20260902,48,79,75.33333333333333
2026-09-02 04:05:00,01F0979N,01F0956N,31,80,19,01F0979N>01F0956N,20260902,49,80,77.33333333333333
2026-09-02 04:10:00,01F0979N,01F0956N,31,79,23,01F0979N>01F0956N,20260902,50,79,76.33333333333333
2026-09-02 04:15:00,01F0979N,01F0956N,31,78,29,01F0979N>01F0956N,20260902,51,78,77.0
2026-09-02 04:20:00,01F0979N,01F0956N,31,76,27,01F0979N>01F0956N,20260902,52,76,77.33333333333333
2026-09-02 04:25:00,01F0979N,01F0956N,31,79,22,01F0979N>01F0956N,20260902,53,79,78.33333333333333
2026-09-02 04:30:00,01F0979N,01F0956N,31,76,20,01F0979N>01F0956N,20260902,54,76,77.0
2026-09-02 04:35:00,01F0979N,01F0956N,31,77,19,01F0979N>01F0956N,20260902,55,77,78.33333333333333
2026-09-02 04:40:00,01F0979N,01F0956N,31,77,23,01F0979N>01F0956N,20260902,56,77,76.66666666666667
2026-09-02 04:45:00,01F0979N,01F0956N,31,77,24,01F0979N>01F0956N,20260902,57,77,76.0
2026-09-02 04:50:00,01F0979N,01F0956N,31,79,32,01F0979N>01F0956N,20260902,58,79,76.0
2026-09-02 04:55:00,01F0979N,01F0956N,31,79,28,01F0979N>01F0956N,20260902,59,79,77.33333333333333
2026-09-02 05:00:00,01F0979N,01F0956N,31,80,21,01F0979N>01F0956N,20260902,60,80,77.33333333333333
2026-09-02 05:05:00,01F0979N,01F0956N,31,81,18,01F0979N>01F0956N,20260902,61,81,76.66666666666667
2026-09-02 05:10:00,01F0979N,01F0956N,31,75,22,01F0979N>01F0956N,20260902,62,75,76.66666666666667
2026-09-02 05:15:00,01F0979N,01F0956N,31,77,33,01F0979N>01F0956N,20260902,63,77,75.66666666666667
2026-09-02 05:20:00,01F0979N,01F0956N,31,79,42,01F0979N>01F0956N,20260902,64,79,76.66666666666667
2026-09-02 05:25:00,01F0979N,01F0956N,31,77,29,01F0979N>01F0956N,20260902,65,77,77.66666666666667
2026-09-02 05:30:00,01F0979N,01F0956N,31,77,28,01F0979N>01F0956N,20260902,66,77,76.0
2026-09-02 05:35:00,01F0979N,01F0956N,31,78,48,01F0979N>01F0956N,20260902,67,78,76.66666666666667
2026-09-02 05:40:00,01F0979N,01F0956N,31,79,48,01F0979N>01F0956N,20260902,68,79,77.0
2026-09-02 05:45:00,01F0979N,01F0956N,31,79,47,01F0979N>01F0956N,20260902,69,79,76.0
2026-09-02 05:50:00,01F0979N,01F0956N,31,77,51,01F0979N>01F0956N,20260902,70,77,76.66666666666667
2026-09-02 05:55:00,01F0979N,01F0956N,31,77,49,01F0979N>01F0956N,20260902,71,77,76.33333333333333
2026-09-02 06:00:00,01F0979N,01F0956N,31,79,60,01F0979N>01F0956N,20260902,72,79,76.33333333333333
2026-09-02 06:05:00,01F0979N,01F0956N,31,76,54,01F0979N>01F0956N,20260902,73,76,76.66666666666667
2026-09-02 06:10:00,01F0979N,01F0956N,31,78,75,01F0979N>01F0956N,20260902,74,78,77.66666666666667
2026-09-02 06:15:00,01F0979N,01F0956N,31,80,98,01F0979N>01F0956N,20260902,75,80,77.0
2026-09-02 06:20:00,01F0979N,01F0956N,31,81,87,01F0979N>01F0956N,20260902,76,81,79.0
2026-09-02 06:25:00,01F0979N,01F0956N,31,81,93,01F0979N>01F0956N,20260902,77,81,79.66666666666667
2026-09-02 06:30:00,01F0979N,01F0956N,31,81,97,01F0979N>01F0956N,20260902,78,81,79.33333333333333
2026-09-02 06:35:00,01F0979N,01F0956N,31,82,101,01F0979N>01F0956N,20260902,79,82,80.66666666666667
2026-09-02 06:40:00,01F0979N,01F0956N,31,80,123,01F0979N>01F0956N,20260902,80,80,80.66666666666667
2026-09-02 06:45:00,01F0979N,01F0956N,31,82,138,01F0979N>01F0956N,20260902,81,82,82.33333333333333
2026-09-02 06:50:00,01F0979N,01F0956N,31,84,144,01F0979N>01F0956N,20260902,82,84,84.33333333333333
2026-09-02 06:55:00,01F0979N,01F0956N,31,86,159,01F0979N>01F0956N,20260902,83,86,82.33333333333333
2026-09-02 07:00:00,01F0979N,01F0956N,31,88,179,01F0979N>01F0956N,20260902,84,88,87.0
2026-09-02 07:05:00,01F0979N,01F0956N,31,91,162,01F0979N>01F0956N,20260902,85,91,85.0
2026-09-02 07:10:00,01F0979N,01F0956N,31,89,148,01F0979N>01F0956N,20260902,86,89,84.0
2026-09-02 07:15:00,01F0979N,01F0956N,31,93,172,01F0979N>01F0956N,20260902,87,93,86.33333333333333
2026-09-02 07:20:00,01F0979N,01F0956N,31,91,165,01F0979N>01F0956N,20260902,88,91,84.66666666666667
2026-09-02 07:25:00,01F0979N,01F0956N,31,88,161,01F0979N>01F0956N,20260902,89,88,83.33333333333333
2026-09-02 07:30:00,01F0979N,01F0956N,31,83,142,01F0979N>01F0956N,20260902,90,83,85.0
2026-09-02 07:35:00,01F0979N,01F0956N,31,87,136,01F0979N>01F0956N,20260902,91,87,85.66666666666667
2026-09-02 07:40:00,01F0979N,01F0956N,31,87,119,01F0979N>01F0956N,20260902,92,87,86.33333333333333
2026-09-02 07:45:00,01F0979N,01F0956N,31,85,111,01F0979N>01F0956N,20260902,93,85,84.0
2026-09-02 07:50:00,01F0979N,01F0956N,31,86,124,01F0979N>01F0956N,20260902,94,86,87.0
2026-09-02 07:55:00,01F0979N,01F0956N,31,87,137,01F0979N>01F0956N,20260902,95,87,85.33333333333333
2026-09-02 08:00:00,01F0979N,01F0956N,31,88,105,01F0979N>01F0956N,20260902,96,88,86.0
2026-09-02 08:05:00,01F0979N,01F0956N,31,89,139,01F0979N>01F0956N,20260902,97,89,83.33333333333333
2026-09-02 08:10:00,01F0979N,01F0956N,31,87,139,01F0979N>01F0956N,20260902,98,87,85.0
2026-09-02 08:15:00,01F0979N,01F0956N,31,89,127,01F0979N>01F0956N,20260902,99,89,85.66666666666667
2026-09-02 08:20:00,01F0979N,01F0956N,31,91,125,01F0979N>01F0956N,20260902,100,91,87.33333333333333
2026-09-02 08:25:00,01F0979N,01F0956N,31,94,142,01F0979N>01F0956N,20260902,101,94,87.0
2026-09-02 08:30:00,01F0979N,01F0956N,31,94,130,01F0979N>01F0956N,20260902,102,94,89.33333333333333
2026-09-02 08:35:00,01F0979N,01F0956N,31,99,135,01F0979N>01F0956N,20260902,103,99,94.33333333333333
2026-09-02 08:40:00,01F0979N,01F0956N,31,101,159,01F0979N>01F0956N,20260902,104,101,96.66666666666667
2026-09-02 08:45:00,01F0979N,01F0956N,31,95,132,01F0979N>01F0956N,20260902,105,95,96.66666666666667
2026-09-02 08:50:00,01F0979N,01F0956N,31,98,158,01F0979N>01F0956N,20260902,106,98,96.33333333333333
2026-09-02 08:55:00,01F0979N,01F0956N,31,99,154,01F0979N>01F0956N,20260902,107,99,102.33333333333333
2026-09-02 09:00:00,01F0979N,01F0956N,31,115,155,01F0979N>01F0956N,20260902,108,115,98.0
2026-09-02 09:05:00,01F0979N,01F0956N,31,114,152,01F0979N>01F0956N,20260902,109,114,90.33333333333333
2026-09-02 09:10:00,01F0979N,01F0956N,31,111,159,01F0979N>01F0956N,20260902,110,111,92.66666666666667
2026-09-02 09:15:00,01F0979N,01F0956N,31,108,200,01F0979N>01F0956N,20260902,111,108,96.0
2026-09-02 09:20:00,01F0979N,01F0956N,31,105,179,01F0979N>01F0956N,20260902,112,105,92.33333333333333
2026-09-02 09:25:00,01F0979N,01F0956N,31,114,136,01F0979N>01F0956N,20260902,113,114,85.66666666666667
2026-09-02 09:30:00,01F0979N,01F0956N,31,196,131,01F0979N>01F0956N,20260902,114,196,85.33333333333333
2026-09-02 09:35:00,01F0979N,01F0956N,31,158,182,01F0979N>01F0956N,20260902,115,158,86.33333333333333
2026-09-02 09:40:00,01F0979N,01F0956N,31,119,144,01F0979N>01F0956N,20260902,116,119,86.0
2026-09-02 09:45:00,01F0979N,01F0956N,31,96,141,01F0979N>01F0956N,20260902,117,96,85.33333333333333
2026-09-02 09:50:00,01F0979N,01F0956N,31,87,157,01F0979N>01F0956N,20260902,118,87,84.66666666666667
2026-09-02 09:55:00,01F0979N,01F0956N,31,83,106,01F0979N>01F0956N,20260902,119,83,84.66666666666667
2026-09-02 10:00:00,01F0979N,01F0956N,31,88,144,01F0979N>01F0956N,20260902,120,88,84.33333333333333
2026-09-02 10:05:00,01F0979N,01F0956N,31,85,127,01F0979N>01F0956N,20260902,121,85,85.33333333333333
2026-09-02 10:10:00,01F0979N,01F0956N,31,87,132,01F0979N>01F0956N,20260902,122,87,84.66666666666667
2026-09-02 10:15:00,01F0979N,01F0956N,31,82,117,01F0979N>01F0956N,20260902,123,82,84.66666666666667
2026-09-02 10:20:00,01F0979N,01F0956N,31,87,116,01F0979N>01F0956N,20260902,124,87,84.0
2026-09-02 10:25:00,01F0979N,01F0956N,31,84,113,01F0979N>01F0956N,20260902,125,84,86.0
2026-09-02 10:30:00,01F0979N,01F0956N,31,84,126,01F0979N>01F0956N,20260902,126,84,85.66666666666667
2026-09-02 10:35:00,01F0979N,01F0956N,31,82,93,01F0979N>01F0956N,20260902,127,82,86.0
2026-09-02 10:40:00,01F0979N,01F0956N,31,85,116,01F0979N>01F0956N,20260902,128,85,85.0
2026-09-02 10:45:00,01F0979N,01F0956N,31,86,128,01F0979N>01F0956N,20260902,129,86,84.66666666666667
2026-09-02 10:50:00,01F0979N,01F0956N,31,83,121,01F0979N>01F0956N,20260902,130,83,83.0
2026-09-02 10:55:00,01F0979N,01F0956N,31,82,122,01F0979N>01F0956N,20260902,131,82,84.33333333333333
2026-09-02 11:00:00,01F0979N,01F0956N,31,81,125,01F0979N>01F0956N,20260902,132,81,81.66666666666667
2026-09-02 11:05:00,01F0979N,01F0956N,31,83,111,01F0979N>01F0956N,20260902,133,83,83.33333333333333
2026-09-02 11:10:00,01F0979N,01F0956N,31,84,113,01F0979N>01F0956N,20260902,134,84,83.66666666666667
2026-09-02 11:15:00,01F0979N,01F0956N,31,82,119,01F0979N>01F0956N,20260902,135,82,82.66666666666667
2026-09-02 11:20:00,01F0979N,01F0956N,31,82,117,01F0979N>01F0956N,20260902,136,82,84.0
2026-09-02 11:25:00,01F0979N,01F0956N,31,84,106,01F0979N>01F0956N,20260902,137,84,83.66666666666667
2026-09-02 11:30:00,01F0979N,01F0956N,31,87,117,01F0979N>01F0956N,20260902,138,87,83.0
2026-09-02 11:35:00,01F0979N,01F0956N,31,85,118,01F0979N>01F0956N,20260902,139,85,83.66666666666667
2026-09-02 11:40:00,01F0979N,01F0956N,31,85,111,01F0979N>01F0956N,20260902,140,85,83.0
2026-09-02 11:45:00,01F0979N,01F0956N,31,81,105,01F0979N>01F0956N,20260902,141,81,82.33333333333333
2026-09-02 11:50:00,01F0979N,01F0956N,31,83,113,01F0979N>01F0956N,20260902,142,83,84.33333333333333
2026-09-02 11:55:00,01F0979N,01F0956N,31,81,99,01F0979N>01F0956N,20260902,143,81,83.0
2026-09-02 12:00:00,01F0979N,01F0956N,31,81,115,01F0979N>01F0956N,20260902,144,81,82.66666666666667
2026-09-02 12:05:00,01F0979N,01F0956N,31,82,137,01F0979N>01F0956N,20260902,145,82,83.0
2026-09-02 12:10:00,01F0979N,01F0956N,31,83,112,01F0979N>01F0956N,20260902,146,83,82.66666666666667
2026-09-02 12:15:00,01F0979N,01F0956N,31,82,120,01F0979N>01F0956N,20260902,147,82,85.0
2026-09-02 12:20:00,01F0979N,01F0956N,31,83,133,01F0979N>01F0956N,20260902,148,83,85.0
2026-09-02 12:25:00,01F0979N,01F0956N,31,83,131,01F0979N>01F0956N,20260902,149,83,83.0
2026-09-02 12:30:00,01F0979N,01F0956N,31,86,132,01F0979N>01F0956N,20260902,150,86,84.0
2026-09-02 12:35:00,01F0979N,01F0956N,31,82,118,01F0979N>01F0956N,20260902,151,82,83.0
2026-09-02 12:40:00,01F0979N,01F0956N,31,82,114,01F0979N>01F0956N,20260902,152,82,83.33333333333333
2026-09-02 12:45:00,01F0979N,01F0956N,31,83,121,01F0979N>01F0956N,20260902,153,83,83.0
2026-09-02 12:50:00,01F0979N,01F0956N,31,83,90,01F0979N>01F0956N,20260902,154,83,83.66666666666667
2026-09-02 12:55:00,01F0979N,01F0956N,31,82,110,01F0979N>01F0956N,20260902,155,82,83.33333333333333
2026-09-02 13:00:00,01F0979N,01F0956N,31,82,131,01F0979N>01F0956N,20260902,156,82,83.66666666666667
2026-09-02 13:05:00,01F0979N,01F0956N,31,85,113,01F0979N>01F0956N,20260902,157,85,84.33333333333333
2026-09-02 13:10:00,01F0979N,01F0956N,31,81,104,01F0979N>01F0956N,20260902,158,81,83.0
2026-09-02 13:15:00,01F0979N,01F0956N,31,83,128,01F0979N>01F0956N,20260902,159,83,92.33333333333333
2026-09-02 13:20:00,01F0979N,01F0956N,31,85,117,01F0979N>01F0956N,20260902,160,85,85.0
2026-09-02 13:25:00,01F0979N,01F0956N,31,82,110,01F0979N>01F0956N,20260902,161,82,86.0
2026-09-02 13:30:00,01F0979N,01F0956N,31,84,131,01F0979N>01F0956N,20260902,162,84,83.0
2026-09-02 13:35:00,01F0979N,01F0956N,31,83,122,01F0979N>01F0956N,20260902,163,83,84.33333333333333
2026-09-02 13:40:00,01F0979N,01F0956N,31,83,109,01F0979N>01F0956N,20260902,164,83,84.66666666666667
2026-09-02 13:45:00,01F0979N,01F0956N,31,84,124,01F0979N>01F0956N,20260902,165,84,85.33333333333333
2026-09-02 13:50:00,01F0979N,01F0956N,31,84,126,01F0979N>01F0956N,20260902,166,84,84.66666666666667
2026-09-02 13:55:00,01F0979N,01F0956N,31,81,115,01F0979N>01F0956N,20260902,167,81,82.66666666666667
2026-09-02 14:00:00,01F0979N,01F0956N,31,83,126,01F0979N>01F0956N,20260902,168,83,87.33333333333333
2026-09-02 14:05:00,01F0979N,01F0956N,31,85,136,01F0979N>01F0956N,20260902,169,85,90.66666666666667
2026-09-02 14:10:00,01F0979N,01F0956N,31,82,97,01F0979N>01F0956N,20260902,170,82,92.66666666666667
2026-09-02 14:15:00,01F0979N,01F0956N,31,83,124,01F0979N>01F0956N,20260902,171,83,85.66666666666667
2026-09-02 14:20:00,01F0979N,01F0956N,31,83,128,01F0979N>01F0956N,20260902,172,83,85.0
2026-09-02 14:25:00,01F0979N,01F0956N,31,83,131,01F0979N>01F0956N,20260902,173,83,84.66666666666667
2026-09-02 14:30:00,01F0979N,01F0956N,31,84,127,01F0979N>01F0956N,20260902,174,84,85.66666666666667
2026-09-02 14:35:00,01F0979N,01F0956N,31,84,123,01F0979N>01F0956N,20260902,175,84,86.66666666666667
2026-09-02 14:40:00,01F0979N,01F0956N,31,85,125,01F0979N>01F0956N,20260902,176,85,85.66666666666667
2026-09-02 14:45:00,01F0979N,01F0956N,31,86,146,01F0979N>01F0956N,20260902,177,86,84.33333333333333
2026-09-02 14:50:00,01F0979N,01F0956N,31,84,118,01F0979N>01F0956N,20260902,178,84,85.33333333333333
2026-09-02 14:55:00,01F0979N,01F0956N,31,85,143,01F0979N>01F0956N,20260902,179,85,84.33333333333333
2026-09-02 15:00:00,01F0979N,01F0956N,31,91,147,01F0979N>01F0956N,20260902,180,91,85.0
2026-09-02 15:05:00,01F0979N,01F0956N,31,83,140,01F0979N>01F0956N,20260902,181,83,84.0
2026-09-02 15:10:00,01F0979N,01F0956N,31,85,137,01F0979N>01F0956N,20260902,182,85,84.0
2026-09-02 15:15:00,01F0979N,01F0956N,31,85,150,01F0979N>01F0956N,20260902,183,85,84.0
2026-09-02 15:20:00,01F0979N,01F0956N,31,84,111,01F0979N>01F0956N,20260902,184,84,86.66666666666667
2026-09-02 15:25:00,01F0979N,01F0956N,31,82,128,01F0979N>01F0956N,20260902,185,82,85.33333333333333
2026-09-02 15:30:00,01F0979N,01F0956N,31,84,141,01F0979N>01F0956N,20260902,186,84,86.66666666666667
2026-09-02 15:35:00,01F0979N,01F0956N,31,82,128,01F0979N>01F0956N,20260902,187,82,90.66666666666667
2026-09-02 15:40:00,01F0979N,01F0956N,31,84,132,01F0979N>01F0956N,20260902,188,84,131.66666666666666
2026-09-02 15:45:00,01F0979N,01F0956N,31,84,134,01F0979N>01F0956N,20260902,189,84,117.0
2026-09-02 15:50:00,01F0979N,01F0956N,31,85,126,01F0979N>01F0956N,20260902,190,85,111.33333333333333
2026-09-02 15:55:00,01F0979N,01F0956N,31,88,161,01F0979N>01F0956N,20260902,191,88,101.0
2026-09-02 16:00:00,01F0979N,01F0956N,31,84,146,01F0979N>01F0956N,20260902,192,84,110.0
2026-09-02 16:05:00,01F0979N,01F0956N,31,87,135,01F0979N>01F0956N,20260902,193,87,99.0
2026-09-02 16:10:00,01F0979N,01F0956N,31,86,169,01F0979N>01F0956N,20260902,194,86,109.0
2026-09-02 16:15:00,01F0979N,01F0956N,31,85,159,01F0979N>01F0956N,20260902,195,85,103.0
2026-09-02 16:20:00,01F0979N,01F0956N,31,84,146,01F0979N>01F0956N,20260902,196,84,105.66666666666667
2026-09-02 16:25:00,01F0979N,01F0956N,31,85,162,01F0979N>01F0956N,20260902,197,85,108.66666666666667
2026-09-02 16:30:00,01F0979N,01F0956N,31,84,153,01F0979N>01F0956N,20260902,198,84,118.0
2026-09-02 16:35:00,01F0979N,01F0956N,31,88,158,01F0979N>01F0956N,20260902,199,88,101.66666666666667
2026-09-02 16:40:00,01F0979N,01F0956N,31,87,161,01F0979N>01F0956N,20260902,200,87,91.66666666666667
2026-09-02 16:45:00,01F0979N,01F0956N,31,87,169,01F0979N>01F0956N,20260902,201,87,91.33333333333333
2026-09-02 16:50:00,01F0979N,01F0956N,31,84,151,01F0979N>01F0956N,20260902,202,84,98.33333333333333
2026-09-02 16:55:00,01F0979N,01F0956N,31,84,145,01F0979N>01F0956N,20260902,203,84,97.33333333333333
2026-09-02 17:00:00,01F0979N,01F0956N,31,84,148,01F0979N>01F0956N,20260902,204,84,101.0
2026-09-02 17:05:00,01F0979N,01F0956N,31,88,186,01F0979N>01F0956N,20260902,205,88,98.33333333333333
2026-09-02 17:10:00,01F0979N,01F0956N,31,85,147,01F0979N>01F0956N,20260902,206,85,88.33333333333333
2026-09-02 17:15:00,01F0979N,01F0956N,31,85,161,01F0979N>01F0956N,20260902,207,85,88.66666666666667
2026-09-02 17:20:00,01F0979N,01F0956N,31,85,175,01F0979N>01F0956N,20260902,208,85,89.66666666666667
2026-09-02 17:25:00,01F0979N,01F0956N,31,89,174,01F0979N>01F0956N,20260902,209,89,89.0
2026-09-02 17:30:00,01F0979N,01F0956N,31,87,161,01F0979N>01F0956N,20260902,210,87,90.0
2026-09-02 17:35:00,01F0979N,01F0956N,31,87,190,01F0979N>01F0956N,20260902,211,87,95.33333333333333
2026-09-02 17:40:00,01F0979N,01F0956N,31,90,168,01F0979N>01F0956N,20260902,212,90,94.66666666666667
2026-09-02 17:45:00,01F0979N,01F0956N,31,88,175,01F0979N>01F0956N,20260902,213,88,92.66666666666667
2026-09-02 17:50:00,01F0979N,01F0956N,31,88,177,01F0979N>01F0956N,20260902,214,88,101.0
2026-09-02 17:55:00,01F0979N,01F0956N,31,90,149,01F0979N>01F0956N,20260902,215,90,122.66666666666667
2026-09-02 18:00:00,01F0979N,01F0956N,31,95,196,01F0979N>01F0956N,20260902,216,95,128.66666666666666
2026-09-02 18:05:00,01F0979N,01F0956N,31,89,186,01F0979N>01F0956N,20260902,217,89,138.66666666666666
2026-09-02 18:10:00,01F0979N,01F0956N,31,87,157,01F0979N>01F0956N,20260902,218,87,143.33333333333334
2026-09-02 18:15:00,01F0979N,01F0956N,31,90,171,01F0979N>01F0956N,20260902,219,90,151.66666666666666
2026-09-02 18:20:00,01F0979N,01F0956N,31,93,184,01F0979N>01F0956N,20260902,220,93,135.66666666666666
2026-09-02 18:25:00,01F0979N,01F0956N,31,89,142,01F0979N>01F0956N,20260902,221,89,132.33333333333334
2026-09-02 18:30:00,01F0979N,01F0956N,31,90,146,01F0979N>01F0956N,20260902,222,90,133.0
2026-09-02 18:35:00,01F0979N,01F0956N,31,93,158,01F0979N>01F0956N,20260902,223,93,129.0
2026-09-02 18:40:00,01F0979N,01F0956N,31,95,160,01F0979N>01F0956N,20260902,224,95,125.66666666666667
2026-09-02 18:45:00,01F0979N,01F0956N,31,93,149,01F0979N>01F0956N,20260902,225,93,108.33333333333333
2026-09-02 18:50:00,01F0979N,01F0956N,31,90,160,01F0979N>01F0956N,20260902,226,90,96.66666666666667
2026-09-02 18:55:00,01F0979N,01F0956N,31,88,129,01F0979N>01F0956N,20260902,227,88,95.33333333333333
2026-09-02 19:00:00,01F0979N,01F0956N,31,88,140,01F0979N>01F0956N,20260902,228,88,101.0
2026-09-02 19:05:00,01F0979N,01F0956N,31,89,140,01F0979N>01F0956N,20260902,229,89,99.33333333333333
2026-09-02 19:10:00,01F0979N,01F0956N,31,85,112,01F0979N>01F0956N,20260902,230,85,103.0
2026-09-02 19:15:00,01F0979N,01F0956N,31,85,135,01F0979N>01F0956N,20260902,231,85,89.33333333333333
2026-09-02 19:20:00,01F0979N,01F0956N,31,83,114,01F0979N>01F0956N,20260902,232,83,91.66666666666667
2026-09-02 19:25:00,01F0979N,01F0956N,31,85,127,01F0979N>01F0956N,20260902,233,85,90.66666666666667
2026-09-02 19:30:00,01F0979N,01F0956N,31,83,119,01F0979N>01F0956N,20260902,234,83,87.0
2026-09-02 19:35:00,01F0979N,01F0956N,31,86,126,01F0979N>01F0956N,20260902,235,86,85.0
2026-09-02 19:40:00,01F0979N,01F0956N,31,85,146,01F0979N>01F0956N,20260902,236,85,84.66666666666667
2026-09-02 19:45:00,01F0979N,01F0956N,31,84,128,01F0979N>01F0956N,20260902,237,84,83.66666666666667
2026-09-02 19:50:00,01F0979N,01F0956N,31,87,138,01F0979N>01F0956N,20260902,238,87,85.0
2026-09-02 19:55:00,01F0979N,01F0956N,31,82,124,01F0979N>01F0956N,20260902,239,82,84.33333333333333
2026-09-02 20:00:00,01F0979N,01F0956N,31,81,109,01F0979N>01F0956N,20260902,240,81,84.66666666666667
2026-09-02 20:05:00,01F0979N,01F0956N,31,83,107,01F0979N>01F0956N,20260902,241,83,83.66666666666667
2026-09-02 20:10:00,01F0979N,01F0956N,31,82,118,01F0979N>01F0956N,20260902,242,82,84.33333333333333
2026-09-02 20:15:00,01F0979N,01F0956N,31,82,104,01F0979N>01F0956N,20260902,243,82,83.0
2026-09-02 20:20:00,01F0979N,01F0956N,31,80,101,01F0979N>01F0956N,20260902,244,80,83.0
2026-09-02 20:25:00,01F0979N,01F0956N,31,83,93,01F0979N>01F0956N,20260902,245,83,83.66666666666667
2026-09-02 20:30:00,01F0979N,01F0956N,31,82,85,01F0979N>01F0956N,20260902,246,82,83.0
2026-09-02 20:35:00,01F0979N,01F0956N,31,80,98,01F0979N>01F0956N,20260902,247,80,84.0
2026-09-02 20:40:00,01F0979N,01F0956N,31,81,100,01F0979N>01F0956N,20260902,248,81,81.66666666666667
2026-09-02 20:45:00,01F0979N,01F0956N,31,82,96,01F0979N>01F0956N,20260902,249,82,85.0
2026-09-02 20:50:00,01F0979N,01F0956N,31,80,85,01F0979N>01F0956N,20260902,250,80,81.66666666666667
2026-09-02 20:55:00,01F0979N,01F0956N,31,83,93,01F0979N>01F0956N,20260902,251,83,81.66666666666667
2026-09-02 21:00:00,01F0979N,01F0956N,31,81,88,01F0979N>01F0956N,20260902,252,81,83.66666666666667
2026-09-02 21:05:00,01F0979N,01F0956N,31,80,88,01F0979N>01F0956N,20260902,253,80,81.33333333333333
2026-09-02 21:10:00,01F0979N,01F0956N,31,82,85,01F0979N>01F0956N,20260902,254,82,81.33333333333333
2026-09-02 21:15:00,01F0979N,01F0956N,31,80,91,01F0979N>01F0956N,20260902,255,80,82.66666666666667
2026-09-02 21:20:00,01F0979N,01F0956N,31,82,101,01F0979N>01F0956N,20260902,256,82,81.0
2026-09-02 21:25:00,01F0979N,01F0956N,31,80,81,01F0979N>01F0956N,20260902,257,80,80.66666666666667
2026-09-02 21:30:00,01F0979N,01F0956N,31,80,81,01F0979N>01F0956N,20260902,258,80,80.66666666666667
2026-09-02 21:35:00,01F0979N,01F0956N,31,80,71,01F0979N>01F0956N,20260902,259,80,80.66666666666667
2026-09-02 21:40:00,01F0979N,01F0956N,31,81,66,01F0979N>01F0956N,20260902,260,81,81.0
2026-09-02 21:45:00,01F0979N,01F0956N,31,79,99,01F0979N>01F0956N,20260902,261,79,80.33333333333333
2026-09-02 21:50:00,01F0979N,01F0956N,31,78,58,01F0979N>01F0956N,20260902,262,78,80.33333333333333
2026-09-02 21:55:00,01F0979N,01F0956N,31,80,74,01F0979N>01F0956N,20260902,263,80,82.66666666666667
2026-09-02 22:00:00,01F0979N,01F0956N,31,79,64,01F0979N>01F0956N,20260902,264,79,80.66666666666667
2026-09-02 22:05:00,01F0979N,01F0956N,31,83,69,01F0979N>01F0956N,20260902,265,83,81.0
2026-09-02 22:10:00,01F0979N,01F0956N,31,80,62,01F0979N>01F0956N,20260902,266,80,79.66666666666667
2026-09-02 22:15:00,01F0979N,01F0956N,31,79,74,01F0979N>01F0956N,20260902,267,79,80.0
2026-09-02 22:20:00,01F0979N,01F0956N,31,78,72,01F0979N>01F0956N,20260902,268,78,81.33333333333333
2026-09-02 22:25:00,01F0979N,01F0956N,31,80,47,01F0979N>01F0956N,20260902,269,80,80.33333333333333
2026-09-02 22:30:00,01F0979N,01F0956N,31,80,60,01F0979N>01F0956N,20260902,270,80,80.33333333333333
2026-09-02 22:35:00,01F0979N,01F0956N,31,79,59,01F0979N>01F0956N,20260902,271,79,82.0
2026-09-02 22:40:00,01F0979N,01F0956N,31,80,60,01F0979N>01F0956N,20260902,272,80,80.33333333333333
2026-09-02 22:45:00,01F0979N,01F0956N,31,81,45,01F0979N>01F0956N,20260902,273,81,80.33333333333333
2026-09-02 22:50:00,01F0979N,01F0956N,31,80,38,01F0979N>01F0956N,20260902,274,80,80.0
2026-09-02 22:55:00,01F0979N,01F0956N,31,79,51,01F0979N>01F0956N,20260902,275,79,78.66666666666667
2026-09-02 23:00:00,01F0979N,01F0956N,31,79,41,01F0979N>01F0956N,20260902,276,79,79.66666666666667
2026-09-02 23:05:00,01F0979N,01F0956N,31,78,51,01F0979N>01F0956N,20260902,277,78,78.66666666666667
2026-09-02 23:10:00,01F0979N,01F0956N,31,79,39,01F0979N>01F0956N,20260902,278,79,79.33333333333333
2026-09-02 23:15:00,01F0979N,01F0956N,31,80,57,01F0979N>01F0956N,20260902,279,80,79.66666666666667
2026-09-02 23:20:00,01F0979N,01F0956N,31,78,42,01F0979N>01F0956N,20260902,280,78,79.33333333333333
2026-09-02 23:25:00,01F0979N,01F0956N,31,78,39,01F0979N>01F0956N,20260902,281,78,78.66666666666667
2026-09-02 23:30:00,01F0979N,01F0956N,31,79,42,01F0979N>01F0956N,20260902,282,79,80.33333333333333
2026-09-02 23:35:00,01F0979N,01F0956N,31,77,30,01F0979N>01F0956N,20260902,283,77,78.33333333333333
2026-09-02 23:40:00,01F0979N,01F0956N,31,79,28,01F0979N>01F0956N,20260902,284,79,78.0
2026-09-02 23:45:00,01F0979N,01F0956N,31,77,27,01F0979N>01F0956N,20260902,285,77,78.0
2026-09-02 23:50:00,01F0979N,01F0956N,31,78,32,01F0979N>01F0956N,20260902,286,78,79.0
2026-09-02 23:55:00,01F0979N,01F0956N,31,78,27,01F0979N>01F0956N,20260902,287,78,77.33333333333333
